Unity Editor version:    6000.3.10f1 (e35f0c77bd8e)
Branch:                  6000.3/staging
Build type:              Release
Batch mode:              YES
macOS version:           Version 26.6.2 (Build 25G83)
Darwin version:          25.6.0
Architecture:            arm64
Running under Rosetta:   NO
Available memory:        65536 MB
Date:                    2026-09-26T19:31:49Z
[Licensing::Module] Trying to connect to existing licensing client channel...
[Licensing::IpcConnector] Successfully connected to: "LicenseClient-chriswilliams" at "2026-09-26T19:31:49.469618Z"

COMMAND LINE ARGUMENTS:
/Applications/Unity/Hub/Editor/6000.3.10f1/Unity.app/Contents/MacOS/Unity
-adb2
-batchMode
-noUpm
-name
AssetImportWorker0
-projectPath
/Users/chriswilliams/UnityRepo/GridSwatch/GridSwatch/GridSwatch
-logFile
Logs/AssetImportWorker0.log
-srvPort
63182
-licensingIpc
LicenseClient-chriswilliams
-job-worker-count
4
-background-job-worker-count
8
-gc-helper-count
1
-name AssetImport
Successfully changed project path to: /Users/chriswilliams/UnityRepo/GridSwatch/GridSwatch/GridSwatch
/Users/chriswilliams/UnityRepo/GridSwatch/GridSwatch/GridSwatch
[UnityMemory] Configuration Parameters - Can be set up in boot.config
    "memorysetup-allocator-temp-initial-block-size-main=262144"
    "memorysetup-allocator-temp-initial-block-size-worker=262144"
    "memorysetup-temp-allocator-size-background-worker=32768"
    "memorysetup-temp-allocator-size-job-worker=262144"
    "memorysetup-temp-allocator-size-preload-manager=33554432"
    "memorysetup-temp-allocator-size-nav-mesh-worker=65536"
    "memorysetup-temp-allocator-size-audio-worker=65536"
    "memorysetup-temp-allocator-size-cloud-worker=32768"
    "memorysetup-bucket-allocator-granularity=16"
    "memorysetup-bucket-allocator-bucket-count=8"
    "memorysetup-bucket-allocator-block-size=33554432"
    "memorysetup-bucket-allocator-block-count=8"
    "memorysetup-main-allocator-block-size=16777216"
    "memorysetup-thread-allocator-block-size=16777216"
    "memorysetup-gfx-main-allocator-block-size=16777216"
    "memorysetup-gfx-thread-allocator-block-size=16777216"
    "memorysetup-cache-allocator-block-size=4194304"
    "memorysetup-typetree-allocator-block-size=2097152"
    "memorysetup-profiler-bucket-allocator-granularity=16"
    "memorysetup-profiler-bucket-allocator-bucket-count=8"
    "memorysetup-profiler-bucket-allocator-block-size=33554432"
    "memorysetup-profiler-bucket-allocator-block-count=8"
    "memorysetup-profiler-allocator-block-size=16777216"
    "memorysetup-profiler-editor-allocator-block-size=1048576"
    "memorysetup-temp-allocator-size-main=16777216"
    "memorysetup-job-temp-allocator-block-size=2097152"
    "memorysetup-job-temp-allocator-block-size-background=1048576"
    "memorysetup-job-temp-allocator-reduction-small-platforms=262144"
    "memorysetup-temp-allocator-size-gi-baking-worker=262144"
    "memorysetup-temp-allocator-size-gi-baking-worker=262144"
    "memorysetup-temp-allocator-size-gi-baking-worker=262144"
    "memorysetup-temp-allocator-size-gi-baking-worker=262144"
    "memorysetup-temp-allocator-size-gi-baking-worker=262144"
    "memorysetup-temp-allocator-size-gfx=262144"
Player connection [8477041024]  Target information:

Player connection [8477041024]  * "[IP] 192.168.1.170 [Port] 0 [Flags] 2 [Guid] 3648987143 [EditorId] 3648987143 [Version] 1048832 [Id] OSXEditor(0,MacBookPro) [Debug] 1 [PackageName] OSXEditor [ProjectName] Editor" 

Player connection [8477041024] Host joined multi-casting on [225.0.0.222:54997]...
Player connection [8477041024] Host joined alternative multi-casting on [225.0.0.222:34997]...
JobSystem: Creating JobQueue using job-worker-count value 4
Input System module state changed to: Initialized.
[Physics::Module] Initialized fallback backend.
[Physics::Module] Id: 0xdecafbad
Library Redirect Path: Library/
[Physics::Module] Selected backend.
[Physics::Module] Name: PhysX
[Physics::Module] Id: 0xf2b8ea05
[Physics::Module] SDK Version: 4.1.2
[Physics::Module] Integration Version: 1.0.0
[Physics::Module] Threading Mode: Multi-Threaded
[Licensing::Module] Licensing is not yet initialized.
[Licensing::Client] Handshaking with LicensingClient:
  Version:                 1.17.4+4293ba1
  Session Id:              b3d7f215b6fb4deeabe1a319cad98694
  Correlation Id:          106a5096fe3acad75a03a779bc26dbb2
  External correlation Id: 8399641191066474753
  Machine Id:              KI/wy768VbMY4ESvw7p8npOdLmU=
[Licensing::Module] Successfully connected to LicensingClient on channel: "LicenseClient-chriswilliams" (connect: 0.00s, validation: 0.00s, handshake: 0.61s)
[Licensing::IpcConnector] Successfully connected to: "LicenseClient-chriswilliams-notifications" at "2026-09-26T19:31:50.076518Z"
[Licensing::Module] Licensing Background thread has ended after 0.61s
[Licensing::Module] Licensing is initialized (took 0.02s).
[Licensing::Client] Successfully resolved entitlement details
[Licensing::Module] License group:
  Id: 2475917943566-zac_unity393-UnitXXXX
  Product: Unity Pro
  Type: Assigned
  Expiration: 2026-11-09T00:00:00Z
Refreshing native plugins compatible for Editor in 1.92 ms, found 1 plugins.
Preloading 0 native plugins for Editor in 0.00 ms.
Initialize engine version: 6000.3.10f1 (e35f0c77bd8e)
[Subsystems] Discovering subsystems at path /Applications/Unity/Hub/Editor/6000.3.10f1/Unity.app/Contents/Resources/UnitySubsystems
[Subsystems] Discovering subsystems at path /Users/chriswilliams/UnityRepo/GridSwatch/GridSwatch/GridSwatch/Assets
GfxDevice: creating device client; kGfxThreadingModeNonThreaded
 preferred device: Apple M1 Max (high power)
Metal devices available: 1
0: Apple M1 Max (high power)
Forcing user selected device: Apple M1 Max (high power)
Initializing Metal device caps: Apple M1 Max
Mac GPU Family: 2
Apple GPU Family: 7
MSL Version: 3.0
Has Float MSAA: 1
Has Float Filtering: 1
ReadWrite Texture Tier: 2
Initialize mono
Mono path[0] = '/Applications/Unity/Hub/Editor/6000.3.10f1/Unity.app/Contents/Resources/Scripting/Managed'
Mono path[1] = '/Applications/Unity/Hub/Editor/6000.3.10f1/Unity.app/Contents/Resources/Scripting/MonoBleedingEdge/lib/mono/unityjit-macos'
Mono config path = '/Applications/Unity/Hub/Editor/6000.3.10f1/Unity.app/Contents/Resources/Scripting/MonoBleedingEdge/etc'
Using monoOptions --debugger-agent=transport=dt_socket,embedding=1,server=y,suspend=n,address=127.0.0.1:56451
Begin MonoManager ReloadAssembly
Registering precompiled unity dll's ...
Register platform support module: /Applications/Unity/Hub/Editor/6000.3.10f1/PlaybackEngines/WebGLSupport/UnityEditor.WebGL.Extensions.dll
Register platform support module: /Applications/Unity/Hub/Editor/6000.3.10f1/Unity.app/Contents/PlaybackEngines/MacStandaloneSupport/UnityEditor.OSXStandalone.Extensions.dll
[Licensing::Client] Successfully resolved entitlement details
Register platform support module: /Applications/Unity/Hub/Editor/6000.3.10f1/PlaybackEngines/AndroidPlayer/UnityEditor.Android.Extensions.dll
Register platform support module: /Applications/Unity/Hub/Editor/6000.3.10f1/PlaybackEngines/iOSSupport/UnityEditor.iOS.Extensions.dll
Registered in 0.001349 seconds.
- Loaded All Assemblies, in  0.265 seconds
[usbmuxd] Start listen thread
[usbmuxd] Listen thread started
[usbmuxd] Send listen message
Native extension for iOS target not found
Native extension for Android target not found
Android Extension - Scanning For ADB Devices 97 ms
Native extension for OSXStandalone target not found
Native extension for WebGL target not found
ScheduleIndexationOnStartup MainProcess:False IndexOnStartup:True
Mono: successfully reloaded assembly
- Finished resetting the current domain, in  0.491 seconds
Domain Reload Profiling: 756ms
	BeginReloadAssembly (61ms)
		ExecutionOrderSort (0ms)
		DisableScriptedObjects (0ms)
		BackupInstance (0ms)
		ReleaseScriptingObjects (0ms)
		CreateAndSetChildDomain (0ms)
	RebuildCommonClasses (28ms)
	RebuildNativeTypeToScriptingClass (11ms)
	initialDomainReloadingComplete (28ms)
	LoadAllAssembliesAndSetupDomain (137ms)
		LoadAssemblies (61ms)
		RebuildTransferFunctionScriptingTraits (0ms)
		AnalyzeDomain (135ms)
			TypeCache.Refresh (134ms)
				TypeCache.ScanAssembly (123ms)
			BuildScriptInfoCaches (0ms)
			ResolveRequiredComponents (0ms)
	FinalizeReload (491ms)
		ReleaseScriptCaches (0ms)
		RebuildScriptCaches (0ms)
		SetupLoadedEditorAssemblies (458ms)
			LogAssemblyErrors (0ms)
			InitializePlatformSupportModulesInManaged (193ms)
			SetLoadedEditorAssemblies (3ms)
			BeforeProcessingInitializeOnLoad (92ms)
			ProcessInitializeOnLoadAttributes (129ms)
			ProcessInitializeOnLoadMethodAttributes (41ms)
			AfterProcessingInitializeOnLoad (0ms)
			EditorAssembliesLoaded (0ms)
		ExecutionOrderSort2 (0ms)
		AwakeInstancesAfterBackupRestoration (0ms)
[CoreBusinessMetrics] Unexpected thread when updating session info.
========================================================================
Worker process is ready to serve import requests
Import Worker Mode flag is 0x00
Begin MonoManager ReloadAssembly
[Licensing::Client] Successfully resolved entitlement details
Symbol file LoadedFromMemory is not a mono symbol file
- Loaded All Assemblies, in  0.482 seconds
Refreshing native plugins compatible for Editor in 1.29 ms, found 1 plugins.
Native extension for iOS target not found
Native extension for Android target not found
Native extension for OSXStandalone target not found
Native extension for WebGL target not found
Refreshing native plugins compatible for Editor in 1.31 ms, found 1 plugins.
Package Manager log level set to [2]
[Package Manager] Failed to launch server process. Reason: Unity was launched with the -noUpm command-line argument
[Package Manager] Unable to send message (not connected to server process).
[Package Manager] Cannot connect to Unity Package Manager local server
ScheduleIndexationOnStartup MainProcess:False IndexOnStartup:True
Mono: successfully reloaded assembly
- Finished resetting the current domain, in  1.017 seconds
Domain Reload Profiling: 1499ms
	BeginReloadAssembly (87ms)
		ExecutionOrderSort (0ms)
		DisableScriptedObjects (4ms)
		BackupInstance (0ms)
		ReleaseScriptingObjects (0ms)
		CreateAndSetChildDomain (19ms)
	RebuildCommonClasses (24ms)
	RebuildNativeTypeToScriptingClass (10ms)
	initialDomainReloadingComplete (15ms)
	LoadAllAssembliesAndSetupDomain (345ms)
		LoadAssemblies (225ms)
		RebuildTransferFunctionScriptingTraits (0ms)
		AnalyzeDomain (156ms)
			TypeCache.Refresh (117ms)
				TypeCache.ScanAssembly (104ms)
			BuildScriptInfoCaches (34ms)
			ResolveRequiredComponents (3ms)
	FinalizeReload (1017ms)
		ReleaseScriptCaches (0ms)
		RebuildScriptCaches (0ms)
		SetupLoadedEditorAssemblies (940ms)
			LogAssemblyErrors (0ms)
			InitializePlatformSupportModulesInManaged (13ms)
			SetLoadedEditorAssemblies (3ms)
			BeforeProcessingInitializeOnLoad (131ms)
			ProcessInitializeOnLoadAttributes (683ms)
			ProcessInitializeOnLoadMethodAttributes (109ms)
			AfterProcessingInitializeOnLoad (1ms)
			EditorAssembliesLoaded (0ms)
		ExecutionOrderSort2 (0ms)
		AwakeInstancesAfterBackupRestoration (2ms)
Launching external process: /Applications/Unity/Hub/Editor/6000.3.10f1/Unity.app/Contents/Helpers/UnityShaderCompiler
Launched and connected shader compiler UnityShaderCompiler after 0.03 seconds
Refreshing native plugins compatible for Editor in 1.35 ms, found 1 plugins.
Preloading 0 native plugins for Editor in 0.00 ms.
Unloading 29 Unused Serialized files (Serialized files now loaded: 0)
Unloading 5465 unused Assets / (4.6 MB). Loaded Objects now: 6112.
Memory consumption went from 115.7 MB to 111.1 MB.
Total: 22.633042 ms (FindLiveObjects: 0.260250 ms CreateObjectMapping: 0.154542 ms MarkObjects: 21.034791 ms  DeleteObjects: 1.182959 ms)

========================================================================
Received Import Request.
  Time since last request: 849856.804067 seconds.
  path: Assets/Scripts/Game Board/Entities/Player.cs
  artifactKey: Guid(9e7304976699b4cc08badcd883195b39) Importer(2089858483,d624ce77472d68a35037170ec1d2d27e)
Start importing Assets/Scripts/Game Board/Entities/Player.cs using Guid(9e7304976699b4cc08badcd883195b39) Importer(2089858483,d624ce77472d68a35037170ec1d2d27e) (ScriptedImporter) -> (artifact id: '51c6ca949a841dbccc348f787eee33b7') in 0.035970084 seconds
Number of updated asset objects reloaded before import = 0Number of asset objects unloaded after import = 0

========================================================================
Received Import Request.
  Time since last request: 0.000090 seconds.
  path: Assets/Scripts/UI/CameraController.cs
  artifactKey: Guid(d646a23258a9c4929b9cd215d9022d34) Importer(2089858483,d624ce77472d68a35037170ec1d2d27e)
Start importing Assets/Scripts/UI/CameraController.cs using Guid(d646a23258a9c4929b9cd215d9022d34) Importer(2089858483,d624ce77472d68a35037170ec1d2d27e) (ScriptedImporter) -> (artifact id: '3ab570fd5545e76d860d6485882e6df5') in 0.002043375 seconds
Number of updated asset objects reloaded before import = 0Number of asset objects unloaded after import = 0

========================================================================
Received Import Request.
  Time since last request: 0.000134 seconds.
  path: Assets/Scripts/_ChrsUtils/SceneManager/GameSceneScript.cs
  artifactKey: Guid(19f58c43a415a0c458c37b1fa3900f31) Importer(2089858483,d624ce77472d68a35037170ec1d2d27e)
Start importing Assets/Scripts/_ChrsUtils/SceneManager/GameSceneScript.cs using Guid(19f58c43a415a0c458c37b1fa3900f31) Importer(2089858483,d624ce77472d68a35037170ec1d2d27e) (ScriptedImporter) -> (artifact id: '1ea291c97f6ce91ea2844989dd03d578') in 0.00216375 seconds
Number of updated asset objects reloaded before import = 0Number of asset objects unloaded after import = 0

========================================================================
Received Import Request.
  Time since last request: 0.000113 seconds.
  path: Assets/Resources/Prefabs/Player.prefab
  artifactKey: Guid(9bd92e931f6734ac188ae5e9f083fc1e) Importer(2089858483,d624ce77472d68a35037170ec1d2d27e)
Start importing Assets/Resources/Prefabs/Player.prefab using Guid(9bd92e931f6734ac188ae5e9f083fc1e) Importer(2089858483,d624ce77472d68a35037170ec1d2d27e) (ScriptedImporter) -> (artifact id: 'd213a986001af456e24f00f8661e8c68') in 0.038059041 seconds
Number of updated asset objects reloaded before import = 0Number of asset objects unloaded after import = 29

========================================================================
Received Import Request.
  Time since last request: 0.000059 seconds.
  path: Assets/Resources/Prefabs/Screens/GameScene.prefab
  artifactKey: Guid(1dcd561b24dec4a32b3eb4c45442a0c6) Importer(2089858483,d624ce77472d68a35037170ec1d2d27e)
Start importing Assets/Resources/Prefabs/Screens/GameScene.prefab using Guid(1dcd561b24dec4a32b3eb4c45442a0c6) Importer(2089858483,d624ce77472d68a35037170ec1d2d27e) (ScriptedImporter) -> (artifact id: 'e6eb2ffdd573fb22ea17014b7ab8e825') in 0.050872375 seconds
Number of updated asset objects reloaded before import = 0Number of asset objects unloaded after import = 329

========================================================================
Received Prepare
Folder 'Packages/com.unity.purchasing/Runtime/Apple/' contains multiple assembly definition files (Packages/com.unity.purchasing/Runtime/Apple/UnityEngine.Purchasing.Apple.asmdef)
Folder 'Packages/com.unity.purchasing/Runtime/Apple/' contains multiple assembly definition files (Packages/com.unity.purchasing/Runtime/Apple/Unity.Purchasing.Apple.asmdef)
Folder 'Packages/com.unity.purchasing/Runtime/SecurityStub/' contains multiple assembly definition files (Packages/com.unity.purchasing/Runtime/SecurityStub/UnityEngine.Purchasing.SecurityStub.asmdef)
Folder 'Packages/com.unity.purchasing/Runtime/SecurityStub/' contains multiple assembly definition files (Packages/com.unity.purchasing/Runtime/SecurityStub/Unity.Purchasing.SecurityStub.asmdef)
Folder 'Packages/com.unity.purchasing/Runtime/Security/' contains multiple assembly definition files (Packages/com.unity.purchasing/Runtime/Security/Unity.Purchasing.Security.asmdef)
Folder 'Packages/com.unity.purchasing/Runtime/Security/' contains multiple assembly definition files (Packages/com.unity.purchasing/Runtime/Security/UnityEngine.Purchasing.Security.asmdef)
Folder 'Packages/com.unity.purchasing/Runtime/Stores/' contains multiple assembly definition files (Packages/com.unity.purchasing/Runtime/Stores/UnityEngine.Purchasing.Stores.asmdef)
Folder 'Packages/com.unity.purchasing/Runtime/Stores/' contains multiple assembly definition files (Packages/com.unity.purchasing/Runtime/Stores/Unity.Purchasing.Stores.asmdef)
Folder 'Packages/com.unity.purchasing/Runtime/SecurityCore/' contains multiple assembly definition files (Packages/com.unity.purchasing/Runtime/SecurityCore/Unity.Purchasing.SecurityCore.asmdef)
Folder 'Packages/com.unity.purchasing/Runtime/SecurityCore/' contains multiple assembly definition files (Packages/com.unity.purchasing/Runtime/SecurityCore/UnityEngine.Purchasing.SecurityCore.asmdef)
Folder 'Packages/com.unity.purchasing/Runtime/Purchasing/' contains multiple assembly definition files (Packages/com.unity.purchasing/Runtime/Purchasing/UnityEngine.Purchasing.asmdef)
Folder 'Packages/com.unity.purchasing/Runtime/Purchasing/' contains multiple assembly definition files (Packages/com.unity.purchasing/Runtime/Purchasing/Unity.Purchasing.asmdef)
Folder 'Packages/com.unity.purchasing/Runtime/AppleMacosStub/' contains multiple assembly definition files (Packages/com.unity.purchasing/Runtime/AppleMacosStub/UnityEngine.Purchasing.AppleMacosStub.asmdef)
Folder 'Packages/com.unity.purchasing/Runtime/AppleMacosStub/' contains multiple assembly definition files (Packages/com.unity.purchasing/Runtime/AppleMacosStub/Unity.Purchasing.AppleMacosStub.asmdef)
Folder 'Packages/com.unity.purchasing/Runtime/AppleStub/' contains multiple assembly definition files (Packages/com.unity.purchasing/Runtime/AppleStub/Unity.Purchasing.AppleStub.asmdef)
Folder 'Packages/com.unity.purchasing/Runtime/AppleStub/' contains multiple assembly definition files (Packages/com.unity.purchasing/Runtime/AppleStub/UnityEngine.Purchasing.AppleStub.asmdef)
Folder 'Packages/com.unity.purchasing/Runtime/AppleMacos/' contains multiple assembly definition files (Packages/com.unity.purchasing/Runtime/AppleMacos/UnityEngine.Purchasing.AppleMacos.asmdef)
Folder 'Packages/com.unity.purchasing/Runtime/AppleMacos/' contains multiple assembly definition files (Packages/com.unity.purchasing/Runtime/AppleMacos/Unity.Purchasing.AppleMacos.asmdef)
Folder 'Packages/com.unity.purchasing/Runtime/Codeless/' contains multiple assembly definition files (Packages/com.unity.purchasing/Runtime/Codeless/Unity.Purchasing.Codeless.asmdef)
Folder 'Packages/com.unity.purchasing/Runtime/Codeless/' contains multiple assembly definition files (Packages/com.unity.purchasing/Runtime/Codeless/UnityEngine.Purchasing.Codeless.asmdef)
ArgumentException: An item with the same key has already been added. Key: 400f2260dd8d285419d1db99999109aa
  at System.Collections.Generic.Dictionary`2[TKey,TValue].TryInsert (TKey key, TValue value, System.Collections.Generic.InsertionBehavior behavior) [0x0015a] in <c5eeda5e65d44b388e164c6c5cfe0702>:0 
  at System.Collections.Generic.Dictionary`2[TKey,TValue].Add (TKey key, TValue value) [0x00000] in <c5eeda5e65d44b388e164c6c5cfe0702>:0 
  at System.Linq.Enumerable.ToDictionary[TSource,TKey,TElement] (TSource[] source, System.Func`2[T,TResult] keySelector, System.Func`2[T,TResult] elementSelector, System.Collections.Generic.IEqualityComparer`1[T] comparer) [0x00029] in <8203c5af529241e2a5cc4b3c5a3dc69a>:0 
  at System.Linq.Enumerable.ToDictionary[TSource,TKey,TElement] (System.Collections.Generic.IEnumerable`1[T] source, System.Func`2[T,TResult] keySelector, System.Func`2[T,TResult] elementSelector, System.Collections.Generic.IEqualityComparer`1[T] comparer) [0x00051] in <8203c5af529241e2a5cc4b3c5a3dc69a>:0 
  at System.Linq.Enumerable.ToDictionary[TSource,TKey,TElement] (System.Collections.Generic.IEnumerable`1[T] source, System.Func`2[T,TResult] keySelector, System.Func`2[T,TResult] elementSelector) [0x00000] in <8203c5af529241e2a5cc4b3c5a3dc69a>:0 
  at UnityEditor.Scripting.ScriptCompilation.AssemblyGraphBuilder.Initialize (System.Collections.Generic.IReadOnlyCollection`1[T] assemblies, System.Collections.Generic.IReadOnlyCollection`1[T] customScriptAssemblyReferences) [0x00046] in /Users/bokken/build/output/unity/unity/Editor/Mono/Scripting/ScriptCompilation/AssemblyGraphBuilder.cs:85 
  at UnityEditor.Scripting.ScriptCompilation.AssemblyGraphBuilderFactory.GetOrCreate (System.String projectPath, System.Collections.Generic.IReadOnlyCollection`1[T] assemblies, System.Collections.Generic.IReadOnlyCollection`1[T] customScriptAssemblyReferences) [0x00038] in /Users/bokken/build/output/unity/unity/Editor/Mono/Scripting/ScriptCompilation/AssemblyGraphBuilderFactory.cs:54 
  at UnityEditor.Scripting.ScriptCompilation.EditorCompilation.GetAssemblyGraphBuilder () [0x00001] in /Users/bokken/build/output/unity/unity/Editor/Mono/Scripting/ScriptCompilation/EditorCompilation.cs:170 
  at UnityEditor.Scripting.ScriptCompilation.EditorCompilation.SetAllScripts (System.String[] allScripts) [0x0000d] in /Users/bokken/build/output/unity/unity/Editor/Mono/Scripting/ScriptCompilation/EditorCompilation.cs:178 
  at UnityEditor.Scripting.ScriptCompilation.EditorCompilationInterface.SetAllScripts (System.String[] allScripts) [0x00001] in /Users/bokken/build/output/unity/unity/Editor/Mono/Scripting/ScriptCompilation/EditorCompilationInterface.cs:79 

(Filename: /Users/bokken/build/output/unity/unity/Editor/Mono/Scripting/ScriptCompilation/AssemblyGraphBuilder.cs Line: 85)

Folder 'Packages/com.unity.purchasing/Runtime/Apple/' contains multiple assembly definition files (Packages/com.unity.purchasing/Runtime/Apple/UnityEngine.Purchasing.Apple.asmdef)
Folder 'Packages/com.unity.purchasing/Runtime/Apple/' contains multiple assembly definition files (Packages/com.unity.purchasing/Runtime/Apple/Unity.Purchasing.Apple.asmdef)
Folder 'Packages/com.unity.purchasing/Runtime/SecurityStub/' contains multiple assembly definition files (Packages/com.unity.purchasing/Runtime/SecurityStub/UnityEngine.Purchasing.SecurityStub.asmdef)
Folder 'Packages/com.unity.purchasing/Runtime/SecurityStub/' contains multiple assembly definition files (Packages/com.unity.purchasing/Runtime/SecurityStub/Unity.Purchasing.SecurityStub.asmdef)
Folder 'Packages/com.unity.purchasing/Runtime/Security/' contains multiple assembly definition files (Packages/com.unity.purchasing/Runtime/Security/Unity.Purchasing.Security.asmdef)
Folder 'Packages/com.unity.purchasing/Runtime/Security/' contains multiple assembly definition files (Packages/com.unity.purchasing/Runtime/Security/UnityEngine.Purchasing.Security.asmdef)
Folder 'Packages/com.unity.purchasing/Runtime/Stores/' contains multiple assembly definition files (Packages/com.unity.purchasing/Runtime/Stores/UnityEngine.Purchasing.Stores.asmdef)
Folder 'Packages/com.unity.purchasing/Runtime/Stores/' contains multiple assembly definition files (Packages/com.unity.purchasing/Runtime/Stores/Unity.Purchasing.Stores.asmdef)
Folder 'Packages/com.unity.purchasing/Runtime/SecurityCore/' contains multiple assembly definition files (Packages/com.unity.purchasing/Runtime/SecurityCore/Unity.Purchasing.SecurityCore.asmdef)
Folder 'Packages/com.unity.purchasing/Runtime/SecurityCore/' contains multiple assembly definition files (Packages/com.unity.purchasing/Runtime/SecurityCore/UnityEngine.Purchasing.SecurityCore.asmdef)
Folder 'Packages/com.unity.purchasing/Runtime/Purchasing/' contains multiple assembly definition files (Packages/com.unity.purchasing/Runtime/Purchasing/UnityEngine.Purchasing.asmdef)
Folder 'Packages/com.unity.purchasing/Runtime/Purchasing/' contains multiple assembly definition files (Packages/com.unity.purchasing/Runtime/Purchasing/Unity.Purchasing.asmdef)
Folder 'Packages/com.unity.purchasing/Runtime/AppleMacosStub/' contains multiple assembly definition files (Packages/com.unity.purchasing/Runtime/AppleMacosStub/UnityEngine.Purchasing.AppleMacosStub.asmdef)
Folder 'Packages/com.unity.purchasing/Runtime/AppleMacosStub/' contains multiple assembly definition files (Packages/com.unity.purchasing/Runtime/AppleMacosStub/Unity.Purchasing.AppleMacosStub.asmdef)
Folder 'Packages/com.unity.purchasing/Runtime/AppleStub/' contains multiple assembly definition files (Packages/com.unity.purchasing/Runtime/AppleStub/Unity.Purchasing.AppleStub.asmdef)
Folder 'Packages/com.unity.purchasing/Runtime/AppleStub/' contains multiple assembly definition files (Packages/com.unity.purchasing/Runtime/AppleStub/UnityEngine.Purchasing.AppleStub.asmdef)
Folder 'Packages/com.unity.purchasing/Runtime/AppleMacos/' contains multiple assembly definition files (Packages/com.unity.purchasing/Runtime/AppleMacos/UnityEngine.Purchasing.AppleMacos.asmdef)
Folder 'Packages/com.unity.purchasing/Runtime/AppleMacos/' contains multiple assembly definition files (Packages/com.unity.purchasing/Runtime/AppleMacos/Unity.Purchasing.AppleMacos.asmdef)
Folder 'Packages/com.unity.purchasing/Runtime/Codeless/' contains multiple assembly definition files (Packages/com.unity.purchasing/Runtime/Codeless/Unity.Purchasing.Codeless.asmdef)
Folder 'Packages/com.unity.purchasing/Runtime/Codeless/' contains multiple assembly definition files (Packages/com.unity.purchasing/Runtime/Codeless/UnityEngine.Purchasing.Codeless.asmdef)
ArgumentException: An item with the same key has already been added. Key: 400f2260dd8d285419d1db99999109aa
  at System.Collections.Generic.Dictionary`2[TKey,TValue].TryInsert (TKey key, TValue value, System.Collections.Generic.InsertionBehavior behavior) [0x0015a] in <c5eeda5e65d44b388e164c6c5cfe0702>:0 
  at System.Collections.Generic.Dictionary`2[TKey,TValue].Add (TKey key, TValue value) [0x00000] in <c5eeda5e65d44b388e164c6c5cfe0702>:0 
  at System.Linq.Enumerable.ToDictionary[TSource,TKey,TElement] (TSource[] source, System.Func`2[T,TResult] keySelector, System.Func`2[T,TResult] elementSelector, System.Collections.Generic.IEqualityComparer`1[T] comparer) [0x00029] in <8203c5af529241e2a5cc4b3c5a3dc69a>:0 
  at System.Linq.Enumerable.ToDictionary[TSource,TKey,TElement] (System.Collections.Generic.IEnumerable`1[T] source, System.Func`2[T,TResult] keySelector, System.Func`2[T,TResult] elementSelector, System.Collections.Generic.IEqualityComparer`1[T] comparer) [0x00051] in <8203c5af529241e2a5cc4b3c5a3dc69a>:0 
  at System.Linq.Enumerable.ToDictionary[TSource,TKey,TElement] (System.Collections.Generic.IEnumerable`1[T] source, System.Func`2[T,TResult] keySelector, System.Func`2[T,TResult] elementSelector) [0x00000] in <8203c5af529241e2a5cc4b3c5a3dc69a>:0 
  at UnityEditor.Scripting.ScriptCompilation.AssemblyGraphBuilder.Initialize (System.Collections.Generic.IReadOnlyCollection`1[T] assemblies, System.Collections.Generic.IReadOnlyCollection`1[T] customScriptAssemblyReferences) [0x00046] in /Users/bokken/build/output/unity/unity/Editor/Mono/Scripting/ScriptCompilation/AssemblyGraphBuilder.cs:85 
  at UnityEditor.Scripting.ScriptCompilation.AssemblyGraphBuilderFactory.GetOrCreate (System.String projectPath, System.Collections.Generic.IReadOnlyCollection`1[T] assemblies, System.Collections.Generic.IReadOnlyCollection`1[T] customScriptAssemblyReferences) [0x00038] in /Users/bokken/build/output/unity/unity/Editor/Mono/Scripting/ScriptCompilation/AssemblyGraphBuilderFactory.cs:54 
  at UnityEditor.Scripting.ScriptCompilation.EditorCompilation.GetAssemblyGraphBuilder () [0x00001] in /Users/bokken/build/output/unity/unity/Editor/Mono/Scripting/ScriptCompilation/EditorCompilation.cs:170 
  at UnityEditor.Scripting.ScriptCompilation.EditorCompilation.SetAllScripts (System.String[] allScripts) [0x0000d] in /Users/bokken/build/output/unity/unity/Editor/Mono/Scripting/ScriptCompilation/EditorCompilation.cs:178 
  at UnityEditor.Scripting.ScriptCompilation.EditorCompilationInterface.SetAllScripts (System.String[] allScripts) [0x00001] in /Users/bokken/build/output/unity/unity/Editor/Mono/Scripting/ScriptCompilation/EditorCompilationInterface.cs:79 

(Filename: /Users/bokken/build/output/unity/unity/Editor/Mono/Scripting/ScriptCompilation/AssemblyGraphBuilder.cs Line: 85)

Begin MonoManager ReloadAssembly
Thread 0x17131b000 may have been prematurely finalized
Symbol file LoadedFromMemory is not a mono symbol file
- Loaded All Assemblies, in  0.493 seconds
Folder 'Packages/com.unity.purchasing/Runtime/Apple/' contains multiple assembly definition files (Packages/com.unity.purchasing/Runtime/Apple/UnityEngine.Purchasing.Apple.asmdef)
Folder 'Packages/com.unity.purchasing/Runtime/Apple/' contains multiple assembly definition files (Packages/com.unity.purchasing/Runtime/Apple/Unity.Purchasing.Apple.asmdef)
Folder 'Packages/com.unity.purchasing/Runtime/SecurityStub/' contains multiple assembly definition files (Packages/com.unity.purchasing/Runtime/SecurityStub/UnityEngine.Purchasing.SecurityStub.asmdef)
Folder 'Packages/com.unity.purchasing/Runtime/SecurityStub/' contains multiple assembly definition files (Packages/com.unity.purchasing/Runtime/SecurityStub/Unity.Purchasing.SecurityStub.asmdef)
Folder 'Packages/com.unity.purchasing/Runtime/Security/' contains multiple assembly definition files (Packages/com.unity.purchasing/Runtime/Security/Unity.Purchasing.Security.asmdef)
Folder 'Packages/com.unity.purchasing/Runtime/Security/' contains multiple assembly definition files (Packages/com.unity.purchasing/Runtime/Security/UnityEngine.Purchasing.Security.asmdef)
Folder 'Packages/com.unity.purchasing/Runtime/Stores/' contains multiple assembly definition files (Packages/com.unity.purchasing/Runtime/Stores/UnityEngine.Purchasing.Stores.asmdef)
Folder 'Packages/com.unity.purchasing/Runtime/Stores/' contains multiple assembly definition files (Packages/com.unity.purchasing/Runtime/Stores/Unity.Purchasing.Stores.asmdef)
Folder 'Packages/com.unity.purchasing/Runtime/SecurityCore/' contains multiple assembly definition files (Packages/com.unity.purchasing/Runtime/SecurityCore/Unity.Purchasing.SecurityCore.asmdef)
Folder 'Packages/com.unity.purchasing/Runtime/SecurityCore/' contains multiple assembly definition files (Packages/com.unity.purchasing/Runtime/SecurityCore/UnityEngine.Purchasing.SecurityCore.asmdef)
Folder 'Packages/com.unity.purchasing/Runtime/Purchasing/' contains multiple assembly definition files (Packages/com.unity.purchasing/Runtime/Purchasing/UnityEngine.Purchasing.asmdef)
Folder 'Packages/com.unity.purchasing/Runtime/Purchasing/' contains multiple assembly definition files (Packages/com.unity.purchasing/Runtime/Purchasing/Unity.Purchasing.asmdef)
Folder 'Packages/com.unity.purchasing/Runtime/AppleMacosStub/' contains multiple assembly definition files (Packages/com.unity.purchasing/Runtime/AppleMacosStub/UnityEngine.Purchasing.AppleMacosStub.asmdef)
Folder 'Packages/com.unity.purchasing/Runtime/AppleMacosStub/' contains multiple assembly definition files (Packages/com.unity.purchasing/Runtime/AppleMacosStub/Unity.Purchasing.AppleMacosStub.asmdef)
Folder 'Packages/com.unity.purchasing/Runtime/AppleStub/' contains multiple assembly definition files (Packages/com.unity.purchasing/Runtime/AppleStub/Unity.Purchasing.AppleStub.asmdef)
Folder 'Packages/com.unity.purchasing/Runtime/AppleStub/' contains multiple assembly definition files (Packages/com.unity.purchasing/Runtime/AppleStub/UnityEngine.Purchasing.AppleStub.asmdef)
Folder 'Packages/com.unity.purchasing/Runtime/AppleMacos/' contains multiple assembly definition files (Packages/com.unity.purchasing/Runtime/AppleMacos/UnityEngine.Purchasing.AppleMacos.asmdef)
Folder 'Packages/com.unity.purchasing/Runtime/AppleMacos/' contains multiple assembly definition files (Packages/com.unity.purchasing/Runtime/AppleMacos/Unity.Purchasing.AppleMacos.asmdef)
Folder 'Packages/com.unity.purchasing/Runtime/Codeless/' contains multiple assembly definition files (Packages/com.unity.purchasing/Runtime/Codeless/Unity.Purchasing.Codeless.asmdef)
Folder 'Packages/com.unity.purchasing/Runtime/Codeless/' contains multiple assembly definition files (Packages/com.unity.purchasing/Runtime/Codeless/UnityEngine.Purchasing.Codeless.asmdef)
ArgumentException: An item with the same key has already been added. Key: 400f2260dd8d285419d1db99999109aa
  at System.Collections.Generic.Dictionary`2[TKey,TValue].TryInsert (TKey key, TValue value, System.Collections.Generic.InsertionBehavior behavior) [0x0015a] in <c5eeda5e65d44b388e164c6c5cfe0702>:0 
  at System.Collections.Generic.Dictionary`2[TKey,TValue].Add (TKey key, TValue value) [0x00000] in <c5eeda5e65d44b388e164c6c5cfe0702>:0 
  at System.Linq.Enumerable.ToDictionary[TSource,TKey,TElement] (TSource[] source, System.Func`2[T,TResult] keySelector, System.Func`2[T,TResult] elementSelector, System.Collections.Generic.IEqualityComparer`1[T] comparer) [0x00029] in <8203c5af529241e2a5cc4b3c5a3dc69a>:0 
  at System.Linq.Enumerable.ToDictionary[TSource,TKey,TElement] (System.Collections.Generic.IEnumerable`1[T] source, System.Func`2[T,TResult] keySelector, System.Func`2[T,TResult] elementSelector, System.Collections.Generic.IEqualityComparer`1[T] comparer) [0x00051] in <8203c5af529241e2a5cc4b3c5a3dc69a>:0 
  at System.Linq.Enumerable.ToDictionary[TSource,TKey,TElement] (System.Collections.Generic.IEnumerable`1[T] source, System.Func`2[T,TResult] keySelector, System.Func`2[T,TResult] elementSelector) [0x00000] in <8203c5af529241e2a5cc4b3c5a3dc69a>:0 
  at UnityEditor.Scripting.ScriptCompilation.AssemblyGraphBuilder.Initialize (System.Collections.Generic.IReadOnlyCollection`1[T] assemblies, System.Collections.Generic.IReadOnlyCollection`1[T] customScriptAssemblyReferences) [0x00046] in /Users/bokken/build/output/unity/unity/Editor/Mono/Scripting/ScriptCompilation/AssemblyGraphBuilder.cs:85 
  at UnityEditor.Scripting.ScriptCompilation.AssemblyGraphBuilderFactory.GetOrCreate (System.String projectPath, System.Collections.Generic.IReadOnlyCollection`1[T] assemblies, System.Collections.Generic.IReadOnlyCollection`1[T] customScriptAssemblyReferences) [0x00038] in /Users/bokken/build/output/unity/unity/Editor/Mono/Scripting/ScriptCompilation/AssemblyGraphBuilderFactory.cs:54 
  at UnityEditor.Scripting.ScriptCompilation.EditorCompilation.GetAssemblyGraphBuilder () [0x00001] in /Users/bokken/build/output/unity/unity/Editor/Mono/Scripting/ScriptCompilation/EditorCompilation.cs:170 
  at UnityEditor.Scripting.ScriptCompilation.EditorCompilation.SetAllScripts (System.String[] allScripts) [0x0000d] in /Users/bokken/build/output/unity/unity/Editor/Mono/Scripting/ScriptCompilation/EditorCompilation.cs:178 
  at UnityEditor.Scripting.ScriptCompilation.EditorCompilationInterface.SetAllScripts (System.String[] allScripts) [0x00001] in /Users/bokken/build/output/unity/unity/Editor/Mono/Scripting/ScriptCompilation/EditorCompilationInterface.cs:79 

(Filename: /Users/bokken/build/output/unity/unity/Editor/Mono/Scripting/ScriptCompilation/AssemblyGraphBuilder.cs Line: 85)

Refreshing native plugins compatible for Editor in 2.84 ms, found 1 plugins.
Native extension for iOS target not found
Native extension for Android target not found
Native extension for OSXStandalone target not found
Native extension for WebGL target not found
Folder 'Packages/com.unity.purchasing/Runtime/Apple/' contains multiple assembly definition files (Packages/com.unity.purchasing/Runtime/Apple/UnityEngine.Purchasing.Apple.asmdef)
Folder 'Packages/com.unity.purchasing/Runtime/Apple/' contains multiple assembly definition files (Packages/com.unity.purchasing/Runtime/Apple/Unity.Purchasing.Apple.asmdef)
Folder 'Packages/com.unity.purchasing/Runtime/SecurityStub/' contains multiple assembly definition files (Packages/com.unity.purchasing/Runtime/SecurityStub/UnityEngine.Purchasing.SecurityStub.asmdef)
Folder 'Packages/com.unity.purchasing/Runtime/SecurityStub/' contains multiple assembly definition files (Packages/com.unity.purchasing/Runtime/SecurityStub/Unity.Purchasing.SecurityStub.asmdef)
Folder 'Packages/com.unity.purchasing/Runtime/Security/' contains multiple assembly definition files (Packages/com.unity.purchasing/Runtime/Security/Unity.Purchasing.Security.asmdef)
Folder 'Packages/com.unity.purchasing/Runtime/Security/' contains multiple assembly definition files (Packages/com.unity.purchasing/Runtime/Security/UnityEngine.Purchasing.Security.asmdef)
Folder 'Packages/com.unity.purchasing/Runtime/Stores/' contains multiple assembly definition files (Packages/com.unity.purchasing/Runtime/Stores/UnityEngine.Purchasing.Stores.asmdef)
Folder 'Packages/com.unity.purchasing/Runtime/Stores/' contains multiple assembly definition files (Packages/com.unity.purchasing/Runtime/Stores/Unity.Purchasing.Stores.asmdef)
Folder 'Packages/com.unity.purchasing/Runtime/SecurityCore/' contains multiple assembly definition files (Packages/com.unity.purchasing/Runtime/SecurityCore/Unity.Purchasing.SecurityCore.asmdef)
Folder 'Packages/com.unity.purchasing/Runtime/SecurityCore/' contains multiple assembly definition files (Packages/com.unity.purchasing/Runtime/SecurityCore/UnityEngine.Purchasing.SecurityCore.asmdef)
Folder 'Packages/com.unity.purchasing/Runtime/Purchasing/' contains multiple assembly definition files (Packages/com.unity.purchasing/Runtime/Purchasing/UnityEngine.Purchasing.asmdef)
Folder 'Packages/com.unity.purchasing/Runtime/Purchasing/' contains multiple assembly definition files (Packages/com.unity.purchasing/Runtime/Purchasing/Unity.Purchasing.asmdef)
Folder 'Packages/com.unity.purchasing/Runtime/AppleMacosStub/' contains multiple assembly definition files (Packages/com.unity.purchasing/Runtime/AppleMacosStub/UnityEngine.Purchasing.AppleMacosStub.asmdef)
Folder 'Packages/com.unity.purchasing/Runtime/AppleMacosStub/' contains multiple assembly definition files (Packages/com.unity.purchasing/Runtime/AppleMacosStub/Unity.Purchasing.AppleMacosStub.asmdef)
Folder 'Packages/com.unity.purchasing/Runtime/AppleStub/' contains multiple assembly definition files (Packages/com.unity.purchasing/Runtime/AppleStub/Unity.Purchasing.AppleStub.asmdef)
Folder 'Packages/com.unity.purchasing/Runtime/AppleStub/' contains multiple assembly definition files (Packages/com.unity.purchasing/Runtime/AppleStub/UnityEngine.Purchasing.AppleStub.asmdef)
Folder 'Packages/com.unity.purchasing/Runtime/AppleMacos/' contains multiple assembly definition files (Packages/com.unity.purchasing/Runtime/AppleMacos/UnityEngine.Purchasing.AppleMacos.asmdef)
Folder 'Packages/com.unity.purchasing/Runtime/AppleMacos/' contains multiple assembly definition files (Packages/com.unity.purchasing/Runtime/AppleMacos/Unity.Purchasing.AppleMacos.asmdef)
Folder 'Packages/com.unity.purchasing/Runtime/Codeless/' contains multiple assembly definition files (Packages/com.unity.purchasing/Runtime/Codeless/Unity.Purchasing.Codeless.asmdef)
Folder 'Packages/com.unity.purchasing/Runtime/Codeless/' contains multiple assembly definition files (Packages/com.unity.purchasing/Runtime/Codeless/UnityEngine.Purchasing.Codeless.asmdef)
ArgumentException: An item with the same key has already been added. Key: 400f2260dd8d285419d1db99999109aa
  at System.Collections.Generic.Dictionary`2[TKey,TValue].TryInsert (TKey key, TValue value, System.Collections.Generic.InsertionBehavior behavior) [0x0015a] in <c5eeda5e65d44b388e164c6c5cfe0702>:0 
  at System.Collections.Generic.Dictionary`2[TKey,TValue].Add (TKey key, TValue value) [0x00000] in <c5eeda5e65d44b388e164c6c5cfe0702>:0 
  at System.Linq.Enumerable.ToDictionary[TSource,TKey,TElement] (TSource[] source, System.Func`2[T,TResult] keySelector, System.Func`2[T,TResult] elementSelector, System.Collections.Generic.IEqualityComparer`1[T] comparer) [0x00029] in <8203c5af529241e2a5cc4b3c5a3dc69a>:0 
  at System.Linq.Enumerable.ToDictionary[TSource,TKey,TElement] (System.Collections.Generic.IEnumerable`1[T] source, System.Func`2[T,TResult] keySelector, System.Func`2[T,TResult] elementSelector, System.Collections.Generic.IEqualityComparer`1[T] comparer) [0x00051] in <8203c5af529241e2a5cc4b3c5a3dc69a>:0 
  at System.Linq.Enumerable.ToDictionary[TSource,TKey,TElement] (System.Collections.Generic.IEnumerable`1[T] source, System.Func`2[T,TResult] keySelector, System.Func`2[T,TResult] elementSelector) [0x00000] in <8203c5af529241e2a5cc4b3c5a3dc69a>:0 
  at UnityEditor.Scripting.ScriptCompilation.AssemblyGraphBuilder.Initialize (System.Collections.Generic.IReadOnlyCollection`1[T] assemblies, System.Collections.Generic.IReadOnlyCollection`1[T] customScriptAssemblyReferences) [0x00046] in /Users/bokken/build/output/unity/unity/Editor/Mono/Scripting/ScriptCompilation/AssemblyGraphBuilder.cs:85 
  at UnityEditor.Scripting.ScriptCompilation.AssemblyGraphBuilderFactory.GetOrCreate (System.String projectPath, System.Collections.Generic.IReadOnlyCollection`1[T] assemblies, System.Collections.Generic.IReadOnlyCollection`1[T] customScriptAssemblyReferences) [0x00038] in /Users/bokken/build/output/unity/unity/Editor/Mono/Scripting/ScriptCompilation/AssemblyGraphBuilderFactory.cs:54 
  at UnityEditor.Scripting.ScriptCompilation.EditorCompilation.GetAssemblyGraphBuilder () [0x00001] in /Users/bokken/build/output/unity/unity/Editor/Mono/Scripting/ScriptCompilation/EditorCompilation.cs:170 
  at UnityEditor.Scripting.ScriptCompilation.EditorCompilation.SetAllScripts (System.String[] allScripts) [0x0000d] in /Users/bokken/build/output/unity/unity/Editor/Mono/Scripting/ScriptCompilation/EditorCompilation.cs:178 
  at UnityEditor.Scripting.ScriptCompilation.EditorCompilationInterface.SetAllScripts (System.String[] allScripts) [0x00001] in /Users/bokken/build/output/unity/unity/Editor/Mono/Scripting/ScriptCompilation/EditorCompilationInterface.cs:79 

(Filename: /Users/bokken/build/output/unity/unity/Editor/Mono/Scripting/ScriptCompilation/AssemblyGraphBuilder.cs Line: 85)

Refreshing native plugins compatible for Editor in 2.81 ms, found 1 plugins.
[Package Manager] Failed to launch server process. Reason: Unity was launched with the -noUpm command-line argument
[Package Manager] Unable to send message (not connected to server process).
[Package Manager] Cannot connect to Unity Package Manager local server
ScheduleIndexationOnStartup MainProcess:False IndexOnStartup:True
Mono: successfully reloaded assembly
- Finished resetting the current domain, in  0.910 seconds
Domain Reload Profiling: 1404ms
	BeginReloadAssembly (117ms)
		ExecutionOrderSort (0ms)
		DisableScriptedObjects (3ms)
		BackupInstance (0ms)
		ReleaseScriptingObjects (0ms)
		CreateAndSetChildDomain (36ms)
	RebuildCommonClasses (25ms)
	RebuildNativeTypeToScriptingClass (11ms)
	initialDomainReloadingComplete (15ms)
	LoadAllAssembliesAndSetupDomain (326ms)
		LoadAssemblies (226ms)
		RebuildTransferFunctionScriptingTraits (0ms)
		AnalyzeDomain (138ms)
			TypeCache.Refresh (29ms)
				TypeCache.ScanAssembly (20ms)
			BuildScriptInfoCaches (103ms)
			ResolveRequiredComponents (3ms)
	FinalizeReload (910ms)
		ReleaseScriptCaches (0ms)
		RebuildScriptCaches (0ms)
		SetupLoadedEditorAssemblies (814ms)
			LogAssemblyErrors (0ms)
			InitializePlatformSupportModulesInManaged (13ms)
			SetLoadedEditorAssemblies (4ms)
			BeforeProcessingInitializeOnLoad (97ms)
			ProcessInitializeOnLoadAttributes (645ms)
			ProcessInitializeOnLoadMethodAttributes (54ms)
			AfterProcessingInitializeOnLoad (1ms)
			EditorAssembliesLoaded (0ms)
		ExecutionOrderSort2 (0ms)
		AwakeInstancesAfterBackupRestoration (3ms)
Refreshing native plugins compatible for Editor in 4.27 ms, found 1 plugins.
Preloading 0 native plugins for Editor in 0.00 ms.
Unloading 29 Unused Serialized files (Serialized files now loaded: 0)
Unloading 6234 unused Assets / (4.7 MB). Loaded Objects now: 6852.
Memory consumption went from 143.2 MB to 138.5 MB.
Total: 19.422458 ms (FindLiveObjects: 0.273417 ms CreateObjectMapping: 0.164375 ms MarkObjects: 17.540917 ms  DeleteObjects: 1.443458 ms)

Prepare: number of updated asset objects reloaded= 0
========================================================================
Received Prepare
[Licensing::Client] Successfully resolved entitlement details
Folder 'Packages/com.unity.purchasing/Runtime/Apple/' contains multiple assembly definition files (Packages/com.unity.purchasing/Runtime/Apple/UnityEngine.Purchasing.Apple.asmdef)
Folder 'Packages/com.unity.purchasing/Runtime/Apple/' contains multiple assembly definition files (Packages/com.unity.purchasing/Runtime/Apple/Unity.Purchasing.Apple.asmdef)
Folder 'Packages/com.unity.purchasing/Runtime/SecurityStub/' contains multiple assembly definition files (Packages/com.unity.purchasing/Runtime/SecurityStub/UnityEngine.Purchasing.SecurityStub.asmdef)
Folder 'Packages/com.unity.purchasing/Runtime/SecurityStub/' contains multiple assembly definition files (Packages/com.unity.purchasing/Runtime/SecurityStub/Unity.Purchasing.SecurityStub.asmdef)
Folder 'Packages/com.unity.purchasing/Runtime/Security/' contains multiple assembly definition files (Packages/com.unity.purchasing/Runtime/Security/Unity.Purchasing.Security.asmdef)
Folder 'Packages/com.unity.purchasing/Runtime/Security/' contains multiple assembly definition files (Packages/com.unity.purchasing/Runtime/Security/UnityEngine.Purchasing.Security.asmdef)
Folder 'Packages/com.unity.purchasing/Runtime/Stores/' contains multiple assembly definition files (Packages/com.unity.purchasing/Runtime/Stores/UnityEngine.Purchasing.Stores.asmdef)
Folder 'Packages/com.unity.purchasing/Runtime/Stores/' contains multiple assembly definition files (Packages/com.unity.purchasing/Runtime/Stores/Unity.Purchasing.Stores.asmdef)
Folder 'Packages/com.unity.purchasing/Runtime/SecurityCore/' contains multiple assembly definition files (Packages/com.unity.purchasing/Runtime/SecurityCore/Unity.Purchasing.SecurityCore.asmdef)
Folder 'Packages/com.unity.purchasing/Runtime/SecurityCore/' contains multiple assembly definition files (Packages/com.unity.purchasing/Runtime/SecurityCore/UnityEngine.Purchasing.SecurityCore.asmdef)
Folder 'Packages/com.unity.purchasing/Runtime/Purchasing/' contains multiple assembly definition files (Packages/com.unity.purchasing/Runtime/Purchasing/UnityEngine.Purchasing.asmdef)
Folder 'Packages/com.unity.purchasing/Runtime/Purchasing/' contains multiple assembly definition files (Packages/com.unity.purchasing/Runtime/Purchasing/Unity.Purchasing.asmdef)
Folder 'Packages/com.unity.purchasing/Runtime/AppleMacosStub/' contains multiple assembly definition files (Packages/com.unity.purchasing/Runtime/AppleMacosStub/UnityEngine.Purchasing.AppleMacosStub.asmdef)
Folder 'Packages/com.unity.purchasing/Runtime/AppleMacosStub/' contains multiple assembly definition files (Packages/com.unity.purchasing/Runtime/AppleMacosStub/Unity.Purchasing.AppleMacosStub.asmdef)
Folder 'Packages/com.unity.purchasing/Runtime/AppleStub/' contains multiple assembly definition files (Packages/com.unity.purchasing/Runtime/AppleStub/Unity.Purchasing.AppleStub.asmdef)
Folder 'Packages/com.unity.purchasing/Runtime/AppleStub/' contains multiple assembly definition files (Packages/com.unity.purchasing/Runtime/AppleStub/UnityEngine.Purchasing.AppleStub.asmdef)
Folder 'Packages/com.unity.purchasing/Runtime/AppleMacos/' contains multiple assembly definition files (Packages/com.unity.purchasing/Runtime/AppleMacos/UnityEngine.Purchasing.AppleMacos.asmdef)
Folder 'Packages/com.unity.purchasing/Runtime/AppleMacos/' contains multiple assembly definition files (Packages/com.unity.purchasing/Runtime/AppleMacos/Unity.Purchasing.AppleMacos.asmdef)
Folder 'Packages/com.unity.purchasing/Runtime/Codeless/' contains multiple assembly definition files (Packages/com.unity.purchasing/Runtime/Codeless/Unity.Purchasing.Codeless.asmdef)
Folder 'Packages/com.unity.purchasing/Runtime/Codeless/' contains multiple assembly definition files (Packages/com.unity.purchasing/Runtime/Codeless/UnityEngine.Purchasing.Codeless.asmdef)
ArgumentException: An item with the same key has already been added. Key: 400f2260dd8d285419d1db99999109aa
  at System.Collections.Generic.Dictionary`2[TKey,TValue].TryInsert (TKey key, TValue value, System.Collections.Generic.InsertionBehavior behavior) [0x0015a] in <c5eeda5e65d44b388e164c6c5cfe0702>:0 
  at System.Collections.Generic.Dictionary`2[TKey,TValue].Add (TKey key, TValue value) [0x00000] in <c5eeda5e65d44b388e164c6c5cfe0702>:0 
  at System.Linq.Enumerable.ToDictionary[TSource,TKey,TElement] (TSource[] source, System.Func`2[T,TResult] keySelector, System.Func`2[T,TResult] elementSelector, System.Collections.Generic.IEqualityComparer`1[T] comparer) [0x00029] in <8203c5af529241e2a5cc4b3c5a3dc69a>:0 
  at System.Linq.Enumerable.ToDictionary[TSource,TKey,TElement] (System.Collections.Generic.IEnumerable`1[T] source, System.Func`2[T,TResult] keySelector, System.Func`2[T,TResult] elementSelector, System.Collections.Generic.IEqualityComparer`1[T] comparer) [0x00051] in <8203c5af529241e2a5cc4b3c5a3dc69a>:0 
  at System.Linq.Enumerable.ToDictionary[TSource,TKey,TElement] (System.Collections.Generic.IEnumerable`1[T] source, System.Func`2[T,TResult] keySelector, System.Func`2[T,TResult] elementSelector) [0x00000] in <8203c5af529241e2a5cc4b3c5a3dc69a>:0 
  at UnityEditor.Scripting.ScriptCompilation.AssemblyGraphBuilder.Initialize (System.Collections.Generic.IReadOnlyCollection`1[T] assemblies, System.Collections.Generic.IReadOnlyCollection`1[T] customScriptAssemblyReferences) [0x00046] in /Users/bokken/build/output/unity/unity/Editor/Mono/Scripting/ScriptCompilation/AssemblyGraphBuilder.cs:85 
  at UnityEditor.Scripting.ScriptCompilation.AssemblyGraphBuilderFactory.GetOrCreate (System.String projectPath, System.Collections.Generic.IReadOnlyCollection`1[T] assemblies, System.Collections.Generic.IReadOnlyCollection`1[T] customScriptAssemblyReferences) [0x00038] in /Users/bokken/build/output/unity/unity/Editor/Mono/Scripting/ScriptCompilation/AssemblyGraphBuilderFactory.cs:54 
  at UnityEditor.Scripting.ScriptCompilation.EditorCompilation.GetAssemblyGraphBuilder () [0x00001] in /Users/bokken/build/output/unity/unity/Editor/Mono/Scripting/ScriptCompilation/EditorCompilation.cs:170 
  at UnityEditor.Scripting.ScriptCompilation.EditorCompilation.SetAllScripts (System.String[] allScripts) [0x0000d] in /Users/bokken/build/output/unity/unity/Editor/Mono/Scripting/ScriptCompilation/EditorCompilation.cs:178 
  at UnityEditor.Scripting.ScriptCompilation.EditorCompilationInterface.SetAllScripts (System.String[] allScripts) [0x00001] in /Users/bokken/build/output/unity/unity/Editor/Mono/Scripting/ScriptCompilation/EditorCompilationInterface.cs:79 

(Filename: /Users/bokken/build/output/unity/unity/Editor/Mono/Scripting/ScriptCompilation/AssemblyGraphBuilder.cs Line: 85)

Folder 'Packages/com.unity.purchasing/Runtime/Apple/' contains multiple assembly definition files (Packages/com.unity.purchasing/Runtime/Apple/UnityEngine.Purchasing.Apple.asmdef)
Folder 'Packages/com.unity.purchasing/Runtime/Apple/' contains multiple assembly definition files (Packages/com.unity.purchasing/Runtime/Apple/Unity.Purchasing.Apple.asmdef)
Folder 'Packages/com.unity.purchasing/Runtime/SecurityStub/' contains multiple assembly definition files (Packages/com.unity.purchasing/Runtime/SecurityStub/UnityEngine.Purchasing.SecurityStub.asmdef)
Folder 'Packages/com.unity.purchasing/Runtime/SecurityStub/' contains multiple assembly definition files (Packages/com.unity.purchasing/Runtime/SecurityStub/Unity.Purchasing.SecurityStub.asmdef)
Folder 'Packages/com.unity.purchasing/Runtime/Security/' contains multiple assembly definition files (Packages/com.unity.purchasing/Runtime/Security/Unity.Purchasing.Security.asmdef)
Folder 'Packages/com.unity.purchasing/Runtime/Security/' contains multiple assembly definition files (Packages/com.unity.purchasing/Runtime/Security/UnityEngine.Purchasing.Security.asmdef)
Folder 'Packages/com.unity.purchasing/Runtime/Stores/' contains multiple assembly definition files (Packages/com.unity.purchasing/Runtime/Stores/UnityEngine.Purchasing.Stores.asmdef)
Folder 'Packages/com.unity.purchasing/Runtime/Stores/' contains multiple assembly definition files (Packages/com.unity.purchasing/Runtime/Stores/Unity.Purchasing.Stores.asmdef)
Folder 'Packages/com.unity.purchasing/Runtime/SecurityCore/' contains multiple assembly definition files (Packages/com.unity.purchasing/Runtime/SecurityCore/Unity.Purchasing.SecurityCore.asmdef)
Folder 'Packages/com.unity.purchasing/Runtime/SecurityCore/' contains multiple assembly definition files (Packages/com.unity.purchasing/Runtime/SecurityCore/UnityEngine.Purchasing.SecurityCore.asmdef)
Folder 'Packages/com.unity.purchasing/Runtime/Purchasing/' contains multiple assembly definition files (Packages/com.unity.purchasing/Runtime/Purchasing/UnityEngine.Purchasing.asmdef)
Folder 'Packages/com.unity.purchasing/Runtime/Purchasing/' contains multiple assembly definition files (Packages/com.unity.purchasing/Runtime/Purchasing/Unity.Purchasing.asmdef)
Folder 'Packages/com.unity.purchasing/Runtime/AppleMacosStub/' contains multiple assembly definition files (Packages/com.unity.purchasing/Runtime/AppleMacosStub/UnityEngine.Purchasing.AppleMacosStub.asmdef)
Folder 'Packages/com.unity.purchasing/Runtime/AppleMacosStub/' contains multiple assembly definition files (Packages/com.unity.purchasing/Runtime/AppleMacosStub/Unity.Purchasing.AppleMacosStub.asmdef)
Folder 'Packages/com.unity.purchasing/Runtime/AppleStub/' contains multiple assembly definition files (Packages/com.unity.purchasing/Runtime/AppleStub/Unity.Purchasing.AppleStub.asmdef)
Folder 'Packages/com.unity.purchasing/Runtime/AppleStub/' contains multiple assembly definition files (Packages/com.unity.purchasing/Runtime/AppleStub/UnityEngine.Purchasing.AppleStub.asmdef)
Folder 'Packages/com.unity.purchasing/Runtime/AppleMacos/' contains multiple assembly definition files (Packages/com.unity.purchasing/Runtime/AppleMacos/UnityEngine.Purchasing.AppleMacos.asmdef)
Folder 'Packages/com.unity.purchasing/Runtime/AppleMacos/' contains multiple assembly definition files (Packages/com.unity.purchasing/Runtime/AppleMacos/Unity.Purchasing.AppleMacos.asmdef)
Folder 'Packages/com.unity.purchasing/Runtime/Codeless/' contains multiple assembly definition files (Packages/com.unity.purchasing/Runtime/Codeless/Unity.Purchasing.Codeless.asmdef)
Folder 'Packages/com.unity.purchasing/Runtime/Codeless/' contains multiple assembly definition files (Packages/com.unity.purchasing/Runtime/Codeless/UnityEngine.Purchasing.Codeless.asmdef)
ArgumentException: An item with the same key has already been added. Key: 400f2260dd8d285419d1db99999109aa
  at System.Collections.Generic.Dictionary`2[TKey,TValue].TryInsert (TKey key, TValue value, System.Collections.Generic.InsertionBehavior behavior) [0x0015a] in <c5eeda5e65d44b388e164c6c5cfe0702>:0 
  at System.Collections.Generic.Dictionary`2[TKey,TValue].Add (TKey key, TValue value) [0x00000] in <c5eeda5e65d44b388e164c6c5cfe0702>:0 
  at System.Linq.Enumerable.ToDictionary[TSource,TKey,TElement] (TSource[] source, System.Func`2[T,TResult] keySelector, System.Func`2[T,TResult] elementSelector, System.Collections.Generic.IEqualityComparer`1[T] comparer) [0x00029] in <8203c5af529241e2a5cc4b3c5a3dc69a>:0 
  at System.Linq.Enumerable.ToDictionary[TSource,TKey,TElement] (System.Collections.Generic.IEnumerable`1[T] source, System.Func`2[T,TResult] keySelector, System.Func`2[T,TResult] elementSelector, System.Collections.Generic.IEqualityComparer`1[T] comparer) [0x00051] in <8203c5af529241e2a5cc4b3c5a3dc69a>:0 
  at System.Linq.Enumerable.ToDictionary[TSource,TKey,TElement] (System.Collections.Generic.IEnumerable`1[T] source, System.Func`2[T,TResult] keySelector, System.Func`2[T,TResult] elementSelector) [0x00000] in <8203c5af529241e2a5cc4b3c5a3dc69a>:0 
  at UnityEditor.Scripting.ScriptCompilation.AssemblyGraphBuilder.Initialize (System.Collections.Generic.IReadOnlyCollection`1[T] assemblies, System.Collections.Generic.IReadOnlyCollection`1[T] customScriptAssemblyReferences) [0x00046] in /Users/bokken/build/output/unity/unity/Editor/Mono/Scripting/ScriptCompilation/AssemblyGraphBuilder.cs:85 
  at UnityEditor.Scripting.ScriptCompilation.AssemblyGraphBuilderFactory.GetOrCreate (System.String projectPath, System.Collections.Generic.IReadOnlyCollection`1[T] assemblies, System.Collections.Generic.IReadOnlyCollection`1[T] customScriptAssemblyReferences) [0x00038] in /Users/bokken/build/output/unity/unity/Editor/Mono/Scripting/ScriptCompilation/AssemblyGraphBuilderFactory.cs:54 
  at UnityEditor.Scripting.ScriptCompilation.EditorCompilation.GetAssemblyGraphBuilder () [0x00001] in /Users/bokken/build/output/unity/unity/Editor/Mono/Scripting/ScriptCompilation/EditorCompilation.cs:170 
  at UnityEditor.Scripting.ScriptCompilation.EditorCompilation.SetAllScripts (System.String[] allScripts) [0x0000d] in /Users/bokken/build/output/unity/unity/Editor/Mono/Scripting/ScriptCompilation/EditorCompilation.cs:178 
  at UnityEditor.Scripting.ScriptCompilation.EditorCompilationInterface.SetAllScripts (System.String[] allScripts) [0x00001] in /Users/bokken/build/output/unity/unity/Editor/Mono/Scripting/ScriptCompilation/EditorCompilationInterface.cs:79 

(Filename: /Users/bokken/build/output/unity/unity/Editor/Mono/Scripting/ScriptCompilation/AssemblyGraphBuilder.cs Line: 85)

Begin MonoManager ReloadAssembly
[Licensing::Client] Successfully resolved entitlement details
Thread 0x16d673000 may have been prematurely finalized
Symbol file LoadedFromMemory is not a mono symbol file
- Loaded All Assemblies, in  0.457 seconds
Folder 'Packages/com.unity.purchasing/Runtime/Apple/' contains multiple assembly definition files (Packages/com.unity.purchasing/Runtime/Apple/UnityEngine.Purchasing.Apple.asmdef)
Folder 'Packages/com.unity.purchasing/Runtime/Apple/' contains multiple assembly definition files (Packages/com.unity.purchasing/Runtime/Apple/Unity.Purchasing.Apple.asmdef)
Folder 'Packages/com.unity.purchasing/Runtime/SecurityStub/' contains multiple assembly definition files (Packages/com.unity.purchasing/Runtime/SecurityStub/UnityEngine.Purchasing.SecurityStub.asmdef)
Folder 'Packages/com.unity.purchasing/Runtime/SecurityStub/' contains multiple assembly definition files (Packages/com.unity.purchasing/Runtime/SecurityStub/Unity.Purchasing.SecurityStub.asmdef)
Folder 'Packages/com.unity.purchasing/Runtime/Security/' contains multiple assembly definition files (Packages/com.unity.purchasing/Runtime/Security/Unity.Purchasing.Security.asmdef)
Folder 'Packages/com.unity.purchasing/Runtime/Security/' contains multiple assembly definition files (Packages/com.unity.purchasing/Runtime/Security/UnityEngine.Purchasing.Security.asmdef)
Folder 'Packages/com.unity.purchasing/Runtime/Stores/' contains multiple assembly definition files (Packages/com.unity.purchasing/Runtime/Stores/UnityEngine.Purchasing.Stores.asmdef)
Folder 'Packages/com.unity.purchasing/Runtime/Stores/' contains multiple assembly definition files (Packages/com.unity.purchasing/Runtime/Stores/Unity.Purchasing.Stores.asmdef)
Folder 'Packages/com.unity.purchasing/Runtime/SecurityCore/' contains multiple assembly definition files (Packages/com.unity.purchasing/Runtime/SecurityCore/Unity.Purchasing.SecurityCore.asmdef)
Folder 'Packages/com.unity.purchasing/Runtime/SecurityCore/' contains multiple assembly definition files (Packages/com.unity.purchasing/Runtime/SecurityCore/UnityEngine.Purchasing.SecurityCore.asmdef)
Folder 'Packages/com.unity.purchasing/Runtime/Purchasing/' contains multiple assembly definition files (Packages/com.unity.purchasing/Runtime/Purchasing/UnityEngine.Purchasing.asmdef)
Folder 'Packages/com.unity.purchasing/Runtime/Purchasing/' contains multiple assembly definition files (Packages/com.unity.purchasing/Runtime/Purchasing/Unity.Purchasing.asmdef)
Folder 'Packages/com.unity.purchasing/Runtime/AppleMacosStub/' contains multiple assembly definition files (Packages/com.unity.purchasing/Runtime/AppleMacosStub/UnityEngine.Purchasing.AppleMacosStub.asmdef)
Folder 'Packages/com.unity.purchasing/Runtime/AppleMacosStub/' contains multiple assembly definition files (Packages/com.unity.purchasing/Runtime/AppleMacosStub/Unity.Purchasing.AppleMacosStub.asmdef)
Folder 'Packages/com.unity.purchasing/Runtime/AppleStub/' contains multiple assembly definition files (Packages/com.unity.purchasing/Runtime/AppleStub/Unity.Purchasing.AppleStub.asmdef)
Folder 'Packages/com.unity.purchasing/Runtime/AppleStub/' contains multiple assembly definition files (Packages/com.unity.purchasing/Runtime/AppleStub/UnityEngine.Purchasing.AppleStub.asmdef)
Folder 'Packages/com.unity.purchasing/Runtime/AppleMacos/' contains multiple assembly definition files (Packages/com.unity.purchasing/Runtime/AppleMacos/UnityEngine.Purchasing.AppleMacos.asmdef)
Folder 'Packages/com.unity.purchasing/Runtime/AppleMacos/' contains multiple assembly definition files (Packages/com.unity.purchasing/Runtime/AppleMacos/Unity.Purchasing.AppleMacos.asmdef)
Folder 'Packages/com.unity.purchasing/Runtime/Codeless/' contains multiple assembly definition files (Packages/com.unity.purchasing/Runtime/Codeless/Unity.Purchasing.Codeless.asmdef)
Folder 'Packages/com.unity.purchasing/Runtime/Codeless/' contains multiple assembly definition files (Packages/com.unity.purchasing/Runtime/Codeless/UnityEngine.Purchasing.Codeless.asmdef)
ArgumentException: An item with the same key has already been added. Key: 400f2260dd8d285419d1db99999109aa
  at System.Collections.Generic.Dictionary`2[TKey,TValue].TryInsert (TKey key, TValue value, System.Collections.Generic.InsertionBehavior behavior) [0x0015a] in <c5eeda5e65d44b388e164c6c5cfe0702>:0 
  at System.Collections.Generic.Dictionary`2[TKey,TValue].Add (TKey key, TValue value) [0x00000] in <c5eeda5e65d44b388e164c6c5cfe0702>:0 
  at System.Linq.Enumerable.ToDictionary[TSource,TKey,TElement] (TSource[] source, System.Func`2[T,TResult] keySelector, System.Func`2[T,TResult] elementSelector, System.Collections.Generic.IEqualityComparer`1[T] comparer) [0x00029] in <8203c5af529241e2a5cc4b3c5a3dc69a>:0 
  at System.Linq.Enumerable.ToDictionary[TSource,TKey,TElement] (System.Collections.Generic.IEnumerable`1[T] source, System.Func`2[T,TResult] keySelector, System.Func`2[T,TResult] elementSelector, System.Collections.Generic.IEqualityComparer`1[T] comparer) [0x00051] in <8203c5af529241e2a5cc4b3c5a3dc69a>:0 
  at System.Linq.Enumerable.ToDictionary[TSource,TKey,TElement] (System.Collections.Generic.IEnumerable`1[T] source, System.Func`2[T,TResult] keySelector, System.Func`2[T,TResult] elementSelector) [0x00000] in <8203c5af529241e2a5cc4b3c5a3dc69a>:0 
  at UnityEditor.Scripting.ScriptCompilation.AssemblyGraphBuilder.Initialize (System.Collections.Generic.IReadOnlyCollection`1[T] assemblies, System.Collections.Generic.IReadOnlyCollection`1[T] customScriptAssemblyReferences) [0x00046] in /Users/bokken/build/output/unity/unity/Editor/Mono/Scripting/ScriptCompilation/AssemblyGraphBuilder.cs:85 
  at UnityEditor.Scripting.ScriptCompilation.AssemblyGraphBuilderFactory.GetOrCreate (System.String projectPath, System.Collections.Generic.IReadOnlyCollection`1[T] assemblies, System.Collections.Generic.IReadOnlyCollection`1[T] customScriptAssemblyReferences) [0x00038] in /Users/bokken/build/output/unity/unity/Editor/Mono/Scripting/ScriptCompilation/AssemblyGraphBuilderFactory.cs:54 
  at UnityEditor.Scripting.ScriptCompilation.EditorCompilation.GetAssemblyGraphBuilder () [0x00001] in /Users/bokken/build/output/unity/unity/Editor/Mono/Scripting/ScriptCompilation/EditorCompilation.cs:170 
  at UnityEditor.Scripting.ScriptCompilation.EditorCompilation.SetAllScripts (System.String[] allScripts) [0x0000d] in /Users/bokken/build/output/unity/unity/Editor/Mono/Scripting/ScriptCompilation/EditorCompilation.cs:178 
  at UnityEditor.Scripting.ScriptCompilation.EditorCompilationInterface.SetAllScripts (System.String[] allScripts) [0x00001] in /Users/bokken/build/output/unity/unity/Editor/Mono/Scripting/ScriptCompilation/EditorCompilationInterface.cs:79 

(Filename: /Users/bokken/build/output/unity/unity/Editor/Mono/Scripting/ScriptCompilation/AssemblyGraphBuilder.cs Line: 85)

Refreshing native plugins compatible for Editor in 3.10 ms, found 1 plugins.
Native extension for iOS target not found
Native extension for Android target not found
Native extension for OSXStandalone target not found
Native extension for WebGL target not found
Folder 'Packages/com.unity.purchasing/Runtime/Apple/' contains multiple assembly definition files (Packages/com.unity.purchasing/Runtime/Apple/UnityEngine.Purchasing.Apple.asmdef)
Folder 'Packages/com.unity.purchasing/Runtime/Apple/' contains multiple assembly definition files (Packages/com.unity.purchasing/Runtime/Apple/Unity.Purchasing.Apple.asmdef)
Folder 'Packages/com.unity.purchasing/Runtime/SecurityStub/' contains multiple assembly definition files (Packages/com.unity.purchasing/Runtime/SecurityStub/UnityEngine.Purchasing.SecurityStub.asmdef)
Folder 'Packages/com.unity.purchasing/Runtime/SecurityStub/' contains multiple assembly definition files (Packages/com.unity.purchasing/Runtime/SecurityStub/Unity.Purchasing.SecurityStub.asmdef)
Folder 'Packages/com.unity.purchasing/Runtime/Security/' contains multiple assembly definition files (Packages/com.unity.purchasing/Runtime/Security/Unity.Purchasing.Security.asmdef)
Folder 'Packages/com.unity.purchasing/Runtime/Security/' contains multiple assembly definition files (Packages/com.unity.purchasing/Runtime/Security/UnityEngine.Purchasing.Security.asmdef)
Folder 'Packages/com.unity.purchasing/Runtime/Stores/' contains multiple assembly definition files (Packages/com.unity.purchasing/Runtime/Stores/UnityEngine.Purchasing.Stores.asmdef)
Folder 'Packages/com.unity.purchasing/Runtime/Stores/' contains multiple assembly definition files (Packages/com.unity.purchasing/Runtime/Stores/Unity.Purchasing.Stores.asmdef)
Folder 'Packages/com.unity.purchasing/Runtime/SecurityCore/' contains multiple assembly definition files (Packages/com.unity.purchasing/Runtime/SecurityCore/Unity.Purchasing.SecurityCore.asmdef)
Folder 'Packages/com.unity.purchasing/Runtime/SecurityCore/' contains multiple assembly definition files (Packages/com.unity.purchasing/Runtime/SecurityCore/UnityEngine.Purchasing.SecurityCore.asmdef)
Folder 'Packages/com.unity.purchasing/Runtime/Purchasing/' contains multiple assembly definition files (Packages/com.unity.purchasing/Runtime/Purchasing/UnityEngine.Purchasing.asmdef)
Folder 'Packages/com.unity.purchasing/Runtime/Purchasing/' contains multiple assembly definition files (Packages/com.unity.purchasing/Runtime/Purchasing/Unity.Purchasing.asmdef)
Folder 'Packages/com.unity.purchasing/Runtime/AppleMacosStub/' contains multiple assembly definition files (Packages/com.unity.purchasing/Runtime/AppleMacosStub/UnityEngine.Purchasing.AppleMacosStub.asmdef)
Folder 'Packages/com.unity.purchasing/Runtime/AppleMacosStub/' contains multiple assembly definition files (Packages/com.unity.purchasing/Runtime/AppleMacosStub/Unity.Purchasing.AppleMacosStub.asmdef)
Folder 'Packages/com.unity.purchasing/Runtime/AppleStub/' contains multiple assembly definition files (Packages/com.unity.purchasing/Runtime/AppleStub/Unity.Purchasing.AppleStub.asmdef)
Folder 'Packages/com.unity.purchasing/Runtime/AppleStub/' contains multiple assembly definition files (Packages/com.unity.purchasing/Runtime/AppleStub/UnityEngine.Purchasing.AppleStub.asmdef)
Folder 'Packages/com.unity.purchasing/Runtime/AppleMacos/' contains multiple assembly definition files (Packages/com.unity.purchasing/Runtime/AppleMacos/UnityEngine.Purchasing.AppleMacos.asmdef)
Folder 'Packages/com.unity.purchasing/Runtime/AppleMacos/' contains multiple assembly definition files (Packages/com.unity.purchasing/Runtime/AppleMacos/Unity.Purchasing.AppleMacos.asmdef)
Folder 'Packages/com.unity.purchasing/Runtime/Codeless/' contains multiple assembly definition files (Packages/com.unity.purchasing/Runtime/Codeless/Unity.Purchasing.Codeless.asmdef)
Folder 'Packages/com.unity.purchasing/Runtime/Codeless/' contains multiple assembly definition files (Packages/com.unity.purchasing/Runtime/Codeless/UnityEngine.Purchasing.Codeless.asmdef)
ArgumentException: An item with the same key has already been added. Key: 400f2260dd8d285419d1db99999109aa
  at System.Collections.Generic.Dictionary`2[TKey,TValue].TryInsert (TKey key, TValue value, System.Collections.Generic.InsertionBehavior behavior) [0x0015a] in <c5eeda5e65d44b388e164c6c5cfe0702>:0 
  at System.Collections.Generic.Dictionary`2[TKey,TValue].Add (TKey key, TValue value) [0x00000] in <c5eeda5e65d44b388e164c6c5cfe0702>:0 
  at System.Linq.Enumerable.ToDictionary[TSource,TKey,TElement] (TSource[] source, System.Func`2[T,TResult] keySelector, System.Func`2[T,TResult] elementSelector, System.Collections.Generic.IEqualityComparer`1[T] comparer) [0x00029] in <8203c5af529241e2a5cc4b3c5a3dc69a>:0 
  at System.Linq.Enumerable.ToDictionary[TSource,TKey,TElement] (System.Collections.Generic.IEnumerable`1[T] source, System.Func`2[T,TResult] keySelector, System.Func`2[T,TResult] elementSelector, System.Collections.Generic.IEqualityComparer`1[T] comparer) [0x00051] in <8203c5af529241e2a5cc4b3c5a3dc69a>:0 
  at System.Linq.Enumerable.ToDictionary[TSource,TKey,TElement] (System.Collections.Generic.IEnumerable`1[T] source, System.Func`2[T,TResult] keySelector, System.Func`2[T,TResult] elementSelector) [0x00000] in <8203c5af529241e2a5cc4b3c5a3dc69a>:0 
  at UnityEditor.Scripting.ScriptCompilation.AssemblyGraphBuilder.Initialize (System.Collections.Generic.IReadOnlyCollection`1[T] assemblies, System.Collections.Generic.IReadOnlyCollection`1[T] customScriptAssemblyReferences) [0x00046] in /Users/bokken/build/output/unity/unity/Editor/Mono/Scripting/ScriptCompilation/AssemblyGraphBuilder.cs:85 
  at UnityEditor.Scripting.ScriptCompilation.AssemblyGraphBuilderFactory.GetOrCreate (System.String projectPath, System.Collections.Generic.IReadOnlyCollection`1[T] assemblies, System.Collections.Generic.IReadOnlyCollection`1[T] customScriptAssemblyReferences) [0x00038] in /Users/bokken/build/output/unity/unity/Editor/Mono/Scripting/ScriptCompilation/AssemblyGraphBuilderFactory.cs:54 
  at UnityEditor.Scripting.ScriptCompilation.EditorCompilation.GetAssemblyGraphBuilder () [0x00001] in /Users/bokken/build/output/unity/unity/Editor/Mono/Scripting/ScriptCompilation/EditorCompilation.cs:170 
  at UnityEditor.Scripting.ScriptCompilation.EditorCompilation.SetAllScripts (System.String[] allScripts) [0x0000d] in /Users/bokken/build/output/unity/unity/Editor/Mono/Scripting/ScriptCompilation/EditorCompilation.cs:178 
  at UnityEditor.Scripting.ScriptCompilation.EditorCompilationInterface.SetAllScripts (System.String[] allScripts) [0x00001] in /Users/bokken/build/output/unity/unity/Editor/Mono/Scripting/ScriptCompilation/EditorCompilationInterface.cs:79 

(Filename: /Users/bokken/build/output/unity/unity/Editor/Mono/Scripting/ScriptCompilation/AssemblyGraphBuilder.cs Line: 85)

Refreshing native plugins compatible for Editor in 3.43 ms, found 1 plugins.
[Package Manager] Failed to launch server process. Reason: Unity was launched with the -noUpm command-line argument
[Package Manager] Unable to send message (not connected to server process).
[Package Manager] Cannot connect to Unity Package Manager local server
ScheduleIndexationOnStartup MainProcess:False IndexOnStartup:True
Mono: successfully reloaded assembly
- Finished resetting the current domain, in  0.935 seconds
Domain Reload Profiling: 1393ms
	BeginReloadAssembly (105ms)
		ExecutionOrderSort (0ms)
		DisableScriptedObjects (3ms)
		BackupInstance (0ms)
		ReleaseScriptingObjects (0ms)
		CreateAndSetChildDomain (35ms)
	RebuildCommonClasses (24ms)
	RebuildNativeTypeToScriptingClass (10ms)
	initialDomainReloadingComplete (15ms)
	LoadAllAssembliesAndSetupDomain (304ms)
		LoadAssemblies (214ms)
		RebuildTransferFunctionScriptingTraits (0ms)
		AnalyzeDomain (119ms)
			TypeCache.Refresh (7ms)
				TypeCache.ScanAssembly (0ms)
			BuildScriptInfoCaches (107ms)
			ResolveRequiredComponents (3ms)
	FinalizeReload (935ms)
		ReleaseScriptCaches (0ms)
		RebuildScriptCaches (0ms)
		SetupLoadedEditorAssemblies (836ms)
			LogAssemblyErrors (0ms)
			InitializePlatformSupportModulesInManaged (12ms)
			SetLoadedEditorAssemblies (3ms)
			BeforeProcessingInitializeOnLoad (94ms)
			ProcessInitializeOnLoadAttributes (668ms)
			ProcessInitializeOnLoadMethodAttributes (57ms)
			AfterProcessingInitializeOnLoad (1ms)
			EditorAssembliesLoaded (0ms)
		ExecutionOrderSort2 (0ms)
		AwakeInstancesAfterBackupRestoration (3ms)
Refreshing native plugins compatible for Editor in 2.78 ms, found 1 plugins.
Preloading 0 native plugins for Editor in 0.00 ms.
Unloading 29 Unused Serialized files (Serialized files now loaded: 0)
Unloading 6234 unused Assets / (4.6 MB). Loaded Objects now: 6858.
Memory consumption went from 141.7 MB to 137.1 MB.
Total: 20.654000 ms (FindLiveObjects: 0.280750 ms CreateObjectMapping: 0.166834 ms MarkObjects: 18.821167 ms  DeleteObjects: 1.384458 ms)

Prepare: number of updated asset objects reloaded= 0
========================================================================
Received Import Request.
  Time since last request: 265.888243 seconds.
  path: Assets/Resources/Prefabs/Screens/Map Select Screen.prefab
  artifactKey: Guid(9561348117d55448e82da401b2588cad) Importer(815301076,1909f56bfc062723c751e8b465ee728b)
Start importing Assets/Resources/Prefabs/Screens/Map Select Screen.prefab using Guid(9561348117d55448e82da401b2588cad) Importer(815301076,1909f56bfc062723c751e8b465ee728b) (PreviewImporter) -> (artifact id: '6d3e15715a903023f6a8d84a58acb3d5') in 0.062267791 seconds
Number of updated asset objects reloaded before import = 0Number of asset objects unloaded after import = 219

========================================================================
Received Import Request.
  Time since last request: 11.712753 seconds.
  path: Assets/Resources/Prefabs/Screens/Map Select Screen.prefab
  artifactKey: Guid(9561348117d55448e82da401b2588cad) Importer(815301076,1909f56bfc062723c751e8b465ee728b)
Start importing Assets/Resources/Prefabs/Screens/Map Select Screen.prefab using Guid(9561348117d55448e82da401b2588cad) Importer(815301076,1909f56bfc062723c751e8b465ee728b) (PreviewImporter) -> (artifact id: 'bde25770759a0563e1dd8435abeb7cbc') in 0.028997916 seconds
Number of updated asset objects reloaded before import = 0Number of asset objects unloaded after import = 219

========================================================================
Received Prepare
[Licensing::Client] Successfully resolved entitlement details
Folder 'Packages/com.unity.purchasing/Runtime/Apple/' contains multiple assembly definition files (Packages/com.unity.purchasing/Runtime/Apple/UnityEngine.Purchasing.Apple.asmdef)
Folder 'Packages/com.unity.purchasing/Runtime/Apple/' contains multiple assembly definition files (Packages/com.unity.purchasing/Runtime/Apple/Unity.Purchasing.Apple.asmdef)
Folder 'Packages/com.unity.purchasing/Runtime/SecurityStub/' contains multiple assembly definition files (Packages/com.unity.purchasing/Runtime/SecurityStub/UnityEngine.Purchasing.SecurityStub.asmdef)
Folder 'Packages/com.unity.purchasing/Runtime/SecurityStub/' contains multiple assembly definition files (Packages/com.unity.purchasing/Runtime/SecurityStub/Unity.Purchasing.SecurityStub.asmdef)
Folder 'Packages/com.unity.purchasing/Runtime/Security/' contains multiple assembly definition files (Packages/com.unity.purchasing/Runtime/Security/Unity.Purchasing.Security.asmdef)
Folder 'Packages/com.unity.purchasing/Runtime/Security/' contains multiple assembly definition files (Packages/com.unity.purchasing/Runtime/Security/UnityEngine.Purchasing.Security.asmdef)
Folder 'Packages/com.unity.purchasing/Runtime/Stores/' contains multiple assembly definition files (Packages/com.unity.purchasing/Runtime/Stores/UnityEngine.Purchasing.Stores.asmdef)
Folder 'Packages/com.unity.purchasing/Runtime/Stores/' contains multiple assembly definition files (Packages/com.unity.purchasing/Runtime/Stores/Unity.Purchasing.Stores.asmdef)
Folder 'Packages/com.unity.purchasing/Runtime/SecurityCore/' contains multiple assembly definition files (Packages/com.unity.purchasing/Runtime/SecurityCore/Unity.Purchasing.SecurityCore.asmdef)
Folder 'Packages/com.unity.purchasing/Runtime/SecurityCore/' contains multiple assembly definition files (Packages/com.unity.purchasing/Runtime/SecurityCore/UnityEngine.Purchasing.SecurityCore.asmdef)
Folder 'Packages/com.unity.purchasing/Runtime/Purchasing/' contains multiple assembly definition files (Packages/com.unity.purchasing/Runtime/Purchasing/UnityEngine.Purchasing.asmdef)
Folder 'Packages/com.unity.purchasing/Runtime/Purchasing/' contains multiple assembly definition files (Packages/com.unity.purchasing/Runtime/Purchasing/Unity.Purchasing.asmdef)
Folder 'Packages/com.unity.purchasing/Runtime/AppleMacosStub/' contains multiple assembly definition files (Packages/com.unity.purchasing/Runtime/AppleMacosStub/UnityEngine.Purchasing.AppleMacosStub.asmdef)
Folder 'Packages/com.unity.purchasing/Runtime/AppleMacosStub/' contains multiple assembly definition files (Packages/com.unity.purchasing/Runtime/AppleMacosStub/Unity.Purchasing.AppleMacosStub.asmdef)
Folder 'Packages/com.unity.purchasing/Runtime/AppleStub/' contains multiple assembly definition files (Packages/com.unity.purchasing/Runtime/AppleStub/Unity.Purchasing.AppleStub.asmdef)
Folder 'Packages/com.unity.purchasing/Runtime/AppleStub/' contains multiple assembly definition files (Packages/com.unity.purchasing/Runtime/AppleStub/UnityEngine.Purchasing.AppleStub.asmdef)
Folder 'Packages/com.unity.purchasing/Runtime/AppleMacos/' contains multiple assembly definition files (Packages/com.unity.purchasing/Runtime/AppleMacos/UnityEngine.Purchasing.AppleMacos.asmdef)
Folder 'Packages/com.unity.purchasing/Runtime/AppleMacos/' contains multiple assembly definition files (Packages/com.unity.purchasing/Runtime/AppleMacos/Unity.Purchasing.AppleMacos.asmdef)
Folder 'Packages/com.unity.purchasing/Runtime/Codeless/' contains multiple assembly definition files (Packages/com.unity.purchasing/Runtime/Codeless/Unity.Purchasing.Codeless.asmdef)
Folder 'Packages/com.unity.purchasing/Runtime/Codeless/' contains multiple assembly definition files (Packages/com.unity.purchasing/Runtime/Codeless/UnityEngine.Purchasing.Codeless.asmdef)
ArgumentException: An item with the same key has already been added. Key: 400f2260dd8d285419d1db99999109aa
  at System.Collections.Generic.Dictionary`2[TKey,TValue].TryInsert (TKey key, TValue value, System.Collections.Generic.InsertionBehavior behavior) [0x0015a] in <c5eeda5e65d44b388e164c6c5cfe0702>:0 
  at System.Collections.Generic.Dictionary`2[TKey,TValue].Add (TKey key, TValue value) [0x00000] in <c5eeda5e65d44b388e164c6c5cfe0702>:0 
  at System.Linq.Enumerable.ToDictionary[TSource,TKey,TElement] (TSource[] source, System.Func`2[T,TResult] keySelector, System.Func`2[T,TResult] elementSelector, System.Collections.Generic.IEqualityComparer`1[T] comparer) [0x00029] in <8203c5af529241e2a5cc4b3c5a3dc69a>:0 
  at System.Linq.Enumerable.ToDictionary[TSource,TKey,TElement] (System.Collections.Generic.IEnumerable`1[T] source, System.Func`2[T,TResult] keySelector, System.Func`2[T,TResult] elementSelector, System.Collections.Generic.IEqualityComparer`1[T] comparer) [0x00051] in <8203c5af529241e2a5cc4b3c5a3dc69a>:0 
  at System.Linq.Enumerable.ToDictionary[TSource,TKey,TElement] (System.Collections.Generic.IEnumerable`1[T] source, System.Func`2[T,TResult] keySelector, System.Func`2[T,TResult] elementSelector) [0x00000] in <8203c5af529241e2a5cc4b3c5a3dc69a>:0 
  at UnityEditor.Scripting.ScriptCompilation.AssemblyGraphBuilder.Initialize (System.Collections.Generic.IReadOnlyCollection`1[T] assemblies, System.Collections.Generic.IReadOnlyCollection`1[T] customScriptAssemblyReferences) [0x00046] in /Users/bokken/build/output/unity/unity/Editor/Mono/Scripting/ScriptCompilation/AssemblyGraphBuilder.cs:85 
  at UnityEditor.Scripting.ScriptCompilation.AssemblyGraphBuilderFactory.GetOrCreate (System.String projectPath, System.Collections.Generic.IReadOnlyCollection`1[T] assemblies, System.Collections.Generic.IReadOnlyCollection`1[T] customScriptAssemblyReferences) [0x00038] in /Users/bokken/build/output/unity/unity/Editor/Mono/Scripting/ScriptCompilation/AssemblyGraphBuilderFactory.cs:54 
  at UnityEditor.Scripting.ScriptCompilation.EditorCompilation.GetAssemblyGraphBuilder () [0x00001] in /Users/bokken/build/output/unity/unity/Editor/Mono/Scripting/ScriptCompilation/EditorCompilation.cs:170 
  at UnityEditor.Scripting.ScriptCompilation.EditorCompilation.SetAllScripts (System.String[] allScripts) [0x0000d] in /Users/bokken/build/output/unity/unity/Editor/Mono/Scripting/ScriptCompilation/EditorCompilation.cs:178 
  at UnityEditor.Scripting.ScriptCompilation.EditorCompilationInterface.SetAllScripts (System.String[] allScripts) [0x00001] in /Users/bokken/build/output/unity/unity/Editor/Mono/Scripting/ScriptCompilation/EditorCompilationInterface.cs:79 

(Filename: /Users/bokken/build/output/unity/unity/Editor/Mono/Scripting/ScriptCompilation/AssemblyGraphBuilder.cs Line: 85)

Folder 'Packages/com.unity.purchasing/Runtime/Apple/' contains multiple assembly definition files (Packages/com.unity.purchasing/Runtime/Apple/UnityEngine.Purchasing.Apple.asmdef)
Folder 'Packages/com.unity.purchasing/Runtime/Apple/' contains multiple assembly definition files (Packages/com.unity.purchasing/Runtime/Apple/Unity.Purchasing.Apple.asmdef)
Folder 'Packages/com.unity.purchasing/Runtime/SecurityStub/' contains multiple assembly definition files (Packages/com.unity.purchasing/Runtime/SecurityStub/UnityEngine.Purchasing.SecurityStub.asmdef)
Folder 'Packages/com.unity.purchasing/Runtime/SecurityStub/' contains multiple assembly definition files (Packages/com.unity.purchasing/Runtime/SecurityStub/Unity.Purchasing.SecurityStub.asmdef)
Folder 'Packages/com.unity.purchasing/Runtime/Security/' contains multiple assembly definition files (Packages/com.unity.purchasing/Runtime/Security/Unity.Purchasing.Security.asmdef)
Folder 'Packages/com.unity.purchasing/Runtime/Security/' contains multiple assembly definition files (Packages/com.unity.purchasing/Runtime/Security/UnityEngine.Purchasing.Security.asmdef)
Folder 'Packages/com.unity.purchasing/Runtime/Stores/' contains multiple assembly definition files (Packages/com.unity.purchasing/Runtime/Stores/UnityEngine.Purchasing.Stores.asmdef)
Folder 'Packages/com.unity.purchasing/Runtime/Stores/' contains multiple assembly definition files (Packages/com.unity.purchasing/Runtime/Stores/Unity.Purchasing.Stores.asmdef)
Folder 'Packages/com.unity.purchasing/Runtime/SecurityCore/' contains multiple assembly definition files (Packages/com.unity.purchasing/Runtime/SecurityCore/Unity.Purchasing.SecurityCore.asmdef)
Folder 'Packages/com.unity.purchasing/Runtime/SecurityCore/' contains multiple assembly definition files (Packages/com.unity.purchasing/Runtime/SecurityCore/UnityEngine.Purchasing.SecurityCore.asmdef)
Folder 'Packages/com.unity.purchasing/Runtime/Purchasing/' contains multiple assembly definition files (Packages/com.unity.purchasing/Runtime/Purchasing/UnityEngine.Purchasing.asmdef)
Folder 'Packages/com.unity.purchasing/Runtime/Purchasing/' contains multiple assembly definition files (Packages/com.unity.purchasing/Runtime/Purchasing/Unity.Purchasing.asmdef)
Folder 'Packages/com.unity.purchasing/Runtime/AppleMacosStub/' contains multiple assembly definition files (Packages/com.unity.purchasing/Runtime/AppleMacosStub/UnityEngine.Purchasing.AppleMacosStub.asmdef)
Folder 'Packages/com.unity.purchasing/Runtime/AppleMacosStub/' contains multiple assembly definition files (Packages/com.unity.purchasing/Runtime/AppleMacosStub/Unity.Purchasing.AppleMacosStub.asmdef)
Folder 'Packages/com.unity.purchasing/Runtime/AppleStub/' contains multiple assembly definition files (Packages/com.unity.purchasing/Runtime/AppleStub/Unity.Purchasing.AppleStub.asmdef)
Folder 'Packages/com.unity.purchasing/Runtime/AppleStub/' contains multiple assembly definition files (Packages/com.unity.purchasing/Runtime/AppleStub/UnityEngine.Purchasing.AppleStub.asmdef)
Folder 'Packages/com.unity.purchasing/Runtime/AppleMacos/' contains multiple assembly definition files (Packages/com.unity.purchasing/Runtime/AppleMacos/UnityEngine.Purchasing.AppleMacos.asmdef)
Folder 'Packages/com.unity.purchasing/Runtime/AppleMacos/' contains multiple assembly definition files (Packages/com.unity.purchasing/Runtime/AppleMacos/Unity.Purchasing.AppleMacos.asmdef)
Folder 'Packages/com.unity.purchasing/Runtime/Codeless/' contains multiple assembly definition files (Packages/com.unity.purchasing/Runtime/Codeless/Unity.Purchasing.Codeless.asmdef)
Folder 'Packages/com.unity.purchasing/Runtime/Codeless/' contains multiple assembly definition files (Packages/com.unity.purchasing/Runtime/Codeless/UnityEngine.Purchasing.Codeless.asmdef)
ArgumentException: An item with the same key has already been added. Key: 400f2260dd8d285419d1db99999109aa
  at System.Collections.Generic.Dictionary`2[TKey,TValue].TryInsert (TKey key, TValue value, System.Collections.Generic.InsertionBehavior behavior) [0x0015a] in <c5eeda5e65d44b388e164c6c5cfe0702>:0 
  at System.Collections.Generic.Dictionary`2[TKey,TValue].Add (TKey key, TValue value) [0x00000] in <c5eeda5e65d44b388e164c6c5cfe0702>:0 
  at System.Linq.Enumerable.ToDictionary[TSource,TKey,TElement] (TSource[] source, System.Func`2[T,TResult] keySelector, System.Func`2[T,TResult] elementSelector, System.Collections.Generic.IEqualityComparer`1[T] comparer) [0x00029] in <8203c5af529241e2a5cc4b3c5a3dc69a>:0 
  at System.Linq.Enumerable.ToDictionary[TSource,TKey,TElement] (System.Collections.Generic.IEnumerable`1[T] source, System.Func`2[T,TResult] keySelector, System.Func`2[T,TResult] elementSelector, System.Collections.Generic.IEqualityComparer`1[T] comparer) [0x00051] in <8203c5af529241e2a5cc4b3c5a3dc69a>:0 
  at System.Linq.Enumerable.ToDictionary[TSource,TKey,TElement] (System.Collections.Generic.IEnumerable`1[T] source, System.Func`2[T,TResult] keySelector, System.Func`2[T,TResult] elementSelector) [0x00000] in <8203c5af529241e2a5cc4b3c5a3dc69a>:0 
  at UnityEditor.Scripting.ScriptCompilation.AssemblyGraphBuilder.Initialize (System.Collections.Generic.IReadOnlyCollection`1[T] assemblies, System.Collections.Generic.IReadOnlyCollection`1[T] customScriptAssemblyReferences) [0x00046] in /Users/bokken/build/output/unity/unity/Editor/Mono/Scripting/ScriptCompilation/AssemblyGraphBuilder.cs:85 
  at UnityEditor.Scripting.ScriptCompilation.AssemblyGraphBuilderFactory.GetOrCreate (System.String projectPath, System.Collections.Generic.IReadOnlyCollection`1[T] assemblies, System.Collections.Generic.IReadOnlyCollection`1[T] customScriptAssemblyReferences) [0x00038] in /Users/bokken/build/output/unity/unity/Editor/Mono/Scripting/ScriptCompilation/AssemblyGraphBuilderFactory.cs:54 
  at UnityEditor.Scripting.ScriptCompilation.EditorCompilation.GetAssemblyGraphBuilder () [0x00001] in /Users/bokken/build/output/unity/unity/Editor/Mono/Scripting/ScriptCompilation/EditorCompilation.cs:170 
  at UnityEditor.Scripting.ScriptCompilation.EditorCompilation.SetAllScripts (System.String[] allScripts) [0x0000d] in /Users/bokken/build/output/unity/unity/Editor/Mono/Scripting/ScriptCompilation/EditorCompilation.cs:178 
  at UnityEditor.Scripting.ScriptCompilation.EditorCompilationInterface.SetAllScripts (System.String[] allScripts) [0x00001] in /Users/bokken/build/output/unity/unity/Editor/Mono/Scripting/ScriptCompilation/EditorCompilationInterface.cs:79 

(Filename: /Users/bokken/build/output/unity/unity/Editor/Mono/Scripting/ScriptCompilation/AssemblyGraphBuilder.cs Line: 85)

Begin MonoManager ReloadAssembly
[Licensing::Client] Successfully resolved entitlement details
Thread 0x16d6ff000 may have been prematurely finalized
Symbol file LoadedFromMemory is not a mono symbol file
- Loaded All Assemblies, in  0.485 seconds
Folder 'Packages/com.unity.purchasing/Runtime/Apple/' contains multiple assembly definition files (Packages/com.unity.purchasing/Runtime/Apple/UnityEngine.Purchasing.Apple.asmdef)
Folder 'Packages/com.unity.purchasing/Runtime/Apple/' contains multiple assembly definition files (Packages/com.unity.purchasing/Runtime/Apple/Unity.Purchasing.Apple.asmdef)
Folder 'Packages/com.unity.purchasing/Runtime/SecurityStub/' contains multiple assembly definition files (Packages/com.unity.purchasing/Runtime/SecurityStub/UnityEngine.Purchasing.SecurityStub.asmdef)
Folder 'Packages/com.unity.purchasing/Runtime/SecurityStub/' contains multiple assembly definition files (Packages/com.unity.purchasing/Runtime/SecurityStub/Unity.Purchasing.SecurityStub.asmdef)
Folder 'Packages/com.unity.purchasing/Runtime/Security/' contains multiple assembly definition files (Packages/com.unity.purchasing/Runtime/Security/Unity.Purchasing.Security.asmdef)
Folder 'Packages/com.unity.purchasing/Runtime/Security/' contains multiple assembly definition files (Packages/com.unity.purchasing/Runtime/Security/UnityEngine.Purchasing.Security.asmdef)
Folder 'Packages/com.unity.purchasing/Runtime/Stores/' contains multiple assembly definition files (Packages/com.unity.purchasing/Runtime/Stores/UnityEngine.Purchasing.Stores.asmdef)
Folder 'Packages/com.unity.purchasing/Runtime/Stores/' contains multiple assembly definition files (Packages/com.unity.purchasing/Runtime/Stores/Unity.Purchasing.Stores.asmdef)
Folder 'Packages/com.unity.purchasing/Runtime/SecurityCore/' contains multiple assembly definition files (Packages/com.unity.purchasing/Runtime/SecurityCore/Unity.Purchasing.SecurityCore.asmdef)
Folder 'Packages/com.unity.purchasing/Runtime/SecurityCore/' contains multiple assembly definition files (Packages/com.unity.purchasing/Runtime/SecurityCore/UnityEngine.Purchasing.SecurityCore.asmdef)
Folder 'Packages/com.unity.purchasing/Runtime/Purchasing/' contains multiple assembly definition files (Packages/com.unity.purchasing/Runtime/Purchasing/UnityEngine.Purchasing.asmdef)
Folder 'Packages/com.unity.purchasing/Runtime/Purchasing/' contains multiple assembly definition files (Packages/com.unity.purchasing/Runtime/Purchasing/Unity.Purchasing.asmdef)
Folder 'Packages/com.unity.purchasing/Runtime/AppleMacosStub/' contains multiple assembly definition files (Packages/com.unity.purchasing/Runtime/AppleMacosStub/UnityEngine.Purchasing.AppleMacosStub.asmdef)
Folder 'Packages/com.unity.purchasing/Runtime/AppleMacosStub/' contains multiple assembly definition files (Packages/com.unity.purchasing/Runtime/AppleMacosStub/Unity.Purchasing.AppleMacosStub.asmdef)
Folder 'Packages/com.unity.purchasing/Runtime/AppleStub/' contains multiple assembly definition files (Packages/com.unity.purchasing/Runtime/AppleStub/Unity.Purchasing.AppleStub.asmdef)
Folder 'Packages/com.unity.purchasing/Runtime/AppleStub/' contains multiple assembly definition files (Packages/com.unity.purchasing/Runtime/AppleStub/UnityEngine.Purchasing.AppleStub.asmdef)
Folder 'Packages/com.unity.purchasing/Runtime/AppleMacos/' contains multiple assembly definition files (Packages/com.unity.purchasing/Runtime/AppleMacos/UnityEngine.Purchasing.AppleMacos.asmdef)
Folder 'Packages/com.unity.purchasing/Runtime/AppleMacos/' contains multiple assembly definition files (Packages/com.unity.purchasing/Runtime/AppleMacos/Unity.Purchasing.AppleMacos.asmdef)
Folder 'Packages/com.unity.purchasing/Runtime/Codeless/' contains multiple assembly definition files (Packages/com.unity.purchasing/Runtime/Codeless/Unity.Purchasing.Codeless.asmdef)
Folder 'Packages/com.unity.purchasing/Runtime/Codeless/' contains multiple assembly definition files (Packages/com.unity.purchasing/Runtime/Codeless/UnityEngine.Purchasing.Codeless.asmdef)
ArgumentException: An item with the same key has already been added. Key: 400f2260dd8d285419d1db99999109aa
  at System.Collections.Generic.Dictionary`2[TKey,TValue].TryInsert (TKey key, TValue value, System.Collections.Generic.InsertionBehavior behavior) [0x0015a] in <c5eeda5e65d44b388e164c6c5cfe0702>:0 
  at System.Collections.Generic.Dictionary`2[TKey,TValue].Add (TKey key, TValue value) [0x00000] in <c5eeda5e65d44b388e164c6c5cfe0702>:0 
  at System.Linq.Enumerable.ToDictionary[TSource,TKey,TElement] (TSource[] source, System.Func`2[T,TResult] keySelector, System.Func`2[T,TResult] elementSelector, System.Collections.Generic.IEqualityComparer`1[T] comparer) [0x00029] in <8203c5af529241e2a5cc4b3c5a3dc69a>:0 
  at System.Linq.Enumerable.ToDictionary[TSource,TKey,TElement] (System.Collections.Generic.IEnumerable`1[T] source, System.Func`2[T,TResult] keySelector, System.Func`2[T,TResult] elementSelector, System.Collections.Generic.IEqualityComparer`1[T] comparer) [0x00051] in <8203c5af529241e2a5cc4b3c5a3dc69a>:0 
  at System.Linq.Enumerable.ToDictionary[TSource,TKey,TElement] (System.Collections.Generic.IEnumerable`1[T] source, System.Func`2[T,TResult] keySelector, System.Func`2[T,TResult] elementSelector) [0x00000] in <8203c5af529241e2a5cc4b3c5a3dc69a>:0 
  at UnityEditor.Scripting.ScriptCompilation.AssemblyGraphBuilder.Initialize (System.Collections.Generic.IReadOnlyCollection`1[T] assemblies, System.Collections.Generic.IReadOnlyCollection`1[T] customScriptAssemblyReferences) [0x00046] in /Users/bokken/build/output/unity/unity/Editor/Mono/Scripting/ScriptCompilation/AssemblyGraphBuilder.cs:85 
  at UnityEditor.Scripting.ScriptCompilation.AssemblyGraphBuilderFactory.GetOrCreate (System.String projectPath, System.Collections.Generic.IReadOnlyCollection`1[T] assemblies, System.Collections.Generic.IReadOnlyCollection`1[T] customScriptAssemblyReferences) [0x00038] in /Users/bokken/build/output/unity/unity/Editor/Mono/Scripting/ScriptCompilation/AssemblyGraphBuilderFactory.cs:54 
  at UnityEditor.Scripting.ScriptCompilation.EditorCompilation.GetAssemblyGraphBuilder () [0x00001] in /Users/bokken/build/output/unity/unity/Editor/Mono/Scripting/ScriptCompilation/EditorCompilation.cs:170 
  at UnityEditor.Scripting.ScriptCompilation.EditorCompilation.SetAllScripts (System.String[] allScripts) [0x0000d] in /Users/bokken/build/output/unity/unity/Editor/Mono/Scripting/ScriptCompilation/EditorCompilation.cs:178 
  at UnityEditor.Scripting.ScriptCompilation.EditorCompilationInterface.SetAllScripts (System.String[] allScripts) [0x00001] in /Users/bokken/build/output/unity/unity/Editor/Mono/Scripting/ScriptCompilation/EditorCompilationInterface.cs:79 

(Filename: /Users/bokken/build/output/unity/unity/Editor/Mono/Scripting/ScriptCompilation/AssemblyGraphBuilder.cs Line: 85)

Refreshing native plugins compatible for Editor in 3.04 ms, found 1 plugins.
Native extension for iOS target not found
Native extension for Android target not found
Native extension for OSXStandalone target not found
Native extension for WebGL target not found
Folder 'Packages/com.unity.purchasing/Runtime/Apple/' contains multiple assembly definition files (Packages/com.unity.purchasing/Runtime/Apple/UnityEngine.Purchasing.Apple.asmdef)
Folder 'Packages/com.unity.purchasing/Runtime/Apple/' contains multiple assembly definition files (Packages/com.unity.purchasing/Runtime/Apple/Unity.Purchasing.Apple.asmdef)
Folder 'Packages/com.unity.purchasing/Runtime/SecurityStub/' contains multiple assembly definition files (Packages/com.unity.purchasing/Runtime/SecurityStub/UnityEngine.Purchasing.SecurityStub.asmdef)
Folder 'Packages/com.unity.purchasing/Runtime/SecurityStub/' contains multiple assembly definition files (Packages/com.unity.purchasing/Runtime/SecurityStub/Unity.Purchasing.SecurityStub.asmdef)
Folder 'Packages/com.unity.purchasing/Runtime/Security/' contains multiple assembly definition files (Packages/com.unity.purchasing/Runtime/Security/Unity.Purchasing.Security.asmdef)
Folder 'Packages/com.unity.purchasing/Runtime/Security/' contains multiple assembly definition files (Packages/com.unity.purchasing/Runtime/Security/UnityEngine.Purchasing.Security.asmdef)
Folder 'Packages/com.unity.purchasing/Runtime/Stores/' contains multiple assembly definition files (Packages/com.unity.purchasing/Runtime/Stores/UnityEngine.Purchasing.Stores.asmdef)
Folder 'Packages/com.unity.purchasing/Runtime/Stores/' contains multiple assembly definition files (Packages/com.unity.purchasing/Runtime/Stores/Unity.Purchasing.Stores.asmdef)
Folder 'Packages/com.unity.purchasing/Runtime/SecurityCore/' contains multiple assembly definition files (Packages/com.unity.purchasing/Runtime/SecurityCore/Unity.Purchasing.SecurityCore.asmdef)
Folder 'Packages/com.unity.purchasing/Runtime/SecurityCore/' contains multiple assembly definition files (Packages/com.unity.purchasing/Runtime/SecurityCore/UnityEngine.Purchasing.SecurityCore.asmdef)
Folder 'Packages/com.unity.purchasing/Runtime/Purchasing/' contains multiple assembly definition files (Packages/com.unity.purchasing/Runtime/Purchasing/UnityEngine.Purchasing.asmdef)
Folder 'Packages/com.unity.purchasing/Runtime/Purchasing/' contains multiple assembly definition files (Packages/com.unity.purchasing/Runtime/Purchasing/Unity.Purchasing.asmdef)
Folder 'Packages/com.unity.purchasing/Runtime/AppleMacosStub/' contains multiple assembly definition files (Packages/com.unity.purchasing/Runtime/AppleMacosStub/UnityEngine.Purchasing.AppleMacosStub.asmdef)
Folder 'Packages/com.unity.purchasing/Runtime/AppleMacosStub/' contains multiple assembly definition files (Packages/com.unity.purchasing/Runtime/AppleMacosStub/Unity.Purchasing.AppleMacosStub.asmdef)
Folder 'Packages/com.unity.purchasing/Runtime/AppleStub/' contains multiple assembly definition files (Packages/com.unity.purchasing/Runtime/AppleStub/Unity.Purchasing.AppleStub.asmdef)
Folder 'Packages/com.unity.purchasing/Runtime/AppleStub/' contains multiple assembly definition files (Packages/com.unity.purchasing/Runtime/AppleStub/UnityEngine.Purchasing.AppleStub.asmdef)
Folder 'Packages/com.unity.purchasing/Runtime/AppleMacos/' contains multiple assembly definition files (Packages/com.unity.purchasing/Runtime/AppleMacos/UnityEngine.Purchasing.AppleMacos.asmdef)
Folder 'Packages/com.unity.purchasing/Runtime/AppleMacos/' contains multiple assembly definition files (Packages/com.unity.purchasing/Runtime/AppleMacos/Unity.Purchasing.AppleMacos.asmdef)
Folder 'Packages/com.unity.purchasing/Runtime/Codeless/' contains multiple assembly definition files (Packages/com.unity.purchasing/Runtime/Codeless/Unity.Purchasing.Codeless.asmdef)
Folder 'Packages/com.unity.purchasing/Runtime/Codeless/' contains multiple assembly definition files (Packages/com.unity.purchasing/Runtime/Codeless/UnityEngine.Purchasing.Codeless.asmdef)
ArgumentException: An item with the same key has already been added. Key: 400f2260dd8d285419d1db99999109aa
  at System.Collections.Generic.Dictionary`2[TKey,TValue].TryInsert (TKey key, TValue value, System.Collections.Generic.InsertionBehavior behavior) [0x0015a] in <c5eeda5e65d44b388e164c6c5cfe0702>:0 
  at System.Collections.Generic.Dictionary`2[TKey,TValue].Add (TKey key, TValue value) [0x00000] in <c5eeda5e65d44b388e164c6c5cfe0702>:0 
  at System.Linq.Enumerable.ToDictionary[TSource,TKey,TElement] (TSource[] source, System.Func`2[T,TResult] keySelector, System.Func`2[T,TResult] elementSelector, System.Collections.Generic.IEqualityComparer`1[T] comparer) [0x00029] in <8203c5af529241e2a5cc4b3c5a3dc69a>:0 
  at System.Linq.Enumerable.ToDictionary[TSource,TKey,TElement] (System.Collections.Generic.IEnumerable`1[T] source, System.Func`2[T,TResult] keySelector, System.Func`2[T,TResult] elementSelector, System.Collections.Generic.IEqualityComparer`1[T] comparer) [0x00051] in <8203c5af529241e2a5cc4b3c5a3dc69a>:0 
  at System.Linq.Enumerable.ToDictionary[TSource,TKey,TElement] (System.Collections.Generic.IEnumerable`1[T] source, System.Func`2[T,TResult] keySelector, System.Func`2[T,TResult] elementSelector) [0x00000] in <8203c5af529241e2a5cc4b3c5a3dc69a>:0 
  at UnityEditor.Scripting.ScriptCompilation.AssemblyGraphBuilder.Initialize (System.Collections.Generic.IReadOnlyCollection`1[T] assemblies, System.Collections.Generic.IReadOnlyCollection`1[T] customScriptAssemblyReferences) [0x00046] in /Users/bokken/build/output/unity/unity/Editor/Mono/Scripting/ScriptCompilation/AssemblyGraphBuilder.cs:85 
  at UnityEditor.Scripting.ScriptCompilation.AssemblyGraphBuilderFactory.GetOrCreate (System.String projectPath, System.Collections.Generic.IReadOnlyCollection`1[T] assemblies, System.Collections.Generic.IReadOnlyCollection`1[T] customScriptAssemblyReferences) [0x00038] in /Users/bokken/build/output/unity/unity/Editor/Mono/Scripting/ScriptCompilation/AssemblyGraphBuilderFactory.cs:54 
  at UnityEditor.Scripting.ScriptCompilation.EditorCompilation.GetAssemblyGraphBuilder () [0x00001] in /Users/bokken/build/output/unity/unity/Editor/Mono/Scripting/ScriptCompilation/EditorCompilation.cs:170 
  at UnityEditor.Scripting.ScriptCompilation.EditorCompilation.SetAllScripts (System.String[] allScripts) [0x0000d] in /Users/bokken/build/output/unity/unity/Editor/Mono/Scripting/ScriptCompilation/EditorCompilation.cs:178 
  at UnityEditor.Scripting.ScriptCompilation.EditorCompilationInterface.SetAllScripts (System.String[] allScripts) [0x00001] in /Users/bokken/build/output/unity/unity/Editor/Mono/Scripting/ScriptCompilation/EditorCompilationInterface.cs:79 

(Filename: /Users/bokken/build/output/unity/unity/Editor/Mono/Scripting/ScriptCompilation/AssemblyGraphBuilder.cs Line: 85)

Refreshing native plugins compatible for Editor in 2.90 ms, found 1 plugins.
[Package Manager] Failed to launch server process. Reason: Unity was launched with the -noUpm command-line argument
[Package Manager] Unable to send message (not connected to server process).
[Package Manager] Cannot connect to Unity Package Manager local server
ScheduleIndexationOnStartup MainProcess:False IndexOnStartup:True
Mono: successfully reloaded assembly
- Finished resetting the current domain, in  0.994 seconds
Domain Reload Profiling: 1481ms
	BeginReloadAssembly (109ms)
		ExecutionOrderSort (0ms)
		DisableScriptedObjects (4ms)
		BackupInstance (0ms)
		ReleaseScriptingObjects (0ms)
		CreateAndSetChildDomain (36ms)
	RebuildCommonClasses (26ms)
	RebuildNativeTypeToScriptingClass (11ms)
	initialDomainReloadingComplete (15ms)
	LoadAllAssembliesAndSetupDomain (325ms)
		LoadAssemblies (228ms)
		RebuildTransferFunctionScriptingTraits (0ms)
		AnalyzeDomain (128ms)
			TypeCache.Refresh (7ms)
				TypeCache.ScanAssembly (0ms)
			BuildScriptInfoCaches (115ms)
			ResolveRequiredComponents (3ms)
	FinalizeReload (994ms)
		ReleaseScriptCaches (0ms)
		RebuildScriptCaches (0ms)
		SetupLoadedEditorAssemblies (892ms)
			LogAssemblyErrors (0ms)
			InitializePlatformSupportModulesInManaged (14ms)
			SetLoadedEditorAssemblies (3ms)
			BeforeProcessingInitializeOnLoad (107ms)
			ProcessInitializeOnLoadAttributes (707ms)
			ProcessInitializeOnLoadMethodAttributes (59ms)
			AfterProcessingInitializeOnLoad (1ms)
			EditorAssembliesLoaded (0ms)
		ExecutionOrderSort2 (0ms)
		AwakeInstancesAfterBackupRestoration (3ms)
Refreshing native plugins compatible for Editor in 3.08 ms, found 1 plugins.
Preloading 0 native plugins for Editor in 0.00 ms.
Unloading 29 Unused Serialized files (Serialized files now loaded: 0)
Unloading 6237 unused Assets / (5.0 MB). Loaded Objects now: 6865.
Memory consumption went from 141.8 MB to 136.8 MB.
Total: 22.382875 ms (FindLiveObjects: 0.296459 ms CreateObjectMapping: 0.177083 ms MarkObjects: 20.132042 ms  DeleteObjects: 1.776417 ms)

Prepare: number of updated asset objects reloaded= 0
========================================================================
Received Import Request.
  Time since last request: 138.819362 seconds.
  path: Packages/com.unity.purchasing/Runtime/Purchasing/PaymentOption/Resources/com.unity.purchasing/Brands/StripeWhite.png
  artifactKey: Guid(d286fcb5d11c86e4aac2e79e50f86b90) Importer(815301076,1909f56bfc062723c751e8b465ee728b)
Start importing Packages/com.unity.purchasing/Runtime/Purchasing/PaymentOption/Resources/com.unity.purchasing/Brands/StripeWhite.png using Guid(d286fcb5d11c86e4aac2e79e50f86b90) Importer(815301076,1909f56bfc062723c751e8b465ee728b) (PreviewImporter)[Licensing::Client] Successfully resolved entitlement details
[Licensing::Client] Successfully resolved entitlement details
 -> (artifact id: 'a4f65b5cefdf7b3ed8d451763045110b') in 0.070300416 seconds
Number of updated asset objects reloaded before import = 0Number of asset objects unloaded after import = 7

========================================================================
Received Import Request.
  Time since last request: 0.000078 seconds.
  path: Packages/com.unity.purchasing/Runtime/Purchasing/PaymentOption/Resources/com.unity.purchasing/Brands/WebshopWhite.png
  artifactKey: Guid(c3f9a2f04563497bbe47c2de06acaa93) Importer(815301076,1909f56bfc062723c751e8b465ee728b)
Start importing Packages/com.unity.purchasing/Runtime/Purchasing/PaymentOption/Resources/com.unity.purchasing/Brands/WebshopWhite.png using Guid(c3f9a2f04563497bbe47c2de06acaa93) Importer(815301076,1909f56bfc062723c751e8b465ee728b) (PreviewImporter) -> (artifact id: '9aeeb27a4da7d7bf70243b6017df372b') in 0.005358292 seconds
Number of updated asset objects reloaded before import = 0Number of asset objects unloaded after import = 3

========================================================================
Received Import Request.
  Time since last request: 33.327635 seconds.
  path: Assets/Resources/Prefabs/Screens/GameScene.prefab
  artifactKey: Guid(1dcd561b24dec4a32b3eb4c45442a0c6) Importer(815301076,1909f56bfc062723c751e8b465ee728b)
Start importing Assets/Resources/Prefabs/Screens/GameScene.prefab using Guid(1dcd561b24dec4a32b3eb4c45442a0c6) Importer(815301076,1909f56bfc062723c751e8b465ee728b) (PreviewImporter) -> (artifact id: '056167322bee11dc6c1ee344c8301fd9') in 0.063660958 seconds
Number of updated asset objects reloaded before import = 0Number of asset objects unloaded after import = 329

========================================================================
Received Import Request.
  Time since last request: 9.380539 seconds.
  path: Assets/Resources/Prefabs/Screens/GameScene.prefab
  artifactKey: Guid(1dcd561b24dec4a32b3eb4c45442a0c6) Importer(815301076,1909f56bfc062723c751e8b465ee728b)
Start importing Assets/Resources/Prefabs/Screens/GameScene.prefab using Guid(1dcd561b24dec4a32b3eb4c45442a0c6) Importer(815301076,1909f56bfc062723c751e8b465ee728b) (PreviewImporter) -> (artifact id: '729255b2795ee216563b565b9f8e8ea0') in 0.044253792 seconds
Number of updated asset objects reloaded before import = 0Number of asset objects unloaded after import = 329

========================================================================
Received Import Request.
  Time since last request: 18.185916 seconds.
  path: Assets/Resources/Prefabs/Screens/GameScene.prefab
  artifactKey: Guid(1dcd561b24dec4a32b3eb4c45442a0c6) Importer(815301076,1909f56bfc062723c751e8b465ee728b)
Start importing Assets/Resources/Prefabs/Screens/GameScene.prefab using Guid(1dcd561b24dec4a32b3eb4c45442a0c6) Importer(815301076,1909f56bfc062723c751e8b465ee728b) (PreviewImporter) -> (artifact id: '1835795d2906645c394114370dc2b6a4') in 0.044084 seconds
Number of updated asset objects reloaded before import = 0Number of asset objects unloaded after import = 329

========================================================================
Received Import Request.
  Time since last request: 21.538010 seconds.
  path: Assets/Resources/Fonts/Exo-ExtraLight SDF.asset
  artifactKey: Guid(fa195a9463b0b4c2d86ac7bf01e0b940) Importer(815301076,1909f56bfc062723c751e8b465ee728b)
Start importing Assets/Resources/Fonts/Exo-ExtraLight SDF.asset using Guid(fa195a9463b0b4c2d86ac7bf01e0b940) Importer(815301076,1909f56bfc062723c751e8b465ee728b) (PreviewImporter) -> (artifact id: '57249b1fe40b507f4a3ace82fb0a0045') in 0.066722792 seconds
Number of updated asset objects reloaded before import = 0Number of asset objects unloaded after import = 6

========================================================================
Received Import Request.
  Time since last request: 3.431424 seconds.
  path: Assets/Resources/Prefabs/Screens/GameScene.prefab
  artifactKey: Guid(1dcd561b24dec4a32b3eb4c45442a0c6) Importer(815301076,1909f56bfc062723c751e8b465ee728b)
Start importing Assets/Resources/Prefabs/Screens/GameScene.prefab using Guid(1dcd561b24dec4a32b3eb4c45442a0c6) Importer(815301076,1909f56bfc062723c751e8b465ee728b) (PreviewImporter) -> (artifact id: '72c85cc202117f4fbf6f5112a2544ea2') in 0.030690958 seconds
Number of updated asset objects reloaded before import = 0Number of asset objects unloaded after import = 324

========================================================================
Received Import Request.
  Time since last request: 3.789198 seconds.
  path: Assets/Resources/Prefabs/Screens/GameScene.prefab
  artifactKey: Guid(1dcd561b24dec4a32b3eb4c45442a0c6) Importer(815301076,1909f56bfc062723c751e8b465ee728b)
Start importing Assets/Resources/Prefabs/Screens/GameScene.prefab using Guid(1dcd561b24dec4a32b3eb4c45442a0c6) Importer(815301076,1909f56bfc062723c751e8b465ee728b) (PreviewImporter) -> (artifact id: '3a7a7a6b002eb25443f547ee6cd27cf2') in 0.030634125 seconds
Number of updated asset objects reloaded before import = 0Number of asset objects unloaded after import = 324

========================================================================
Received Import Request.
  Time since last request: 2.177050 seconds.
  path: Assets/Resources/Prefabs/Screens/GameScene.prefab
  artifactKey: Guid(1dcd561b24dec4a32b3eb4c45442a0c6) Importer(815301076,1909f56bfc062723c751e8b465ee728b)
Start importing Assets/Resources/Prefabs/Screens/GameScene.prefab using Guid(1dcd561b24dec4a32b3eb4c45442a0c6) Importer(815301076,1909f56bfc062723c751e8b465ee728b) (PreviewImporter) -> (artifact id: '2c07fb7b0ae19a0b0b2e96ebd16ba7b4') in 0.030861125 seconds
Number of updated asset objects reloaded before import = 0Number of asset objects unloaded after import = 324

========================================================================
Received Import Request.
  Time since last request: 14.421950 seconds.
  path: Assets/Resources/Prefabs/Screens/GameScene.prefab
  artifactKey: Guid(1dcd561b24dec4a32b3eb4c45442a0c6) Importer(815301076,1909f56bfc062723c751e8b465ee728b)
Start importing Assets/Resources/Prefabs/Screens/GameScene.prefab using Guid(1dcd561b24dec4a32b3eb4c45442a0c6) Importer(815301076,1909f56bfc062723c751e8b465ee728b) (PreviewImporter) -> (artifact id: '638bd42586322d96cb88c80c379622f0') in 0.03197275 seconds
Number of updated asset objects reloaded before import = 0Number of asset objects unloaded after import = 324

========================================================================
Received Import Request.
  Time since last request: 5.419225 seconds.
  path: Assets/Resources/Prefabs/Screens/GameScene.prefab
  artifactKey: Guid(1dcd561b24dec4a32b3eb4c45442a0c6) Importer(815301076,1909f56bfc062723c751e8b465ee728b)
Start importing Assets/Resources/Prefabs/Screens/GameScene.prefab using Guid(1dcd561b24dec4a32b3eb4c45442a0c6) Importer(815301076,1909f56bfc062723c751e8b465ee728b) (PreviewImporter) -> (artifact id: '3aee391a1afb5568c9e74d88b22e1bea') in 0.028378959 seconds
Number of updated asset objects reloaded before import = 0Number of asset objects unloaded after import = 324

========================================================================
Received Import Request.
  Time since last request: 3.609196 seconds.
  path: Assets/Resources/Prefabs/Screens/GameScene.prefab
  artifactKey: Guid(1dcd561b24dec4a32b3eb4c45442a0c6) Importer(815301076,1909f56bfc062723c751e8b465ee728b)
Start importing Assets/Resources/Prefabs/Screens/GameScene.prefab using Guid(1dcd561b24dec4a32b3eb4c45442a0c6) Importer(815301076,1909f56bfc062723c751e8b465ee728b) (PreviewImporter) -> (artifact id: '0a05c380228a2198fd9d3ff8deaf71be') in 0.031214583 seconds
Number of updated asset objects reloaded before import = 0Number of asset objects unloaded after import = 324

========================================================================
Received Import Request.
  Time since last request: 9.386798 seconds.
  path: Assets/Resources/Prefabs/Screens/GameScene.prefab
  artifactKey: Guid(1dcd561b24dec4a32b3eb4c45442a0c6) Importer(815301076,1909f56bfc062723c751e8b465ee728b)
Start importing Assets/Resources/Prefabs/Screens/GameScene.prefab using Guid(1dcd561b24dec4a32b3eb4c45442a0c6) Importer(815301076,1909f56bfc062723c751e8b465ee728b) (PreviewImporter) -> (artifact id: '237c7411a0d54819b8b93e1aac280278') in 0.031528167 seconds
Number of updated asset objects reloaded before import = 0Number of asset objects unloaded after import = 324

========================================================================
Received Import Request.
  Time since last request: 15.483213 seconds.
  path: Assets/Resources/Prefabs/Screens/GameScene.prefab
  artifactKey: Guid(1dcd561b24dec4a32b3eb4c45442a0c6) Importer(815301076,1909f56bfc062723c751e8b465ee728b)
Start importing Assets/Resources/Prefabs/Screens/GameScene.prefab using Guid(1dcd561b24dec4a32b3eb4c45442a0c6) Importer(815301076,1909f56bfc062723c751e8b465ee728b) (PreviewImporter) -> (artifact id: 'd0a3866719cf5dcab2f6654a3b53d5e9') in 0.032914375 seconds
Number of updated asset objects reloaded before import = 0Number of asset objects unloaded after import = 324

========================================================================
Received Import Request.
  Time since last request: 19.644187 seconds.
  path: Assets/Resources/Prefabs/Screens/GameScene.prefab
  artifactKey: Guid(1dcd561b24dec4a32b3eb4c45442a0c6) Importer(815301076,1909f56bfc062723c751e8b465ee728b)
Start importing Assets/Resources/Prefabs/Screens/GameScene.prefab using Guid(1dcd561b24dec4a32b3eb4c45442a0c6) Importer(815301076,1909f56bfc062723c751e8b465ee728b) (PreviewImporter) -> (artifact id: '3c080e4b48cf50bef5027aacbf084433') in 0.030995584 seconds
Number of updated asset objects reloaded before import = 0Number of asset objects unloaded after import = 324

========================================================================
Received Import Request.
  Time since last request: 9.486193 seconds.
  path: Assets/Resources/Prefabs/Screens/GameScene.prefab
  artifactKey: Guid(1dcd561b24dec4a32b3eb4c45442a0c6) Importer(815301076,1909f56bfc062723c751e8b465ee728b)
Start importing Assets/Resources/Prefabs/Screens/GameScene.prefab using Guid(1dcd561b24dec4a32b3eb4c45442a0c6) Importer(815301076,1909f56bfc062723c751e8b465ee728b) (PreviewImporter) -> (artifact id: '604b1e3d750c824bc621b3c7a2c81b8b') in 0.031243541 seconds
Number of updated asset objects reloaded before import = 0Number of asset objects unloaded after import = 324

========================================================================
Received Import Request.
  Time since last request: 4.515662 seconds.
  path: Assets/Resources/Prefabs/Screens/GameScene.prefab
  artifactKey: Guid(1dcd561b24dec4a32b3eb4c45442a0c6) Importer(815301076,1909f56bfc062723c751e8b465ee728b)
Start importing Assets/Resources/Prefabs/Screens/GameScene.prefab using Guid(1dcd561b24dec4a32b3eb4c45442a0c6) Importer(815301076,1909f56bfc062723c751e8b465ee728b) (PreviewImporter) -> (artifact id: '0f0a4fb17e7057df962eed5b967d727e') in 0.032895541 seconds
Number of updated asset objects reloaded before import = 0Number of asset objects unloaded after import = 324

========================================================================
Received Prepare
[Licensing::Client] Successfully resolved entitlement details
Folder 'Packages/com.unity.purchasing/Runtime/Apple/' contains multiple assembly definition files (Packages/com.unity.purchasing/Runtime/Apple/UnityEngine.Purchasing.Apple.asmdef)
Folder 'Packages/com.unity.purchasing/Runtime/Apple/' contains multiple assembly definition files (Packages/com.unity.purchasing/Runtime/Apple/Unity.Purchasing.Apple.asmdef)
Folder 'Packages/com.unity.purchasing/Runtime/SecurityStub/' contains multiple assembly definition files (Packages/com.unity.purchasing/Runtime/SecurityStub/UnityEngine.Purchasing.SecurityStub.asmdef)
Folder 'Packages/com.unity.purchasing/Runtime/SecurityStub/' contains multiple assembly definition files (Packages/com.unity.purchasing/Runtime/SecurityStub/Unity.Purchasing.SecurityStub.asmdef)
Folder 'Packages/com.unity.purchasing/Runtime/Security/' contains multiple assembly definition files (Packages/com.unity.purchasing/Runtime/Security/Unity.Purchasing.Security.asmdef)
Folder 'Packages/com.unity.purchasing/Runtime/Security/' contains multiple assembly definition files (Packages/com.unity.purchasing/Runtime/Security/UnityEngine.Purchasing.Security.asmdef)
Folder 'Packages/com.unity.purchasing/Runtime/Stores/' contains multiple assembly definition files (Packages/com.unity.purchasing/Runtime/Stores/UnityEngine.Purchasing.Stores.asmdef)
Folder 'Packages/com.unity.purchasing/Runtime/Stores/' contains multiple assembly definition files (Packages/com.unity.purchasing/Runtime/Stores/Unity.Purchasing.Stores.asmdef)
Folder 'Packages/com.unity.purchasing/Runtime/SecurityCore/' contains multiple assembly definition files (Packages/com.unity.purchasing/Runtime/SecurityCore/Unity.Purchasing.SecurityCore.asmdef)
Folder 'Packages/com.unity.purchasing/Runtime/SecurityCore/' contains multiple assembly definition files (Packages/com.unity.purchasing/Runtime/SecurityCore/UnityEngine.Purchasing.SecurityCore.asmdef)
Folder 'Packages/com.unity.purchasing/Runtime/Purchasing/' contains multiple assembly definition files (Packages/com.unity.purchasing/Runtime/Purchasing/UnityEngine.Purchasing.asmdef)
Folder 'Packages/com.unity.purchasing/Runtime/Purchasing/' contains multiple assembly definition files (Packages/com.unity.purchasing/Runtime/Purchasing/Unity.Purchasing.asmdef)
Folder 'Packages/com.unity.purchasing/Runtime/AppleMacosStub/' contains multiple assembly definition files (Packages/com.unity.purchasing/Runtime/AppleMacosStub/UnityEngine.Purchasing.AppleMacosStub.asmdef)
Folder 'Packages/com.unity.purchasing/Runtime/AppleMacosStub/' contains multiple assembly definition files (Packages/com.unity.purchasing/Runtime/AppleMacosStub/Unity.Purchasing.AppleMacosStub.asmdef)
Folder 'Packages/com.unity.purchasing/Runtime/AppleStub/' contains multiple assembly definition files (Packages/com.unity.purchasing/Runtime/AppleStub/Unity.Purchasing.AppleStub.asmdef)
Folder 'Packages/com.unity.purchasing/Runtime/AppleStub/' contains multiple assembly definition files (Packages/com.unity.purchasing/Runtime/AppleStub/UnityEngine.Purchasing.AppleStub.asmdef)
Folder 'Packages/com.unity.purchasing/Runtime/AppleMacos/' contains multiple assembly definition files (Packages/com.unity.purchasing/Runtime/AppleMacos/UnityEngine.Purchasing.AppleMacos.asmdef)
Folder 'Packages/com.unity.purchasing/Runtime/AppleMacos/' contains multiple assembly definition files (Packages/com.unity.purchasing/Runtime/AppleMacos/Unity.Purchasing.AppleMacos.asmdef)
Folder 'Packages/com.unity.purchasing/Runtime/Codeless/' contains multiple assembly definition files (Packages/com.unity.purchasing/Runtime/Codeless/Unity.Purchasing.Codeless.asmdef)
Folder 'Packages/com.unity.purchasing/Runtime/Codeless/' contains multiple assembly definition files (Packages/com.unity.purchasing/Runtime/Codeless/UnityEngine.Purchasing.Codeless.asmdef)
ArgumentException: An item with the same key has already been added. Key: 400f2260dd8d285419d1db99999109aa
  at System.Collections.Generic.Dictionary`2[TKey,TValue].TryInsert (TKey key, TValue value, System.Collections.Generic.InsertionBehavior behavior) [0x0015a] in <c5eeda5e65d44b388e164c6c5cfe0702>:0 
  at System.Collections.Generic.Dictionary`2[TKey,TValue].Add (TKey key, TValue value) [0x00000] in <c5eeda5e65d44b388e164c6c5cfe0702>:0 
  at System.Linq.Enumerable.ToDictionary[TSource,TKey,TElement] (TSource[] source, System.Func`2[T,TResult] keySelector, System.Func`2[T,TResult] elementSelector, System.Collections.Generic.IEqualityComparer`1[T] comparer) [0x00029] in <8203c5af529241e2a5cc4b3c5a3dc69a>:0 
  at System.Linq.Enumerable.ToDictionary[TSource,TKey,TElement] (System.Collections.Generic.IEnumerable`1[T] source, System.Func`2[T,TResult] keySelector, System.Func`2[T,TResult] elementSelector, System.Collections.Generic.IEqualityComparer`1[T] comparer) [0x00051] in <8203c5af529241e2a5cc4b3c5a3dc69a>:0 
  at System.Linq.Enumerable.ToDictionary[TSource,TKey,TElement] (System.Collections.Generic.IEnumerable`1[T] source, System.Func`2[T,TResult] keySelector, System.Func`2[T,TResult] elementSelector) [0x00000] in <8203c5af529241e2a5cc4b3c5a3dc69a>:0 
  at UnityEditor.Scripting.ScriptCompilation.AssemblyGraphBuilder.Initialize (System.Collections.Generic.IReadOnlyCollection`1[T] assemblies, System.Collections.Generic.IReadOnlyCollection`1[T] customScriptAssemblyReferences) [0x00046] in /Users/bokken/build/output/unity/unity/Editor/Mono/Scripting/ScriptCompilation/AssemblyGraphBuilder.cs:85 
  at UnityEditor.Scripting.ScriptCompilation.AssemblyGraphBuilderFactory.GetOrCreate (System.String projectPath, System.Collections.Generic.IReadOnlyCollection`1[T] assemblies, System.Collections.Generic.IReadOnlyCollection`1[T] customScriptAssemblyReferences) [0x00038] in /Users/bokken/build/output/unity/unity/Editor/Mono/Scripting/ScriptCompilation/AssemblyGraphBuilderFactory.cs:54 
  at UnityEditor.Scripting.ScriptCompilation.EditorCompilation.GetAssemblyGraphBuilder () [0x00001] in /Users/bokken/build/output/unity/unity/Editor/Mono/Scripting/ScriptCompilation/EditorCompilation.cs:170 
  at UnityEditor.Scripting.ScriptCompilation.EditorCompilation.SetAllScripts (System.String[] allScripts) [0x0000d] in /Users/bokken/build/output/unity/unity/Editor/Mono/Scripting/ScriptCompilation/EditorCompilation.cs:178 
  at UnityEditor.Scripting.ScriptCompilation.EditorCompilationInterface.SetAllScripts (System.String[] allScripts) [0x00001] in /Users/bokken/build/output/unity/unity/Editor/Mono/Scripting/ScriptCompilation/EditorCompilationInterface.cs:79 

(Filename: /Users/bokken/build/output/unity/unity/Editor/Mono/Scripting/ScriptCompilation/AssemblyGraphBuilder.cs Line: 85)

Folder 'Packages/com.unity.purchasing/Runtime/Apple/' contains multiple assembly definition files (Packages/com.unity.purchasing/Runtime/Apple/UnityEngine.Purchasing.Apple.asmdef)
Folder 'Packages/com.unity.purchasing/Runtime/Apple/' contains multiple assembly definition files (Packages/com.unity.purchasing/Runtime/Apple/Unity.Purchasing.Apple.asmdef)
Folder 'Packages/com.unity.purchasing/Runtime/SecurityStub/' contains multiple assembly definition files (Packages/com.unity.purchasing/Runtime/SecurityStub/UnityEngine.Purchasing.SecurityStub.asmdef)
Folder 'Packages/com.unity.purchasing/Runtime/SecurityStub/' contains multiple assembly definition files (Packages/com.unity.purchasing/Runtime/SecurityStub/Unity.Purchasing.SecurityStub.asmdef)
Folder 'Packages/com.unity.purchasing/Runtime/Security/' contains multiple assembly definition files (Packages/com.unity.purchasing/Runtime/Security/Unity.Purchasing.Security.asmdef)
Folder 'Packages/com.unity.purchasing/Runtime/Security/' contains multiple assembly definition files (Packages/com.unity.purchasing/Runtime/Security/UnityEngine.Purchasing.Security.asmdef)
Folder 'Packages/com.unity.purchasing/Runtime/Stores/' contains multiple assembly definition files (Packages/com.unity.purchasing/Runtime/Stores/UnityEngine.Purchasing.Stores.asmdef)
Folder 'Packages/com.unity.purchasing/Runtime/Stores/' contains multiple assembly definition files (Packages/com.unity.purchasing/Runtime/Stores/Unity.Purchasing.Stores.asmdef)
Folder 'Packages/com.unity.purchasing/Runtime/SecurityCore/' contains multiple assembly definition files (Packages/com.unity.purchasing/Runtime/SecurityCore/Unity.Purchasing.SecurityCore.asmdef)
Folder 'Packages/com.unity.purchasing/Runtime/SecurityCore/' contains multiple assembly definition files (Packages/com.unity.purchasing/Runtime/SecurityCore/UnityEngine.Purchasing.SecurityCore.asmdef)
Folder 'Packages/com.unity.purchasing/Runtime/Purchasing/' contains multiple assembly definition files (Packages/com.unity.purchasing/Runtime/Purchasing/UnityEngine.Purchasing.asmdef)
Folder 'Packages/com.unity.purchasing/Runtime/Purchasing/' contains multiple assembly definition files (Packages/com.unity.purchasing/Runtime/Purchasing/Unity.Purchasing.asmdef)
Folder 'Packages/com.unity.purchasing/Runtime/AppleMacosStub/' contains multiple assembly definition files (Packages/com.unity.purchasing/Runtime/AppleMacosStub/UnityEngine.Purchasing.AppleMacosStub.asmdef)
Folder 'Packages/com.unity.purchasing/Runtime/AppleMacosStub/' contains multiple assembly definition files (Packages/com.unity.purchasing/Runtime/AppleMacosStub/Unity.Purchasing.AppleMacosStub.asmdef)
Folder 'Packages/com.unity.purchasing/Runtime/AppleStub/' contains multiple assembly definition files (Packages/com.unity.purchasing/Runtime/AppleStub/Unity.Purchasing.AppleStub.asmdef)
Folder 'Packages/com.unity.purchasing/Runtime/AppleStub/' contains multiple assembly definition files (Packages/com.unity.purchasing/Runtime/AppleStub/UnityEngine.Purchasing.AppleStub.asmdef)
Folder 'Packages/com.unity.purchasing/Runtime/AppleMacos/' contains multiple assembly definition files (Packages/com.unity.purchasing/Runtime/AppleMacos/UnityEngine.Purchasing.AppleMacos.asmdef)
Folder 'Packages/com.unity.purchasing/Runtime/AppleMacos/' contains multiple assembly definition files (Packages/com.unity.purchasing/Runtime/AppleMacos/Unity.Purchasing.AppleMacos.asmdef)
Folder 'Packages/com.unity.purchasing/Runtime/Codeless/' contains multiple assembly definition files (Packages/com.unity.purchasing/Runtime/Codeless/Unity.Purchasing.Codeless.asmdef)
Folder 'Packages/com.unity.purchasing/Runtime/Codeless/' contains multiple assembly definition files (Packages/com.unity.purchasing/Runtime/Codeless/UnityEngine.Purchasing.Codeless.asmdef)
ArgumentException: An item with the same key has already been added. Key: 400f2260dd8d285419d1db99999109aa
  at System.Collections.Generic.Dictionary`2[TKey,TValue].TryInsert (TKey key, TValue value, System.Collections.Generic.InsertionBehavior behavior) [0x0015a] in <c5eeda5e65d44b388e164c6c5cfe0702>:0 
  at System.Collections.Generic.Dictionary`2[TKey,TValue].Add (TKey key, TValue value) [0x00000] in <c5eeda5e65d44b388e164c6c5cfe0702>:0 
  at System.Linq.Enumerable.ToDictionary[TSource,TKey,TElement] (TSource[] source, System.Func`2[T,TResult] keySelector, System.Func`2[T,TResult] elementSelector, System.Collections.Generic.IEqualityComparer`1[T] comparer) [0x00029] in <8203c5af529241e2a5cc4b3c5a3dc69a>:0 
  at System.Linq.Enumerable.ToDictionary[TSource,TKey,TElement] (System.Collections.Generic.IEnumerable`1[T] source, System.Func`2[T,TResult] keySelector, System.Func`2[T,TResult] elementSelector, System.Collections.Generic.IEqualityComparer`1[T] comparer) [0x00051] in <8203c5af529241e2a5cc4b3c5a3dc69a>:0 
  at System.Linq.Enumerable.ToDictionary[TSource,TKey,TElement] (System.Collections.Generic.IEnumerable`1[T] source, System.Func`2[T,TResult] keySelector, System.Func`2[T,TResult] elementSelector) [0x00000] in <8203c5af529241e2a5cc4b3c5a3dc69a>:0 
  at UnityEditor.Scripting.ScriptCompilation.AssemblyGraphBuilder.Initialize (System.Collections.Generic.IReadOnlyCollection`1[T] assemblies, System.Collections.Generic.IReadOnlyCollection`1[T] customScriptAssemblyReferences) [0x00046] in /Users/bokken/build/output/unity/unity/Editor/Mono/Scripting/ScriptCompilation/AssemblyGraphBuilder.cs:85 
  at UnityEditor.Scripting.ScriptCompilation.AssemblyGraphBuilderFactory.GetOrCreate (System.String projectPath, System.Collections.Generic.IReadOnlyCollection`1[T] assemblies, System.Collections.Generic.IReadOnlyCollection`1[T] customScriptAssemblyReferences) [0x00038] in /Users/bokken/build/output/unity/unity/Editor/Mono/Scripting/ScriptCompilation/AssemblyGraphBuilderFactory.cs:54 
  at UnityEditor.Scripting.ScriptCompilation.EditorCompilation.GetAssemblyGraphBuilder () [0x00001] in /Users/bokken/build/output/unity/unity/Editor/Mono/Scripting/ScriptCompilation/EditorCompilation.cs:170 
  at UnityEditor.Scripting.ScriptCompilation.EditorCompilation.SetAllScripts (System.String[] allScripts) [0x0000d] in /Users/bokken/build/output/unity/unity/Editor/Mono/Scripting/ScriptCompilation/EditorCompilation.cs:178 
  at UnityEditor.Scripting.ScriptCompilation.EditorCompilationInterface.SetAllScripts (System.String[] allScripts) [0x00001] in /Users/bokken/build/output/unity/unity/Editor/Mono/Scripting/ScriptCompilation/EditorCompilationInterface.cs:79 

(Filename: /Users/bokken/build/output/unity/unity/Editor/Mono/Scripting/ScriptCompilation/AssemblyGraphBuilder.cs Line: 85)

Begin MonoManager ReloadAssembly
[Licensing::Client] Successfully resolved entitlement details
Thread 0x16d6ff000 may have been prematurely finalized
Symbol file LoadedFromMemory is not a mono symbol file
- Loaded All Assemblies, in  0.495 seconds
Folder 'Packages/com.unity.purchasing/Runtime/Apple/' contains multiple assembly definition files (Packages/com.unity.purchasing/Runtime/Apple/UnityEngine.Purchasing.Apple.asmdef)
Folder 'Packages/com.unity.purchasing/Runtime/Apple/' contains multiple assembly definition files (Packages/com.unity.purchasing/Runtime/Apple/Unity.Purchasing.Apple.asmdef)
Folder 'Packages/com.unity.purchasing/Runtime/SecurityStub/' contains multiple assembly definition files (Packages/com.unity.purchasing/Runtime/SecurityStub/UnityEngine.Purchasing.SecurityStub.asmdef)
Folder 'Packages/com.unity.purchasing/Runtime/SecurityStub/' contains multiple assembly definition files (Packages/com.unity.purchasing/Runtime/SecurityStub/Unity.Purchasing.SecurityStub.asmdef)
Folder 'Packages/com.unity.purchasing/Runtime/Security/' contains multiple assembly definition files (Packages/com.unity.purchasing/Runtime/Security/Unity.Purchasing.Security.asmdef)
Folder 'Packages/com.unity.purchasing/Runtime/Security/' contains multiple assembly definition files (Packages/com.unity.purchasing/Runtime/Security/UnityEngine.Purchasing.Security.asmdef)
Folder 'Packages/com.unity.purchasing/Runtime/Stores/' contains multiple assembly definition files (Packages/com.unity.purchasing/Runtime/Stores/UnityEngine.Purchasing.Stores.asmdef)
Folder 'Packages/com.unity.purchasing/Runtime/Stores/' contains multiple assembly definition files (Packages/com.unity.purchasing/Runtime/Stores/Unity.Purchasing.Stores.asmdef)
Folder 'Packages/com.unity.purchasing/Runtime/SecurityCore/' contains multiple assembly definition files (Packages/com.unity.purchasing/Runtime/SecurityCore/Unity.Purchasing.SecurityCore.asmdef)
Folder 'Packages/com.unity.purchasing/Runtime/SecurityCore/' contains multiple assembly definition files (Packages/com.unity.purchasing/Runtime/SecurityCore/UnityEngine.Purchasing.SecurityCore.asmdef)
Folder 'Packages/com.unity.purchasing/Runtime/Purchasing/' contains multiple assembly definition files (Packages/com.unity.purchasing/Runtime/Purchasing/UnityEngine.Purchasing.asmdef)
Folder 'Packages/com.unity.purchasing/Runtime/Purchasing/' contains multiple assembly definition files (Packages/com.unity.purchasing/Runtime/Purchasing/Unity.Purchasing.asmdef)
Folder 'Packages/com.unity.purchasing/Runtime/AppleMacosStub/' contains multiple assembly definition files (Packages/com.unity.purchasing/Runtime/AppleMacosStub/UnityEngine.Purchasing.AppleMacosStub.asmdef)
Folder 'Packages/com.unity.purchasing/Runtime/AppleMacosStub/' contains multiple assembly definition files (Packages/com.unity.purchasing/Runtime/AppleMacosStub/Unity.Purchasing.AppleMacosStub.asmdef)
Folder 'Packages/com.unity.purchasing/Runtime/AppleStub/' contains multiple assembly definition files (Packages/com.unity.purchasing/Runtime/AppleStub/Unity.Purchasing.AppleStub.asmdef)
Folder 'Packages/com.unity.purchasing/Runtime/AppleStub/' contains multiple assembly definition files (Packages/com.unity.purchasing/Runtime/AppleStub/UnityEngine.Purchasing.AppleStub.asmdef)
Folder 'Packages/com.unity.purchasing/Runtime/AppleMacos/' contains multiple assembly definition files (Packages/com.unity.purchasing/Runtime/AppleMacos/UnityEngine.Purchasing.AppleMacos.asmdef)
Folder 'Packages/com.unity.purchasing/Runtime/AppleMacos/' contains multiple assembly definition files (Packages/com.unity.purchasing/Runtime/AppleMacos/Unity.Purchasing.AppleMacos.asmdef)
Folder 'Packages/com.unity.purchasing/Runtime/Codeless/' contains multiple assembly definition files (Packages/com.unity.purchasing/Runtime/Codeless/Unity.Purchasing.Codeless.asmdef)
Folder 'Packages/com.unity.purchasing/Runtime/Codeless/' contains multiple assembly definition files (Packages/com.unity.purchasing/Runtime/Codeless/UnityEngine.Purchasing.Codeless.asmdef)
ArgumentException: An item with the same key has already been added. Key: 400f2260dd8d285419d1db99999109aa
  at System.Collections.Generic.Dictionary`2[TKey,TValue].TryInsert (TKey key, TValue value, System.Collections.Generic.InsertionBehavior behavior) [0x0015a] in <c5eeda5e65d44b388e164c6c5cfe0702>:0 
  at System.Collections.Generic.Dictionary`2[TKey,TValue].Add (TKey key, TValue value) [0x00000] in <c5eeda5e65d44b388e164c6c5cfe0702>:0 
  at System.Linq.Enumerable.ToDictionary[TSource,TKey,TElement] (TSource[] source, System.Func`2[T,TResult] keySelector, System.Func`2[T,TResult] elementSelector, System.Collections.Generic.IEqualityComparer`1[T] comparer) [0x00029] in <8203c5af529241e2a5cc4b3c5a3dc69a>:0 
  at System.Linq.Enumerable.ToDictionary[TSource,TKey,TElement] (System.Collections.Generic.IEnumerable`1[T] source, System.Func`2[T,TResult] keySelector, System.Func`2[T,TResult] elementSelector, System.Collections.Generic.IEqualityComparer`1[T] comparer) [0x00051] in <8203c5af529241e2a5cc4b3c5a3dc69a>:0 
  at System.Linq.Enumerable.ToDictionary[TSource,TKey,TElement] (System.Collections.Generic.IEnumerable`1[T] source, System.Func`2[T,TResult] keySelector, System.Func`2[T,TResult] elementSelector) [0x00000] in <8203c5af529241e2a5cc4b3c5a3dc69a>:0 
  at UnityEditor.Scripting.ScriptCompilation.AssemblyGraphBuilder.Initialize (System.Collections.Generic.IReadOnlyCollection`1[T] assemblies, System.Collections.Generic.IReadOnlyCollection`1[T] customScriptAssemblyReferences) [0x00046] in /Users/bokken/build/output/unity/unity/Editor/Mono/Scripting/ScriptCompilation/AssemblyGraphBuilder.cs:85 
  at UnityEditor.Scripting.ScriptCompilation.AssemblyGraphBuilderFactory.GetOrCreate (System.String projectPath, System.Collections.Generic.IReadOnlyCollection`1[T] assemblies, System.Collections.Generic.IReadOnlyCollection`1[T] customScriptAssemblyReferences) [0x00038] in /Users/bokken/build/output/unity/unity/Editor/Mono/Scripting/ScriptCompilation/AssemblyGraphBuilderFactory.cs:54 
  at UnityEditor.Scripting.ScriptCompilation.EditorCompilation.GetAssemblyGraphBuilder () [0x00001] in /Users/bokken/build/output/unity/unity/Editor/Mono/Scripting/ScriptCompilation/EditorCompilation.cs:170 
  at UnityEditor.Scripting.ScriptCompilation.EditorCompilation.SetAllScripts (System.String[] allScripts) [0x0000d] in /Users/bokken/build/output/unity/unity/Editor/Mono/Scripting/ScriptCompilation/EditorCompilation.cs:178 
  at UnityEditor.Scripting.ScriptCompilation.EditorCompilationInterface.SetAllScripts (System.String[] allScripts) [0x00001] in /Users/bokken/build/output/unity/unity/Editor/Mono/Scripting/ScriptCompilation/EditorCompilationInterface.cs:79 

(Filename: /Users/bokken/build/output/unity/unity/Editor/Mono/Scripting/ScriptCompilation/AssemblyGraphBuilder.cs Line: 85)

Refreshing native plugins compatible for Editor in 2.78 ms, found 1 plugins.
Native extension for iOS target not found
Native extension for Android target not found
Native extension for OSXStandalone target not found
Native extension for WebGL target not found
Folder 'Packages/com.unity.purchasing/Runtime/Apple/' contains multiple assembly definition files (Packages/com.unity.purchasing/Runtime/Apple/UnityEngine.Purchasing.Apple.asmdef)
Folder 'Packages/com.unity.purchasing/Runtime/Apple/' contains multiple assembly definition files (Packages/com.unity.purchasing/Runtime/Apple/Unity.Purchasing.Apple.asmdef)
Folder 'Packages/com.unity.purchasing/Runtime/SecurityStub/' contains multiple assembly definition files (Packages/com.unity.purchasing/Runtime/SecurityStub/UnityEngine.Purchasing.SecurityStub.asmdef)
Folder 'Packages/com.unity.purchasing/Runtime/SecurityStub/' contains multiple assembly definition files (Packages/com.unity.purchasing/Runtime/SecurityStub/Unity.Purchasing.SecurityStub.asmdef)
Folder 'Packages/com.unity.purchasing/Runtime/Security/' contains multiple assembly definition files (Packages/com.unity.purchasing/Runtime/Security/Unity.Purchasing.Security.asmdef)
Folder 'Packages/com.unity.purchasing/Runtime/Security/' contains multiple assembly definition files (Packages/com.unity.purchasing/Runtime/Security/UnityEngine.Purchasing.Security.asmdef)
Folder 'Packages/com.unity.purchasing/Runtime/Stores/' contains multiple assembly definition files (Packages/com.unity.purchasing/Runtime/Stores/UnityEngine.Purchasing.Stores.asmdef)
Folder 'Packages/com.unity.purchasing/Runtime/Stores/' contains multiple assembly definition files (Packages/com.unity.purchasing/Runtime/Stores/Unity.Purchasing.Stores.asmdef)
Folder 'Packages/com.unity.purchasing/Runtime/SecurityCore/' contains multiple assembly definition files (Packages/com.unity.purchasing/Runtime/SecurityCore/Unity.Purchasing.SecurityCore.asmdef)
Folder 'Packages/com.unity.purchasing/Runtime/SecurityCore/' contains multiple assembly definition files (Packages/com.unity.purchasing/Runtime/SecurityCore/UnityEngine.Purchasing.SecurityCore.asmdef)
Folder 'Packages/com.unity.purchasing/Runtime/Purchasing/' contains multiple assembly definition files (Packages/com.unity.purchasing/Runtime/Purchasing/UnityEngine.Purchasing.asmdef)
Folder 'Packages/com.unity.purchasing/Runtime/Purchasing/' contains multiple assembly definition files (Packages/com.unity.purchasing/Runtime/Purchasing/Unity.Purchasing.asmdef)
Folder 'Packages/com.unity.purchasing/Runtime/AppleMacosStub/' contains multiple assembly definition files (Packages/com.unity.purchasing/Runtime/AppleMacosStub/UnityEngine.Purchasing.AppleMacosStub.asmdef)
Folder 'Packages/com.unity.purchasing/Runtime/AppleMacosStub/' contains multiple assembly definition files (Packages/com.unity.purchasing/Runtime/AppleMacosStub/Unity.Purchasing.AppleMacosStub.asmdef)
Folder 'Packages/com.unity.purchasing/Runtime/AppleStub/' contains multiple assembly definition files (Packages/com.unity.purchasing/Runtime/AppleStub/Unity.Purchasing.AppleStub.asmdef)
Folder 'Packages/com.unity.purchasing/Runtime/AppleStub/' contains multiple assembly definition files (Packages/com.unity.purchasing/Runtime/AppleStub/UnityEngine.Purchasing.AppleStub.asmdef)
Folder 'Packages/com.unity.purchasing/Runtime/AppleMacos/' contains multiple assembly definition files (Packages/com.unity.purchasing/Runtime/AppleMacos/UnityEngine.Purchasing.AppleMacos.asmdef)
Folder 'Packages/com.unity.purchasing/Runtime/AppleMacos/' contains multiple assembly definition files (Packages/com.unity.purchasing/Runtime/AppleMacos/Unity.Purchasing.AppleMacos.asmdef)
Folder 'Packages/com.unity.purchasing/Runtime/Codeless/' contains multiple assembly definition files (Packages/com.unity.purchasing/Runtime/Codeless/Unity.Purchasing.Codeless.asmdef)
Folder 'Packages/com.unity.purchasing/Runtime/Codeless/' contains multiple assembly definition files (Packages/com.unity.purchasing/Runtime/Codeless/UnityEngine.Purchasing.Codeless.asmdef)
ArgumentException: An item with the same key has already been added. Key: 400f2260dd8d285419d1db99999109aa
  at System.Collections.Generic.Dictionary`2[TKey,TValue].TryInsert (TKey key, TValue value, System.Collections.Generic.InsertionBehavior behavior) [0x0015a] in <c5eeda5e65d44b388e164c6c5cfe0702>:0 
  at System.Collections.Generic.Dictionary`2[TKey,TValue].Add (TKey key, TValue value) [0x00000] in <c5eeda5e65d44b388e164c6c5cfe0702>:0 
  at System.Linq.Enumerable.ToDictionary[TSource,TKey,TElement] (TSource[] source, System.Func`2[T,TResult] keySelector, System.Func`2[T,TResult] elementSelector, System.Collections.Generic.IEqualityComparer`1[T] comparer) [0x00029] in <8203c5af529241e2a5cc4b3c5a3dc69a>:0 
  at System.Linq.Enumerable.ToDictionary[TSource,TKey,TElement] (System.Collections.Generic.IEnumerable`1[T] source, System.Func`2[T,TResult] keySelector, System.Func`2[T,TResult] elementSelector, System.Collections.Generic.IEqualityComparer`1[T] comparer) [0x00051] in <8203c5af529241e2a5cc4b3c5a3dc69a>:0 
  at System.Linq.Enumerable.ToDictionary[TSource,TKey,TElement] (System.Collections.Generic.IEnumerable`1[T] source, System.Func`2[T,TResult] keySelector, System.Func`2[T,TResult] elementSelector) [0x00000] in <8203c5af529241e2a5cc4b3c5a3dc69a>:0 
  at UnityEditor.Scripting.ScriptCompilation.AssemblyGraphBuilder.Initialize (System.Collections.Generic.IReadOnlyCollection`1[T] assemblies, System.Collections.Generic.IReadOnlyCollection`1[T] customScriptAssemblyReferences) [0x00046] in /Users/bokken/build/output/unity/unity/Editor/Mono/Scripting/ScriptCompilation/AssemblyGraphBuilder.cs:85 
  at UnityEditor.Scripting.ScriptCompilation.AssemblyGraphBuilderFactory.GetOrCreate (System.String projectPath, System.Collections.Generic.IReadOnlyCollection`1[T] assemblies, System.Collections.Generic.IReadOnlyCollection`1[T] customScriptAssemblyReferences) [0x00038] in /Users/bokken/build/output/unity/unity/Editor/Mono/Scripting/ScriptCompilation/AssemblyGraphBuilderFactory.cs:54 
  at UnityEditor.Scripting.ScriptCompilation.EditorCompilation.GetAssemblyGraphBuilder () [0x00001] in /Users/bokken/build/output/unity/unity/Editor/Mono/Scripting/ScriptCompilation/EditorCompilation.cs:170 
  at UnityEditor.Scripting.ScriptCompilation.EditorCompilation.SetAllScripts (System.String[] allScripts) [0x0000d] in /Users/bokken/build/output/unity/unity/Editor/Mono/Scripting/ScriptCompilation/EditorCompilation.cs:178 
  at UnityEditor.Scripting.ScriptCompilation.EditorCompilationInterface.SetAllScripts (System.String[] allScripts) [0x00001] in /Users/bokken/build/output/unity/unity/Editor/Mono/Scripting/ScriptCompilation/EditorCompilationInterface.cs:79 

(Filename: /Users/bokken/build/output/unity/unity/Editor/Mono/Scripting/ScriptCompilation/AssemblyGraphBuilder.cs Line: 85)

Refreshing native plugins compatible for Editor in 2.74 ms, found 1 plugins.
[Package Manager] Failed to launch server process. Reason: Unity was launched with the -noUpm command-line argument
[Package Manager] Unable to send message (not connected to server process).
[Package Manager] Cannot connect to Unity Package Manager local server
ScheduleIndexationOnStartup MainProcess:False IndexOnStartup:True
Mono: successfully reloaded assembly
- Finished resetting the current domain, in  0.946 seconds
Domain Reload Profiling: 1443ms
	BeginReloadAssembly (114ms)
		ExecutionOrderSort (0ms)
		DisableScriptedObjects (4ms)
		BackupInstance (0ms)
		ReleaseScriptingObjects (0ms)
		CreateAndSetChildDomain (37ms)
	RebuildCommonClasses (28ms)
	RebuildNativeTypeToScriptingClass (11ms)
	initialDomainReloadingComplete (16ms)
	LoadAllAssembliesAndSetupDomain (329ms)
		LoadAssemblies (234ms)
		RebuildTransferFunctionScriptingTraits (0ms)
		AnalyzeDomain (128ms)
			TypeCache.Refresh (7ms)
				TypeCache.ScanAssembly (0ms)
			BuildScriptInfoCaches (116ms)
			ResolveRequiredComponents (3ms)
	FinalizeReload (946ms)
		ReleaseScriptCaches (0ms)
		RebuildScriptCaches (0ms)
		SetupLoadedEditorAssemblies (849ms)
			LogAssemblyErrors (0ms)
			InitializePlatformSupportModulesInManaged (14ms)
			SetLoadedEditorAssemblies (4ms)
			BeforeProcessingInitializeOnLoad (103ms)
			ProcessInitializeOnLoadAttributes (676ms)
			ProcessInitializeOnLoadMethodAttributes (51ms)
			AfterProcessingInitializeOnLoad (1ms)
			EditorAssembliesLoaded (0ms)
		ExecutionOrderSort2 (0ms)
		AwakeInstancesAfterBackupRestoration (3ms)
Refreshing native plugins compatible for Editor in 3.60 ms, found 1 plugins.
Preloading 0 native plugins for Editor in 0.00 ms.
Unloading 29 Unused Serialized files (Serialized files now loaded: 0)
Unloading 6234 unused Assets / (4.1 MB). Loaded Objects now: 6928.
Memory consumption went from 142.3 MB to 138.2 MB.
Total: 19.511875 ms (FindLiveObjects: 0.293834 ms CreateObjectMapping: 0.172875 ms MarkObjects: 17.713958 ms  DeleteObjects: 1.330916 ms)

Prepare: number of updated asset objects reloaded= 0
========================================================================
Received Prepare
Refreshing native plugins compatible for Editor in 3.26 ms, found 1 plugins.
Preloading 0 native plugins for Editor in 0.00 ms.
Unloading 29 Unused Serialized files (Serialized files now loaded: 0)
Unloading 6162 unused Assets / (4.4 MB). Loaded Objects now: 6928.
Memory consumption went from 124.9 MB to 120.5 MB.
Total: 20.680000 ms (FindLiveObjects: 0.301000 ms CreateObjectMapping: 0.173792 ms MarkObjects: 18.795958 ms  DeleteObjects: 1.408500 ms)

Prepare: number of updated asset objects reloaded= 0
========================================================================
Received Prepare
[Licensing::Client] Successfully resolved entitlement details
Folder 'Packages/com.unity.purchasing/Runtime/Apple/' contains multiple assembly definition files (Packages/com.unity.purchasing/Runtime/Apple/UnityEngine.Purchasing.Apple.asmdef)
Folder 'Packages/com.unity.purchasing/Runtime/Apple/' contains multiple assembly definition files (Packages/com.unity.purchasing/Runtime/Apple/Unity.Purchasing.Apple.asmdef)
Folder 'Packages/com.unity.purchasing/Runtime/SecurityStub/' contains multiple assembly definition files (Packages/com.unity.purchasing/Runtime/SecurityStub/UnityEngine.Purchasing.SecurityStub.asmdef)
Folder 'Packages/com.unity.purchasing/Runtime/SecurityStub/' contains multiple assembly definition files (Packages/com.unity.purchasing/Runtime/SecurityStub/Unity.Purchasing.SecurityStub.asmdef)
Folder 'Packages/com.unity.purchasing/Runtime/Security/' contains multiple assembly definition files (Packages/com.unity.purchasing/Runtime/Security/Unity.Purchasing.Security.asmdef)
Folder 'Packages/com.unity.purchasing/Runtime/Security/' contains multiple assembly definition files (Packages/com.unity.purchasing/Runtime/Security/UnityEngine.Purchasing.Security.asmdef)
Folder 'Packages/com.unity.purchasing/Runtime/Stores/' contains multiple assembly definition files (Packages/com.unity.purchasing/Runtime/Stores/UnityEngine.Purchasing.Stores.asmdef)
Folder 'Packages/com.unity.purchasing/Runtime/Stores/' contains multiple assembly definition files (Packages/com.unity.purchasing/Runtime/Stores/Unity.Purchasing.Stores.asmdef)
Folder 'Packages/com.unity.purchasing/Runtime/SecurityCore/' contains multiple assembly definition files (Packages/com.unity.purchasing/Runtime/SecurityCore/Unity.Purchasing.SecurityCore.asmdef)
Folder 'Packages/com.unity.purchasing/Runtime/SecurityCore/' contains multiple assembly definition files (Packages/com.unity.purchasing/Runtime/SecurityCore/UnityEngine.Purchasing.SecurityCore.asmdef)
Folder 'Packages/com.unity.purchasing/Runtime/Purchasing/' contains multiple assembly definition files (Packages/com.unity.purchasing/Runtime/Purchasing/UnityEngine.Purchasing.asmdef)
Folder 'Packages/com.unity.purchasing/Runtime/Purchasing/' contains multiple assembly definition files (Packages/com.unity.purchasing/Runtime/Purchasing/Unity.Purchasing.asmdef)
Folder 'Packages/com.unity.purchasing/Runtime/AppleMacosStub/' contains multiple assembly definition files (Packages/com.unity.purchasing/Runtime/AppleMacosStub/UnityEngine.Purchasing.AppleMacosStub.asmdef)
Folder 'Packages/com.unity.purchasing/Runtime/AppleMacosStub/' contains multiple assembly definition files (Packages/com.unity.purchasing/Runtime/AppleMacosStub/Unity.Purchasing.AppleMacosStub.asmdef)
Folder 'Packages/com.unity.purchasing/Runtime/AppleStub/' contains multiple assembly definition files (Packages/com.unity.purchasing/Runtime/AppleStub/Unity.Purchasing.AppleStub.asmdef)
Folder 'Packages/com.unity.purchasing/Runtime/AppleStub/' contains multiple assembly definition files (Packages/com.unity.purchasing/Runtime/AppleStub/UnityEngine.Purchasing.AppleStub.asmdef)
Folder 'Packages/com.unity.purchasing/Runtime/AppleMacos/' contains multiple assembly definition files (Packages/com.unity.purchasing/Runtime/AppleMacos/UnityEngine.Purchasing.AppleMacos.asmdef)
Folder 'Packages/com.unity.purchasing/Runtime/AppleMacos/' contains multiple assembly definition files (Packages/com.unity.purchasing/Runtime/AppleMacos/Unity.Purchasing.AppleMacos.asmdef)
Folder 'Packages/com.unity.purchasing/Runtime/Codeless/' contains multiple assembly definition files (Packages/com.unity.purchasing/Runtime/Codeless/Unity.Purchasing.Codeless.asmdef)
Folder 'Packages/com.unity.purchasing/Runtime/Codeless/' contains multiple assembly definition files (Packages/com.unity.purchasing/Runtime/Codeless/UnityEngine.Purchasing.Codeless.asmdef)
ArgumentException: An item with the same key has already been added. Key: 400f2260dd8d285419d1db99999109aa
  at System.Collections.Generic.Dictionary`2[TKey,TValue].TryInsert (TKey key, TValue value, System.Collections.Generic.InsertionBehavior behavior) [0x0015a] in <c5eeda5e65d44b388e164c6c5cfe0702>:0 
  at System.Collections.Generic.Dictionary`2[TKey,TValue].Add (TKey key, TValue value) [0x00000] in <c5eeda5e65d44b388e164c6c5cfe0702>:0 
  at System.Linq.Enumerable.ToDictionary[TSource,TKey,TElement] (TSource[] source, System.Func`2[T,TResult] keySelector, System.Func`2[T,TResult] elementSelector, System.Collections.Generic.IEqualityComparer`1[T] comparer) [0x00029] in <8203c5af529241e2a5cc4b3c5a3dc69a>:0 
  at System.Linq.Enumerable.ToDictionary[TSource,TKey,TElement] (System.Collections.Generic.IEnumerable`1[T] source, System.Func`2[T,TResult] keySelector, System.Func`2[T,TResult] elementSelector, System.Collections.Generic.IEqualityComparer`1[T] comparer) [0x00051] in <8203c5af529241e2a5cc4b3c5a3dc69a>:0 
  at System.Linq.Enumerable.ToDictionary[TSource,TKey,TElement] (System.Collections.Generic.IEnumerable`1[T] source, System.Func`2[T,TResult] keySelector, System.Func`2[T,TResult] elementSelector) [0x00000] in <8203c5af529241e2a5cc4b3c5a3dc69a>:0 
  at UnityEditor.Scripting.ScriptCompilation.AssemblyGraphBuilder.Initialize (System.Collections.Generic.IReadOnlyCollection`1[T] assemblies, System.Collections.Generic.IReadOnlyCollection`1[T] customScriptAssemblyReferences) [0x00046] in /Users/bokken/build/output/unity/unity/Editor/Mono/Scripting/ScriptCompilation/AssemblyGraphBuilder.cs:85 
  at UnityEditor.Scripting.ScriptCompilation.AssemblyGraphBuilderFactory.GetOrCreate (System.String projectPath, System.Collections.Generic.IReadOnlyCollection`1[T] assemblies, System.Collections.Generic.IReadOnlyCollection`1[T] customScriptAssemblyReferences) [0x00038] in /Users/bokken/build/output/unity/unity/Editor/Mono/Scripting/ScriptCompilation/AssemblyGraphBuilderFactory.cs:54 
  at UnityEditor.Scripting.ScriptCompilation.EditorCompilation.GetAssemblyGraphBuilder () [0x00001] in /Users/bokken/build/output/unity/unity/Editor/Mono/Scripting/ScriptCompilation/EditorCompilation.cs:170 
  at UnityEditor.Scripting.ScriptCompilation.EditorCompilation.SetAllScripts (System.String[] allScripts) [0x0000d] in /Users/bokken/build/output/unity/unity/Editor/Mono/Scripting/ScriptCompilation/EditorCompilation.cs:178 
  at UnityEditor.Scripting.ScriptCompilation.EditorCompilationInterface.SetAllScripts (System.String[] allScripts) [0x00001] in /Users/bokken/build/output/unity/unity/Editor/Mono/Scripting/ScriptCompilation/EditorCompilationInterface.cs:79 

(Filename: /Users/bokken/build/output/unity/unity/Editor/Mono/Scripting/ScriptCompilation/AssemblyGraphBuilder.cs Line: 85)

Folder 'Packages/com.unity.purchasing/Runtime/Apple/' contains multiple assembly definition files (Packages/com.unity.purchasing/Runtime/Apple/UnityEngine.Purchasing.Apple.asmdef)
Folder 'Packages/com.unity.purchasing/Runtime/Apple/' contains multiple assembly definition files (Packages/com.unity.purchasing/Runtime/Apple/Unity.Purchasing.Apple.asmdef)
Folder 'Packages/com.unity.purchasing/Runtime/SecurityStub/' contains multiple assembly definition files (Packages/com.unity.purchasing/Runtime/SecurityStub/UnityEngine.Purchasing.SecurityStub.asmdef)
Folder 'Packages/com.unity.purchasing/Runtime/SecurityStub/' contains multiple assembly definition files (Packages/com.unity.purchasing/Runtime/SecurityStub/Unity.Purchasing.SecurityStub.asmdef)
Folder 'Packages/com.unity.purchasing/Runtime/Security/' contains multiple assembly definition files (Packages/com.unity.purchasing/Runtime/Security/Unity.Purchasing.Security.asmdef)
Folder 'Packages/com.unity.purchasing/Runtime/Security/' contains multiple assembly definition files (Packages/com.unity.purchasing/Runtime/Security/UnityEngine.Purchasing.Security.asmdef)
Folder 'Packages/com.unity.purchasing/Runtime/Stores/' contains multiple assembly definition files (Packages/com.unity.purchasing/Runtime/Stores/UnityEngine.Purchasing.Stores.asmdef)
Folder 'Packages/com.unity.purchasing/Runtime/Stores/' contains multiple assembly definition files (Packages/com.unity.purchasing/Runtime/Stores/Unity.Purchasing.Stores.asmdef)
Folder 'Packages/com.unity.purchasing/Runtime/SecurityCore/' contains multiple assembly definition files (Packages/com.unity.purchasing/Runtime/SecurityCore/Unity.Purchasing.SecurityCore.asmdef)
Folder 'Packages/com.unity.purchasing/Runtime/SecurityCore/' contains multiple assembly definition files (Packages/com.unity.purchasing/Runtime/SecurityCore/UnityEngine.Purchasing.SecurityCore.asmdef)
Folder 'Packages/com.unity.purchasing/Runtime/Purchasing/' contains multiple assembly definition files (Packages/com.unity.purchasing/Runtime/Purchasing/UnityEngine.Purchasing.asmdef)
Folder 'Packages/com.unity.purchasing/Runtime/Purchasing/' contains multiple assembly definition files (Packages/com.unity.purchasing/Runtime/Purchasing/Unity.Purchasing.asmdef)
Folder 'Packages/com.unity.purchasing/Runtime/AppleMacosStub/' contains multiple assembly definition files (Packages/com.unity.purchasing/Runtime/AppleMacosStub/UnityEngine.Purchasing.AppleMacosStub.asmdef)
Folder 'Packages/com.unity.purchasing/Runtime/AppleMacosStub/' contains multiple assembly definition files (Packages/com.unity.purchasing/Runtime/AppleMacosStub/Unity.Purchasing.AppleMacosStub.asmdef)
Folder 'Packages/com.unity.purchasing/Runtime/AppleStub/' contains multiple assembly definition files (Packages/com.unity.purchasing/Runtime/AppleStub/Unity.Purchasing.AppleStub.asmdef)
Folder 'Packages/com.unity.purchasing/Runtime/AppleStub/' contains multiple assembly definition files (Packages/com.unity.purchasing/Runtime/AppleStub/UnityEngine.Purchasing.AppleStub.asmdef)
Folder 'Packages/com.unity.purchasing/Runtime/AppleMacos/' contains multiple assembly definition files (Packages/com.unity.purchasing/Runtime/AppleMacos/UnityEngine.Purchasing.AppleMacos.asmdef)
Folder 'Packages/com.unity.purchasing/Runtime/AppleMacos/' contains multiple assembly definition files (Packages/com.unity.purchasing/Runtime/AppleMacos/Unity.Purchasing.AppleMacos.asmdef)
Folder 'Packages/com.unity.purchasing/Runtime/Codeless/' contains multiple assembly definition files (Packages/com.unity.purchasing/Runtime/Codeless/Unity.Purchasing.Codeless.asmdef)
Folder 'Packages/com.unity.purchasing/Runtime/Codeless/' contains multiple assembly definition files (Packages/com.unity.purchasing/Runtime/Codeless/UnityEngine.Purchasing.Codeless.asmdef)
ArgumentException: An item with the same key has already been added. Key: 400f2260dd8d285419d1db99999109aa
  at System.Collections.Generic.Dictionary`2[TKey,TValue].TryInsert (TKey key, TValue value, System.Collections.Generic.InsertionBehavior behavior) [0x0015a] in <c5eeda5e65d44b388e164c6c5cfe0702>:0 
  at System.Collections.Generic.Dictionary`2[TKey,TValue].Add (TKey key, TValue value) [0x00000] in <c5eeda5e65d44b388e164c6c5cfe0702>:0 
  at System.Linq.Enumerable.ToDictionary[TSource,TKey,TElement] (TSource[] source, System.Func`2[T,TResult] keySelector, System.Func`2[T,TResult] elementSelector, System.Collections.Generic.IEqualityComparer`1[T] comparer) [0x00029] in <8203c5af529241e2a5cc4b3c5a3dc69a>:0 
  at System.Linq.Enumerable.ToDictionary[TSource,TKey,TElement] (System.Collections.Generic.IEnumerable`1[T] source, System.Func`2[T,TResult] keySelector, System.Func`2[T,TResult] elementSelector, System.Collections.Generic.IEqualityComparer`1[T] comparer) [0x00051] in <8203c5af529241e2a5cc4b3c5a3dc69a>:0 
  at System.Linq.Enumerable.ToDictionary[TSource,TKey,TElement] (System.Collections.Generic.IEnumerable`1[T] source, System.Func`2[T,TResult] keySelector, System.Func`2[T,TResult] elementSelector) [0x00000] in <8203c5af529241e2a5cc4b3c5a3dc69a>:0 
  at UnityEditor.Scripting.ScriptCompilation.AssemblyGraphBuilder.Initialize (System.Collections.Generic.IReadOnlyCollection`1[T] assemblies, System.Collections.Generic.IReadOnlyCollection`1[T] customScriptAssemblyReferences) [0x00046] in /Users/bokken/build/output/unity/unity/Editor/Mono/Scripting/ScriptCompilation/AssemblyGraphBuilder.cs:85 
  at UnityEditor.Scripting.ScriptCompilation.AssemblyGraphBuilderFactory.GetOrCreate (System.String projectPath, System.Collections.Generic.IReadOnlyCollection`1[T] assemblies, System.Collections.Generic.IReadOnlyCollection`1[T] customScriptAssemblyReferences) [0x00038] in /Users/bokken/build/output/unity/unity/Editor/Mono/Scripting/ScriptCompilation/AssemblyGraphBuilderFactory.cs:54 
  at UnityEditor.Scripting.ScriptCompilation.EditorCompilation.GetAssemblyGraphBuilder () [0x00001] in /Users/bokken/build/output/unity/unity/Editor/Mono/Scripting/ScriptCompilation/EditorCompilation.cs:170 
  at UnityEditor.Scripting.ScriptCompilation.EditorCompilation.SetAllScripts (System.String[] allScripts) [0x0000d] in /Users/bokken/build/output/unity/unity/Editor/Mono/Scripting/ScriptCompilation/EditorCompilation.cs:178 
  at UnityEditor.Scripting.ScriptCompilation.EditorCompilationInterface.SetAllScripts (System.String[] allScripts) [0x00001] in /Users/bokken/build/output/unity/unity/Editor/Mono/Scripting/ScriptCompilation/EditorCompilationInterface.cs:79 

(Filename: /Users/bokken/build/output/unity/unity/Editor/Mono/Scripting/ScriptCompilation/AssemblyGraphBuilder.cs Line: 85)

Begin MonoManager ReloadAssembly
[Licensing::Client] Successfully resolved entitlement details
Thread 0x16d6ff000 may have been prematurely finalized
Symbol file LoadedFromMemory is not a mono symbol file
- Loaded All Assemblies, in  0.531 seconds
Folder 'Packages/com.unity.purchasing/Runtime/Apple/' contains multiple assembly definition files (Packages/com.unity.purchasing/Runtime/Apple/UnityEngine.Purchasing.Apple.asmdef)
Folder 'Packages/com.unity.purchasing/Runtime/Apple/' contains multiple assembly definition files (Packages/com.unity.purchasing/Runtime/Apple/Unity.Purchasing.Apple.asmdef)
Folder 'Packages/com.unity.purchasing/Runtime/SecurityStub/' contains multiple assembly definition files (Packages/com.unity.purchasing/Runtime/SecurityStub/UnityEngine.Purchasing.SecurityStub.asmdef)
Folder 'Packages/com.unity.purchasing/Runtime/SecurityStub/' contains multiple assembly definition files (Packages/com.unity.purchasing/Runtime/SecurityStub/Unity.Purchasing.SecurityStub.asmdef)
Folder 'Packages/com.unity.purchasing/Runtime/Security/' contains multiple assembly definition files (Packages/com.unity.purchasing/Runtime/Security/Unity.Purchasing.Security.asmdef)
Folder 'Packages/com.unity.purchasing/Runtime/Security/' contains multiple assembly definition files (Packages/com.unity.purchasing/Runtime/Security/UnityEngine.Purchasing.Security.asmdef)
Folder 'Packages/com.unity.purchasing/Runtime/Stores/' contains multiple assembly definition files (Packages/com.unity.purchasing/Runtime/Stores/UnityEngine.Purchasing.Stores.asmdef)
Folder 'Packages/com.unity.purchasing/Runtime/Stores/' contains multiple assembly definition files (Packages/com.unity.purchasing/Runtime/Stores/Unity.Purchasing.Stores.asmdef)
Folder 'Packages/com.unity.purchasing/Runtime/SecurityCore/' contains multiple assembly definition files (Packages/com.unity.purchasing/Runtime/SecurityCore/Unity.Purchasing.SecurityCore.asmdef)
Folder 'Packages/com.unity.purchasing/Runtime/SecurityCore/' contains multiple assembly definition files (Packages/com.unity.purchasing/Runtime/SecurityCore/UnityEngine.Purchasing.SecurityCore.asmdef)
Folder 'Packages/com.unity.purchasing/Runtime/Purchasing/' contains multiple assembly definition files (Packages/com.unity.purchasing/Runtime/Purchasing/UnityEngine.Purchasing.asmdef)
Folder 'Packages/com.unity.purchasing/Runtime/Purchasing/' contains multiple assembly definition files (Packages/com.unity.purchasing/Runtime/Purchasing/Unity.Purchasing.asmdef)
Folder 'Packages/com.unity.purchasing/Runtime/AppleMacosStub/' contains multiple assembly definition files (Packages/com.unity.purchasing/Runtime/AppleMacosStub/UnityEngine.Purchasing.AppleMacosStub.asmdef)
Folder 'Packages/com.unity.purchasing/Runtime/AppleMacosStub/' contains multiple assembly definition files (Packages/com.unity.purchasing/Runtime/AppleMacosStub/Unity.Purchasing.AppleMacosStub.asmdef)
Folder 'Packages/com.unity.purchasing/Runtime/AppleStub/' contains multiple assembly definition files (Packages/com.unity.purchasing/Runtime/AppleStub/Unity.Purchasing.AppleStub.asmdef)
Folder 'Packages/com.unity.purchasing/Runtime/AppleStub/' contains multiple assembly definition files (Packages/com.unity.purchasing/Runtime/AppleStub/UnityEngine.Purchasing.AppleStub.asmdef)
Folder 'Packages/com.unity.purchasing/Runtime/AppleMacos/' contains multiple assembly definition files (Packages/com.unity.purchasing/Runtime/AppleMacos/UnityEngine.Purchasing.AppleMacos.asmdef)
Folder 'Packages/com.unity.purchasing/Runtime/AppleMacos/' contains multiple assembly definition files (Packages/com.unity.purchasing/Runtime/AppleMacos/Unity.Purchasing.AppleMacos.asmdef)
Folder 'Packages/com.unity.purchasing/Runtime/Codeless/' contains multiple assembly definition files (Packages/com.unity.purchasing/Runtime/Codeless/Unity.Purchasing.Codeless.asmdef)
Folder 'Packages/com.unity.purchasing/Runtime/Codeless/' contains multiple assembly definition files (Packages/com.unity.purchasing/Runtime/Codeless/UnityEngine.Purchasing.Codeless.asmdef)
ArgumentException: An item with the same key has already been added. Key: 400f2260dd8d285419d1db99999109aa
  at System.Collections.Generic.Dictionary`2[TKey,TValue].TryInsert (TKey key, TValue value, System.Collections.Generic.InsertionBehavior behavior) [0x0015a] in <c5eeda5e65d44b388e164c6c5cfe0702>:0 
  at System.Collections.Generic.Dictionary`2[TKey,TValue].Add (TKey key, TValue value) [0x00000] in <c5eeda5e65d44b388e164c6c5cfe0702>:0 
  at System.Linq.Enumerable.ToDictionary[TSource,TKey,TElement] (TSource[] source, System.Func`2[T,TResult] keySelector, System.Func`2[T,TResult] elementSelector, System.Collections.Generic.IEqualityComparer`1[T] comparer) [0x00029] in <8203c5af529241e2a5cc4b3c5a3dc69a>:0 
  at System.Linq.Enumerable.ToDictionary[TSource,TKey,TElement] (System.Collections.Generic.IEnumerable`1[T] source, System.Func`2[T,TResult] keySelector, System.Func`2[T,TResult] elementSelector, System.Collections.Generic.IEqualityComparer`1[T] comparer) [0x00051] in <8203c5af529241e2a5cc4b3c5a3dc69a>:0 
  at System.Linq.Enumerable.ToDictionary[TSource,TKey,TElement] (System.Collections.Generic.IEnumerable`1[T] source, System.Func`2[T,TResult] keySelector, System.Func`2[T,TResult] elementSelector) [0x00000] in <8203c5af529241e2a5cc4b3c5a3dc69a>:0 
  at UnityEditor.Scripting.ScriptCompilation.AssemblyGraphBuilder.Initialize (System.Collections.Generic.IReadOnlyCollection`1[T] assemblies, System.Collections.Generic.IReadOnlyCollection`1[T] customScriptAssemblyReferences) [0x00046] in /Users/bokken/build/output/unity/unity/Editor/Mono/Scripting/ScriptCompilation/AssemblyGraphBuilder.cs:85 
  at UnityEditor.Scripting.ScriptCompilation.AssemblyGraphBuilderFactory.GetOrCreate (System.String projectPath, System.Collections.Generic.IReadOnlyCollection`1[T] assemblies, System.Collections.Generic.IReadOnlyCollection`1[T] customScriptAssemblyReferences) [0x00038] in /Users/bokken/build/output/unity/unity/Editor/Mono/Scripting/ScriptCompilation/AssemblyGraphBuilderFactory.cs:54 
  at UnityEditor.Scripting.ScriptCompilation.EditorCompilation.GetAssemblyGraphBuilder () [0x00001] in /Users/bokken/build/output/unity/unity/Editor/Mono/Scripting/ScriptCompilation/EditorCompilation.cs:170 
  at UnityEditor.Scripting.ScriptCompilation.EditorCompilation.SetAllScripts (System.String[] allScripts) [0x0000d] in /Users/bokken/build/output/unity/unity/Editor/Mono/Scripting/ScriptCompilation/EditorCompilation.cs:178 
  at UnityEditor.Scripting.ScriptCompilation.EditorCompilationInterface.SetAllScripts (System.String[] allScripts) [0x00001] in /Users/bokken/build/output/unity/unity/Editor/Mono/Scripting/ScriptCompilation/EditorCompilationInterface.cs:79 

(Filename: /Users/bokken/build/output/unity/unity/Editor/Mono/Scripting/ScriptCompilation/AssemblyGraphBuilder.cs Line: 85)

Refreshing native plugins compatible for Editor in 3.36 ms, found 1 plugins.
Native extension for iOS target not found
Native extension for Android target not found
Native extension for OSXStandalone target not found
Native extension for WebGL target not found
Folder 'Packages/com.unity.purchasing/Runtime/Apple/' contains multiple assembly definition files (Packages/com.unity.purchasing/Runtime/Apple/UnityEngine.Purchasing.Apple.asmdef)
Folder 'Packages/com.unity.purchasing/Runtime/Apple/' contains multiple assembly definition files (Packages/com.unity.purchasing/Runtime/Apple/Unity.Purchasing.Apple.asmdef)
Folder 'Packages/com.unity.purchasing/Runtime/SecurityStub/' contains multiple assembly definition files (Packages/com.unity.purchasing/Runtime/SecurityStub/UnityEngine.Purchasing.SecurityStub.asmdef)
Folder 'Packages/com.unity.purchasing/Runtime/SecurityStub/' contains multiple assembly definition files (Packages/com.unity.purchasing/Runtime/SecurityStub/Unity.Purchasing.SecurityStub.asmdef)
Folder 'Packages/com.unity.purchasing/Runtime/Security/' contains multiple assembly definition files (Packages/com.unity.purchasing/Runtime/Security/Unity.Purchasing.Security.asmdef)
Folder 'Packages/com.unity.purchasing/Runtime/Security/' contains multiple assembly definition files (Packages/com.unity.purchasing/Runtime/Security/UnityEngine.Purchasing.Security.asmdef)
Folder 'Packages/com.unity.purchasing/Runtime/Stores/' contains multiple assembly definition files (Packages/com.unity.purchasing/Runtime/Stores/UnityEngine.Purchasing.Stores.asmdef)
Folder 'Packages/com.unity.purchasing/Runtime/Stores/' contains multiple assembly definition files (Packages/com.unity.purchasing/Runtime/Stores/Unity.Purchasing.Stores.asmdef)
Folder 'Packages/com.unity.purchasing/Runtime/SecurityCore/' contains multiple assembly definition files (Packages/com.unity.purchasing/Runtime/SecurityCore/Unity.Purchasing.SecurityCore.asmdef)
Folder 'Packages/com.unity.purchasing/Runtime/SecurityCore/' contains multiple assembly definition files (Packages/com.unity.purchasing/Runtime/SecurityCore/UnityEngine.Purchasing.SecurityCore.asmdef)
Folder 'Packages/com.unity.purchasing/Runtime/Purchasing/' contains multiple assembly definition files (Packages/com.unity.purchasing/Runtime/Purchasing/UnityEngine.Purchasing.asmdef)
Folder 'Packages/com.unity.purchasing/Runtime/Purchasing/' contains multiple assembly definition files (Packages/com.unity.purchasing/Runtime/Purchasing/Unity.Purchasing.asmdef)
Folder 'Packages/com.unity.purchasing/Runtime/AppleMacosStub/' contains multiple assembly definition files (Packages/com.unity.purchasing/Runtime/AppleMacosStub/UnityEngine.Purchasing.AppleMacosStub.asmdef)
Folder 'Packages/com.unity.purchasing/Runtime/AppleMacosStub/' contains multiple assembly definition files (Packages/com.unity.purchasing/Runtime/AppleMacosStub/Unity.Purchasing.AppleMacosStub.asmdef)
Folder 'Packages/com.unity.purchasing/Runtime/AppleStub/' contains multiple assembly definition files (Packages/com.unity.purchasing/Runtime/AppleStub/Unity.Purchasing.AppleStub.asmdef)
Folder 'Packages/com.unity.purchasing/Runtime/AppleStub/' contains multiple assembly definition files (Packages/com.unity.purchasing/Runtime/AppleStub/UnityEngine.Purchasing.AppleStub.asmdef)
Folder 'Packages/com.unity.purchasing/Runtime/AppleMacos/' contains multiple assembly definition files (Packages/com.unity.purchasing/Runtime/AppleMacos/UnityEngine.Purchasing.AppleMacos.asmdef)
Folder 'Packages/com.unity.purchasing/Runtime/AppleMacos/' contains multiple assembly definition files (Packages/com.unity.purchasing/Runtime/AppleMacos/Unity.Purchasing.AppleMacos.asmdef)
Folder 'Packages/com.unity.purchasing/Runtime/Codeless/' contains multiple assembly definition files (Packages/com.unity.purchasing/Runtime/Codeless/Unity.Purchasing.Codeless.asmdef)
Folder 'Packages/com.unity.purchasing/Runtime/Codeless/' contains multiple assembly definition files (Packages/com.unity.purchasing/Runtime/Codeless/UnityEngine.Purchasing.Codeless.asmdef)
ArgumentException: An item with the same key has already been added. Key: 400f2260dd8d285419d1db99999109aa
  at System.Collections.Generic.Dictionary`2[TKey,TValue].TryInsert (TKey key, TValue value, System.Collections.Generic.InsertionBehavior behavior) [0x0015a] in <c5eeda5e65d44b388e164c6c5cfe0702>:0 
  at System.Collections.Generic.Dictionary`2[TKey,TValue].Add (TKey key, TValue value) [0x00000] in <c5eeda5e65d44b388e164c6c5cfe0702>:0 
  at System.Linq.Enumerable.ToDictionary[TSource,TKey,TElement] (TSource[] source, System.Func`2[T,TResult] keySelector, System.Func`2[T,TResult] elementSelector, System.Collections.Generic.IEqualityComparer`1[T] comparer) [0x00029] in <8203c5af529241e2a5cc4b3c5a3dc69a>:0 
  at System.Linq.Enumerable.ToDictionary[TSource,TKey,TElement] (System.Collections.Generic.IEnumerable`1[T] source, System.Func`2[T,TResult] keySelector, System.Func`2[T,TResult] elementSelector, System.Collections.Generic.IEqualityComparer`1[T] comparer) [0x00051] in <8203c5af529241e2a5cc4b3c5a3dc69a>:0 
  at System.Linq.Enumerable.ToDictionary[TSource,TKey,TElement] (System.Collections.Generic.IEnumerable`1[T] source, System.Func`2[T,TResult] keySelector, System.Func`2[T,TResult] elementSelector) [0x00000] in <8203c5af529241e2a5cc4b3c5a3dc69a>:0 
  at UnityEditor.Scripting.ScriptCompilation.AssemblyGraphBuilder.Initialize (System.Collections.Generic.IReadOnlyCollection`1[T] assemblies, System.Collections.Generic.IReadOnlyCollection`1[T] customScriptAssemblyReferences) [0x00046] in /Users/bokken/build/output/unity/unity/Editor/Mono/Scripting/ScriptCompilation/AssemblyGraphBuilder.cs:85 
  at UnityEditor.Scripting.ScriptCompilation.AssemblyGraphBuilderFactory.GetOrCreate (System.String projectPath, System.Collections.Generic.IReadOnlyCollection`1[T] assemblies, System.Collections.Generic.IReadOnlyCollection`1[T] customScriptAssemblyReferences) [0x00038] in /Users/bokken/build/output/unity/unity/Editor/Mono/Scripting/ScriptCompilation/AssemblyGraphBuilderFactory.cs:54 
  at UnityEditor.Scripting.ScriptCompilation.EditorCompilation.GetAssemblyGraphBuilder () [0x00001] in /Users/bokken/build/output/unity/unity/Editor/Mono/Scripting/ScriptCompilation/EditorCompilation.cs:170 
  at UnityEditor.Scripting.ScriptCompilation.EditorCompilation.SetAllScripts (System.String[] allScripts) [0x0000d] in /Users/bokken/build/output/unity/unity/Editor/Mono/Scripting/ScriptCompilation/EditorCompilation.cs:178 
  at UnityEditor.Scripting.ScriptCompilation.EditorCompilationInterface.SetAllScripts (System.String[] allScripts) [0x00001] in /Users/bokken/build/output/unity/unity/Editor/Mono/Scripting/ScriptCompilation/EditorCompilationInterface.cs:79 

(Filename: /Users/bokken/build/output/unity/unity/Editor/Mono/Scripting/ScriptCompilation/AssemblyGraphBuilder.cs Line: 85)

Refreshing native plugins compatible for Editor in 3.12 ms, found 1 plugins.
[Package Manager] Failed to launch server process. Reason: Unity was launched with the -noUpm command-line argument
[Package Manager] Unable to send message (not connected to server process).
[Package Manager] Cannot connect to Unity Package Manager local server
ScheduleIndexationOnStartup MainProcess:False IndexOnStartup:True
Mono: successfully reloaded assembly
- Finished resetting the current domain, in  1.048 seconds
Domain Reload Profiling: 1581ms
	BeginReloadAssembly (122ms)
		ExecutionOrderSort (0ms)
		DisableScriptedObjects (4ms)
		BackupInstance (0ms)
		ReleaseScriptingObjects (0ms)
		CreateAndSetChildDomain (38ms)
	RebuildCommonClasses (26ms)
	RebuildNativeTypeToScriptingClass (11ms)
	initialDomainReloadingComplete (15ms)
	LoadAllAssembliesAndSetupDomain (359ms)
		LoadAssemblies (259ms)
		RebuildTransferFunctionScriptingTraits (0ms)
		AnalyzeDomain (138ms)
			TypeCache.Refresh (11ms)
				TypeCache.ScanAssembly (2ms)
			BuildScriptInfoCaches (121ms)
			ResolveRequiredComponents (4ms)
	FinalizeReload (1048ms)
		ReleaseScriptCaches (0ms)
		RebuildScriptCaches (0ms)
		SetupLoadedEditorAssemblies (942ms)
			LogAssemblyErrors (0ms)
			InitializePlatformSupportModulesInManaged (13ms)
			SetLoadedEditorAssemblies (4ms)
			BeforeProcessingInitializeOnLoad (110ms)
			ProcessInitializeOnLoadAttributes (753ms)
			ProcessInitializeOnLoadMethodAttributes (62ms)
			AfterProcessingInitializeOnLoad (1ms)
			EditorAssembliesLoaded (0ms)
		ExecutionOrderSort2 (0ms)
		AwakeInstancesAfterBackupRestoration (3ms)
Refreshing native plugins compatible for Editor in 2.83 ms, found 1 plugins.
Preloading 0 native plugins for Editor in 0.00 ms.
Unloading 29 Unused Serialized files (Serialized files now loaded: 0)
Unloading 6234 unused Assets / (4.5 MB). Loaded Objects now: 6934.
Memory consumption went from 142.1 MB to 137.6 MB.
Total: 20.300917 ms (FindLiveObjects: 0.305709 ms CreateObjectMapping: 0.180375 ms MarkObjects: 18.365667 ms  DeleteObjects: 1.448625 ms)

Prepare: number of updated asset objects reloaded= 0
========================================================================
Received Prepare
Folder 'Packages/com.unity.purchasing/Runtime/Apple/' contains multiple assembly definition files (Packages/com.unity.purchasing/Runtime/Apple/UnityEngine.Purchasing.Apple.asmdef)
Folder 'Packages/com.unity.purchasing/Runtime/Apple/' contains multiple assembly definition files (Packages/com.unity.purchasing/Runtime/Apple/Unity.Purchasing.Apple.asmdef)
Folder 'Packages/com.unity.purchasing/Runtime/SecurityStub/' contains multiple assembly definition files (Packages/com.unity.purchasing/Runtime/SecurityStub/UnityEngine.Purchasing.SecurityStub.asmdef)
Folder 'Packages/com.unity.purchasing/Runtime/SecurityStub/' contains multiple assembly definition files (Packages/com.unity.purchasing/Runtime/SecurityStub/Unity.Purchasing.SecurityStub.asmdef)
Folder 'Packages/com.unity.purchasing/Runtime/Security/' contains multiple assembly definition files (Packages/com.unity.purchasing/Runtime/Security/Unity.Purchasing.Security.asmdef)
Folder 'Packages/com.unity.purchasing/Runtime/Security/' contains multiple assembly definition files (Packages/com.unity.purchasing/Runtime/Security/UnityEngine.Purchasing.Security.asmdef)
Folder 'Packages/com.unity.purchasing/Runtime/Stores/' contains multiple assembly definition files (Packages/com.unity.purchasing/Runtime/Stores/UnityEngine.Purchasing.Stores.asmdef)
Folder 'Packages/com.unity.purchasing/Runtime/Stores/' contains multiple assembly definition files (Packages/com.unity.purchasing/Runtime/Stores/Unity.Purchasing.Stores.asmdef)
Folder 'Packages/com.unity.purchasing/Runtime/SecurityCore/' contains multiple assembly definition files (Packages/com.unity.purchasing/Runtime/SecurityCore/Unity.Purchasing.SecurityCore.asmdef)
Folder 'Packages/com.unity.purchasing/Runtime/SecurityCore/' contains multiple assembly definition files (Packages/com.unity.purchasing/Runtime/SecurityCore/UnityEngine.Purchasing.SecurityCore.asmdef)
Folder 'Packages/com.unity.purchasing/Runtime/Purchasing/' contains multiple assembly definition files (Packages/com.unity.purchasing/Runtime/Purchasing/UnityEngine.Purchasing.asmdef)
Folder 'Packages/com.unity.purchasing/Runtime/Purchasing/' contains multiple assembly definition files (Packages/com.unity.purchasing/Runtime/Purchasing/Unity.Purchasing.asmdef)
Folder 'Packages/com.unity.purchasing/Runtime/AppleMacosStub/' contains multiple assembly definition files (Packages/com.unity.purchasing/Runtime/AppleMacosStub/UnityEngine.Purchasing.AppleMacosStub.asmdef)
Folder 'Packages/com.unity.purchasing/Runtime/AppleMacosStub/' contains multiple assembly definition files (Packages/com.unity.purchasing/Runtime/AppleMacosStub/Unity.Purchasing.AppleMacosStub.asmdef)
Folder 'Packages/com.unity.purchasing/Runtime/AppleStub/' contains multiple assembly definition files (Packages/com.unity.purchasing/Runtime/AppleStub/Unity.Purchasing.AppleStub.asmdef)
Folder 'Packages/com.unity.purchasing/Runtime/AppleStub/' contains multiple assembly definition files (Packages/com.unity.purchasing/Runtime/AppleStub/UnityEngine.Purchasing.AppleStub.asmdef)
Folder 'Packages/com.unity.purchasing/Runtime/AppleMacos/' contains multiple assembly definition files (Packages/com.unity.purchasing/Runtime/AppleMacos/UnityEngine.Purchasing.AppleMacos.asmdef)
Folder 'Packages/com.unity.purchasing/Runtime/AppleMacos/' contains multiple assembly definition files (Packages/com.unity.purchasing/Runtime/AppleMacos/Unity.Purchasing.AppleMacos.asmdef)
Folder 'Packages/com.unity.purchasing/Runtime/Codeless/' contains multiple assembly definition files (Packages/com.unity.purchasing/Runtime/Codeless/Unity.Purchasing.Codeless.asmdef)
Folder 'Packages/com.unity.purchasing/Runtime/Codeless/' contains multiple assembly definition files (Packages/com.unity.purchasing/Runtime/Codeless/UnityEngine.Purchasing.Codeless.asmdef)
ArgumentException: An item with the same key has already been added. Key: 400f2260dd8d285419d1db99999109aa
  at System.Collections.Generic.Dictionary`2[TKey,TValue].TryInsert (TKey key, TValue value, System.Collections.Generic.InsertionBehavior behavior) [0x0015a] in <c5eeda5e65d44b388e164c6c5cfe0702>:0 
  at System.Collections.Generic.Dictionary`2[TKey,TValue].Add (TKey key, TValue value) [0x00000] in <c5eeda5e65d44b388e164c6c5cfe0702>:0 
  at System.Linq.Enumerable.ToDictionary[TSource,TKey,TElement] (TSource[] source, System.Func`2[T,TResult] keySelector, System.Func`2[T,TResult] elementSelector, System.Collections.Generic.IEqualityComparer`1[T] comparer) [0x00029] in <8203c5af529241e2a5cc4b3c5a3dc69a>:0 
  at System.Linq.Enumerable.ToDictionary[TSource,TKey,TElement] (System.Collections.Generic.IEnumerable`1[T] source, System.Func`2[T,TResult] keySelector, System.Func`2[T,TResult] elementSelector, System.Collections.Generic.IEqualityComparer`1[T] comparer) [0x00051] in <8203c5af529241e2a5cc4b3c5a3dc69a>:0 
  at System.Linq.Enumerable.ToDictionary[TSource,TKey,TElement] (System.Collections.Generic.IEnumerable`1[T] source, System.Func`2[T,TResult] keySelector, System.Func`2[T,TResult] elementSelector) [0x00000] in <8203c5af529241e2a5cc4b3c5a3dc69a>:0 
  at UnityEditor.Scripting.ScriptCompilation.AssemblyGraphBuilder.Initialize (System.Collections.Generic.IReadOnlyCollection`1[T] assemblies, System.Collections.Generic.IReadOnlyCollection`1[T] customScriptAssemblyReferences) [0x00046] in /Users/bokken/build/output/unity/unity/Editor/Mono/Scripting/ScriptCompilation/AssemblyGraphBuilder.cs:85 
  at UnityEditor.Scripting.ScriptCompilation.AssemblyGraphBuilderFactory.GetOrCreate (System.String projectPath, System.Collections.Generic.IReadOnlyCollection`1[T] assemblies, System.Collections.Generic.IReadOnlyCollection`1[T] customScriptAssemblyReferences) [0x00038] in /Users/bokken/build/output/unity/unity/Editor/Mono/Scripting/ScriptCompilation/AssemblyGraphBuilderFactory.cs:54 
  at UnityEditor.Scripting.ScriptCompilation.EditorCompilation.GetAssemblyGraphBuilder () [0x00001] in /Users/bokken/build/output/unity/unity/Editor/Mono/Scripting/ScriptCompilation/EditorCompilation.cs:170 
  at UnityEditor.Scripting.ScriptCompilation.EditorCompilation.SetAllScripts (System.String[] allScripts) [0x0000d] in /Users/bokken/build/output/unity/unity/Editor/Mono/Scripting/ScriptCompilation/EditorCompilation.cs:178 
  at UnityEditor.Scripting.ScriptCompilation.EditorCompilationInterface.SetAllScripts (System.String[] allScripts) [0x00001] in /Users/bokken/build/output/unity/unity/Editor/Mono/Scripting/ScriptCompilation/EditorCompilationInterface.cs:79 

(Filename: /Users/bokken/build/output/unity/unity/Editor/Mono/Scripting/ScriptCompilation/AssemblyGraphBuilder.cs Line: 85)

Folder 'Packages/com.unity.purchasing/Runtime/Apple/' contains multiple assembly definition files (Packages/com.unity.purchasing/Runtime/Apple/UnityEngine.Purchasing.Apple.asmdef)
Folder 'Packages/com.unity.purchasing/Runtime/Apple/' contains multiple assembly definition files (Packages/com.unity.purchasing/Runtime/Apple/Unity.Purchasing.Apple.asmdef)
Folder 'Packages/com.unity.purchasing/Runtime/SecurityStub/' contains multiple assembly definition files (Packages/com.unity.purchasing/Runtime/SecurityStub/UnityEngine.Purchasing.SecurityStub.asmdef)
Folder 'Packages/com.unity.purchasing/Runtime/SecurityStub/' contains multiple assembly definition files (Packages/com.unity.purchasing/Runtime/SecurityStub/Unity.Purchasing.SecurityStub.asmdef)
Folder 'Packages/com.unity.purchasing/Runtime/Security/' contains multiple assembly definition files (Packages/com.unity.purchasing/Runtime/Security/Unity.Purchasing.Security.asmdef)
Folder 'Packages/com.unity.purchasing/Runtime/Security/' contains multiple assembly definition files (Packages/com.unity.purchasing/Runtime/Security/UnityEngine.Purchasing.Security.asmdef)
Folder 'Packages/com.unity.purchasing/Runtime/Stores/' contains multiple assembly definition files (Packages/com.unity.purchasing/Runtime/Stores/UnityEngine.Purchasing.Stores.asmdef)
Folder 'Packages/com.unity.purchasing/Runtime/Stores/' contains multiple assembly definition files (Packages/com.unity.purchasing/Runtime/Stores/Unity.Purchasing.Stores.asmdef)
Folder 'Packages/com.unity.purchasing/Runtime/SecurityCore/' contains multiple assembly definition files (Packages/com.unity.purchasing/Runtime/SecurityCore/Unity.Purchasing.SecurityCore.asmdef)
Folder 'Packages/com.unity.purchasing/Runtime/SecurityCore/' contains multiple assembly definition files (Packages/com.unity.purchasing/Runtime/SecurityCore/UnityEngine.Purchasing.SecurityCore.asmdef)
Folder 'Packages/com.unity.purchasing/Runtime/Purchasing/' contains multiple assembly definition files (Packages/com.unity.purchasing/Runtime/Purchasing/UnityEngine.Purchasing.asmdef)
Folder 'Packages/com.unity.purchasing/Runtime/Purchasing/' contains multiple assembly definition files (Packages/com.unity.purchasing/Runtime/Purchasing/Unity.Purchasing.asmdef)
Folder 'Packages/com.unity.purchasing/Runtime/AppleMacosStub/' contains multiple assembly definition files (Packages/com.unity.purchasing/Runtime/AppleMacosStub/UnityEngine.Purchasing.AppleMacosStub.asmdef)
Folder 'Packages/com.unity.purchasing/Runtime/AppleMacosStub/' contains multiple assembly definition files (Packages/com.unity.purchasing/Runtime/AppleMacosStub/Unity.Purchasing.AppleMacosStub.asmdef)
Folder 'Packages/com.unity.purchasing/Runtime/AppleStub/' contains multiple assembly definition files (Packages/com.unity.purchasing/Runtime/AppleStub/Unity.Purchasing.AppleStub.asmdef)
Folder 'Packages/com.unity.purchasing/Runtime/AppleStub/' contains multiple assembly definition files (Packages/com.unity.purchasing/Runtime/AppleStub/UnityEngine.Purchasing.AppleStub.asmdef)
Folder 'Packages/com.unity.purchasing/Runtime/AppleMacos/' contains multiple assembly definition files (Packages/com.unity.purchasing/Runtime/AppleMacos/UnityEngine.Purchasing.AppleMacos.asmdef)
Folder 'Packages/com.unity.purchasing/Runtime/AppleMacos/' contains multiple assembly definition files (Packages/com.unity.purchasing/Runtime/AppleMacos/Unity.Purchasing.AppleMacos.asmdef)
Folder 'Packages/com.unity.purchasing/Runtime/Codeless/' contains multiple assembly definition files (Packages/com.unity.purchasing/Runtime/Codeless/Unity.Purchasing.Codeless.asmdef)
Folder 'Packages/com.unity.purchasing/Runtime/Codeless/' contains multiple assembly definition files (Packages/com.unity.purchasing/Runtime/Codeless/UnityEngine.Purchasing.Codeless.asmdef)
ArgumentException: An item with the same key has already been added. Key: 400f2260dd8d285419d1db99999109aa
  at System.Collections.Generic.Dictionary`2[TKey,TValue].TryInsert (TKey key, TValue value, System.Collections.Generic.InsertionBehavior behavior) [0x0015a] in <c5eeda5e65d44b388e164c6c5cfe0702>:0 
  at System.Collections.Generic.Dictionary`2[TKey,TValue].Add (TKey key, TValue value) [0x00000] in <c5eeda5e65d44b388e164c6c5cfe0702>:0 
  at System.Linq.Enumerable.ToDictionary[TSource,TKey,TElement] (TSource[] source, System.Func`2[T,TResult] keySelector, System.Func`2[T,TResult] elementSelector, System.Collections.Generic.IEqualityComparer`1[T] comparer) [0x00029] in <8203c5af529241e2a5cc4b3c5a3dc69a>:0 
  at System.Linq.Enumerable.ToDictionary[TSource,TKey,TElement] (System.Collections.Generic.IEnumerable`1[T] source, System.Func`2[T,TResult] keySelector, System.Func`2[T,TResult] elementSelector, System.Collections.Generic.IEqualityComparer`1[T] comparer) [0x00051] in <8203c5af529241e2a5cc4b3c5a3dc69a>:0 
  at System.Linq.Enumerable.ToDictionary[TSource,TKey,TElement] (System.Collections.Generic.IEnumerable`1[T] source, System.Func`2[T,TResult] keySelector, System.Func`2[T,TResult] elementSelector) [0x00000] in <8203c5af529241e2a5cc4b3c5a3dc69a>:0 
  at UnityEditor.Scripting.ScriptCompilation.AssemblyGraphBuilder.Initialize (System.Collections.Generic.IReadOnlyCollection`1[T] assemblies, System.Collections.Generic.IReadOnlyCollection`1[T] customScriptAssemblyReferences) [0x00046] in /Users/bokken/build/output/unity/unity/Editor/Mono/Scripting/ScriptCompilation/AssemblyGraphBuilder.cs:85 
  at UnityEditor.Scripting.ScriptCompilation.AssemblyGraphBuilderFactory.GetOrCreate (System.String projectPath, System.Collections.Generic.IReadOnlyCollection`1[T] assemblies, System.Collections.Generic.IReadOnlyCollection`1[T] customScriptAssemblyReferences) [0x00038] in /Users/bokken/build/output/unity/unity/Editor/Mono/Scripting/ScriptCompilation/AssemblyGraphBuilderFactory.cs:54 
  at UnityEditor.Scripting.ScriptCompilation.EditorCompilation.GetAssemblyGraphBuilder () [0x00001] in /Users/bokken/build/output/unity/unity/Editor/Mono/Scripting/ScriptCompilation/EditorCompilation.cs:170 
  at UnityEditor.Scripting.ScriptCompilation.EditorCompilation.SetAllScripts (System.String[] allScripts) [0x0000d] in /Users/bokken/build/output/unity/unity/Editor/Mono/Scripting/ScriptCompilation/EditorCompilation.cs:178 
  at UnityEditor.Scripting.ScriptCompilation.EditorCompilationInterface.SetAllScripts (System.String[] allScripts) [0x00001] in /Users/bokken/build/output/unity/unity/Editor/Mono/Scripting/ScriptCompilation/EditorCompilationInterface.cs:79 

(Filename: /Users/bokken/build/output/unity/unity/Editor/Mono/Scripting/ScriptCompilation/AssemblyGraphBuilder.cs Line: 85)

Begin MonoManager ReloadAssembly
Thread 0x16d6ff000 may have been prematurely finalized
Symbol file LoadedFromMemory is not a mono symbol file
- Loaded All Assemblies, in  0.507 seconds
Folder 'Packages/com.unity.purchasing/Runtime/Apple/' contains multiple assembly definition files (Packages/com.unity.purchasing/Runtime/Apple/UnityEngine.Purchasing.Apple.asmdef)
Folder 'Packages/com.unity.purchasing/Runtime/Apple/' contains multiple assembly definition files (Packages/com.unity.purchasing/Runtime/Apple/Unity.Purchasing.Apple.asmdef)
Folder 'Packages/com.unity.purchasing/Runtime/SecurityStub/' contains multiple assembly definition files (Packages/com.unity.purchasing/Runtime/SecurityStub/UnityEngine.Purchasing.SecurityStub.asmdef)
Folder 'Packages/com.unity.purchasing/Runtime/SecurityStub/' contains multiple assembly definition files (Packages/com.unity.purchasing/Runtime/SecurityStub/Unity.Purchasing.SecurityStub.asmdef)
Folder 'Packages/com.unity.purchasing/Runtime/Security/' contains multiple assembly definition files (Packages/com.unity.purchasing/Runtime/Security/Unity.Purchasing.Security.asmdef)
Folder 'Packages/com.unity.purchasing/Runtime/Security/' contains multiple assembly definition files (Packages/com.unity.purchasing/Runtime/Security/UnityEngine.Purchasing.Security.asmdef)
Folder 'Packages/com.unity.purchasing/Runtime/Stores/' contains multiple assembly definition files (Packages/com.unity.purchasing/Runtime/Stores/UnityEngine.Purchasing.Stores.asmdef)
Folder 'Packages/com.unity.purchasing/Runtime/Stores/' contains multiple assembly definition files (Packages/com.unity.purchasing/Runtime/Stores/Unity.Purchasing.Stores.asmdef)
Folder 'Packages/com.unity.purchasing/Runtime/SecurityCore/' contains multiple assembly definition files (Packages/com.unity.purchasing/Runtime/SecurityCore/Unity.Purchasing.SecurityCore.asmdef)
Folder 'Packages/com.unity.purchasing/Runtime/SecurityCore/' contains multiple assembly definition files (Packages/com.unity.purchasing/Runtime/SecurityCore/UnityEngine.Purchasing.SecurityCore.asmdef)
Folder 'Packages/com.unity.purchasing/Runtime/Purchasing/' contains multiple assembly definition files (Packages/com.unity.purchasing/Runtime/Purchasing/UnityEngine.Purchasing.asmdef)
Folder 'Packages/com.unity.purchasing/Runtime/Purchasing/' contains multiple assembly definition files (Packages/com.unity.purchasing/Runtime/Purchasing/Unity.Purchasing.asmdef)
Folder 'Packages/com.unity.purchasing/Runtime/AppleMacosStub/' contains multiple assembly definition files (Packages/com.unity.purchasing/Runtime/AppleMacosStub/UnityEngine.Purchasing.AppleMacosStub.asmdef)
Folder 'Packages/com.unity.purchasing/Runtime/AppleMacosStub/' contains multiple assembly definition files (Packages/com.unity.purchasing/Runtime/AppleMacosStub/Unity.Purchasing.AppleMacosStub.asmdef)
Folder 'Packages/com.unity.purchasing/Runtime/AppleStub/' contains multiple assembly definition files (Packages/com.unity.purchasing/Runtime/AppleStub/Unity.Purchasing.AppleStub.asmdef)
Folder 'Packages/com.unity.purchasing/Runtime/AppleStub/' contains multiple assembly definition files (Packages/com.unity.purchasing/Runtime/AppleStub/UnityEngine.Purchasing.AppleStub.asmdef)
Folder 'Packages/com.unity.purchasing/Runtime/AppleMacos/' contains multiple assembly definition files (Packages/com.unity.purchasing/Runtime/AppleMacos/UnityEngine.Purchasing.AppleMacos.asmdef)
Folder 'Packages/com.unity.purchasing/Runtime/AppleMacos/' contains multiple assembly definition files (Packages/com.unity.purchasing/Runtime/AppleMacos/Unity.Purchasing.AppleMacos.asmdef)
Folder 'Packages/com.unity.purchasing/Runtime/Codeless/' contains multiple assembly definition files (Packages/com.unity.purchasing/Runtime/Codeless/Unity.Purchasing.Codeless.asmdef)
Folder 'Packages/com.unity.purchasing/Runtime/Codeless/' contains multiple assembly definition files (Packages/com.unity.purchasing/Runtime/Codeless/UnityEngine.Purchasing.Codeless.asmdef)
ArgumentException: An item with the same key has already been added. Key: 400f2260dd8d285419d1db99999109aa
  at System.Collections.Generic.Dictionary`2[TKey,TValue].TryInsert (TKey key, TValue value, System.Collections.Generic.InsertionBehavior behavior) [0x0015a] in <c5eeda5e65d44b388e164c6c5cfe0702>:0 
  at System.Collections.Generic.Dictionary`2[TKey,TValue].Add (TKey key, TValue value) [0x00000] in <c5eeda5e65d44b388e164c6c5cfe0702>:0 
  at System.Linq.Enumerable.ToDictionary[TSource,TKey,TElement] (TSource[] source, System.Func`2[T,TResult] keySelector, System.Func`2[T,TResult] elementSelector, System.Collections.Generic.IEqualityComparer`1[T] comparer) [0x00029] in <8203c5af529241e2a5cc4b3c5a3dc69a>:0 
  at System.Linq.Enumerable.ToDictionary[TSource,TKey,TElement] (System.Collections.Generic.IEnumerable`1[T] source, System.Func`2[T,TResult] keySelector, System.Func`2[T,TResult] elementSelector, System.Collections.Generic.IEqualityComparer`1[T] comparer) [0x00051] in <8203c5af529241e2a5cc4b3c5a3dc69a>:0 
  at System.Linq.Enumerable.ToDictionary[TSource,TKey,TElement] (System.Collections.Generic.IEnumerable`1[T] source, System.Func`2[T,TResult] keySelector, System.Func`2[T,TResult] elementSelector) [0x00000] in <8203c5af529241e2a5cc4b3c5a3dc69a>:0 
  at UnityEditor.Scripting.ScriptCompilation.AssemblyGraphBuilder.Initialize (System.Collections.Generic.IReadOnlyCollection`1[T] assemblies, System.Collections.Generic.IReadOnlyCollection`1[T] customScriptAssemblyReferences) [0x00046] in /Users/bokken/build/output/unity/unity/Editor/Mono/Scripting/ScriptCompilation/AssemblyGraphBuilder.cs:85 
  at UnityEditor.Scripting.ScriptCompilation.AssemblyGraphBuilderFactory.GetOrCreate (System.String projectPath, System.Collections.Generic.IReadOnlyCollection`1[T] assemblies, System.Collections.Generic.IReadOnlyCollection`1[T] customScriptAssemblyReferences) [0x00038] in /Users/bokken/build/output/unity/unity/Editor/Mono/Scripting/ScriptCompilation/AssemblyGraphBuilderFactory.cs:54 
  at UnityEditor.Scripting.ScriptCompilation.EditorCompilation.GetAssemblyGraphBuilder () [0x00001] in /Users/bokken/build/output/unity/unity/Editor/Mono/Scripting/ScriptCompilation/EditorCompilation.cs:170 
  at UnityEditor.Scripting.ScriptCompilation.EditorCompilation.SetAllScripts (System.String[] allScripts) [0x0000d] in /Users/bokken/build/output/unity/unity/Editor/Mono/Scripting/ScriptCompilation/EditorCompilation.cs:178 
  at UnityEditor.Scripting.ScriptCompilation.EditorCompilationInterface.SetAllScripts (System.String[] allScripts) [0x00001] in /Users/bokken/build/output/unity/unity/Editor/Mono/Scripting/ScriptCompilation/EditorCompilationInterface.cs:79 

(Filename: /Users/bokken/build/output/unity/unity/Editor/Mono/Scripting/ScriptCompilation/AssemblyGraphBuilder.cs Line: 85)

Refreshing native plugins compatible for Editor in 2.92 ms, found 1 plugins.
Native extension for iOS target not found
Native extension for Android target not found
Native extension for OSXStandalone target not found
Native extension for WebGL target not found
Folder 'Packages/com.unity.purchasing/Runtime/Apple/' contains multiple assembly definition files (Packages/com.unity.purchasing/Runtime/Apple/UnityEngine.Purchasing.Apple.asmdef)
Folder 'Packages/com.unity.purchasing/Runtime/Apple/' contains multiple assembly definition files (Packages/com.unity.purchasing/Runtime/Apple/Unity.Purchasing.Apple.asmdef)
Folder 'Packages/com.unity.purchasing/Runtime/SecurityStub/' contains multiple assembly definition files (Packages/com.unity.purchasing/Runtime/SecurityStub/UnityEngine.Purchasing.SecurityStub.asmdef)
Folder 'Packages/com.unity.purchasing/Runtime/SecurityStub/' contains multiple assembly definition files (Packages/com.unity.purchasing/Runtime/SecurityStub/Unity.Purchasing.SecurityStub.asmdef)
Folder 'Packages/com.unity.purchasing/Runtime/Security/' contains multiple assembly definition files (Packages/com.unity.purchasing/Runtime/Security/Unity.Purchasing.Security.asmdef)
Folder 'Packages/com.unity.purchasing/Runtime/Security/' contains multiple assembly definition files (Packages/com.unity.purchasing/Runtime/Security/UnityEngine.Purchasing.Security.asmdef)
Folder 'Packages/com.unity.purchasing/Runtime/Stores/' contains multiple assembly definition files (Packages/com.unity.purchasing/Runtime/Stores/UnityEngine.Purchasing.Stores.asmdef)
Folder 'Packages/com.unity.purchasing/Runtime/Stores/' contains multiple assembly definition files (Packages/com.unity.purchasing/Runtime/Stores/Unity.Purchasing.Stores.asmdef)
Folder 'Packages/com.unity.purchasing/Runtime/SecurityCore/' contains multiple assembly definition files (Packages/com.unity.purchasing/Runtime/SecurityCore/Unity.Purchasing.SecurityCore.asmdef)
Folder 'Packages/com.unity.purchasing/Runtime/SecurityCore/' contains multiple assembly definition files (Packages/com.unity.purchasing/Runtime/SecurityCore/UnityEngine.Purchasing.SecurityCore.asmdef)
Folder 'Packages/com.unity.purchasing/Runtime/Purchasing/' contains multiple assembly definition files (Packages/com.unity.purchasing/Runtime/Purchasing/UnityEngine.Purchasing.asmdef)
Folder 'Packages/com.unity.purchasing/Runtime/Purchasing/' contains multiple assembly definition files (Packages/com.unity.purchasing/Runtime/Purchasing/Unity.Purchasing.asmdef)
Folder 'Packages/com.unity.purchasing/Runtime/AppleMacosStub/' contains multiple assembly definition files (Packages/com.unity.purchasing/Runtime/AppleMacosStub/UnityEngine.Purchasing.AppleMacosStub.asmdef)
Folder 'Packages/com.unity.purchasing/Runtime/AppleMacosStub/' contains multiple assembly definition files (Packages/com.unity.purchasing/Runtime/AppleMacosStub/Unity.Purchasing.AppleMacosStub.asmdef)
Folder 'Packages/com.unity.purchasing/Runtime/AppleStub/' contains multiple assembly definition files (Packages/com.unity.purchasing/Runtime/AppleStub/Unity.Purchasing.AppleStub.asmdef)
Folder 'Packages/com.unity.purchasing/Runtime/AppleStub/' contains multiple assembly definition files (Packages/com.unity.purchasing/Runtime/AppleStub/UnityEngine.Purchasing.AppleStub.asmdef)
Folder 'Packages/com.unity.purchasing/Runtime/AppleMacos/' contains multiple assembly definition files (Packages/com.unity.purchasing/Runtime/AppleMacos/UnityEngine.Purchasing.AppleMacos.asmdef)
Folder 'Packages/com.unity.purchasing/Runtime/AppleMacos/' contains multiple assembly definition files (Packages/com.unity.purchasing/Runtime/AppleMacos/Unity.Purchasing.AppleMacos.asmdef)
Folder 'Packages/com.unity.purchasing/Runtime/Codeless/' contains multiple assembly definition files (Packages/com.unity.purchasing/Runtime/Codeless/Unity.Purchasing.Codeless.asmdef)
Folder 'Packages/com.unity.purchasing/Runtime/Codeless/' contains multiple assembly definition files (Packages/com.unity.purchasing/Runtime/Codeless/UnityEngine.Purchasing.Codeless.asmdef)
ArgumentException: An item with the same key has already been added. Key: 400f2260dd8d285419d1db99999109aa
  at System.Collections.Generic.Dictionary`2[TKey,TValue].TryInsert (TKey key, TValue value, System.Collections.Generic.InsertionBehavior behavior) [0x0015a] in <c5eeda5e65d44b388e164c6c5cfe0702>:0 
  at System.Collections.Generic.Dictionary`2[TKey,TValue].Add (TKey key, TValue value) [0x00000] in <c5eeda5e65d44b388e164c6c5cfe0702>:0 
  at System.Linq.Enumerable.ToDictionary[TSource,TKey,TElement] (TSource[] source, System.Func`2[T,TResult] keySelector, System.Func`2[T,TResult] elementSelector, System.Collections.Generic.IEqualityComparer`1[T] comparer) [0x00029] in <8203c5af529241e2a5cc4b3c5a3dc69a>:0 
  at System.Linq.Enumerable.ToDictionary[TSource,TKey,TElement] (System.Collections.Generic.IEnumerable`1[T] source, System.Func`2[T,TResult] keySelector, System.Func`2[T,TResult] elementSelector, System.Collections.Generic.IEqualityComparer`1[T] comparer) [0x00051] in <8203c5af529241e2a5cc4b3c5a3dc69a>:0 
  at System.Linq.Enumerable.ToDictionary[TSource,TKey,TElement] (System.Collections.Generic.IEnumerable`1[T] source, System.Func`2[T,TResult] keySelector, System.Func`2[T,TResult] elementSelector) [0x00000] in <8203c5af529241e2a5cc4b3c5a3dc69a>:0 
  at UnityEditor.Scripting.ScriptCompilation.AssemblyGraphBuilder.Initialize (System.Collections.Generic.IReadOnlyCollection`1[T] assemblies, System.Collections.Generic.IReadOnlyCollection`1[T] customScriptAssemblyReferences) [0x00046] in /Users/bokken/build/output/unity/unity/Editor/Mono/Scripting/ScriptCompilation/AssemblyGraphBuilder.cs:85 
  at UnityEditor.Scripting.ScriptCompilation.AssemblyGraphBuilderFactory.GetOrCreate (System.String projectPath, System.Collections.Generic.IReadOnlyCollection`1[T] assemblies, System.Collections.Generic.IReadOnlyCollection`1[T] customScriptAssemblyReferences) [0x00038] in /Users/bokken/build/output/unity/unity/Editor/Mono/Scripting/ScriptCompilation/AssemblyGraphBuilderFactory.cs:54 
  at UnityEditor.Scripting.ScriptCompilation.EditorCompilation.GetAssemblyGraphBuilder () [0x00001] in /Users/bokken/build/output/unity/unity/Editor/Mono/Scripting/ScriptCompilation/EditorCompilation.cs:170 
  at UnityEditor.Scripting.ScriptCompilation.EditorCompilation.SetAllScripts (System.String[] allScripts) [0x0000d] in /Users/bokken/build/output/unity/unity/Editor/Mono/Scripting/ScriptCompilation/EditorCompilation.cs:178 
  at UnityEditor.Scripting.ScriptCompilation.EditorCompilationInterface.SetAllScripts (System.String[] allScripts) [0x00001] in /Users/bokken/build/output/unity/unity/Editor/Mono/Scripting/ScriptCompilation/EditorCompilationInterface.cs:79 

(Filename: /Users/bokken/build/output/unity/unity/Editor/Mono/Scripting/ScriptCompilation/AssemblyGraphBuilder.cs Line: 85)

Refreshing native plugins compatible for Editor in 3.59 ms, found 1 plugins.
[Package Manager] Failed to launch server process. Reason: Unity was launched with the -noUpm command-line argument
[Package Manager] Unable to send message (not connected to server process).
[Package Manager] Cannot connect to Unity Package Manager local server
ScheduleIndexationOnStartup MainProcess:False IndexOnStartup:True
Mono: successfully reloaded assembly
- Finished resetting the current domain, in  1.150 seconds
Domain Reload Profiling: 1662ms
	BeginReloadAssembly (115ms)
		ExecutionOrderSort (0ms)
		DisableScriptedObjects (4ms)
		BackupInstance (0ms)
		ReleaseScriptingObjects (0ms)
		CreateAndSetChildDomain (40ms)
	RebuildCommonClasses (27ms)
	RebuildNativeTypeToScriptingClass (11ms)
	initialDomainReloadingComplete (16ms)
	LoadAllAssembliesAndSetupDomain (343ms)
		LoadAssemblies (238ms)
		RebuildTransferFunctionScriptingTraits (0ms)
		AnalyzeDomain (133ms)
			TypeCache.Refresh (8ms)
				TypeCache.ScanAssembly (0ms)
			BuildScriptInfoCaches (120ms)
			ResolveRequiredComponents (3ms)
	FinalizeReload (1151ms)
		ReleaseScriptCaches (0ms)
		RebuildScriptCaches (0ms)
		SetupLoadedEditorAssemblies (1047ms)
			LogAssemblyErrors (0ms)
			InitializePlatformSupportModulesInManaged (15ms)
			SetLoadedEditorAssemblies (4ms)
			BeforeProcessingInitializeOnLoad (107ms)
			ProcessInitializeOnLoadAttributes (811ms)
			ProcessInitializeOnLoadMethodAttributes (109ms)
			AfterProcessingInitializeOnLoad (1ms)
			EditorAssembliesLoaded (0ms)
		ExecutionOrderSort2 (0ms)
		AwakeInstancesAfterBackupRestoration (4ms)
Refreshing native plugins compatible for Editor in 3.10 ms, found 1 plugins.
Preloading 0 native plugins for Editor in 0.00 ms.
Unloading 29 Unused Serialized files (Serialized files now loaded: 0)
Unloading 6234 unused Assets / (3.3 MB). Loaded Objects now: 6940.
Memory consumption went from 142.2 MB to 138.9 MB.
Total: 21.498833 ms (FindLiveObjects: 0.334042 ms CreateObjectMapping: 0.196250 ms MarkObjects: 19.527792 ms  DeleteObjects: 1.439916 ms)

Prepare: number of updated asset objects reloaded= 0
========================================================================
Received Prepare
[Licensing::Client] Successfully resolved entitlement details
Folder 'Packages/com.unity.purchasing/Runtime/Apple/' contains multiple assembly definition files (Packages/com.unity.purchasing/Runtime/Apple/UnityEngine.Purchasing.Apple.asmdef)
Folder 'Packages/com.unity.purchasing/Runtime/Apple/' contains multiple assembly definition files (Packages/com.unity.purchasing/Runtime/Apple/Unity.Purchasing.Apple.asmdef)
Folder 'Packages/com.unity.purchasing/Runtime/SecurityStub/' contains multiple assembly definition files (Packages/com.unity.purchasing/Runtime/SecurityStub/UnityEngine.Purchasing.SecurityStub.asmdef)
Folder 'Packages/com.unity.purchasing/Runtime/SecurityStub/' contains multiple assembly definition files (Packages/com.unity.purchasing/Runtime/SecurityStub/Unity.Purchasing.SecurityStub.asmdef)
Folder 'Packages/com.unity.purchasing/Runtime/Security/' contains multiple assembly definition files (Packages/com.unity.purchasing/Runtime/Security/Unity.Purchasing.Security.asmdef)
Folder 'Packages/com.unity.purchasing/Runtime/Security/' contains multiple assembly definition files (Packages/com.unity.purchasing/Runtime/Security/UnityEngine.Purchasing.Security.asmdef)
Folder 'Packages/com.unity.purchasing/Runtime/Stores/' contains multiple assembly definition files (Packages/com.unity.purchasing/Runtime/Stores/UnityEngine.Purchasing.Stores.asmdef)
Folder 'Packages/com.unity.purchasing/Runtime/Stores/' contains multiple assembly definition files (Packages/com.unity.purchasing/Runtime/Stores/Unity.Purchasing.Stores.asmdef)
Folder 'Packages/com.unity.purchasing/Runtime/SecurityCore/' contains multiple assembly definition files (Packages/com.unity.purchasing/Runtime/SecurityCore/Unity.Purchasing.SecurityCore.asmdef)
Folder 'Packages/com.unity.purchasing/Runtime/SecurityCore/' contains multiple assembly definition files (Packages/com.unity.purchasing/Runtime/SecurityCore/UnityEngine.Purchasing.SecurityCore.asmdef)
Folder 'Packages/com.unity.purchasing/Runtime/Purchasing/' contains multiple assembly definition files (Packages/com.unity.purchasing/Runtime/Purchasing/UnityEngine.Purchasing.asmdef)
Folder 'Packages/com.unity.purchasing/Runtime/Purchasing/' contains multiple assembly definition files (Packages/com.unity.purchasing/Runtime/Purchasing/Unity.Purchasing.asmdef)
Folder 'Packages/com.unity.purchasing/Runtime/AppleMacosStub/' contains multiple assembly definition files (Packages/com.unity.purchasing/Runtime/AppleMacosStub/UnityEngine.Purchasing.AppleMacosStub.asmdef)
Folder 'Packages/com.unity.purchasing/Runtime/AppleMacosStub/' contains multiple assembly definition files (Packages/com.unity.purchasing/Runtime/AppleMacosStub/Unity.Purchasing.AppleMacosStub.asmdef)
Folder 'Packages/com.unity.purchasing/Runtime/AppleStub/' contains multiple assembly definition files (Packages/com.unity.purchasing/Runtime/AppleStub/Unity.Purchasing.AppleStub.asmdef)
Folder 'Packages/com.unity.purchasing/Runtime/AppleStub/' contains multiple assembly definition files (Packages/com.unity.purchasing/Runtime/AppleStub/UnityEngine.Purchasing.AppleStub.asmdef)
Folder 'Packages/com.unity.purchasing/Runtime/AppleMacos/' contains multiple assembly definition files (Packages/com.unity.purchasing/Runtime/AppleMacos/UnityEngine.Purchasing.AppleMacos.asmdef)
Folder 'Packages/com.unity.purchasing/Runtime/AppleMacos/' contains multiple assembly definition files (Packages/com.unity.purchasing/Runtime/AppleMacos/Unity.Purchasing.AppleMacos.asmdef)
Folder 'Packages/com.unity.purchasing/Runtime/Codeless/' contains multiple assembly definition files (Packages/com.unity.purchasing/Runtime/Codeless/Unity.Purchasing.Codeless.asmdef)
Folder 'Packages/com.unity.purchasing/Runtime/Codeless/' contains multiple assembly definition files (Packages/com.unity.purchasing/Runtime/Codeless/UnityEngine.Purchasing.Codeless.asmdef)
ArgumentException: An item with the same key has already been added. Key: 400f2260dd8d285419d1db99999109aa
  at System.Collections.Generic.Dictionary`2[TKey,TValue].TryInsert (TKey key, TValue value, System.Collections.Generic.InsertionBehavior behavior) [0x0015a] in <c5eeda5e65d44b388e164c6c5cfe0702>:0 
  at System.Collections.Generic.Dictionary`2[TKey,TValue].Add (TKey key, TValue value) [0x00000] in <c5eeda5e65d44b388e164c6c5cfe0702>:0 
  at System.Linq.Enumerable.ToDictionary[TSource,TKey,TElement] (TSource[] source, System.Func`2[T,TResult] keySelector, System.Func`2[T,TResult] elementSelector, System.Collections.Generic.IEqualityComparer`1[T] comparer) [0x00029] in <8203c5af529241e2a5cc4b3c5a3dc69a>:0 
  at System.Linq.Enumerable.ToDictionary[TSource,TKey,TElement] (System.Collections.Generic.IEnumerable`1[T] source, System.Func`2[T,TResult] keySelector, System.Func`2[T,TResult] elementSelector, System.Collections.Generic.IEqualityComparer`1[T] comparer) [0x00051] in <8203c5af529241e2a5cc4b3c5a3dc69a>:0 
  at System.Linq.Enumerable.ToDictionary[TSource,TKey,TElement] (System.Collections.Generic.IEnumerable`1[T] source, System.Func`2[T,TResult] keySelector, System.Func`2[T,TResult] elementSelector) [0x00000] in <8203c5af529241e2a5cc4b3c5a3dc69a>:0 
  at UnityEditor.Scripting.ScriptCompilation.AssemblyGraphBuilder.Initialize (System.Collections.Generic.IReadOnlyCollection`1[T] assemblies, System.Collections.Generic.IReadOnlyCollection`1[T] customScriptAssemblyReferences) [0x00046] in /Users/bokken/build/output/unity/unity/Editor/Mono/Scripting/ScriptCompilation/AssemblyGraphBuilder.cs:85 
  at UnityEditor.Scripting.ScriptCompilation.AssemblyGraphBuilderFactory.GetOrCreate (System.String projectPath, System.Collections.Generic.IReadOnlyCollection`1[T] assemblies, System.Collections.Generic.IReadOnlyCollection`1[T] customScriptAssemblyReferences) [0x00038] in /Users/bokken/build/output/unity/unity/Editor/Mono/Scripting/ScriptCompilation/AssemblyGraphBuilderFactory.cs:54 
  at UnityEditor.Scripting.ScriptCompilation.EditorCompilation.GetAssemblyGraphBuilder () [0x00001] in /Users/bokken/build/output/unity/unity/Editor/Mono/Scripting/ScriptCompilation/EditorCompilation.cs:170 
  at UnityEditor.Scripting.ScriptCompilation.EditorCompilation.SetAllScripts (System.String[] allScripts) [0x0000d] in /Users/bokken/build/output/unity/unity/Editor/Mono/Scripting/ScriptCompilation/EditorCompilation.cs:178 
  at UnityEditor.Scripting.ScriptCompilation.EditorCompilationInterface.SetAllScripts (System.String[] allScripts) [0x00001] in /Users/bokken/build/output/unity/unity/Editor/Mono/Scripting/ScriptCompilation/EditorCompilationInterface.cs:79 

(Filename: /Users/bokken/build/output/unity/unity/Editor/Mono/Scripting/ScriptCompilation/AssemblyGraphBuilder.cs Line: 85)

Folder 'Packages/com.unity.purchasing/Runtime/Apple/' contains multiple assembly definition files (Packages/com.unity.purchasing/Runtime/Apple/UnityEngine.Purchasing.Apple.asmdef)
Folder 'Packages/com.unity.purchasing/Runtime/Apple/' contains multiple assembly definition files (Packages/com.unity.purchasing/Runtime/Apple/Unity.Purchasing.Apple.asmdef)
Folder 'Packages/com.unity.purchasing/Runtime/SecurityStub/' contains multiple assembly definition files (Packages/com.unity.purchasing/Runtime/SecurityStub/UnityEngine.Purchasing.SecurityStub.asmdef)
Folder 'Packages/com.unity.purchasing/Runtime/SecurityStub/' contains multiple assembly definition files (Packages/com.unity.purchasing/Runtime/SecurityStub/Unity.Purchasing.SecurityStub.asmdef)
Folder 'Packages/com.unity.purchasing/Runtime/Security/' contains multiple assembly definition files (Packages/com.unity.purchasing/Runtime/Security/Unity.Purchasing.Security.asmdef)
Folder 'Packages/com.unity.purchasing/Runtime/Security/' contains multiple assembly definition files (Packages/com.unity.purchasing/Runtime/Security/UnityEngine.Purchasing.Security.asmdef)
Folder 'Packages/com.unity.purchasing/Runtime/Stores/' contains multiple assembly definition files (Packages/com.unity.purchasing/Runtime/Stores/UnityEngine.Purchasing.Stores.asmdef)
Folder 'Packages/com.unity.purchasing/Runtime/Stores/' contains multiple assembly definition files (Packages/com.unity.purchasing/Runtime/Stores/Unity.Purchasing.Stores.asmdef)
Folder 'Packages/com.unity.purchasing/Runtime/SecurityCore/' contains multiple assembly definition files (Packages/com.unity.purchasing/Runtime/SecurityCore/Unity.Purchasing.SecurityCore.asmdef)
Folder 'Packages/com.unity.purchasing/Runtime/SecurityCore/' contains multiple assembly definition files (Packages/com.unity.purchasing/Runtime/SecurityCore/UnityEngine.Purchasing.SecurityCore.asmdef)
Folder 'Packages/com.unity.purchasing/Runtime/Purchasing/' contains multiple assembly definition files (Packages/com.unity.purchasing/Runtime/Purchasing/UnityEngine.Purchasing.asmdef)
Folder 'Packages/com.unity.purchasing/Runtime/Purchasing/' contains multiple assembly definition files (Packages/com.unity.purchasing/Runtime/Purchasing/Unity.Purchasing.asmdef)
Folder 'Packages/com.unity.purchasing/Runtime/AppleMacosStub/' contains multiple assembly definition files (Packages/com.unity.purchasing/Runtime/AppleMacosStub/UnityEngine.Purchasing.AppleMacosStub.asmdef)
Folder 'Packages/com.unity.purchasing/Runtime/AppleMacosStub/' contains multiple assembly definition files (Packages/com.unity.purchasing/Runtime/AppleMacosStub/Unity.Purchasing.AppleMacosStub.asmdef)
Folder 'Packages/com.unity.purchasing/Runtime/AppleStub/' contains multiple assembly definition files (Packages/com.unity.purchasing/Runtime/AppleStub/Unity.Purchasing.AppleStub.asmdef)
Folder 'Packages/com.unity.purchasing/Runtime/AppleStub/' contains multiple assembly definition files (Packages/com.unity.purchasing/Runtime/AppleStub/UnityEngine.Purchasing.AppleStub.asmdef)
Folder 'Packages/com.unity.purchasing/Runtime/AppleMacos/' contains multiple assembly definition files (Packages/com.unity.purchasing/Runtime/AppleMacos/UnityEngine.Purchasing.AppleMacos.asmdef)
Folder 'Packages/com.unity.purchasing/Runtime/AppleMacos/' contains multiple assembly definition files (Packages/com.unity.purchasing/Runtime/AppleMacos/Unity.Purchasing.AppleMacos.asmdef)
Folder 'Packages/com.unity.purchasing/Runtime/Codeless/' contains multiple assembly definition files (Packages/com.unity.purchasing/Runtime/Codeless/Unity.Purchasing.Codeless.asmdef)
Folder 'Packages/com.unity.purchasing/Runtime/Codeless/' contains multiple assembly definition files (Packages/com.unity.purchasing/Runtime/Codeless/UnityEngine.Purchasing.Codeless.asmdef)
ArgumentException: An item with the same key has already been added. Key: 400f2260dd8d285419d1db99999109aa
  at System.Collections.Generic.Dictionary`2[TKey,TValue].TryInsert (TKey key, TValue value, System.Collections.Generic.InsertionBehavior behavior) [0x0015a] in <c5eeda5e65d44b388e164c6c5cfe0702>:0 
  at System.Collections.Generic.Dictionary`2[TKey,TValue].Add (TKey key, TValue value) [0x00000] in <c5eeda5e65d44b388e164c6c5cfe0702>:0 
  at System.Linq.Enumerable.ToDictionary[TSource,TKey,TElement] (TSource[] source, System.Func`2[T,TResult] keySelector, System.Func`2[T,TResult] elementSelector, System.Collections.Generic.IEqualityComparer`1[T] comparer) [0x00029] in <8203c5af529241e2a5cc4b3c5a3dc69a>:0 
  at System.Linq.Enumerable.ToDictionary[TSource,TKey,TElement] (System.Collections.Generic.IEnumerable`1[T] source, System.Func`2[T,TResult] keySelector, System.Func`2[T,TResult] elementSelector, System.Collections.Generic.IEqualityComparer`1[T] comparer) [0x00051] in <8203c5af529241e2a5cc4b3c5a3dc69a>:0 
  at System.Linq.Enumerable.ToDictionary[TSource,TKey,TElement] (System.Collections.Generic.IEnumerable`1[T] source, System.Func`2[T,TResult] keySelector, System.Func`2[T,TResult] elementSelector) [0x00000] in <8203c5af529241e2a5cc4b3c5a3dc69a>:0 
  at UnityEditor.Scripting.ScriptCompilation.AssemblyGraphBuilder.Initialize (System.Collections.Generic.IReadOnlyCollection`1[T] assemblies, System.Collections.Generic.IReadOnlyCollection`1[T] customScriptAssemblyReferences) [0x00046] in /Users/bokken/build/output/unity/unity/Editor/Mono/Scripting/ScriptCompilation/AssemblyGraphBuilder.cs:85 
  at UnityEditor.Scripting.ScriptCompilation.AssemblyGraphBuilderFactory.GetOrCreate (System.String projectPath, System.Collections.Generic.IReadOnlyCollection`1[T] assemblies, System.Collections.Generic.IReadOnlyCollection`1[T] customScriptAssemblyReferences) [0x00038] in /Users/bokken/build/output/unity/unity/Editor/Mono/Scripting/ScriptCompilation/AssemblyGraphBuilderFactory.cs:54 
  at UnityEditor.Scripting.ScriptCompilation.EditorCompilation.GetAssemblyGraphBuilder () [0x00001] in /Users/bokken/build/output/unity/unity/Editor/Mono/Scripting/ScriptCompilation/EditorCompilation.cs:170 
  at UnityEditor.Scripting.ScriptCompilation.EditorCompilation.SetAllScripts (System.String[] allScripts) [0x0000d] in /Users/bokken/build/output/unity/unity/Editor/Mono/Scripting/ScriptCompilation/EditorCompilation.cs:178 
  at UnityEditor.Scripting.ScriptCompilation.EditorCompilationInterface.SetAllScripts (System.String[] allScripts) [0x00001] in /Users/bokken/build/output/unity/unity/Editor/Mono/Scripting/ScriptCompilation/EditorCompilationInterface.cs:79 

(Filename: /Users/bokken/build/output/unity/unity/Editor/Mono/Scripting/ScriptCompilation/AssemblyGraphBuilder.cs Line: 85)

Begin MonoManager ReloadAssembly
[Licensing::Client] Successfully resolved entitlement details
Thread 0x16d6ff000 may have been prematurely finalized
Symbol file LoadedFromMemory is not a mono symbol file
- Loaded All Assemblies, in  0.496 seconds
Folder 'Packages/com.unity.purchasing/Runtime/Apple/' contains multiple assembly definition files (Packages/com.unity.purchasing/Runtime/Apple/UnityEngine.Purchasing.Apple.asmdef)
Folder 'Packages/com.unity.purchasing/Runtime/Apple/' contains multiple assembly definition files (Packages/com.unity.purchasing/Runtime/Apple/Unity.Purchasing.Apple.asmdef)
Folder 'Packages/com.unity.purchasing/Runtime/SecurityStub/' contains multiple assembly definition files (Packages/com.unity.purchasing/Runtime/SecurityStub/UnityEngine.Purchasing.SecurityStub.asmdef)
Folder 'Packages/com.unity.purchasing/Runtime/SecurityStub/' contains multiple assembly definition files (Packages/com.unity.purchasing/Runtime/SecurityStub/Unity.Purchasing.SecurityStub.asmdef)
Folder 'Packages/com.unity.purchasing/Runtime/Security/' contains multiple assembly definition files (Packages/com.unity.purchasing/Runtime/Security/Unity.Purchasing.Security.asmdef)
Folder 'Packages/com.unity.purchasing/Runtime/Security/' contains multiple assembly definition files (Packages/com.unity.purchasing/Runtime/Security/UnityEngine.Purchasing.Security.asmdef)
Folder 'Packages/com.unity.purchasing/Runtime/Stores/' contains multiple assembly definition files (Packages/com.unity.purchasing/Runtime/Stores/UnityEngine.Purchasing.Stores.asmdef)
Folder 'Packages/com.unity.purchasing/Runtime/Stores/' contains multiple assembly definition files (Packages/com.unity.purchasing/Runtime/Stores/Unity.Purchasing.Stores.asmdef)
Folder 'Packages/com.unity.purchasing/Runtime/SecurityCore/' contains multiple assembly definition files (Packages/com.unity.purchasing/Runtime/SecurityCore/Unity.Purchasing.SecurityCore.asmdef)
Folder 'Packages/com.unity.purchasing/Runtime/SecurityCore/' contains multiple assembly definition files (Packages/com.unity.purchasing/Runtime/SecurityCore/UnityEngine.Purchasing.SecurityCore.asmdef)
Folder 'Packages/com.unity.purchasing/Runtime/Purchasing/' contains multiple assembly definition files (Packages/com.unity.purchasing/Runtime/Purchasing/UnityEngine.Purchasing.asmdef)
Folder 'Packages/com.unity.purchasing/Runtime/Purchasing/' contains multiple assembly definition files (Packages/com.unity.purchasing/Runtime/Purchasing/Unity.Purchasing.asmdef)
Folder 'Packages/com.unity.purchasing/Runtime/AppleMacosStub/' contains multiple assembly definition files (Packages/com.unity.purchasing/Runtime/AppleMacosStub/UnityEngine.Purchasing.AppleMacosStub.asmdef)
Folder 'Packages/com.unity.purchasing/Runtime/AppleMacosStub/' contains multiple assembly definition files (Packages/com.unity.purchasing/Runtime/AppleMacosStub/Unity.Purchasing.AppleMacosStub.asmdef)
Folder 'Packages/com.unity.purchasing/Runtime/AppleStub/' contains multiple assembly definition files (Packages/com.unity.purchasing/Runtime/AppleStub/Unity.Purchasing.AppleStub.asmdef)
Folder 'Packages/com.unity.purchasing/Runtime/AppleStub/' contains multiple assembly definition files (Packages/com.unity.purchasing/Runtime/AppleStub/UnityEngine.Purchasing.AppleStub.asmdef)
Folder 'Packages/com.unity.purchasing/Runtime/AppleMacos/' contains multiple assembly definition files (Packages/com.unity.purchasing/Runtime/AppleMacos/UnityEngine.Purchasing.AppleMacos.asmdef)
Folder 'Packages/com.unity.purchasing/Runtime/AppleMacos/' contains multiple assembly definition files (Packages/com.unity.purchasing/Runtime/AppleMacos/Unity.Purchasing.AppleMacos.asmdef)
Folder 'Packages/com.unity.purchasing/Runtime/Codeless/' contains multiple assembly definition files (Packages/com.unity.purchasing/Runtime/Codeless/Unity.Purchasing.Codeless.asmdef)
Folder 'Packages/com.unity.purchasing/Runtime/Codeless/' contains multiple assembly definition files (Packages/com.unity.purchasing/Runtime/Codeless/UnityEngine.Purchasing.Codeless.asmdef)
ArgumentException: An item with the same key has already been added. Key: 400f2260dd8d285419d1db99999109aa
  at System.Collections.Generic.Dictionary`2[TKey,TValue].TryInsert (TKey key, TValue value, System.Collections.Generic.InsertionBehavior behavior) [0x0015a] in <c5eeda5e65d44b388e164c6c5cfe0702>:0 
  at System.Collections.Generic.Dictionary`2[TKey,TValue].Add (TKey key, TValue value) [0x00000] in <c5eeda5e65d44b388e164c6c5cfe0702>:0 
  at System.Linq.Enumerable.ToDictionary[TSource,TKey,TElement] (TSource[] source, System.Func`2[T,TResult] keySelector, System.Func`2[T,TResult] elementSelector, System.Collections.Generic.IEqualityComparer`1[T] comparer) [0x00029] in <8203c5af529241e2a5cc4b3c5a3dc69a>:0 
  at System.Linq.Enumerable.ToDictionary[TSource,TKey,TElement] (System.Collections.Generic.IEnumerable`1[T] source, System.Func`2[T,TResult] keySelector, System.Func`2[T,TResult] elementSelector, System.Collections.Generic.IEqualityComparer`1[T] comparer) [0x00051] in <8203c5af529241e2a5cc4b3c5a3dc69a>:0 
  at System.Linq.Enumerable.ToDictionary[TSource,TKey,TElement] (System.Collections.Generic.IEnumerable`1[T] source, System.Func`2[T,TResult] keySelector, System.Func`2[T,TResult] elementSelector) [0x00000] in <8203c5af529241e2a5cc4b3c5a3dc69a>:0 
  at UnityEditor.Scripting.ScriptCompilation.AssemblyGraphBuilder.Initialize (System.Collections.Generic.IReadOnlyCollection`1[T] assemblies, System.Collections.Generic.IReadOnlyCollection`1[T] customScriptAssemblyReferences) [0x00046] in /Users/bokken/build/output/unity/unity/Editor/Mono/Scripting/ScriptCompilation/AssemblyGraphBuilder.cs:85 
  at UnityEditor.Scripting.ScriptCompilation.AssemblyGraphBuilderFactory.GetOrCreate (System.String projectPath, System.Collections.Generic.IReadOnlyCollection`1[T] assemblies, System.Collections.Generic.IReadOnlyCollection`1[T] customScriptAssemblyReferences) [0x00038] in /Users/bokken/build/output/unity/unity/Editor/Mono/Scripting/ScriptCompilation/AssemblyGraphBuilderFactory.cs:54 
  at UnityEditor.Scripting.ScriptCompilation.EditorCompilation.GetAssemblyGraphBuilder () [0x00001] in /Users/bokken/build/output/unity/unity/Editor/Mono/Scripting/ScriptCompilation/EditorCompilation.cs:170 
  at UnityEditor.Scripting.ScriptCompilation.EditorCompilation.SetAllScripts (System.String[] allScripts) [0x0000d] in /Users/bokken/build/output/unity/unity/Editor/Mono/Scripting/ScriptCompilation/EditorCompilation.cs:178 
  at UnityEditor.Scripting.ScriptCompilation.EditorCompilationInterface.SetAllScripts (System.String[] allScripts) [0x00001] in /Users/bokken/build/output/unity/unity/Editor/Mono/Scripting/ScriptCompilation/EditorCompilationInterface.cs:79 

(Filename: /Users/bokken/build/output/unity/unity/Editor/Mono/Scripting/ScriptCompilation/AssemblyGraphBuilder.cs Line: 85)

Refreshing native plugins compatible for Editor in 2.93 ms, found 1 plugins.
Native extension for iOS target not found
Native extension for Android target not found
Native extension for OSXStandalone target not found
Native extension for WebGL target not found
Folder 'Packages/com.unity.purchasing/Runtime/Apple/' contains multiple assembly definition files (Packages/com.unity.purchasing/Runtime/Apple/UnityEngine.Purchasing.Apple.asmdef)
Folder 'Packages/com.unity.purchasing/Runtime/Apple/' contains multiple assembly definition files (Packages/com.unity.purchasing/Runtime/Apple/Unity.Purchasing.Apple.asmdef)
Folder 'Packages/com.unity.purchasing/Runtime/SecurityStub/' contains multiple assembly definition files (Packages/com.unity.purchasing/Runtime/SecurityStub/UnityEngine.Purchasing.SecurityStub.asmdef)
Folder 'Packages/com.unity.purchasing/Runtime/SecurityStub/' contains multiple assembly definition files (Packages/com.unity.purchasing/Runtime/SecurityStub/Unity.Purchasing.SecurityStub.asmdef)
Folder 'Packages/com.unity.purchasing/Runtime/Security/' contains multiple assembly definition files (Packages/com.unity.purchasing/Runtime/Security/Unity.Purchasing.Security.asmdef)
Folder 'Packages/com.unity.purchasing/Runtime/Security/' contains multiple assembly definition files (Packages/com.unity.purchasing/Runtime/Security/UnityEngine.Purchasing.Security.asmdef)
Folder 'Packages/com.unity.purchasing/Runtime/Stores/' contains multiple assembly definition files (Packages/com.unity.purchasing/Runtime/Stores/UnityEngine.Purchasing.Stores.asmdef)
Folder 'Packages/com.unity.purchasing/Runtime/Stores/' contains multiple assembly definition files (Packages/com.unity.purchasing/Runtime/Stores/Unity.Purchasing.Stores.asmdef)
Folder 'Packages/com.unity.purchasing/Runtime/SecurityCore/' contains multiple assembly definition files (Packages/com.unity.purchasing/Runtime/SecurityCore/Unity.Purchasing.SecurityCore.asmdef)
Folder 'Packages/com.unity.purchasing/Runtime/SecurityCore/' contains multiple assembly definition files (Packages/com.unity.purchasing/Runtime/SecurityCore/UnityEngine.Purchasing.SecurityCore.asmdef)
Folder 'Packages/com.unity.purchasing/Runtime/Purchasing/' contains multiple assembly definition files (Packages/com.unity.purchasing/Runtime/Purchasing/UnityEngine.Purchasing.asmdef)
Folder 'Packages/com.unity.purchasing/Runtime/Purchasing/' contains multiple assembly definition files (Packages/com.unity.purchasing/Runtime/Purchasing/Unity.Purchasing.asmdef)
Folder 'Packages/com.unity.purchasing/Runtime/AppleMacosStub/' contains multiple assembly definition files (Packages/com.unity.purchasing/Runtime/AppleMacosStub/UnityEngine.Purchasing.AppleMacosStub.asmdef)
Folder 'Packages/com.unity.purchasing/Runtime/AppleMacosStub/' contains multiple assembly definition files (Packages/com.unity.purchasing/Runtime/AppleMacosStub/Unity.Purchasing.AppleMacosStub.asmdef)
Folder 'Packages/com.unity.purchasing/Runtime/AppleStub/' contains multiple assembly definition files (Packages/com.unity.purchasing/Runtime/AppleStub/Unity.Purchasing.AppleStub.asmdef)
Folder 'Packages/com.unity.purchasing/Runtime/AppleStub/' contains multiple assembly definition files (Packages/com.unity.purchasing/Runtime/AppleStub/UnityEngine.Purchasing.AppleStub.asmdef)
Folder 'Packages/com.unity.purchasing/Runtime/AppleMacos/' contains multiple assembly definition files (Packages/com.unity.purchasing/Runtime/AppleMacos/UnityEngine.Purchasing.AppleMacos.asmdef)
Folder 'Packages/com.unity.purchasing/Runtime/AppleMacos/' contains multiple assembly definition files (Packages/com.unity.purchasing/Runtime/AppleMacos/Unity.Purchasing.AppleMacos.asmdef)
Folder 'Packages/com.unity.purchasing/Runtime/Codeless/' contains multiple assembly definition files (Packages/com.unity.purchasing/Runtime/Codeless/Unity.Purchasing.Codeless.asmdef)
Folder 'Packages/com.unity.purchasing/Runtime/Codeless/' contains multiple assembly definition files (Packages/com.unity.purchasing/Runtime/Codeless/UnityEngine.Purchasing.Codeless.asmdef)
ArgumentException: An item with the same key has already been added. Key: 400f2260dd8d285419d1db99999109aa
  at System.Collections.Generic.Dictionary`2[TKey,TValue].TryInsert (TKey key, TValue value, System.Collections.Generic.InsertionBehavior behavior) [0x0015a] in <c5eeda5e65d44b388e164c6c5cfe0702>:0 
  at System.Collections.Generic.Dictionary`2[TKey,TValue].Add (TKey key, TValue value) [0x00000] in <c5eeda5e65d44b388e164c6c5cfe0702>:0 
  at System.Linq.Enumerable.ToDictionary[TSource,TKey,TElement] (TSource[] source, System.Func`2[T,TResult] keySelector, System.Func`2[T,TResult] elementSelector, System.Collections.Generic.IEqualityComparer`1[T] comparer) [0x00029] in <8203c5af529241e2a5cc4b3c5a3dc69a>:0 
  at System.Linq.Enumerable.ToDictionary[TSource,TKey,TElement] (System.Collections.Generic.IEnumerable`1[T] source, System.Func`2[T,TResult] keySelector, System.Func`2[T,TResult] elementSelector, System.Collections.Generic.IEqualityComparer`1[T] comparer) [0x00051] in <8203c5af529241e2a5cc4b3c5a3dc69a>:0 
  at System.Linq.Enumerable.ToDictionary[TSource,TKey,TElement] (System.Collections.Generic.IEnumerable`1[T] source, System.Func`2[T,TResult] keySelector, System.Func`2[T,TResult] elementSelector) [0x00000] in <8203c5af529241e2a5cc4b3c5a3dc69a>:0 
  at UnityEditor.Scripting.ScriptCompilation.AssemblyGraphBuilder.Initialize (System.Collections.Generic.IReadOnlyCollection`1[T] assemblies, System.Collections.Generic.IReadOnlyCollection`1[T] customScriptAssemblyReferences) [0x00046] in /Users/bokken/build/output/unity/unity/Editor/Mono/Scripting/ScriptCompilation/AssemblyGraphBuilder.cs:85 
  at UnityEditor.Scripting.ScriptCompilation.AssemblyGraphBuilderFactory.GetOrCreate (System.String projectPath, System.Collections.Generic.IReadOnlyCollection`1[T] assemblies, System.Collections.Generic.IReadOnlyCollection`1[T] customScriptAssemblyReferences) [0x00038] in /Users/bokken/build/output/unity/unity/Editor/Mono/Scripting/ScriptCompilation/AssemblyGraphBuilderFactory.cs:54 
  at UnityEditor.Scripting.ScriptCompilation.EditorCompilation.GetAssemblyGraphBuilder () [0x00001] in /Users/bokken/build/output/unity/unity/Editor/Mono/Scripting/ScriptCompilation/EditorCompilation.cs:170 
  at UnityEditor.Scripting.ScriptCompilation.EditorCompilation.SetAllScripts (System.String[] allScripts) [0x0000d] in /Users/bokken/build/output/unity/unity/Editor/Mono/Scripting/ScriptCompilation/EditorCompilation.cs:178 
  at UnityEditor.Scripting.ScriptCompilation.EditorCompilationInterface.SetAllScripts (System.String[] allScripts) [0x00001] in /Users/bokken/build/output/unity/unity/Editor/Mono/Scripting/ScriptCompilation/EditorCompilationInterface.cs:79 

(Filename: /Users/bokken/build/output/unity/unity/Editor/Mono/Scripting/ScriptCompilation/AssemblyGraphBuilder.cs Line: 85)

Refreshing native plugins compatible for Editor in 3.47 ms, found 1 plugins.
[Package Manager] Failed to launch server process. Reason: Unity was launched with the -noUpm command-line argument
[Package Manager] Unable to send message (not connected to server process).
[Package Manager] Cannot connect to Unity Package Manager local server
ScheduleIndexationOnStartup MainProcess:False IndexOnStartup:True
Mono: successfully reloaded assembly
- Finished resetting the current domain, in  0.978 seconds
Domain Reload Profiling: 1477ms
	BeginReloadAssembly (113ms)
		ExecutionOrderSort (0ms)
		DisableScriptedObjects (4ms)
		BackupInstance (0ms)
		ReleaseScriptingObjects (0ms)
		CreateAndSetChildDomain (37ms)
	RebuildCommonClasses (27ms)
	RebuildNativeTypeToScriptingClass (11ms)
	initialDomainReloadingComplete (16ms)
	LoadAllAssembliesAndSetupDomain (332ms)
		LoadAssemblies (236ms)
		RebuildTransferFunctionScriptingTraits (0ms)
		AnalyzeDomain (129ms)
			TypeCache.Refresh (8ms)
				TypeCache.ScanAssembly (0ms)
			BuildScriptInfoCaches (115ms)
			ResolveRequiredComponents (3ms)
	FinalizeReload (979ms)
		ReleaseScriptCaches (0ms)
		RebuildScriptCaches (0ms)
		SetupLoadedEditorAssemblies (878ms)
			LogAssemblyErrors (0ms)
			InitializePlatformSupportModulesInManaged (15ms)
			SetLoadedEditorAssemblies (4ms)
			BeforeProcessingInitializeOnLoad (106ms)
			ProcessInitializeOnLoadAttributes (697ms)
			ProcessInitializeOnLoadMethodAttributes (56ms)
			AfterProcessingInitializeOnLoad (1ms)
			EditorAssembliesLoaded (0ms)
		ExecutionOrderSort2 (0ms)
		AwakeInstancesAfterBackupRestoration (3ms)
Refreshing native plugins compatible for Editor in 2.97 ms, found 1 plugins.
Preloading 0 native plugins for Editor in 0.00 ms.
Unloading 29 Unused Serialized files (Serialized files now loaded: 0)
Unloading 6234 unused Assets / (4.4 MB). Loaded Objects now: 6946.
Memory consumption went from 142.2 MB to 137.8 MB.
Total: 20.422500 ms (FindLiveObjects: 0.304709 ms CreateObjectMapping: 0.170000 ms MarkObjects: 18.459459 ms  DeleteObjects: 1.487916 ms)

Prepare: number of updated asset objects reloaded= 0
========================================================================
Received Prepare
[Licensing::Client] Successfully resolved entitlement details
Folder 'Packages/com.unity.purchasing/Runtime/Apple/' contains multiple assembly definition files (Packages/com.unity.purchasing/Runtime/Apple/UnityEngine.Purchasing.Apple.asmdef)
Folder 'Packages/com.unity.purchasing/Runtime/Apple/' contains multiple assembly definition files (Packages/com.unity.purchasing/Runtime/Apple/Unity.Purchasing.Apple.asmdef)
Folder 'Packages/com.unity.purchasing/Runtime/SecurityStub/' contains multiple assembly definition files (Packages/com.unity.purchasing/Runtime/SecurityStub/UnityEngine.Purchasing.SecurityStub.asmdef)
Folder 'Packages/com.unity.purchasing/Runtime/SecurityStub/' contains multiple assembly definition files (Packages/com.unity.purchasing/Runtime/SecurityStub/Unity.Purchasing.SecurityStub.asmdef)
Folder 'Packages/com.unity.purchasing/Runtime/Security/' contains multiple assembly definition files (Packages/com.unity.purchasing/Runtime/Security/Unity.Purchasing.Security.asmdef)
Folder 'Packages/com.unity.purchasing/Runtime/Security/' contains multiple assembly definition files (Packages/com.unity.purchasing/Runtime/Security/UnityEngine.Purchasing.Security.asmdef)
Folder 'Packages/com.unity.purchasing/Runtime/Stores/' contains multiple assembly definition files (Packages/com.unity.purchasing/Runtime/Stores/UnityEngine.Purchasing.Stores.asmdef)
Folder 'Packages/com.unity.purchasing/Runtime/Stores/' contains multiple assembly definition files (Packages/com.unity.purchasing/Runtime/Stores/Unity.Purchasing.Stores.asmdef)
Folder 'Packages/com.unity.purchasing/Runtime/SecurityCore/' contains multiple assembly definition files (Packages/com.unity.purchasing/Runtime/SecurityCore/Unity.Purchasing.SecurityCore.asmdef)
Folder 'Packages/com.unity.purchasing/Runtime/SecurityCore/' contains multiple assembly definition files (Packages/com.unity.purchasing/Runtime/SecurityCore/UnityEngine.Purchasing.SecurityCore.asmdef)
Folder 'Packages/com.unity.purchasing/Runtime/Purchasing/' contains multiple assembly definition files (Packages/com.unity.purchasing/Runtime/Purchasing/UnityEngine.Purchasing.asmdef)
Folder 'Packages/com.unity.purchasing/Runtime/Purchasing/' contains multiple assembly definition files (Packages/com.unity.purchasing/Runtime/Purchasing/Unity.Purchasing.asmdef)
Folder 'Packages/com.unity.purchasing/Runtime/AppleMacosStub/' contains multiple assembly definition files (Packages/com.unity.purchasing/Runtime/AppleMacosStub/UnityEngine.Purchasing.AppleMacosStub.asmdef)
Folder 'Packages/com.unity.purchasing/Runtime/AppleMacosStub/' contains multiple assembly definition files (Packages/com.unity.purchasing/Runtime/AppleMacosStub/Unity.Purchasing.AppleMacosStub.asmdef)
Folder 'Packages/com.unity.purchasing/Runtime/AppleStub/' contains multiple assembly definition files (Packages/com.unity.purchasing/Runtime/AppleStub/Unity.Purchasing.AppleStub.asmdef)
Folder 'Packages/com.unity.purchasing/Runtime/AppleStub/' contains multiple assembly definition files (Packages/com.unity.purchasing/Runtime/AppleStub/UnityEngine.Purchasing.AppleStub.asmdef)
Folder 'Packages/com.unity.purchasing/Runtime/AppleMacos/' contains multiple assembly definition files (Packages/com.unity.purchasing/Runtime/AppleMacos/UnityEngine.Purchasing.AppleMacos.asmdef)
Folder 'Packages/com.unity.purchasing/Runtime/AppleMacos/' contains multiple assembly definition files (Packages/com.unity.purchasing/Runtime/AppleMacos/Unity.Purchasing.AppleMacos.asmdef)
Folder 'Packages/com.unity.purchasing/Runtime/Codeless/' contains multiple assembly definition files (Packages/com.unity.purchasing/Runtime/Codeless/Unity.Purchasing.Codeless.asmdef)
Folder 'Packages/com.unity.purchasing/Runtime/Codeless/' contains multiple assembly definition files (Packages/com.unity.purchasing/Runtime/Codeless/UnityEngine.Purchasing.Codeless.asmdef)
ArgumentException: An item with the same key has already been added. Key: 400f2260dd8d285419d1db99999109aa
  at System.Collections.Generic.Dictionary`2[TKey,TValue].TryInsert (TKey key, TValue value, System.Collections.Generic.InsertionBehavior behavior) [0x0015a] in <c5eeda5e65d44b388e164c6c5cfe0702>:0 
  at System.Collections.Generic.Dictionary`2[TKey,TValue].Add (TKey key, TValue value) [0x00000] in <c5eeda5e65d44b388e164c6c5cfe0702>:0 
  at System.Linq.Enumerable.ToDictionary[TSource,TKey,TElement] (TSource[] source, System.Func`2[T,TResult] keySelector, System.Func`2[T,TResult] elementSelector, System.Collections.Generic.IEqualityComparer`1[T] comparer) [0x00029] in <8203c5af529241e2a5cc4b3c5a3dc69a>:0 
  at System.Linq.Enumerable.ToDictionary[TSource,TKey,TElement] (System.Collections.Generic.IEnumerable`1[T] source, System.Func`2[T,TResult] keySelector, System.Func`2[T,TResult] elementSelector, System.Collections.Generic.IEqualityComparer`1[T] comparer) [0x00051] in <8203c5af529241e2a5cc4b3c5a3dc69a>:0 
  at System.Linq.Enumerable.ToDictionary[TSource,TKey,TElement] (System.Collections.Generic.IEnumerable`1[T] source, System.Func`2[T,TResult] keySelector, System.Func`2[T,TResult] elementSelector) [0x00000] in <8203c5af529241e2a5cc4b3c5a3dc69a>:0 
  at UnityEditor.Scripting.ScriptCompilation.AssemblyGraphBuilder.Initialize (System.Collections.Generic.IReadOnlyCollection`1[T] assemblies, System.Collections.Generic.IReadOnlyCollection`1[T] customScriptAssemblyReferences) [0x00046] in /Users/bokken/build/output/unity/unity/Editor/Mono/Scripting/ScriptCompilation/AssemblyGraphBuilder.cs:85 
  at UnityEditor.Scripting.ScriptCompilation.AssemblyGraphBuilderFactory.GetOrCreate (System.String projectPath, System.Collections.Generic.IReadOnlyCollection`1[T] assemblies, System.Collections.Generic.IReadOnlyCollection`1[T] customScriptAssemblyReferences) [0x00038] in /Users/bokken/build/output/unity/unity/Editor/Mono/Scripting/ScriptCompilation/AssemblyGraphBuilderFactory.cs:54 
  at UnityEditor.Scripting.ScriptCompilation.EditorCompilation.GetAssemblyGraphBuilder () [0x00001] in /Users/bokken/build/output/unity/unity/Editor/Mono/Scripting/ScriptCompilation/EditorCompilation.cs:170 
  at UnityEditor.Scripting.ScriptCompilation.EditorCompilation.SetAllScripts (System.String[] allScripts) [0x0000d] in /Users/bokken/build/output/unity/unity/Editor/Mono/Scripting/ScriptCompilation/EditorCompilation.cs:178 
  at UnityEditor.Scripting.ScriptCompilation.EditorCompilationInterface.SetAllScripts (System.String[] allScripts) [0x00001] in /Users/bokken/build/output/unity/unity/Editor/Mono/Scripting/ScriptCompilation/EditorCompilationInterface.cs:79 

(Filename: /Users/bokken/build/output/unity/unity/Editor/Mono/Scripting/ScriptCompilation/AssemblyGraphBuilder.cs Line: 85)

Folder 'Packages/com.unity.purchasing/Runtime/Apple/' contains multiple assembly definition files (Packages/com.unity.purchasing/Runtime/Apple/UnityEngine.Purchasing.Apple.asmdef)
Folder 'Packages/com.unity.purchasing/Runtime/Apple/' contains multiple assembly definition files (Packages/com.unity.purchasing/Runtime/Apple/Unity.Purchasing.Apple.asmdef)
Folder 'Packages/com.unity.purchasing/Runtime/SecurityStub/' contains multiple assembly definition files (Packages/com.unity.purchasing/Runtime/SecurityStub/UnityEngine.Purchasing.SecurityStub.asmdef)
Folder 'Packages/com.unity.purchasing/Runtime/SecurityStub/' contains multiple assembly definition files (Packages/com.unity.purchasing/Runtime/SecurityStub/Unity.Purchasing.SecurityStub.asmdef)
Folder 'Packages/com.unity.purchasing/Runtime/Security/' contains multiple assembly definition files (Packages/com.unity.purchasing/Runtime/Security/Unity.Purchasing.Security.asmdef)
Folder 'Packages/com.unity.purchasing/Runtime/Security/' contains multiple assembly definition files (Packages/com.unity.purchasing/Runtime/Security/UnityEngine.Purchasing.Security.asmdef)
Folder 'Packages/com.unity.purchasing/Runtime/Stores/' contains multiple assembly definition files (Packages/com.unity.purchasing/Runtime/Stores/UnityEngine.Purchasing.Stores.asmdef)
Folder 'Packages/com.unity.purchasing/Runtime/Stores/' contains multiple assembly definition files (Packages/com.unity.purchasing/Runtime/Stores/Unity.Purchasing.Stores.asmdef)
Folder 'Packages/com.unity.purchasing/Runtime/SecurityCore/' contains multiple assembly definition files (Packages/com.unity.purchasing/Runtime/SecurityCore/Unity.Purchasing.SecurityCore.asmdef)
Folder 'Packages/com.unity.purchasing/Runtime/SecurityCore/' contains multiple assembly definition files (Packages/com.unity.purchasing/Runtime/SecurityCore/UnityEngine.Purchasing.SecurityCore.asmdef)
Folder 'Packages/com.unity.purchasing/Runtime/Purchasing/' contains multiple assembly definition files (Packages/com.unity.purchasing/Runtime/Purchasing/UnityEngine.Purchasing.asmdef)
Folder 'Packages/com.unity.purchasing/Runtime/Purchasing/' contains multiple assembly definition files (Packages/com.unity.purchasing/Runtime/Purchasing/Unity.Purchasing.asmdef)
Folder 'Packages/com.unity.purchasing/Runtime/AppleMacosStub/' contains multiple assembly definition files (Packages/com.unity.purchasing/Runtime/AppleMacosStub/UnityEngine.Purchasing.AppleMacosStub.asmdef)
Folder 'Packages/com.unity.purchasing/Runtime/AppleMacosStub/' contains multiple assembly definition files (Packages/com.unity.purchasing/Runtime/AppleMacosStub/Unity.Purchasing.AppleMacosStub.asmdef)
Folder 'Packages/com.unity.purchasing/Runtime/AppleStub/' contains multiple assembly definition files (Packages/com.unity.purchasing/Runtime/AppleStub/Unity.Purchasing.AppleStub.asmdef)
Folder 'Packages/com.unity.purchasing/Runtime/AppleStub/' contains multiple assembly definition files (Packages/com.unity.purchasing/Runtime/AppleStub/UnityEngine.Purchasing.AppleStub.asmdef)
Folder 'Packages/com.unity.purchasing/Runtime/AppleMacos/' contains multiple assembly definition files (Packages/com.unity.purchasing/Runtime/AppleMacos/UnityEngine.Purchasing.AppleMacos.asmdef)
Folder 'Packages/com.unity.purchasing/Runtime/AppleMacos/' contains multiple assembly definition files (Packages/com.unity.purchasing/Runtime/AppleMacos/Unity.Purchasing.AppleMacos.asmdef)
Folder 'Packages/com.unity.purchasing/Runtime/Codeless/' contains multiple assembly definition files (Packages/com.unity.purchasing/Runtime/Codeless/Unity.Purchasing.Codeless.asmdef)
Folder 'Packages/com.unity.purchasing/Runtime/Codeless/' contains multiple assembly definition files (Packages/com.unity.purchasing/Runtime/Codeless/UnityEngine.Purchasing.Codeless.asmdef)
ArgumentException: An item with the same key has already been added. Key: 400f2260dd8d285419d1db99999109aa
  at System.Collections.Generic.Dictionary`2[TKey,TValue].TryInsert (TKey key, TValue value, System.Collections.Generic.InsertionBehavior behavior) [0x0015a] in <c5eeda5e65d44b388e164c6c5cfe0702>:0 
  at System.Collections.Generic.Dictionary`2[TKey,TValue].Add (TKey key, TValue value) [0x00000] in <c5eeda5e65d44b388e164c6c5cfe0702>:0 
  at System.Linq.Enumerable.ToDictionary[TSource,TKey,TElement] (TSource[] source, System.Func`2[T,TResult] keySelector, System.Func`2[T,TResult] elementSelector, System.Collections.Generic.IEqualityComparer`1[T] comparer) [0x00029] in <8203c5af529241e2a5cc4b3c5a3dc69a>:0 
  at System.Linq.Enumerable.ToDictionary[TSource,TKey,TElement] (System.Collections.Generic.IEnumerable`1[T] source, System.Func`2[T,TResult] keySelector, System.Func`2[T,TResult] elementSelector, System.Collections.Generic.IEqualityComparer`1[T] comparer) [0x00051] in <8203c5af529241e2a5cc4b3c5a3dc69a>:0 
  at System.Linq.Enumerable.ToDictionary[TSource,TKey,TElement] (System.Collections.Generic.IEnumerable`1[T] source, System.Func`2[T,TResult] keySelector, System.Func`2[T,TResult] elementSelector) [0x00000] in <8203c5af529241e2a5cc4b3c5a3dc69a>:0 
  at UnityEditor.Scripting.ScriptCompilation.AssemblyGraphBuilder.Initialize (System.Collections.Generic.IReadOnlyCollection`1[T] assemblies, System.Collections.Generic.IReadOnlyCollection`1[T] customScriptAssemblyReferences) [0x00046] in /Users/bokken/build/output/unity/unity/Editor/Mono/Scripting/ScriptCompilation/AssemblyGraphBuilder.cs:85 
  at UnityEditor.Scripting.ScriptCompilation.AssemblyGraphBuilderFactory.GetOrCreate (System.String projectPath, System.Collections.Generic.IReadOnlyCollection`1[T] assemblies, System.Collections.Generic.IReadOnlyCollection`1[T] customScriptAssemblyReferences) [0x00038] in /Users/bokken/build/output/unity/unity/Editor/Mono/Scripting/ScriptCompilation/AssemblyGraphBuilderFactory.cs:54 
  at UnityEditor.Scripting.ScriptCompilation.EditorCompilation.GetAssemblyGraphBuilder () [0x00001] in /Users/bokken/build/output/unity/unity/Editor/Mono/Scripting/ScriptCompilation/EditorCompilation.cs:170 
  at UnityEditor.Scripting.ScriptCompilation.EditorCompilation.SetAllScripts (System.String[] allScripts) [0x0000d] in /Users/bokken/build/output/unity/unity/Editor/Mono/Scripting/ScriptCompilation/EditorCompilation.cs:178 
  at UnityEditor.Scripting.ScriptCompilation.EditorCompilationInterface.SetAllScripts (System.String[] allScripts) [0x00001] in /Users/bokken/build/output/unity/unity/Editor/Mono/Scripting/ScriptCompilation/EditorCompilationInterface.cs:79 

(Filename: /Users/bokken/build/output/unity/unity/Editor/Mono/Scripting/ScriptCompilation/AssemblyGraphBuilder.cs Line: 85)

Begin MonoManager ReloadAssembly
[Licensing::Client] Successfully resolved entitlement details
Thread 0x16dd47000 may have been prematurely finalized
Symbol file LoadedFromMemory is not a mono symbol file
- Loaded All Assemblies, in  0.468 seconds
Folder 'Packages/com.unity.purchasing/Runtime/Apple/' contains multiple assembly definition files (Packages/com.unity.purchasing/Runtime/Apple/UnityEngine.Purchasing.Apple.asmdef)
Folder 'Packages/com.unity.purchasing/Runtime/Apple/' contains multiple assembly definition files (Packages/com.unity.purchasing/Runtime/Apple/Unity.Purchasing.Apple.asmdef)
Folder 'Packages/com.unity.purchasing/Runtime/SecurityStub/' contains multiple assembly definition files (Packages/com.unity.purchasing/Runtime/SecurityStub/UnityEngine.Purchasing.SecurityStub.asmdef)
Folder 'Packages/com.unity.purchasing/Runtime/SecurityStub/' contains multiple assembly definition files (Packages/com.unity.purchasing/Runtime/SecurityStub/Unity.Purchasing.SecurityStub.asmdef)
Folder 'Packages/com.unity.purchasing/Runtime/Security/' contains multiple assembly definition files (Packages/com.unity.purchasing/Runtime/Security/Unity.Purchasing.Security.asmdef)
Folder 'Packages/com.unity.purchasing/Runtime/Security/' contains multiple assembly definition files (Packages/com.unity.purchasing/Runtime/Security/UnityEngine.Purchasing.Security.asmdef)
Folder 'Packages/com.unity.purchasing/Runtime/Stores/' contains multiple assembly definition files (Packages/com.unity.purchasing/Runtime/Stores/UnityEngine.Purchasing.Stores.asmdef)
Folder 'Packages/com.unity.purchasing/Runtime/Stores/' contains multiple assembly definition files (Packages/com.unity.purchasing/Runtime/Stores/Unity.Purchasing.Stores.asmdef)
Folder 'Packages/com.unity.purchasing/Runtime/SecurityCore/' contains multiple assembly definition files (Packages/com.unity.purchasing/Runtime/SecurityCore/Unity.Purchasing.SecurityCore.asmdef)
Folder 'Packages/com.unity.purchasing/Runtime/SecurityCore/' contains multiple assembly definition files (Packages/com.unity.purchasing/Runtime/SecurityCore/UnityEngine.Purchasing.SecurityCore.asmdef)
Folder 'Packages/com.unity.purchasing/Runtime/Purchasing/' contains multiple assembly definition files (Packages/com.unity.purchasing/Runtime/Purchasing/UnityEngine.Purchasing.asmdef)
Folder 'Packages/com.unity.purchasing/Runtime/Purchasing/' contains multiple assembly definition files (Packages/com.unity.purchasing/Runtime/Purchasing/Unity.Purchasing.asmdef)
Folder 'Packages/com.unity.purchasing/Runtime/AppleMacosStub/' contains multiple assembly definition files (Packages/com.unity.purchasing/Runtime/AppleMacosStub/UnityEngine.Purchasing.AppleMacosStub.asmdef)
Folder 'Packages/com.unity.purchasing/Runtime/AppleMacosStub/' contains multiple assembly definition files (Packages/com.unity.purchasing/Runtime/AppleMacosStub/Unity.Purchasing.AppleMacosStub.asmdef)
Folder 'Packages/com.unity.purchasing/Runtime/AppleStub/' contains multiple assembly definition files (Packages/com.unity.purchasing/Runtime/AppleStub/Unity.Purchasing.AppleStub.asmdef)
Folder 'Packages/com.unity.purchasing/Runtime/AppleStub/' contains multiple assembly definition files (Packages/com.unity.purchasing/Runtime/AppleStub/UnityEngine.Purchasing.AppleStub.asmdef)
Folder 'Packages/com.unity.purchasing/Runtime/AppleMacos/' contains multiple assembly definition files (Packages/com.unity.purchasing/Runtime/AppleMacos/UnityEngine.Purchasing.AppleMacos.asmdef)
Folder 'Packages/com.unity.purchasing/Runtime/AppleMacos/' contains multiple assembly definition files (Packages/com.unity.purchasing/Runtime/AppleMacos/Unity.Purchasing.AppleMacos.asmdef)
Folder 'Packages/com.unity.purchasing/Runtime/Codeless/' contains multiple assembly definition files (Packages/com.unity.purchasing/Runtime/Codeless/Unity.Purchasing.Codeless.asmdef)
Folder 'Packages/com.unity.purchasing/Runtime/Codeless/' contains multiple assembly definition files (Packages/com.unity.purchasing/Runtime/Codeless/UnityEngine.Purchasing.Codeless.asmdef)
ArgumentException: An item with the same key has already been added. Key: 400f2260dd8d285419d1db99999109aa
  at System.Collections.Generic.Dictionary`2[TKey,TValue].TryInsert (TKey key, TValue value, System.Collections.Generic.InsertionBehavior behavior) [0x0015a] in <c5eeda5e65d44b388e164c6c5cfe0702>:0 
  at System.Collections.Generic.Dictionary`2[TKey,TValue].Add (TKey key, TValue value) [0x00000] in <c5eeda5e65d44b388e164c6c5cfe0702>:0 
  at System.Linq.Enumerable.ToDictionary[TSource,TKey,TElement] (TSource[] source, System.Func`2[T,TResult] keySelector, System.Func`2[T,TResult] elementSelector, System.Collections.Generic.IEqualityComparer`1[T] comparer) [0x00029] in <8203c5af529241e2a5cc4b3c5a3dc69a>:0 
  at System.Linq.Enumerable.ToDictionary[TSource,TKey,TElement] (System.Collections.Generic.IEnumerable`1[T] source, System.Func`2[T,TResult] keySelector, System.Func`2[T,TResult] elementSelector, System.Collections.Generic.IEqualityComparer`1[T] comparer) [0x00051] in <8203c5af529241e2a5cc4b3c5a3dc69a>:0 
  at System.Linq.Enumerable.ToDictionary[TSource,TKey,TElement] (System.Collections.Generic.IEnumerable`1[T] source, System.Func`2[T,TResult] keySelector, System.Func`2[T,TResult] elementSelector) [0x00000] in <8203c5af529241e2a5cc4b3c5a3dc69a>:0 
  at UnityEditor.Scripting.ScriptCompilation.AssemblyGraphBuilder.Initialize (System.Collections.Generic.IReadOnlyCollection`1[T] assemblies, System.Collections.Generic.IReadOnlyCollection`1[T] customScriptAssemblyReferences) [0x00046] in /Users/bokken/build/output/unity/unity/Editor/Mono/Scripting/ScriptCompilation/AssemblyGraphBuilder.cs:85 
  at UnityEditor.Scripting.ScriptCompilation.AssemblyGraphBuilderFactory.GetOrCreate (System.String projectPath, System.Collections.Generic.IReadOnlyCollection`1[T] assemblies, System.Collections.Generic.IReadOnlyCollection`1[T] customScriptAssemblyReferences) [0x00038] in /Users/bokken/build/output/unity/unity/Editor/Mono/Scripting/ScriptCompilation/AssemblyGraphBuilderFactory.cs:54 
  at UnityEditor.Scripting.ScriptCompilation.EditorCompilation.GetAssemblyGraphBuilder () [0x00001] in /Users/bokken/build/output/unity/unity/Editor/Mono/Scripting/ScriptCompilation/EditorCompilation.cs:170 
  at UnityEditor.Scripting.ScriptCompilation.EditorCompilation.SetAllScripts (System.String[] allScripts) [0x0000d] in /Users/bokken/build/output/unity/unity/Editor/Mono/Scripting/ScriptCompilation/EditorCompilation.cs:178 
  at UnityEditor.Scripting.ScriptCompilation.EditorCompilationInterface.SetAllScripts (System.String[] allScripts) [0x00001] in /Users/bokken/build/output/unity/unity/Editor/Mono/Scripting/ScriptCompilation/EditorCompilationInterface.cs:79 

(Filename: /Users/bokken/build/output/unity/unity/Editor/Mono/Scripting/ScriptCompilation/AssemblyGraphBuilder.cs Line: 85)

Refreshing native plugins compatible for Editor in 2.72 ms, found 1 plugins.
Native extension for iOS target not found
Native extension for Android target not found
Native extension for OSXStandalone target not found
Native extension for WebGL target not found
Folder 'Packages/com.unity.purchasing/Runtime/Apple/' contains multiple assembly definition files (Packages/com.unity.purchasing/Runtime/Apple/UnityEngine.Purchasing.Apple.asmdef)
Folder 'Packages/com.unity.purchasing/Runtime/Apple/' contains multiple assembly definition files (Packages/com.unity.purchasing/Runtime/Apple/Unity.Purchasing.Apple.asmdef)
Folder 'Packages/com.unity.purchasing/Runtime/SecurityStub/' contains multiple assembly definition files (Packages/com.unity.purchasing/Runtime/SecurityStub/UnityEngine.Purchasing.SecurityStub.asmdef)
Folder 'Packages/com.unity.purchasing/Runtime/SecurityStub/' contains multiple assembly definition files (Packages/com.unity.purchasing/Runtime/SecurityStub/Unity.Purchasing.SecurityStub.asmdef)
Folder 'Packages/com.unity.purchasing/Runtime/Security/' contains multiple assembly definition files (Packages/com.unity.purchasing/Runtime/Security/Unity.Purchasing.Security.asmdef)
Folder 'Packages/com.unity.purchasing/Runtime/Security/' contains multiple assembly definition files (Packages/com.unity.purchasing/Runtime/Security/UnityEngine.Purchasing.Security.asmdef)
Folder 'Packages/com.unity.purchasing/Runtime/Stores/' contains multiple assembly definition files (Packages/com.unity.purchasing/Runtime/Stores/UnityEngine.Purchasing.Stores.asmdef)
Folder 'Packages/com.unity.purchasing/Runtime/Stores/' contains multiple assembly definition files (Packages/com.unity.purchasing/Runtime/Stores/Unity.Purchasing.Stores.asmdef)
Folder 'Packages/com.unity.purchasing/Runtime/SecurityCore/' contains multiple assembly definition files (Packages/com.unity.purchasing/Runtime/SecurityCore/Unity.Purchasing.SecurityCore.asmdef)
Folder 'Packages/com.unity.purchasing/Runtime/SecurityCore/' contains multiple assembly definition files (Packages/com.unity.purchasing/Runtime/SecurityCore/UnityEngine.Purchasing.SecurityCore.asmdef)
Folder 'Packages/com.unity.purchasing/Runtime/Purchasing/' contains multiple assembly definition files (Packages/com.unity.purchasing/Runtime/Purchasing/UnityEngine.Purchasing.asmdef)
Folder 'Packages/com.unity.purchasing/Runtime/Purchasing/' contains multiple assembly definition files (Packages/com.unity.purchasing/Runtime/Purchasing/Unity.Purchasing.asmdef)
Folder 'Packages/com.unity.purchasing/Runtime/AppleMacosStub/' contains multiple assembly definition files (Packages/com.unity.purchasing/Runtime/AppleMacosStub/UnityEngine.Purchasing.AppleMacosStub.asmdef)
Folder 'Packages/com.unity.purchasing/Runtime/AppleMacosStub/' contains multiple assembly definition files (Packages/com.unity.purchasing/Runtime/AppleMacosStub/Unity.Purchasing.AppleMacosStub.asmdef)
Folder 'Packages/com.unity.purchasing/Runtime/AppleStub/' contains multiple assembly definition files (Packages/com.unity.purchasing/Runtime/AppleStub/Unity.Purchasing.AppleStub.asmdef)
Folder 'Packages/com.unity.purchasing/Runtime/AppleStub/' contains multiple assembly definition files (Packages/com.unity.purchasing/Runtime/AppleStub/UnityEngine.Purchasing.AppleStub.asmdef)
Folder 'Packages/com.unity.purchasing/Runtime/AppleMacos/' contains multiple assembly definition files (Packages/com.unity.purchasing/Runtime/AppleMacos/UnityEngine.Purchasing.AppleMacos.asmdef)
Folder 'Packages/com.unity.purchasing/Runtime/AppleMacos/' contains multiple assembly definition files (Packages/com.unity.purchasing/Runtime/AppleMacos/Unity.Purchasing.AppleMacos.asmdef)
Folder 'Packages/com.unity.purchasing/Runtime/Codeless/' contains multiple assembly definition files (Packages/com.unity.purchasing/Runtime/Codeless/Unity.Purchasing.Codeless.asmdef)
Folder 'Packages/com.unity.purchasing/Runtime/Codeless/' contains multiple assembly definition files (Packages/com.unity.purchasing/Runtime/Codeless/UnityEngine.Purchasing.Codeless.asmdef)
ArgumentException: An item with the same key has already been added. Key: 400f2260dd8d285419d1db99999109aa
  at System.Collections.Generic.Dictionary`2[TKey,TValue].TryInsert (TKey key, TValue value, System.Collections.Generic.InsertionBehavior behavior) [0x0015a] in <c5eeda5e65d44b388e164c6c5cfe0702>:0 
  at System.Collections.Generic.Dictionary`2[TKey,TValue].Add (TKey key, TValue value) [0x00000] in <c5eeda5e65d44b388e164c6c5cfe0702>:0 
  at System.Linq.Enumerable.ToDictionary[TSource,TKey,TElement] (TSource[] source, System.Func`2[T,TResult] keySelector, System.Func`2[T,TResult] elementSelector, System.Collections.Generic.IEqualityComparer`1[T] comparer) [0x00029] in <8203c5af529241e2a5cc4b3c5a3dc69a>:0 
  at System.Linq.Enumerable.ToDictionary[TSource,TKey,TElement] (System.Collections.Generic.IEnumerable`1[T] source, System.Func`2[T,TResult] keySelector, System.Func`2[T,TResult] elementSelector, System.Collections.Generic.IEqualityComparer`1[T] comparer) [0x00051] in <8203c5af529241e2a5cc4b3c5a3dc69a>:0 
  at System.Linq.Enumerable.ToDictionary[TSource,TKey,TElement] (System.Collections.Generic.IEnumerable`1[T] source, System.Func`2[T,TResult] keySelector, System.Func`2[T,TResult] elementSelector) [0x00000] in <8203c5af529241e2a5cc4b3c5a3dc69a>:0 
  at UnityEditor.Scripting.ScriptCompilation.AssemblyGraphBuilder.Initialize (System.Collections.Generic.IReadOnlyCollection`1[T] assemblies, System.Collections.Generic.IReadOnlyCollection`1[T] customScriptAssemblyReferences) [0x00046] in /Users/bokken/build/output/unity/unity/Editor/Mono/Scripting/ScriptCompilation/AssemblyGraphBuilder.cs:85 
  at UnityEditor.Scripting.ScriptCompilation.AssemblyGraphBuilderFactory.GetOrCreate (System.String projectPath, System.Collections.Generic.IReadOnlyCollection`1[T] assemblies, System.Collections.Generic.IReadOnlyCollection`1[T] customScriptAssemblyReferences) [0x00038] in /Users/bokken/build/output/unity/unity/Editor/Mono/Scripting/ScriptCompilation/AssemblyGraphBuilderFactory.cs:54 
  at UnityEditor.Scripting.ScriptCompilation.EditorCompilation.GetAssemblyGraphBuilder () [0x00001] in /Users/bokken/build/output/unity/unity/Editor/Mono/Scripting/ScriptCompilation/EditorCompilation.cs:170 
  at UnityEditor.Scripting.ScriptCompilation.EditorCompilation.SetAllScripts (System.String[] allScripts) [0x0000d] in /Users/bokken/build/output/unity/unity/Editor/Mono/Scripting/ScriptCompilation/EditorCompilation.cs:178 
  at UnityEditor.Scripting.ScriptCompilation.EditorCompilationInterface.SetAllScripts (System.String[] allScripts) [0x00001] in /Users/bokken/build/output/unity/unity/Editor/Mono/Scripting/ScriptCompilation/EditorCompilationInterface.cs:79 

(Filename: /Users/bokken/build/output/unity/unity/Editor/Mono/Scripting/ScriptCompilation/AssemblyGraphBuilder.cs Line: 85)

Refreshing native plugins compatible for Editor in 3.40 ms, found 1 plugins.
[Package Manager] Failed to launch server process. Reason: Unity was launched with the -noUpm command-line argument
[Package Manager] Unable to send message (not connected to server process).
[Package Manager] Cannot connect to Unity Package Manager local server
ScheduleIndexationOnStartup MainProcess:False IndexOnStartup:True
Mono: successfully reloaded assembly
- Finished resetting the current domain, in  0.916 seconds
Domain Reload Profiling: 1386ms
	BeginReloadAssembly (108ms)
		ExecutionOrderSort (0ms)
		DisableScriptedObjects (3ms)
		BackupInstance (0ms)
		ReleaseScriptingObjects (0ms)
		CreateAndSetChildDomain (36ms)
	RebuildCommonClasses (24ms)
	RebuildNativeTypeToScriptingClass (10ms)
	initialDomainReloadingComplete (14ms)
	LoadAllAssembliesAndSetupDomain (313ms)
		LoadAssemblies (220ms)
		RebuildTransferFunctionScriptingTraits (0ms)
		AnalyzeDomain (123ms)
			TypeCache.Refresh (7ms)
				TypeCache.ScanAssembly (0ms)
			BuildScriptInfoCaches (109ms)
			ResolveRequiredComponents (3ms)
	FinalizeReload (916ms)
		ReleaseScriptCaches (0ms)
		RebuildScriptCaches (0ms)
		SetupLoadedEditorAssemblies (813ms)
			LogAssemblyErrors (0ms)
			InitializePlatformSupportModulesInManaged (13ms)
			SetLoadedEditorAssemblies (4ms)
			BeforeProcessingInitializeOnLoad (94ms)
			ProcessInitializeOnLoadAttributes (644ms)
			ProcessInitializeOnLoadMethodAttributes (58ms)
			AfterProcessingInitializeOnLoad (1ms)
			EditorAssembliesLoaded (0ms)
		ExecutionOrderSort2 (0ms)
		AwakeInstancesAfterBackupRestoration (4ms)
Refreshing native plugins compatible for Editor in 2.95 ms, found 1 plugins.
Preloading 0 native plugins for Editor in 0.00 ms.
Unloading 29 Unused Serialized files (Serialized files now loaded: 0)
Unloading 6234 unused Assets / (4.6 MB). Loaded Objects now: 6952.
Memory consumption went from 142.2 MB to 137.6 MB.
Total: 20.331084 ms (FindLiveObjects: 0.316958 ms CreateObjectMapping: 0.200208 ms MarkObjects: 18.438167 ms  DeleteObjects: 1.375083 ms)

Prepare: number of updated asset objects reloaded= 0
========================================================================
Received Prepare
Refreshing native plugins compatible for Editor in 3.40 ms, found 1 plugins.
Preloading 0 native plugins for Editor in 0.00 ms.
Unloading 29 Unused Serialized files (Serialized files now loaded: 0)
Unloading 6162 unused Assets / (4.4 MB). Loaded Objects now: 6952.
Memory consumption went from 125.0 MB to 120.5 MB.
Total: 21.202000 ms (FindLiveObjects: 0.301042 ms CreateObjectMapping: 0.173333 ms MarkObjects: 19.357042 ms  DeleteObjects: 1.369667 ms)

Prepare: number of updated asset objects reloaded= 0
========================================================================
Received Prepare
[Licensing::Client] Successfully resolved entitlement details
Folder 'Packages/com.unity.purchasing/Runtime/Apple/' contains multiple assembly definition files (Packages/com.unity.purchasing/Runtime/Apple/UnityEngine.Purchasing.Apple.asmdef)
Folder 'Packages/com.unity.purchasing/Runtime/Apple/' contains multiple assembly definition files (Packages/com.unity.purchasing/Runtime/Apple/Unity.Purchasing.Apple.asmdef)
Folder 'Packages/com.unity.purchasing/Runtime/SecurityStub/' contains multiple assembly definition files (Packages/com.unity.purchasing/Runtime/SecurityStub/UnityEngine.Purchasing.SecurityStub.asmdef)
Folder 'Packages/com.unity.purchasing/Runtime/SecurityStub/' contains multiple assembly definition files (Packages/com.unity.purchasing/Runtime/SecurityStub/Unity.Purchasing.SecurityStub.asmdef)
Folder 'Packages/com.unity.purchasing/Runtime/Security/' contains multiple assembly definition files (Packages/com.unity.purchasing/Runtime/Security/Unity.Purchasing.Security.asmdef)
Folder 'Packages/com.unity.purchasing/Runtime/Security/' contains multiple assembly definition files (Packages/com.unity.purchasing/Runtime/Security/UnityEngine.Purchasing.Security.asmdef)
Folder 'Packages/com.unity.purchasing/Runtime/Stores/' contains multiple assembly definition files (Packages/com.unity.purchasing/Runtime/Stores/UnityEngine.Purchasing.Stores.asmdef)
Folder 'Packages/com.unity.purchasing/Runtime/Stores/' contains multiple assembly definition files (Packages/com.unity.purchasing/Runtime/Stores/Unity.Purchasing.Stores.asmdef)
Folder 'Packages/com.unity.purchasing/Runtime/SecurityCore/' contains multiple assembly definition files (Packages/com.unity.purchasing/Runtime/SecurityCore/Unity.Purchasing.SecurityCore.asmdef)
Folder 'Packages/com.unity.purchasing/Runtime/SecurityCore/' contains multiple assembly definition files (Packages/com.unity.purchasing/Runtime/SecurityCore/UnityEngine.Purchasing.SecurityCore.asmdef)
Folder 'Packages/com.unity.purchasing/Runtime/Purchasing/' contains multiple assembly definition files (Packages/com.unity.purchasing/Runtime/Purchasing/UnityEngine.Purchasing.asmdef)
Folder 'Packages/com.unity.purchasing/Runtime/Purchasing/' contains multiple assembly definition files (Packages/com.unity.purchasing/Runtime/Purchasing/Unity.Purchasing.asmdef)
Folder 'Packages/com.unity.purchasing/Runtime/AppleMacosStub/' contains multiple assembly definition files (Packages/com.unity.purchasing/Runtime/AppleMacosStub/UnityEngine.Purchasing.AppleMacosStub.asmdef)
Folder 'Packages/com.unity.purchasing/Runtime/AppleMacosStub/' contains multiple assembly definition files (Packages/com.unity.purchasing/Runtime/AppleMacosStub/Unity.Purchasing.AppleMacosStub.asmdef)
Folder 'Packages/com.unity.purchasing/Runtime/AppleStub/' contains multiple assembly definition files (Packages/com.unity.purchasing/Runtime/AppleStub/Unity.Purchasing.AppleStub.asmdef)
Folder 'Packages/com.unity.purchasing/Runtime/AppleStub/' contains multiple assembly definition files (Packages/com.unity.purchasing/Runtime/AppleStub/UnityEngine.Purchasing.AppleStub.asmdef)
Folder 'Packages/com.unity.purchasing/Runtime/AppleMacos/' contains multiple assembly definition files (Packages/com.unity.purchasing/Runtime/AppleMacos/UnityEngine.Purchasing.AppleMacos.asmdef)
Folder 'Packages/com.unity.purchasing/Runtime/AppleMacos/' contains multiple assembly definition files (Packages/com.unity.purchasing/Runtime/AppleMacos/Unity.Purchasing.AppleMacos.asmdef)
Folder 'Packages/com.unity.purchasing/Runtime/Codeless/' contains multiple assembly definition files (Packages/com.unity.purchasing/Runtime/Codeless/Unity.Purchasing.Codeless.asmdef)
Folder 'Packages/com.unity.purchasing/Runtime/Codeless/' contains multiple assembly definition files (Packages/com.unity.purchasing/Runtime/Codeless/UnityEngine.Purchasing.Codeless.asmdef)
ArgumentException: An item with the same key has already been added. Key: 400f2260dd8d285419d1db99999109aa
  at System.Collections.Generic.Dictionary`2[TKey,TValue].TryInsert (TKey key, TValue value, System.Collections.Generic.InsertionBehavior behavior) [0x0015a] in <c5eeda5e65d44b388e164c6c5cfe0702>:0 
  at System.Collections.Generic.Dictionary`2[TKey,TValue].Add (TKey key, TValue value) [0x00000] in <c5eeda5e65d44b388e164c6c5cfe0702>:0 
  at System.Linq.Enumerable.ToDictionary[TSource,TKey,TElement] (TSource[] source, System.Func`2[T,TResult] keySelector, System.Func`2[T,TResult] elementSelector, System.Collections.Generic.IEqualityComparer`1[T] comparer) [0x00029] in <8203c5af529241e2a5cc4b3c5a3dc69a>:0 
  at System.Linq.Enumerable.ToDictionary[TSource,TKey,TElement] (System.Collections.Generic.IEnumerable`1[T] source, System.Func`2[T,TResult] keySelector, System.Func`2[T,TResult] elementSelector, System.Collections.Generic.IEqualityComparer`1[T] comparer) [0x00051] in <8203c5af529241e2a5cc4b3c5a3dc69a>:0 
  at System.Linq.Enumerable.ToDictionary[TSource,TKey,TElement] (System.Collections.Generic.IEnumerable`1[T] source, System.Func`2[T,TResult] keySelector, System.Func`2[T,TResult] elementSelector) [0x00000] in <8203c5af529241e2a5cc4b3c5a3dc69a>:0 
  at UnityEditor.Scripting.ScriptCompilation.AssemblyGraphBuilder.Initialize (System.Collections.Generic.IReadOnlyCollection`1[T] assemblies, System.Collections.Generic.IReadOnlyCollection`1[T] customScriptAssemblyReferences) [0x00046] in /Users/bokken/build/output/unity/unity/Editor/Mono/Scripting/ScriptCompilation/AssemblyGraphBuilder.cs:85 
  at UnityEditor.Scripting.ScriptCompilation.AssemblyGraphBuilderFactory.GetOrCreate (System.String projectPath, System.Collections.Generic.IReadOnlyCollection`1[T] assemblies, System.Collections.Generic.IReadOnlyCollection`1[T] customScriptAssemblyReferences) [0x00038] in /Users/bokken/build/output/unity/unity/Editor/Mono/Scripting/ScriptCompilation/AssemblyGraphBuilderFactory.cs:54 
  at UnityEditor.Scripting.ScriptCompilation.EditorCompilation.GetAssemblyGraphBuilder () [0x00001] in /Users/bokken/build/output/unity/unity/Editor/Mono/Scripting/ScriptCompilation/EditorCompilation.cs:170 
  at UnityEditor.Scripting.ScriptCompilation.EditorCompilation.SetAllScripts (System.String[] allScripts) [0x0000d] in /Users/bokken/build/output/unity/unity/Editor/Mono/Scripting/ScriptCompilation/EditorCompilation.cs:178 
  at UnityEditor.Scripting.ScriptCompilation.EditorCompilationInterface.SetAllScripts (System.String[] allScripts) [0x00001] in /Users/bokken/build/output/unity/unity/Editor/Mono/Scripting/ScriptCompilation/EditorCompilationInterface.cs:79 

(Filename: /Users/bokken/build/output/unity/unity/Editor/Mono/Scripting/ScriptCompilation/AssemblyGraphBuilder.cs Line: 85)

Folder 'Packages/com.unity.purchasing/Runtime/Apple/' contains multiple assembly definition files (Packages/com.unity.purchasing/Runtime/Apple/UnityEngine.Purchasing.Apple.asmdef)
Folder 'Packages/com.unity.purchasing/Runtime/Apple/' contains multiple assembly definition files (Packages/com.unity.purchasing/Runtime/Apple/Unity.Purchasing.Apple.asmdef)
Folder 'Packages/com.unity.purchasing/Runtime/SecurityStub/' contains multiple assembly definition files (Packages/com.unity.purchasing/Runtime/SecurityStub/UnityEngine.Purchasing.SecurityStub.asmdef)
Folder 'Packages/com.unity.purchasing/Runtime/SecurityStub/' contains multiple assembly definition files (Packages/com.unity.purchasing/Runtime/SecurityStub/Unity.Purchasing.SecurityStub.asmdef)
Folder 'Packages/com.unity.purchasing/Runtime/Security/' contains multiple assembly definition files (Packages/com.unity.purchasing/Runtime/Security/Unity.Purchasing.Security.asmdef)
Folder 'Packages/com.unity.purchasing/Runtime/Security/' contains multiple assembly definition files (Packages/com.unity.purchasing/Runtime/Security/UnityEngine.Purchasing.Security.asmdef)
Folder 'Packages/com.unity.purchasing/Runtime/Stores/' contains multiple assembly definition files (Packages/com.unity.purchasing/Runtime/Stores/UnityEngine.Purchasing.Stores.asmdef)
Folder 'Packages/com.unity.purchasing/Runtime/Stores/' contains multiple assembly definition files (Packages/com.unity.purchasing/Runtime/Stores/Unity.Purchasing.Stores.asmdef)
Folder 'Packages/com.unity.purchasing/Runtime/SecurityCore/' contains multiple assembly definition files (Packages/com.unity.purchasing/Runtime/SecurityCore/Unity.Purchasing.SecurityCore.asmdef)
Folder 'Packages/com.unity.purchasing/Runtime/SecurityCore/' contains multiple assembly definition files (Packages/com.unity.purchasing/Runtime/SecurityCore/UnityEngine.Purchasing.SecurityCore.asmdef)
Folder 'Packages/com.unity.purchasing/Runtime/Purchasing/' contains multiple assembly definition files (Packages/com.unity.purchasing/Runtime/Purchasing/UnityEngine.Purchasing.asmdef)
Folder 'Packages/com.unity.purchasing/Runtime/Purchasing/' contains multiple assembly definition files (Packages/com.unity.purchasing/Runtime/Purchasing/Unity.Purchasing.asmdef)
Folder 'Packages/com.unity.purchasing/Runtime/AppleMacosStub/' contains multiple assembly definition files (Packages/com.unity.purchasing/Runtime/AppleMacosStub/UnityEngine.Purchasing.AppleMacosStub.asmdef)
Folder 'Packages/com.unity.purchasing/Runtime/AppleMacosStub/' contains multiple assembly definition files (Packages/com.unity.purchasing/Runtime/AppleMacosStub/Unity.Purchasing.AppleMacosStub.asmdef)
Folder 'Packages/com.unity.purchasing/Runtime/AppleStub/' contains multiple assembly definition files (Packages/com.unity.purchasing/Runtime/AppleStub/Unity.Purchasing.AppleStub.asmdef)
Folder 'Packages/com.unity.purchasing/Runtime/AppleStub/' contains multiple assembly definition files (Packages/com.unity.purchasing/Runtime/AppleStub/UnityEngine.Purchasing.AppleStub.asmdef)
Folder 'Packages/com.unity.purchasing/Runtime/AppleMacos/' contains multiple assembly definition files (Packages/com.unity.purchasing/Runtime/AppleMacos/UnityEngine.Purchasing.AppleMacos.asmdef)
Folder 'Packages/com.unity.purchasing/Runtime/AppleMacos/' contains multiple assembly definition files (Packages/com.unity.purchasing/Runtime/AppleMacos/Unity.Purchasing.AppleMacos.asmdef)
Folder 'Packages/com.unity.purchasing/Runtime/Codeless/' contains multiple assembly definition files (Packages/com.unity.purchasing/Runtime/Codeless/Unity.Purchasing.Codeless.asmdef)
Folder 'Packages/com.unity.purchasing/Runtime/Codeless/' contains multiple assembly definition files (Packages/com.unity.purchasing/Runtime/Codeless/UnityEngine.Purchasing.Codeless.asmdef)
ArgumentException: An item with the same key has already been added. Key: 400f2260dd8d285419d1db99999109aa
  at System.Collections.Generic.Dictionary`2[TKey,TValue].TryInsert (TKey key, TValue value, System.Collections.Generic.InsertionBehavior behavior) [0x0015a] in <c5eeda5e65d44b388e164c6c5cfe0702>:0 
  at System.Collections.Generic.Dictionary`2[TKey,TValue].Add (TKey key, TValue value) [0x00000] in <c5eeda5e65d44b388e164c6c5cfe0702>:0 
  at System.Linq.Enumerable.ToDictionary[TSource,TKey,TElement] (TSource[] source, System.Func`2[T,TResult] keySelector, System.Func`2[T,TResult] elementSelector, System.Collections.Generic.IEqualityComparer`1[T] comparer) [0x00029] in <8203c5af529241e2a5cc4b3c5a3dc69a>:0 
  at System.Linq.Enumerable.ToDictionary[TSource,TKey,TElement] (System.Collections.Generic.IEnumerable`1[T] source, System.Func`2[T,TResult] keySelector, System.Func`2[T,TResult] elementSelector, System.Collections.Generic.IEqualityComparer`1[T] comparer) [0x00051] in <8203c5af529241e2a5cc4b3c5a3dc69a>:0 
  at System.Linq.Enumerable.ToDictionary[TSource,TKey,TElement] (System.Collections.Generic.IEnumerable`1[T] source, System.Func`2[T,TResult] keySelector, System.Func`2[T,TResult] elementSelector) [0x00000] in <8203c5af529241e2a5cc4b3c5a3dc69a>:0 
  at UnityEditor.Scripting.ScriptCompilation.AssemblyGraphBuilder.Initialize (System.Collections.Generic.IReadOnlyCollection`1[T] assemblies, System.Collections.Generic.IReadOnlyCollection`1[T] customScriptAssemblyReferences) [0x00046] in /Users/bokken/build/output/unity/unity/Editor/Mono/Scripting/ScriptCompilation/AssemblyGraphBuilder.cs:85 
  at UnityEditor.Scripting.ScriptCompilation.AssemblyGraphBuilderFactory.GetOrCreate (System.String projectPath, System.Collections.Generic.IReadOnlyCollection`1[T] assemblies, System.Collections.Generic.IReadOnlyCollection`1[T] customScriptAssemblyReferences) [0x00038] in /Users/bokken/build/output/unity/unity/Editor/Mono/Scripting/ScriptCompilation/AssemblyGraphBuilderFactory.cs:54 
  at UnityEditor.Scripting.ScriptCompilation.EditorCompilation.GetAssemblyGraphBuilder () [0x00001] in /Users/bokken/build/output/unity/unity/Editor/Mono/Scripting/ScriptCompilation/EditorCompilation.cs:170 
  at UnityEditor.Scripting.ScriptCompilation.EditorCompilation.SetAllScripts (System.String[] allScripts) [0x0000d] in /Users/bokken/build/output/unity/unity/Editor/Mono/Scripting/ScriptCompilation/EditorCompilation.cs:178 
  at UnityEditor.Scripting.ScriptCompilation.EditorCompilationInterface.SetAllScripts (System.String[] allScripts) [0x00001] in /Users/bokken/build/output/unity/unity/Editor/Mono/Scripting/ScriptCompilation/EditorCompilationInterface.cs:79 

(Filename: /Users/bokken/build/output/unity/unity/Editor/Mono/Scripting/ScriptCompilation/AssemblyGraphBuilder.cs Line: 85)

Begin MonoManager ReloadAssembly
[Licensing::Client] Successfully resolved entitlement details
Thread 0x16dd47000 may have been prematurely finalized
Symbol file LoadedFromMemory is not a mono symbol file
- Loaded All Assemblies, in  0.493 seconds
Folder 'Packages/com.unity.purchasing/Runtime/Apple/' contains multiple assembly definition files (Packages/com.unity.purchasing/Runtime/Apple/UnityEngine.Purchasing.Apple.asmdef)
Folder 'Packages/com.unity.purchasing/Runtime/Apple/' contains multiple assembly definition files (Packages/com.unity.purchasing/Runtime/Apple/Unity.Purchasing.Apple.asmdef)
Folder 'Packages/com.unity.purchasing/Runtime/SecurityStub/' contains multiple assembly definition files (Packages/com.unity.purchasing/Runtime/SecurityStub/UnityEngine.Purchasing.SecurityStub.asmdef)
Folder 'Packages/com.unity.purchasing/Runtime/SecurityStub/' contains multiple assembly definition files (Packages/com.unity.purchasing/Runtime/SecurityStub/Unity.Purchasing.SecurityStub.asmdef)
Folder 'Packages/com.unity.purchasing/Runtime/Security/' contains multiple assembly definition files (Packages/com.unity.purchasing/Runtime/Security/Unity.Purchasing.Security.asmdef)
Folder 'Packages/com.unity.purchasing/Runtime/Security/' contains multiple assembly definition files (Packages/com.unity.purchasing/Runtime/Security/UnityEngine.Purchasing.Security.asmdef)
Folder 'Packages/com.unity.purchasing/Runtime/Stores/' contains multiple assembly definition files (Packages/com.unity.purchasing/Runtime/Stores/UnityEngine.Purchasing.Stores.asmdef)
Folder 'Packages/com.unity.purchasing/Runtime/Stores/' contains multiple assembly definition files (Packages/com.unity.purchasing/Runtime/Stores/Unity.Purchasing.Stores.asmdef)
Folder 'Packages/com.unity.purchasing/Runtime/SecurityCore/' contains multiple assembly definition files (Packages/com.unity.purchasing/Runtime/SecurityCore/Unity.Purchasing.SecurityCore.asmdef)
Folder 'Packages/com.unity.purchasing/Runtime/SecurityCore/' contains multiple assembly definition files (Packages/com.unity.purchasing/Runtime/SecurityCore/UnityEngine.Purchasing.SecurityCore.asmdef)
Folder 'Packages/com.unity.purchasing/Runtime/Purchasing/' contains multiple assembly definition files (Packages/com.unity.purchasing/Runtime/Purchasing/UnityEngine.Purchasing.asmdef)
Folder 'Packages/com.unity.purchasing/Runtime/Purchasing/' contains multiple assembly definition files (Packages/com.unity.purchasing/Runtime/Purchasing/Unity.Purchasing.asmdef)
Folder 'Packages/com.unity.purchasing/Runtime/AppleMacosStub/' contains multiple assembly definition files (Packages/com.unity.purchasing/Runtime/AppleMacosStub/UnityEngine.Purchasing.AppleMacosStub.asmdef)
Folder 'Packages/com.unity.purchasing/Runtime/AppleMacosStub/' contains multiple assembly definition files (Packages/com.unity.purchasing/Runtime/AppleMacosStub/Unity.Purchasing.AppleMacosStub.asmdef)
Folder 'Packages/com.unity.purchasing/Runtime/AppleStub/' contains multiple assembly definition files (Packages/com.unity.purchasing/Runtime/AppleStub/Unity.Purchasing.AppleStub.asmdef)
Folder 'Packages/com.unity.purchasing/Runtime/AppleStub/' contains multiple assembly definition files (Packages/com.unity.purchasing/Runtime/AppleStub/UnityEngine.Purchasing.AppleStub.asmdef)
Folder 'Packages/com.unity.purchasing/Runtime/AppleMacos/' contains multiple assembly definition files (Packages/com.unity.purchasing/Runtime/AppleMacos/UnityEngine.Purchasing.AppleMacos.asmdef)
Folder 'Packages/com.unity.purchasing/Runtime/AppleMacos/' contains multiple assembly definition files (Packages/com.unity.purchasing/Runtime/AppleMacos/Unity.Purchasing.AppleMacos.asmdef)
Folder 'Packages/com.unity.purchasing/Runtime/Codeless/' contains multiple assembly definition files (Packages/com.unity.purchasing/Runtime/Codeless/Unity.Purchasing.Codeless.asmdef)
Folder 'Packages/com.unity.purchasing/Runtime/Codeless/' contains multiple assembly definition files (Packages/com.unity.purchasing/Runtime/Codeless/UnityEngine.Purchasing.Codeless.asmdef)
ArgumentException: An item with the same key has already been added. Key: 400f2260dd8d285419d1db99999109aa
  at System.Collections.Generic.Dictionary`2[TKey,TValue].TryInsert (TKey key, TValue value, System.Collections.Generic.InsertionBehavior behavior) [0x0015a] in <c5eeda5e65d44b388e164c6c5cfe0702>:0 
  at System.Collections.Generic.Dictionary`2[TKey,TValue].Add (TKey key, TValue value) [0x00000] in <c5eeda5e65d44b388e164c6c5cfe0702>:0 
  at System.Linq.Enumerable.ToDictionary[TSource,TKey,TElement] (TSource[] source, System.Func`2[T,TResult] keySelector, System.Func`2[T,TResult] elementSelector, System.Collections.Generic.IEqualityComparer`1[T] comparer) [0x00029] in <8203c5af529241e2a5cc4b3c5a3dc69a>:0 
  at System.Linq.Enumerable.ToDictionary[TSource,TKey,TElement] (System.Collections.Generic.IEnumerable`1[T] source, System.Func`2[T,TResult] keySelector, System.Func`2[T,TResult] elementSelector, System.Collections.Generic.IEqualityComparer`1[T] comparer) [0x00051] in <8203c5af529241e2a5cc4b3c5a3dc69a>:0 
  at System.Linq.Enumerable.ToDictionary[TSource,TKey,TElement] (System.Collections.Generic.IEnumerable`1[T] source, System.Func`2[T,TResult] keySelector, System.Func`2[T,TResult] elementSelector) [0x00000] in <8203c5af529241e2a5cc4b3c5a3dc69a>:0 
  at UnityEditor.Scripting.ScriptCompilation.AssemblyGraphBuilder.Initialize (System.Collections.Generic.IReadOnlyCollection`1[T] assemblies, System.Collections.Generic.IReadOnlyCollection`1[T] customScriptAssemblyReferences) [0x00046] in /Users/bokken/build/output/unity/unity/Editor/Mono/Scripting/ScriptCompilation/AssemblyGraphBuilder.cs:85 
  at UnityEditor.Scripting.ScriptCompilation.AssemblyGraphBuilderFactory.GetOrCreate (System.String projectPath, System.Collections.Generic.IReadOnlyCollection`1[T] assemblies, System.Collections.Generic.IReadOnlyCollection`1[T] customScriptAssemblyReferences) [0x00038] in /Users/bokken/build/output/unity/unity/Editor/Mono/Scripting/ScriptCompilation/AssemblyGraphBuilderFactory.cs:54 
  at UnityEditor.Scripting.ScriptCompilation.EditorCompilation.GetAssemblyGraphBuilder () [0x00001] in /Users/bokken/build/output/unity/unity/Editor/Mono/Scripting/ScriptCompilation/EditorCompilation.cs:170 
  at UnityEditor.Scripting.ScriptCompilation.EditorCompilation.SetAllScripts (System.String[] allScripts) [0x0000d] in /Users/bokken/build/output/unity/unity/Editor/Mono/Scripting/ScriptCompilation/EditorCompilation.cs:178 
  at UnityEditor.Scripting.ScriptCompilation.EditorCompilationInterface.SetAllScripts (System.String[] allScripts) [0x00001] in /Users/bokken/build/output/unity/unity/Editor/Mono/Scripting/ScriptCompilation/EditorCompilationInterface.cs:79 

(Filename: /Users/bokken/build/output/unity/unity/Editor/Mono/Scripting/ScriptCompilation/AssemblyGraphBuilder.cs Line: 85)

Refreshing native plugins compatible for Editor in 3.05 ms, found 1 plugins.
Native extension for iOS target not found
Native extension for Android target not found
Native extension for OSXStandalone target not found
Native extension for WebGL target not found
Folder 'Packages/com.unity.purchasing/Runtime/Apple/' contains multiple assembly definition files (Packages/com.unity.purchasing/Runtime/Apple/UnityEngine.Purchasing.Apple.asmdef)
Folder 'Packages/com.unity.purchasing/Runtime/Apple/' contains multiple assembly definition files (Packages/com.unity.purchasing/Runtime/Apple/Unity.Purchasing.Apple.asmdef)
Folder 'Packages/com.unity.purchasing/Runtime/SecurityStub/' contains multiple assembly definition files (Packages/com.unity.purchasing/Runtime/SecurityStub/UnityEngine.Purchasing.SecurityStub.asmdef)
Folder 'Packages/com.unity.purchasing/Runtime/SecurityStub/' contains multiple assembly definition files (Packages/com.unity.purchasing/Runtime/SecurityStub/Unity.Purchasing.SecurityStub.asmdef)
Folder 'Packages/com.unity.purchasing/Runtime/Security/' contains multiple assembly definition files (Packages/com.unity.purchasing/Runtime/Security/Unity.Purchasing.Security.asmdef)
Folder 'Packages/com.unity.purchasing/Runtime/Security/' contains multiple assembly definition files (Packages/com.unity.purchasing/Runtime/Security/UnityEngine.Purchasing.Security.asmdef)
Folder 'Packages/com.unity.purchasing/Runtime/Stores/' contains multiple assembly definition files (Packages/com.unity.purchasing/Runtime/Stores/UnityEngine.Purchasing.Stores.asmdef)
Folder 'Packages/com.unity.purchasing/Runtime/Stores/' contains multiple assembly definition files (Packages/com.unity.purchasing/Runtime/Stores/Unity.Purchasing.Stores.asmdef)
Folder 'Packages/com.unity.purchasing/Runtime/SecurityCore/' contains multiple assembly definition files (Packages/com.unity.purchasing/Runtime/SecurityCore/Unity.Purchasing.SecurityCore.asmdef)
Folder 'Packages/com.unity.purchasing/Runtime/SecurityCore/' contains multiple assembly definition files (Packages/com.unity.purchasing/Runtime/SecurityCore/UnityEngine.Purchasing.SecurityCore.asmdef)
Folder 'Packages/com.unity.purchasing/Runtime/Purchasing/' contains multiple assembly definition files (Packages/com.unity.purchasing/Runtime/Purchasing/UnityEngine.Purchasing.asmdef)
Folder 'Packages/com.unity.purchasing/Runtime/Purchasing/' contains multiple assembly definition files (Packages/com.unity.purchasing/Runtime/Purchasing/Unity.Purchasing.asmdef)
Folder 'Packages/com.unity.purchasing/Runtime/AppleMacosStub/' contains multiple assembly definition files (Packages/com.unity.purchasing/Runtime/AppleMacosStub/UnityEngine.Purchasing.AppleMacosStub.asmdef)
Folder 'Packages/com.unity.purchasing/Runtime/AppleMacosStub/' contains multiple assembly definition files (Packages/com.unity.purchasing/Runtime/AppleMacosStub/Unity.Purchasing.AppleMacosStub.asmdef)
Folder 'Packages/com.unity.purchasing/Runtime/AppleStub/' contains multiple assembly definition files (Packages/com.unity.purchasing/Runtime/AppleStub/Unity.Purchasing.AppleStub.asmdef)
Folder 'Packages/com.unity.purchasing/Runtime/AppleStub/' contains multiple assembly definition files (Packages/com.unity.purchasing/Runtime/AppleStub/UnityEngine.Purchasing.AppleStub.asmdef)
Folder 'Packages/com.unity.purchasing/Runtime/AppleMacos/' contains multiple assembly definition files (Packages/com.unity.purchasing/Runtime/AppleMacos/UnityEngine.Purchasing.AppleMacos.asmdef)
Folder 'Packages/com.unity.purchasing/Runtime/AppleMacos/' contains multiple assembly definition files (Packages/com.unity.purchasing/Runtime/AppleMacos/Unity.Purchasing.AppleMacos.asmdef)
Folder 'Packages/com.unity.purchasing/Runtime/Codeless/' contains multiple assembly definition files (Packages/com.unity.purchasing/Runtime/Codeless/Unity.Purchasing.Codeless.asmdef)
Folder 'Packages/com.unity.purchasing/Runtime/Codeless/' contains multiple assembly definition files (Packages/com.unity.purchasing/Runtime/Codeless/UnityEngine.Purchasing.Codeless.asmdef)
ArgumentException: An item with the same key has already been added. Key: 400f2260dd8d285419d1db99999109aa
  at System.Collections.Generic.Dictionary`2[TKey,TValue].TryInsert (TKey key, TValue value, System.Collections.Generic.InsertionBehavior behavior) [0x0015a] in <c5eeda5e65d44b388e164c6c5cfe0702>:0 
  at System.Collections.Generic.Dictionary`2[TKey,TValue].Add (TKey key, TValue value) [0x00000] in <c5eeda5e65d44b388e164c6c5cfe0702>:0 
  at System.Linq.Enumerable.ToDictionary[TSource,TKey,TElement] (TSource[] source, System.Func`2[T,TResult] keySelector, System.Func`2[T,TResult] elementSelector, System.Collections.Generic.IEqualityComparer`1[T] comparer) [0x00029] in <8203c5af529241e2a5cc4b3c5a3dc69a>:0 
  at System.Linq.Enumerable.ToDictionary[TSource,TKey,TElement] (System.Collections.Generic.IEnumerable`1[T] source, System.Func`2[T,TResult] keySelector, System.Func`2[T,TResult] elementSelector, System.Collections.Generic.IEqualityComparer`1[T] comparer) [0x00051] in <8203c5af529241e2a5cc4b3c5a3dc69a>:0 
  at System.Linq.Enumerable.ToDictionary[TSource,TKey,TElement] (System.Collections.Generic.IEnumerable`1[T] source, System.Func`2[T,TResult] keySelector, System.Func`2[T,TResult] elementSelector) [0x00000] in <8203c5af529241e2a5cc4b3c5a3dc69a>:0 
  at UnityEditor.Scripting.ScriptCompilation.AssemblyGraphBuilder.Initialize (System.Collections.Generic.IReadOnlyCollection`1[T] assemblies, System.Collections.Generic.IReadOnlyCollection`1[T] customScriptAssemblyReferences) [0x00046] in /Users/bokken/build/output/unity/unity/Editor/Mono/Scripting/ScriptCompilation/AssemblyGraphBuilder.cs:85 
  at UnityEditor.Scripting.ScriptCompilation.AssemblyGraphBuilderFactory.GetOrCreate (System.String projectPath, System.Collections.Generic.IReadOnlyCollection`1[T] assemblies, System.Collections.Generic.IReadOnlyCollection`1[T] customScriptAssemblyReferences) [0x00038] in /Users/bokken/build/output/unity/unity/Editor/Mono/Scripting/ScriptCompilation/AssemblyGraphBuilderFactory.cs:54 
  at UnityEditor.Scripting.ScriptCompilation.EditorCompilation.GetAssemblyGraphBuilder () [0x00001] in /Users/bokken/build/output/unity/unity/Editor/Mono/Scripting/ScriptCompilation/EditorCompilation.cs:170 
  at UnityEditor.Scripting.ScriptCompilation.EditorCompilation.SetAllScripts (System.String[] allScripts) [0x0000d] in /Users/bokken/build/output/unity/unity/Editor/Mono/Scripting/ScriptCompilation/EditorCompilation.cs:178 
  at UnityEditor.Scripting.ScriptCompilation.EditorCompilationInterface.SetAllScripts (System.String[] allScripts) [0x00001] in /Users/bokken/build/output/unity/unity/Editor/Mono/Scripting/ScriptCompilation/EditorCompilationInterface.cs:79 

(Filename: /Users/bokken/build/output/unity/unity/Editor/Mono/Scripting/ScriptCompilation/AssemblyGraphBuilder.cs Line: 85)

Refreshing native plugins compatible for Editor in 3.04 ms, found 1 plugins.
[Package Manager] Failed to launch server process. Reason: Unity was launched with the -noUpm command-line argument
[Package Manager] Unable to send message (not connected to server process).
[Package Manager] Cannot connect to Unity Package Manager local server
ScheduleIndexationOnStartup MainProcess:False IndexOnStartup:True
Mono: successfully reloaded assembly
- Finished resetting the current domain, in  0.961 seconds
Domain Reload Profiling: 1457ms
	BeginReloadAssembly (116ms)
		ExecutionOrderSort (0ms)
		DisableScriptedObjects (3ms)
		BackupInstance (0ms)
		ReleaseScriptingObjects (0ms)
		CreateAndSetChildDomain (37ms)
	RebuildCommonClasses (25ms)
	RebuildNativeTypeToScriptingClass (11ms)
	initialDomainReloadingComplete (15ms)
	LoadAllAssembliesAndSetupDomain (328ms)
		LoadAssemblies (232ms)
		RebuildTransferFunctionScriptingTraits (0ms)
		AnalyzeDomain (131ms)
			TypeCache.Refresh (10ms)
				TypeCache.ScanAssembly (1ms)
			BuildScriptInfoCaches (115ms)
			ResolveRequiredComponents (3ms)
	FinalizeReload (962ms)
		ReleaseScriptCaches (0ms)
		RebuildScriptCaches (0ms)
		SetupLoadedEditorAssemblies (857ms)
			LogAssemblyErrors (0ms)
			InitializePlatformSupportModulesInManaged (13ms)
			SetLoadedEditorAssemblies (4ms)
			BeforeProcessingInitializeOnLoad (98ms)
			ProcessInitializeOnLoadAttributes (681ms)
			ProcessInitializeOnLoadMethodAttributes (59ms)
			AfterProcessingInitializeOnLoad (1ms)
			EditorAssembliesLoaded (0ms)
		ExecutionOrderSort2 (0ms)
		AwakeInstancesAfterBackupRestoration (3ms)
Refreshing native plugins compatible for Editor in 3.58 ms, found 1 plugins.
Preloading 0 native plugins for Editor in 0.00 ms.
Unloading 29 Unused Serialized files (Serialized files now loaded: 0)
Unloading 6234 unused Assets / (4.9 MB). Loaded Objects now: 6958.
Memory consumption went from 142.3 MB to 137.3 MB.
Total: 20.608417 ms (FindLiveObjects: 0.305666 ms CreateObjectMapping: 0.175958 ms MarkObjects: 18.690667 ms  DeleteObjects: 1.435333 ms)

Prepare: number of updated asset objects reloaded= 0
========================================================================
Received Prepare
Folder 'Packages/com.unity.purchasing/Runtime/Apple/' contains multiple assembly definition files (Packages/com.unity.purchasing/Runtime/Apple/UnityEngine.Purchasing.Apple.asmdef)
Folder 'Packages/com.unity.purchasing/Runtime/Apple/' contains multiple assembly definition files (Packages/com.unity.purchasing/Runtime/Apple/Unity.Purchasing.Apple.asmdef)
Folder 'Packages/com.unity.purchasing/Runtime/SecurityStub/' contains multiple assembly definition files (Packages/com.unity.purchasing/Runtime/SecurityStub/UnityEngine.Purchasing.SecurityStub.asmdef)
Folder 'Packages/com.unity.purchasing/Runtime/SecurityStub/' contains multiple assembly definition files (Packages/com.unity.purchasing/Runtime/SecurityStub/Unity.Purchasing.SecurityStub.asmdef)
Folder 'Packages/com.unity.purchasing/Runtime/Security/' contains multiple assembly definition files (Packages/com.unity.purchasing/Runtime/Security/Unity.Purchasing.Security.asmdef)
Folder 'Packages/com.unity.purchasing/Runtime/Security/' contains multiple assembly definition files (Packages/com.unity.purchasing/Runtime/Security/UnityEngine.Purchasing.Security.asmdef)
Folder 'Packages/com.unity.purchasing/Runtime/Stores/' contains multiple assembly definition files (Packages/com.unity.purchasing/Runtime/Stores/UnityEngine.Purchasing.Stores.asmdef)
Folder 'Packages/com.unity.purchasing/Runtime/Stores/' contains multiple assembly definition files (Packages/com.unity.purchasing/Runtime/Stores/Unity.Purchasing.Stores.asmdef)
Folder 'Packages/com.unity.purchasing/Runtime/SecurityCore/' contains multiple assembly definition files (Packages/com.unity.purchasing/Runtime/SecurityCore/Unity.Purchasing.SecurityCore.asmdef)
Folder 'Packages/com.unity.purchasing/Runtime/SecurityCore/' contains multiple assembly definition files (Packages/com.unity.purchasing/Runtime/SecurityCore/UnityEngine.Purchasing.SecurityCore.asmdef)
Folder 'Packages/com.unity.purchasing/Runtime/Purchasing/' contains multiple assembly definition files (Packages/com.unity.purchasing/Runtime/Purchasing/UnityEngine.Purchasing.asmdef)
Folder 'Packages/com.unity.purchasing/Runtime/Purchasing/' contains multiple assembly definition files (Packages/com.unity.purchasing/Runtime/Purchasing/Unity.Purchasing.asmdef)
Folder 'Packages/com.unity.purchasing/Runtime/AppleMacosStub/' contains multiple assembly definition files (Packages/com.unity.purchasing/Runtime/AppleMacosStub/UnityEngine.Purchasing.AppleMacosStub.asmdef)
Folder 'Packages/com.unity.purchasing/Runtime/AppleMacosStub/' contains multiple assembly definition files (Packages/com.unity.purchasing/Runtime/AppleMacosStub/Unity.Purchasing.AppleMacosStub.asmdef)
Folder 'Packages/com.unity.purchasing/Runtime/AppleStub/' contains multiple assembly definition files (Packages/com.unity.purchasing/Runtime/AppleStub/Unity.Purchasing.AppleStub.asmdef)
Folder 'Packages/com.unity.purchasing/Runtime/AppleStub/' contains multiple assembly definition files (Packages/com.unity.purchasing/Runtime/AppleStub/UnityEngine.Purchasing.AppleStub.asmdef)
Folder 'Packages/com.unity.purchasing/Runtime/AppleMacos/' contains multiple assembly definition files (Packages/com.unity.purchasing/Runtime/AppleMacos/UnityEngine.Purchasing.AppleMacos.asmdef)
Folder 'Packages/com.unity.purchasing/Runtime/AppleMacos/' contains multiple assembly definition files (Packages/com.unity.purchasing/Runtime/AppleMacos/Unity.Purchasing.AppleMacos.asmdef)
Folder 'Packages/com.unity.purchasing/Runtime/Codeless/' contains multiple assembly definition files (Packages/com.unity.purchasing/Runtime/Codeless/Unity.Purchasing.Codeless.asmdef)
Folder 'Packages/com.unity.purchasing/Runtime/Codeless/' contains multiple assembly definition files (Packages/com.unity.purchasing/Runtime/Codeless/UnityEngine.Purchasing.Codeless.asmdef)
ArgumentException: An item with the same key has already been added. Key: 400f2260dd8d285419d1db99999109aa
  at System.Collections.Generic.Dictionary`2[TKey,TValue].TryInsert (TKey key, TValue value, System.Collections.Generic.InsertionBehavior behavior) [0x0015a] in <c5eeda5e65d44b388e164c6c5cfe0702>:0 
  at System.Collections.Generic.Dictionary`2[TKey,TValue].Add (TKey key, TValue value) [0x00000] in <c5eeda5e65d44b388e164c6c5cfe0702>:0 
  at System.Linq.Enumerable.ToDictionary[TSource,TKey,TElement] (TSource[] source, System.Func`2[T,TResult] keySelector, System.Func`2[T,TResult] elementSelector, System.Collections.Generic.IEqualityComparer`1[T] comparer) [0x00029] in <8203c5af529241e2a5cc4b3c5a3dc69a>:0 
  at System.Linq.Enumerable.ToDictionary[TSource,TKey,TElement] (System.Collections.Generic.IEnumerable`1[T] source, System.Func`2[T,TResult] keySelector, System.Func`2[T,TResult] elementSelector, System.Collections.Generic.IEqualityComparer`1[T] comparer) [0x00051] in <8203c5af529241e2a5cc4b3c5a3dc69a>:0 
  at System.Linq.Enumerable.ToDictionary[TSource,TKey,TElement] (System.Collections.Generic.IEnumerable`1[T] source, System.Func`2[T,TResult] keySelector, System.Func`2[T,TResult] elementSelector) [0x00000] in <8203c5af529241e2a5cc4b3c5a3dc69a>:0 
  at UnityEditor.Scripting.ScriptCompilation.AssemblyGraphBuilder.Initialize (System.Collections.Generic.IReadOnlyCollection`1[T] assemblies, System.Collections.Generic.IReadOnlyCollection`1[T] customScriptAssemblyReferences) [0x00046] in /Users/bokken/build/output/unity/unity/Editor/Mono/Scripting/ScriptCompilation/AssemblyGraphBuilder.cs:85 
  at UnityEditor.Scripting.ScriptCompilation.AssemblyGraphBuilderFactory.GetOrCreate (System.String projectPath, System.Collections.Generic.IReadOnlyCollection`1[T] assemblies, System.Collections.Generic.IReadOnlyCollection`1[T] customScriptAssemblyReferences) [0x00038] in /Users/bokken/build/output/unity/unity/Editor/Mono/Scripting/ScriptCompilation/AssemblyGraphBuilderFactory.cs:54 
  at UnityEditor.Scripting.ScriptCompilation.EditorCompilation.GetAssemblyGraphBuilder () [0x00001] in /Users/bokken/build/output/unity/unity/Editor/Mono/Scripting/ScriptCompilation/EditorCompilation.cs:170 
  at UnityEditor.Scripting.ScriptCompilation.EditorCompilation.SetAllScripts (System.String[] allScripts) [0x0000d] in /Users/bokken/build/output/unity/unity/Editor/Mono/Scripting/ScriptCompilation/EditorCompilation.cs:178 
  at UnityEditor.Scripting.ScriptCompilation.EditorCompilationInterface.SetAllScripts (System.String[] allScripts) [0x00001] in /Users/bokken/build/output/unity/unity/Editor/Mono/Scripting/ScriptCompilation/EditorCompilationInterface.cs:79 

(Filename: /Users/bokken/build/output/unity/unity/Editor/Mono/Scripting/ScriptCompilation/AssemblyGraphBuilder.cs Line: 85)

Folder 'Packages/com.unity.purchasing/Runtime/Apple/' contains multiple assembly definition files (Packages/com.unity.purchasing/Runtime/Apple/UnityEngine.Purchasing.Apple.asmdef)
Folder 'Packages/com.unity.purchasing/Runtime/Apple/' contains multiple assembly definition files (Packages/com.unity.purchasing/Runtime/Apple/Unity.Purchasing.Apple.asmdef)
Folder 'Packages/com.unity.purchasing/Runtime/SecurityStub/' contains multiple assembly definition files (Packages/com.unity.purchasing/Runtime/SecurityStub/UnityEngine.Purchasing.SecurityStub.asmdef)
Folder 'Packages/com.unity.purchasing/Runtime/SecurityStub/' contains multiple assembly definition files (Packages/com.unity.purchasing/Runtime/SecurityStub/Unity.Purchasing.SecurityStub.asmdef)
Folder 'Packages/com.unity.purchasing/Runtime/Security/' contains multiple assembly definition files (Packages/com.unity.purchasing/Runtime/Security/Unity.Purchasing.Security.asmdef)
Folder 'Packages/com.unity.purchasing/Runtime/Security/' contains multiple assembly definition files (Packages/com.unity.purchasing/Runtime/Security/UnityEngine.Purchasing.Security.asmdef)
Folder 'Packages/com.unity.purchasing/Runtime/Stores/' contains multiple assembly definition files (Packages/com.unity.purchasing/Runtime/Stores/UnityEngine.Purchasing.Stores.asmdef)
Folder 'Packages/com.unity.purchasing/Runtime/Stores/' contains multiple assembly definition files (Packages/com.unity.purchasing/Runtime/Stores/Unity.Purchasing.Stores.asmdef)
Folder 'Packages/com.unity.purchasing/Runtime/SecurityCore/' contains multiple assembly definition files (Packages/com.unity.purchasing/Runtime/SecurityCore/Unity.Purchasing.SecurityCore.asmdef)
Folder 'Packages/com.unity.purchasing/Runtime/SecurityCore/' contains multiple assembly definition files (Packages/com.unity.purchasing/Runtime/SecurityCore/UnityEngine.Purchasing.SecurityCore.asmdef)
Folder 'Packages/com.unity.purchasing/Runtime/Purchasing/' contains multiple assembly definition files (Packages/com.unity.purchasing/Runtime/Purchasing/UnityEngine.Purchasing.asmdef)
Folder 'Packages/com.unity.purchasing/Runtime/Purchasing/' contains multiple assembly definition files (Packages/com.unity.purchasing/Runtime/Purchasing/Unity.Purchasing.asmdef)
Folder 'Packages/com.unity.purchasing/Runtime/AppleMacosStub/' contains multiple assembly definition files (Packages/com.unity.purchasing/Runtime/AppleMacosStub/UnityEngine.Purchasing.AppleMacosStub.asmdef)
Folder 'Packages/com.unity.purchasing/Runtime/AppleMacosStub/' contains multiple assembly definition files (Packages/com.unity.purchasing/Runtime/AppleMacosStub/Unity.Purchasing.AppleMacosStub.asmdef)
Folder 'Packages/com.unity.purchasing/Runtime/AppleStub/' contains multiple assembly definition files (Packages/com.unity.purchasing/Runtime/AppleStub/Unity.Purchasing.AppleStub.asmdef)
Folder 'Packages/com.unity.purchasing/Runtime/AppleStub/' contains multiple assembly definition files (Packages/com.unity.purchasing/Runtime/AppleStub/UnityEngine.Purchasing.AppleStub.asmdef)
Folder 'Packages/com.unity.purchasing/Runtime/AppleMacos/' contains multiple assembly definition files (Packages/com.unity.purchasing/Runtime/AppleMacos/UnityEngine.Purchasing.AppleMacos.asmdef)
Folder 'Packages/com.unity.purchasing/Runtime/AppleMacos/' contains multiple assembly definition files (Packages/com.unity.purchasing/Runtime/AppleMacos/Unity.Purchasing.AppleMacos.asmdef)
Folder 'Packages/com.unity.purchasing/Runtime/Codeless/' contains multiple assembly definition files (Packages/com.unity.purchasing/Runtime/Codeless/Unity.Purchasing.Codeless.asmdef)
Folder 'Packages/com.unity.purchasing/Runtime/Codeless/' contains multiple assembly definition files (Packages/com.unity.purchasing/Runtime/Codeless/UnityEngine.Purchasing.Codeless.asmdef)
ArgumentException: An item with the same key has already been added. Key: 400f2260dd8d285419d1db99999109aa
  at System.Collections.Generic.Dictionary`2[TKey,TValue].TryInsert (TKey key, TValue value, System.Collections.Generic.InsertionBehavior behavior) [0x0015a] in <c5eeda5e65d44b388e164c6c5cfe0702>:0 
  at System.Collections.Generic.Dictionary`2[TKey,TValue].Add (TKey key, TValue value) [0x00000] in <c5eeda5e65d44b388e164c6c5cfe0702>:0 
  at System.Linq.Enumerable.ToDictionary[TSource,TKey,TElement] (TSource[] source, System.Func`2[T,TResult] keySelector, System.Func`2[T,TResult] elementSelector, System.Collections.Generic.IEqualityComparer`1[T] comparer) [0x00029] in <8203c5af529241e2a5cc4b3c5a3dc69a>:0 
  at System.Linq.Enumerable.ToDictionary[TSource,TKey,TElement] (System.Collections.Generic.IEnumerable`1[T] source, System.Func`2[T,TResult] keySelector, System.Func`2[T,TResult] elementSelector, System.Collections.Generic.IEqualityComparer`1[T] comparer) [0x00051] in <8203c5af529241e2a5cc4b3c5a3dc69a>:0 
  at System.Linq.Enumerable.ToDictionary[TSource,TKey,TElement] (System.Collections.Generic.IEnumerable`1[T] source, System.Func`2[T,TResult] keySelector, System.Func`2[T,TResult] elementSelector) [0x00000] in <8203c5af529241e2a5cc4b3c5a3dc69a>:0 
  at UnityEditor.Scripting.ScriptCompilation.AssemblyGraphBuilder.Initialize (System.Collections.Generic.IReadOnlyCollection`1[T] assemblies, System.Collections.Generic.IReadOnlyCollection`1[T] customScriptAssemblyReferences) [0x00046] in /Users/bokken/build/output/unity/unity/Editor/Mono/Scripting/ScriptCompilation/AssemblyGraphBuilder.cs:85 
  at UnityEditor.Scripting.ScriptCompilation.AssemblyGraphBuilderFactory.GetOrCreate (System.String projectPath, System.Collections.Generic.IReadOnlyCollection`1[T] assemblies, System.Collections.Generic.IReadOnlyCollection`1[T] customScriptAssemblyReferences) [0x00038] in /Users/bokken/build/output/unity/unity/Editor/Mono/Scripting/ScriptCompilation/AssemblyGraphBuilderFactory.cs:54 
  at UnityEditor.Scripting.ScriptCompilation.EditorCompilation.GetAssemblyGraphBuilder () [0x00001] in /Users/bokken/build/output/unity/unity/Editor/Mono/Scripting/ScriptCompilation/EditorCompilation.cs:170 
  at UnityEditor.Scripting.ScriptCompilation.EditorCompilation.SetAllScripts (System.String[] allScripts) [0x0000d] in /Users/bokken/build/output/unity/unity/Editor/Mono/Scripting/ScriptCompilation/EditorCompilation.cs:178 
  at UnityEditor.Scripting.ScriptCompilation.EditorCompilationInterface.SetAllScripts (System.String[] allScripts) [0x00001] in /Users/bokken/build/output/unity/unity/Editor/Mono/Scripting/ScriptCompilation/EditorCompilationInterface.cs:79 

(Filename: /Users/bokken/build/output/unity/unity/Editor/Mono/Scripting/ScriptCompilation/AssemblyGraphBuilder.cs Line: 85)

Begin MonoManager ReloadAssembly
Thread 0x16dd47000 may have been prematurely finalized
Symbol file LoadedFromMemory is not a mono symbol file
- Loaded All Assemblies, in  0.492 seconds
Folder 'Packages/com.unity.purchasing/Runtime/Apple/' contains multiple assembly definition files (Packages/com.unity.purchasing/Runtime/Apple/UnityEngine.Purchasing.Apple.asmdef)
Folder 'Packages/com.unity.purchasing/Runtime/Apple/' contains multiple assembly definition files (Packages/com.unity.purchasing/Runtime/Apple/Unity.Purchasing.Apple.asmdef)
Folder 'Packages/com.unity.purchasing/Runtime/SecurityStub/' contains multiple assembly definition files (Packages/com.unity.purchasing/Runtime/SecurityStub/UnityEngine.Purchasing.SecurityStub.asmdef)
Folder 'Packages/com.unity.purchasing/Runtime/SecurityStub/' contains multiple assembly definition files (Packages/com.unity.purchasing/Runtime/SecurityStub/Unity.Purchasing.SecurityStub.asmdef)
Folder 'Packages/com.unity.purchasing/Runtime/Security/' contains multiple assembly definition files (Packages/com.unity.purchasing/Runtime/Security/Unity.Purchasing.Security.asmdef)
Folder 'Packages/com.unity.purchasing/Runtime/Security/' contains multiple assembly definition files (Packages/com.unity.purchasing/Runtime/Security/UnityEngine.Purchasing.Security.asmdef)
Folder 'Packages/com.unity.purchasing/Runtime/Stores/' contains multiple assembly definition files (Packages/com.unity.purchasing/Runtime/Stores/UnityEngine.Purchasing.Stores.asmdef)
Folder 'Packages/com.unity.purchasing/Runtime/Stores/' contains multiple assembly definition files (Packages/com.unity.purchasing/Runtime/Stores/Unity.Purchasing.Stores.asmdef)
Folder 'Packages/com.unity.purchasing/Runtime/SecurityCore/' contains multiple assembly definition files (Packages/com.unity.purchasing/Runtime/SecurityCore/Unity.Purchasing.SecurityCore.asmdef)
Folder 'Packages/com.unity.purchasing/Runtime/SecurityCore/' contains multiple assembly definition files (Packages/com.unity.purchasing/Runtime/SecurityCore/UnityEngine.Purchasing.SecurityCore.asmdef)
Folder 'Packages/com.unity.purchasing/Runtime/Purchasing/' contains multiple assembly definition files (Packages/com.unity.purchasing/Runtime/Purchasing/UnityEngine.Purchasing.asmdef)
Folder 'Packages/com.unity.purchasing/Runtime/Purchasing/' contains multiple assembly definition files (Packages/com.unity.purchasing/Runtime/Purchasing/Unity.Purchasing.asmdef)
Folder 'Packages/com.unity.purchasing/Runtime/AppleMacosStub/' contains multiple assembly definition files (Packages/com.unity.purchasing/Runtime/AppleMacosStub/UnityEngine.Purchasing.AppleMacosStub.asmdef)
Folder 'Packages/com.unity.purchasing/Runtime/AppleMacosStub/' contains multiple assembly definition files (Packages/com.unity.purchasing/Runtime/AppleMacosStub/Unity.Purchasing.AppleMacosStub.asmdef)
Folder 'Packages/com.unity.purchasing/Runtime/AppleStub/' contains multiple assembly definition files (Packages/com.unity.purchasing/Runtime/AppleStub/Unity.Purchasing.AppleStub.asmdef)
Folder 'Packages/com.unity.purchasing/Runtime/AppleStub/' contains multiple assembly definition files (Packages/com.unity.purchasing/Runtime/AppleStub/UnityEngine.Purchasing.AppleStub.asmdef)
Folder 'Packages/com.unity.purchasing/Runtime/AppleMacos/' contains multiple assembly definition files (Packages/com.unity.purchasing/Runtime/AppleMacos/UnityEngine.Purchasing.AppleMacos.asmdef)
Folder 'Packages/com.unity.purchasing/Runtime/AppleMacos/' contains multiple assembly definition files (Packages/com.unity.purchasing/Runtime/AppleMacos/Unity.Purchasing.AppleMacos.asmdef)
Folder 'Packages/com.unity.purchasing/Runtime/Codeless/' contains multiple assembly definition files (Packages/com.unity.purchasing/Runtime/Codeless/Unity.Purchasing.Codeless.asmdef)
Folder 'Packages/com.unity.purchasing/Runtime/Codeless/' contains multiple assembly definition files (Packages/com.unity.purchasing/Runtime/Codeless/UnityEngine.Purchasing.Codeless.asmdef)
ArgumentException: An item with the same key has already been added. Key: 400f2260dd8d285419d1db99999109aa
  at System.Collections.Generic.Dictionary`2[TKey,TValue].TryInsert (TKey key, TValue value, System.Collections.Generic.InsertionBehavior behavior) [0x0015a] in <c5eeda5e65d44b388e164c6c5cfe0702>:0 
  at System.Collections.Generic.Dictionary`2[TKey,TValue].Add (TKey key, TValue value) [0x00000] in <c5eeda5e65d44b388e164c6c5cfe0702>:0 
  at System.Linq.Enumerable.ToDictionary[TSource,TKey,TElement] (TSource[] source, System.Func`2[T,TResult] keySelector, System.Func`2[T,TResult] elementSelector, System.Collections.Generic.IEqualityComparer`1[T] comparer) [0x00029] in <8203c5af529241e2a5cc4b3c5a3dc69a>:0 
  at System.Linq.Enumerable.ToDictionary[TSource,TKey,TElement] (System.Collections.Generic.IEnumerable`1[T] source, System.Func`2[T,TResult] keySelector, System.Func`2[T,TResult] elementSelector, System.Collections.Generic.IEqualityComparer`1[T] comparer) [0x00051] in <8203c5af529241e2a5cc4b3c5a3dc69a>:0 
  at System.Linq.Enumerable.ToDictionary[TSource,TKey,TElement] (System.Collections.Generic.IEnumerable`1[T] source, System.Func`2[T,TResult] keySelector, System.Func`2[T,TResult] elementSelector) [0x00000] in <8203c5af529241e2a5cc4b3c5a3dc69a>:0 
  at UnityEditor.Scripting.ScriptCompilation.AssemblyGraphBuilder.Initialize (System.Collections.Generic.IReadOnlyCollection`1[T] assemblies, System.Collections.Generic.IReadOnlyCollection`1[T] customScriptAssemblyReferences) [0x00046] in /Users/bokken/build/output/unity/unity/Editor/Mono/Scripting/ScriptCompilation/AssemblyGraphBuilder.cs:85 
  at UnityEditor.Scripting.ScriptCompilation.AssemblyGraphBuilderFactory.GetOrCreate (System.String projectPath, System.Collections.Generic.IReadOnlyCollection`1[T] assemblies, System.Collections.Generic.IReadOnlyCollection`1[T] customScriptAssemblyReferences) [0x00038] in /Users/bokken/build/output/unity/unity/Editor/Mono/Scripting/ScriptCompilation/AssemblyGraphBuilderFactory.cs:54 
  at UnityEditor.Scripting.ScriptCompilation.EditorCompilation.GetAssemblyGraphBuilder () [0x00001] in /Users/bokken/build/output/unity/unity/Editor/Mono/Scripting/ScriptCompilation/EditorCompilation.cs:170 
  at UnityEditor.Scripting.ScriptCompilation.EditorCompilation.SetAllScripts (System.String[] allScripts) [0x0000d] in /Users/bokken/build/output/unity/unity/Editor/Mono/Scripting/ScriptCompilation/EditorCompilation.cs:178 
  at UnityEditor.Scripting.ScriptCompilation.EditorCompilationInterface.SetAllScripts (System.String[] allScripts) [0x00001] in /Users/bokken/build/output/unity/unity/Editor/Mono/Scripting/ScriptCompilation/EditorCompilationInterface.cs:79 

(Filename: /Users/bokken/build/output/unity/unity/Editor/Mono/Scripting/ScriptCompilation/AssemblyGraphBuilder.cs Line: 85)

Refreshing native plugins compatible for Editor in 2.98 ms, found 1 plugins.
Native extension for iOS target not found
Native extension for Android target not found
Native extension for OSXStandalone target not found
Native extension for WebGL target not found
Folder 'Packages/com.unity.purchasing/Runtime/Apple/' contains multiple assembly definition files (Packages/com.unity.purchasing/Runtime/Apple/UnityEngine.Purchasing.Apple.asmdef)
Folder 'Packages/com.unity.purchasing/Runtime/Apple/' contains multiple assembly definition files (Packages/com.unity.purchasing/Runtime/Apple/Unity.Purchasing.Apple.asmdef)
Folder 'Packages/com.unity.purchasing/Runtime/SecurityStub/' contains multiple assembly definition files (Packages/com.unity.purchasing/Runtime/SecurityStub/UnityEngine.Purchasing.SecurityStub.asmdef)
Folder 'Packages/com.unity.purchasing/Runtime/SecurityStub/' contains multiple assembly definition files (Packages/com.unity.purchasing/Runtime/SecurityStub/Unity.Purchasing.SecurityStub.asmdef)
Folder 'Packages/com.unity.purchasing/Runtime/Security/' contains multiple assembly definition files (Packages/com.unity.purchasing/Runtime/Security/Unity.Purchasing.Security.asmdef)
Folder 'Packages/com.unity.purchasing/Runtime/Security/' contains multiple assembly definition files (Packages/com.unity.purchasing/Runtime/Security/UnityEngine.Purchasing.Security.asmdef)
Folder 'Packages/com.unity.purchasing/Runtime/Stores/' contains multiple assembly definition files (Packages/com.unity.purchasing/Runtime/Stores/UnityEngine.Purchasing.Stores.asmdef)
Folder 'Packages/com.unity.purchasing/Runtime/Stores/' contains multiple assembly definition files (Packages/com.unity.purchasing/Runtime/Stores/Unity.Purchasing.Stores.asmdef)
Folder 'Packages/com.unity.purchasing/Runtime/SecurityCore/' contains multiple assembly definition files (Packages/com.unity.purchasing/Runtime/SecurityCore/Unity.Purchasing.SecurityCore.asmdef)
Folder 'Packages/com.unity.purchasing/Runtime/SecurityCore/' contains multiple assembly definition files (Packages/com.unity.purchasing/Runtime/SecurityCore/UnityEngine.Purchasing.SecurityCore.asmdef)
Folder 'Packages/com.unity.purchasing/Runtime/Purchasing/' contains multiple assembly definition files (Packages/com.unity.purchasing/Runtime/Purchasing/UnityEngine.Purchasing.asmdef)
Folder 'Packages/com.unity.purchasing/Runtime/Purchasing/' contains multiple assembly definition files (Packages/com.unity.purchasing/Runtime/Purchasing/Unity.Purchasing.asmdef)
Folder 'Packages/com.unity.purchasing/Runtime/AppleMacosStub/' contains multiple assembly definition files (Packages/com.unity.purchasing/Runtime/AppleMacosStub/UnityEngine.Purchasing.AppleMacosStub.asmdef)
Folder 'Packages/com.unity.purchasing/Runtime/AppleMacosStub/' contains multiple assembly definition files (Packages/com.unity.purchasing/Runtime/AppleMacosStub/Unity.Purchasing.AppleMacosStub.asmdef)
Folder 'Packages/com.unity.purchasing/Runtime/AppleStub/' contains multiple assembly definition files (Packages/com.unity.purchasing/Runtime/AppleStub/Unity.Purchasing.AppleStub.asmdef)
Folder 'Packages/com.unity.purchasing/Runtime/AppleStub/' contains multiple assembly definition files (Packages/com.unity.purchasing/Runtime/AppleStub/UnityEngine.Purchasing.AppleStub.asmdef)
Folder 'Packages/com.unity.purchasing/Runtime/AppleMacos/' contains multiple assembly definition files (Packages/com.unity.purchasing/Runtime/AppleMacos/UnityEngine.Purchasing.AppleMacos.asmdef)
Folder 'Packages/com.unity.purchasing/Runtime/AppleMacos/' contains multiple assembly definition files (Packages/com.unity.purchasing/Runtime/AppleMacos/Unity.Purchasing.AppleMacos.asmdef)
Folder 'Packages/com.unity.purchasing/Runtime/Codeless/' contains multiple assembly definition files (Packages/com.unity.purchasing/Runtime/Codeless/Unity.Purchasing.Codeless.asmdef)
Folder 'Packages/com.unity.purchasing/Runtime/Codeless/' contains multiple assembly definition files (Packages/com.unity.purchasing/Runtime/Codeless/UnityEngine.Purchasing.Codeless.asmdef)
ArgumentException: An item with the same key has already been added. Key: 400f2260dd8d285419d1db99999109aa
  at System.Collections.Generic.Dictionary`2[TKey,TValue].TryInsert (TKey key, TValue value, System.Collections.Generic.InsertionBehavior behavior) [0x0015a] in <c5eeda5e65d44b388e164c6c5cfe0702>:0 
  at System.Collections.Generic.Dictionary`2[TKey,TValue].Add (TKey key, TValue value) [0x00000] in <c5eeda5e65d44b388e164c6c5cfe0702>:0 
  at System.Linq.Enumerable.ToDictionary[TSource,TKey,TElement] (TSource[] source, System.Func`2[T,TResult] keySelector, System.Func`2[T,TResult] elementSelector, System.Collections.Generic.IEqualityComparer`1[T] comparer) [0x00029] in <8203c5af529241e2a5cc4b3c5a3dc69a>:0 
  at System.Linq.Enumerable.ToDictionary[TSource,TKey,TElement] (System.Collections.Generic.IEnumerable`1[T] source, System.Func`2[T,TResult] keySelector, System.Func`2[T,TResult] elementSelector, System.Collections.Generic.IEqualityComparer`1[T] comparer) [0x00051] in <8203c5af529241e2a5cc4b3c5a3dc69a>:0 
  at System.Linq.Enumerable.ToDictionary[TSource,TKey,TElement] (System.Collections.Generic.IEnumerable`1[T] source, System.Func`2[T,TResult] keySelector, System.Func`2[T,TResult] elementSelector) [0x00000] in <8203c5af529241e2a5cc4b3c5a3dc69a>:0 
  at UnityEditor.Scripting.ScriptCompilation.AssemblyGraphBuilder.Initialize (System.Collections.Generic.IReadOnlyCollection`1[T] assemblies, System.Collections.Generic.IReadOnlyCollection`1[T] customScriptAssemblyReferences) [0x00046] in /Users/bokken/build/output/unity/unity/Editor/Mono/Scripting/ScriptCompilation/AssemblyGraphBuilder.cs:85 
  at UnityEditor.Scripting.ScriptCompilation.AssemblyGraphBuilderFactory.GetOrCreate (System.String projectPath, System.Collections.Generic.IReadOnlyCollection`1[T] assemblies, System.Collections.Generic.IReadOnlyCollection`1[T] customScriptAssemblyReferences) [0x00038] in /Users/bokken/build/output/unity/unity/Editor/Mono/Scripting/ScriptCompilation/AssemblyGraphBuilderFactory.cs:54 
  at UnityEditor.Scripting.ScriptCompilation.EditorCompilation.GetAssemblyGraphBuilder () [0x00001] in /Users/bokken/build/output/unity/unity/Editor/Mono/Scripting/ScriptCompilation/EditorCompilation.cs:170 
  at UnityEditor.Scripting.ScriptCompilation.EditorCompilation.SetAllScripts (System.String[] allScripts) [0x0000d] in /Users/bokken/build/output/unity/unity/Editor/Mono/Scripting/ScriptCompilation/EditorCompilation.cs:178 
  at UnityEditor.Scripting.ScriptCompilation.EditorCompilationInterface.SetAllScripts (System.String[] allScripts) [0x00001] in /Users/bokken/build/output/unity/unity/Editor/Mono/Scripting/ScriptCompilation/EditorCompilationInterface.cs:79 

(Filename: /Users/bokken/build/output/unity/unity/Editor/Mono/Scripting/ScriptCompilation/AssemblyGraphBuilder.cs Line: 85)

Refreshing native plugins compatible for Editor in 2.87 ms, found 1 plugins.
[Package Manager] Failed to launch server process. Reason: Unity was launched with the -noUpm command-line argument
[Package Manager] Unable to send message (not connected to server process).
[Package Manager] Cannot connect to Unity Package Manager local server
ScheduleIndexationOnStartup MainProcess:False IndexOnStartup:True
Mono: successfully reloaded assembly
- Finished resetting the current domain, in  0.941 seconds
Domain Reload Profiling: 1435ms
	BeginReloadAssembly (109ms)
		ExecutionOrderSort (0ms)
		DisableScriptedObjects (4ms)
		BackupInstance (0ms)
		ReleaseScriptingObjects (0ms)
		CreateAndSetChildDomain (35ms)
	RebuildCommonClasses (27ms)
	RebuildNativeTypeToScriptingClass (11ms)
	initialDomainReloadingComplete (16ms)
	LoadAllAssembliesAndSetupDomain (332ms)
		LoadAssemblies (235ms)
		RebuildTransferFunctionScriptingTraits (0ms)
		AnalyzeDomain (128ms)
			TypeCache.Refresh (7ms)
				TypeCache.ScanAssembly (0ms)
			BuildScriptInfoCaches (115ms)
			ResolveRequiredComponents (3ms)
	FinalizeReload (941ms)
		ReleaseScriptCaches (0ms)
		RebuildScriptCaches (0ms)
		SetupLoadedEditorAssemblies (843ms)
			LogAssemblyErrors (0ms)
			InitializePlatformSupportModulesInManaged (13ms)
			SetLoadedEditorAssemblies (4ms)
			BeforeProcessingInitializeOnLoad (98ms)
			ProcessInitializeOnLoadAttributes (671ms)
			ProcessInitializeOnLoadMethodAttributes (56ms)
			AfterProcessingInitializeOnLoad (1ms)
			EditorAssembliesLoaded (0ms)
		ExecutionOrderSort2 (0ms)
		AwakeInstancesAfterBackupRestoration (3ms)
Refreshing native plugins compatible for Editor in 2.66 ms, found 1 plugins.
Preloading 0 native plugins for Editor in 0.00 ms.
Unloading 29 Unused Serialized files (Serialized files now loaded: 0)
Unloading 6234 unused Assets / (4.5 MB). Loaded Objects now: 6964.
Memory consumption went from 142.3 MB to 137.8 MB.
Total: 19.782459 ms (FindLiveObjects: 0.310875 ms CreateObjectMapping: 0.169542 ms MarkObjects: 17.905750 ms  DeleteObjects: 1.395958 ms)

Prepare: number of updated asset objects reloaded= 0
========================================================================
Received Prepare
Refreshing native plugins compatible for Editor in 3.98 ms, found 1 plugins.
Preloading 0 native plugins for Editor in 0.00 ms.
Unloading 29 Unused Serialized files (Serialized files now loaded: 0)
Unloading 6162 unused Assets / (4.3 MB). Loaded Objects now: 6964.
Memory consumption went from 125.0 MB to 120.8 MB.
Total: 20.982000 ms (FindLiveObjects: 0.317959 ms CreateObjectMapping: 0.178458 ms MarkObjects: 19.075583 ms  DeleteObjects: 1.409000 ms)

Prepare: number of updated asset objects reloaded= 0
========================================================================
Received Prepare
[Licensing::Client] Successfully resolved entitlement details
Folder 'Packages/com.unity.purchasing/Runtime/Apple/' contains multiple assembly definition files (Packages/com.unity.purchasing/Runtime/Apple/UnityEngine.Purchasing.Apple.asmdef)
Folder 'Packages/com.unity.purchasing/Runtime/Apple/' contains multiple assembly definition files (Packages/com.unity.purchasing/Runtime/Apple/Unity.Purchasing.Apple.asmdef)
Folder 'Packages/com.unity.purchasing/Runtime/SecurityStub/' contains multiple assembly definition files (Packages/com.unity.purchasing/Runtime/SecurityStub/UnityEngine.Purchasing.SecurityStub.asmdef)
Folder 'Packages/com.unity.purchasing/Runtime/SecurityStub/' contains multiple assembly definition files (Packages/com.unity.purchasing/Runtime/SecurityStub/Unity.Purchasing.SecurityStub.asmdef)
Folder 'Packages/com.unity.purchasing/Runtime/Security/' contains multiple assembly definition files (Packages/com.unity.purchasing/Runtime/Security/Unity.Purchasing.Security.asmdef)
Folder 'Packages/com.unity.purchasing/Runtime/Security/' contains multiple assembly definition files (Packages/com.unity.purchasing/Runtime/Security/UnityEngine.Purchasing.Security.asmdef)
Folder 'Packages/com.unity.purchasing/Runtime/Stores/' contains multiple assembly definition files (Packages/com.unity.purchasing/Runtime/Stores/UnityEngine.Purchasing.Stores.asmdef)
Folder 'Packages/com.unity.purchasing/Runtime/Stores/' contains multiple assembly definition files (Packages/com.unity.purchasing/Runtime/Stores/Unity.Purchasing.Stores.asmdef)
Folder 'Packages/com.unity.purchasing/Runtime/SecurityCore/' contains multiple assembly definition files (Packages/com.unity.purchasing/Runtime/SecurityCore/Unity.Purchasing.SecurityCore.asmdef)
Folder 'Packages/com.unity.purchasing/Runtime/SecurityCore/' contains multiple assembly definition files (Packages/com.unity.purchasing/Runtime/SecurityCore/UnityEngine.Purchasing.SecurityCore.asmdef)
Folder 'Packages/com.unity.purchasing/Runtime/Purchasing/' contains multiple assembly definition files (Packages/com.unity.purchasing/Runtime/Purchasing/UnityEngine.Purchasing.asmdef)
Folder 'Packages/com.unity.purchasing/Runtime/Purchasing/' contains multiple assembly definition files (Packages/com.unity.purchasing/Runtime/Purchasing/Unity.Purchasing.asmdef)
Folder 'Packages/com.unity.purchasing/Runtime/AppleMacosStub/' contains multiple assembly definition files (Packages/com.unity.purchasing/Runtime/AppleMacosStub/UnityEngine.Purchasing.AppleMacosStub.asmdef)
Folder 'Packages/com.unity.purchasing/Runtime/AppleMacosStub/' contains multiple assembly definition files (Packages/com.unity.purchasing/Runtime/AppleMacosStub/Unity.Purchasing.AppleMacosStub.asmdef)
Folder 'Packages/com.unity.purchasing/Runtime/AppleStub/' contains multiple assembly definition files (Packages/com.unity.purchasing/Runtime/AppleStub/Unity.Purchasing.AppleStub.asmdef)
Folder 'Packages/com.unity.purchasing/Runtime/AppleStub/' contains multiple assembly definition files (Packages/com.unity.purchasing/Runtime/AppleStub/UnityEngine.Purchasing.AppleStub.asmdef)
Folder 'Packages/com.unity.purchasing/Runtime/AppleMacos/' contains multiple assembly definition files (Packages/com.unity.purchasing/Runtime/AppleMacos/UnityEngine.Purchasing.AppleMacos.asmdef)
Folder 'Packages/com.unity.purchasing/Runtime/AppleMacos/' contains multiple assembly definition files (Packages/com.unity.purchasing/Runtime/AppleMacos/Unity.Purchasing.AppleMacos.asmdef)
Folder 'Packages/com.unity.purchasing/Runtime/Codeless/' contains multiple assembly definition files (Packages/com.unity.purchasing/Runtime/Codeless/Unity.Purchasing.Codeless.asmdef)
Folder 'Packages/com.unity.purchasing/Runtime/Codeless/' contains multiple assembly definition files (Packages/com.unity.purchasing/Runtime/Codeless/UnityEngine.Purchasing.Codeless.asmdef)
ArgumentException: An item with the same key has already been added. Key: 400f2260dd8d285419d1db99999109aa
  at System.Collections.Generic.Dictionary`2[TKey,TValue].TryInsert (TKey key, TValue value, System.Collections.Generic.InsertionBehavior behavior) [0x0015a] in <c5eeda5e65d44b388e164c6c5cfe0702>:0 
  at System.Collections.Generic.Dictionary`2[TKey,TValue].Add (TKey key, TValue value) [0x00000] in <c5eeda5e65d44b388e164c6c5cfe0702>:0 
  at System.Linq.Enumerable.ToDictionary[TSource,TKey,TElement] (TSource[] source, System.Func`2[T,TResult] keySelector, System.Func`2[T,TResult] elementSelector, System.Collections.Generic.IEqualityComparer`1[T] comparer) [0x00029] in <8203c5af529241e2a5cc4b3c5a3dc69a>:0 
  at System.Linq.Enumerable.ToDictionary[TSource,TKey,TElement] (System.Collections.Generic.IEnumerable`1[T] source, System.Func`2[T,TResult] keySelector, System.Func`2[T,TResult] elementSelector, System.Collections.Generic.IEqualityComparer`1[T] comparer) [0x00051] in <8203c5af529241e2a5cc4b3c5a3dc69a>:0 
  at System.Linq.Enumerable.ToDictionary[TSource,TKey,TElement] (System.Collections.Generic.IEnumerable`1[T] source, System.Func`2[T,TResult] keySelector, System.Func`2[T,TResult] elementSelector) [0x00000] in <8203c5af529241e2a5cc4b3c5a3dc69a>:0 
  at UnityEditor.Scripting.ScriptCompilation.AssemblyGraphBuilder.Initialize (System.Collections.Generic.IReadOnlyCollection`1[T] assemblies, System.Collections.Generic.IReadOnlyCollection`1[T] customScriptAssemblyReferences) [0x00046] in /Users/bokken/build/output/unity/unity/Editor/Mono/Scripting/ScriptCompilation/AssemblyGraphBuilder.cs:85 
  at UnityEditor.Scripting.ScriptCompilation.AssemblyGraphBuilderFactory.GetOrCreate (System.String projectPath, System.Collections.Generic.IReadOnlyCollection`1[T] assemblies, System.Collections.Generic.IReadOnlyCollection`1[T] customScriptAssemblyReferences) [0x00038] in /Users/bokken/build/output/unity/unity/Editor/Mono/Scripting/ScriptCompilation/AssemblyGraphBuilderFactory.cs:54 
  at UnityEditor.Scripting.ScriptCompilation.EditorCompilation.GetAssemblyGraphBuilder () [0x00001] in /Users/bokken/build/output/unity/unity/Editor/Mono/Scripting/ScriptCompilation/EditorCompilation.cs:170 
  at UnityEditor.Scripting.ScriptCompilation.EditorCompilation.SetAllScripts (System.String[] allScripts) [0x0000d] in /Users/bokken/build/output/unity/unity/Editor/Mono/Scripting/ScriptCompilation/EditorCompilation.cs:178 
  at UnityEditor.Scripting.ScriptCompilation.EditorCompilationInterface.SetAllScripts (System.String[] allScripts) [0x00001] in /Users/bokken/build/output/unity/unity/Editor/Mono/Scripting/ScriptCompilation/EditorCompilationInterface.cs:79 

(Filename: /Users/bokken/build/output/unity/unity/Editor/Mono/Scripting/ScriptCompilation/AssemblyGraphBuilder.cs Line: 85)

Folder 'Packages/com.unity.purchasing/Runtime/Apple/' contains multiple assembly definition files (Packages/com.unity.purchasing/Runtime/Apple/UnityEngine.Purchasing.Apple.asmdef)
Folder 'Packages/com.unity.purchasing/Runtime/Apple/' contains multiple assembly definition files (Packages/com.unity.purchasing/Runtime/Apple/Unity.Purchasing.Apple.asmdef)
Folder 'Packages/com.unity.purchasing/Runtime/SecurityStub/' contains multiple assembly definition files (Packages/com.unity.purchasing/Runtime/SecurityStub/UnityEngine.Purchasing.SecurityStub.asmdef)
Folder 'Packages/com.unity.purchasing/Runtime/SecurityStub/' contains multiple assembly definition files (Packages/com.unity.purchasing/Runtime/SecurityStub/Unity.Purchasing.SecurityStub.asmdef)
Folder 'Packages/com.unity.purchasing/Runtime/Security/' contains multiple assembly definition files (Packages/com.unity.purchasing/Runtime/Security/Unity.Purchasing.Security.asmdef)
Folder 'Packages/com.unity.purchasing/Runtime/Security/' contains multiple assembly definition files (Packages/com.unity.purchasing/Runtime/Security/UnityEngine.Purchasing.Security.asmdef)
Folder 'Packages/com.unity.purchasing/Runtime/Stores/' contains multiple assembly definition files (Packages/com.unity.purchasing/Runtime/Stores/UnityEngine.Purchasing.Stores.asmdef)
Folder 'Packages/com.unity.purchasing/Runtime/Stores/' contains multiple assembly definition files (Packages/com.unity.purchasing/Runtime/Stores/Unity.Purchasing.Stores.asmdef)
Folder 'Packages/com.unity.purchasing/Runtime/SecurityCore/' contains multiple assembly definition files (Packages/com.unity.purchasing/Runtime/SecurityCore/Unity.Purchasing.SecurityCore.asmdef)
Folder 'Packages/com.unity.purchasing/Runtime/SecurityCore/' contains multiple assembly definition files (Packages/com.unity.purchasing/Runtime/SecurityCore/UnityEngine.Purchasing.SecurityCore.asmdef)
Folder 'Packages/com.unity.purchasing/Runtime/Purchasing/' contains multiple assembly definition files (Packages/com.unity.purchasing/Runtime/Purchasing/UnityEngine.Purchasing.asmdef)
Folder 'Packages/com.unity.purchasing/Runtime/Purchasing/' contains multiple assembly definition files (Packages/com.unity.purchasing/Runtime/Purchasing/Unity.Purchasing.asmdef)
Folder 'Packages/com.unity.purchasing/Runtime/AppleMacosStub/' contains multiple assembly definition files (Packages/com.unity.purchasing/Runtime/AppleMacosStub/UnityEngine.Purchasing.AppleMacosStub.asmdef)
Folder 'Packages/com.unity.purchasing/Runtime/AppleMacosStub/' contains multiple assembly definition files (Packages/com.unity.purchasing/Runtime/AppleMacosStub/Unity.Purchasing.AppleMacosStub.asmdef)
Folder 'Packages/com.unity.purchasing/Runtime/AppleStub/' contains multiple assembly definition files (Packages/com.unity.purchasing/Runtime/AppleStub/Unity.Purchasing.AppleStub.asmdef)
Folder 'Packages/com.unity.purchasing/Runtime/AppleStub/' contains multiple assembly definition files (Packages/com.unity.purchasing/Runtime/AppleStub/UnityEngine.Purchasing.AppleStub.asmdef)
Folder 'Packages/com.unity.purchasing/Runtime/AppleMacos/' contains multiple assembly definition files (Packages/com.unity.purchasing/Runtime/AppleMacos/UnityEngine.Purchasing.AppleMacos.asmdef)
Folder 'Packages/com.unity.purchasing/Runtime/AppleMacos/' contains multiple assembly definition files (Packages/com.unity.purchasing/Runtime/AppleMacos/Unity.Purchasing.AppleMacos.asmdef)
Folder 'Packages/com.unity.purchasing/Runtime/Codeless/' contains multiple assembly definition files (Packages/com.unity.purchasing/Runtime/Codeless/Unity.Purchasing.Codeless.asmdef)
Folder 'Packages/com.unity.purchasing/Runtime/Codeless/' contains multiple assembly definition files (Packages/com.unity.purchasing/Runtime/Codeless/UnityEngine.Purchasing.Codeless.asmdef)
ArgumentException: An item with the same key has already been added. Key: 400f2260dd8d285419d1db99999109aa
  at System.Collections.Generic.Dictionary`2[TKey,TValue].TryInsert (TKey key, TValue value, System.Collections.Generic.InsertionBehavior behavior) [0x0015a] in <c5eeda5e65d44b388e164c6c5cfe0702>:0 
  at System.Collections.Generic.Dictionary`2[TKey,TValue].Add (TKey key, TValue value) [0x00000] in <c5eeda5e65d44b388e164c6c5cfe0702>:0 
  at System.Linq.Enumerable.ToDictionary[TSource,TKey,TElement] (TSource[] source, System.Func`2[T,TResult] keySelector, System.Func`2[T,TResult] elementSelector, System.Collections.Generic.IEqualityComparer`1[T] comparer) [0x00029] in <8203c5af529241e2a5cc4b3c5a3dc69a>:0 
  at System.Linq.Enumerable.ToDictionary[TSource,TKey,TElement] (System.Collections.Generic.IEnumerable`1[T] source, System.Func`2[T,TResult] keySelector, System.Func`2[T,TResult] elementSelector, System.Collections.Generic.IEqualityComparer`1[T] comparer) [0x00051] in <8203c5af529241e2a5cc4b3c5a3dc69a>:0 
  at System.Linq.Enumerable.ToDictionary[TSource,TKey,TElement] (System.Collections.Generic.IEnumerable`1[T] source, System.Func`2[T,TResult] keySelector, System.Func`2[T,TResult] elementSelector) [0x00000] in <8203c5af529241e2a5cc4b3c5a3dc69a>:0 
  at UnityEditor.Scripting.ScriptCompilation.AssemblyGraphBuilder.Initialize (System.Collections.Generic.IReadOnlyCollection`1[T] assemblies, System.Collections.Generic.IReadOnlyCollection`1[T] customScriptAssemblyReferences) [0x00046] in /Users/bokken/build/output/unity/unity/Editor/Mono/Scripting/ScriptCompilation/AssemblyGraphBuilder.cs:85 
  at UnityEditor.Scripting.ScriptCompilation.AssemblyGraphBuilderFactory.GetOrCreate (System.String projectPath, System.Collections.Generic.IReadOnlyCollection`1[T] assemblies, System.Collections.Generic.IReadOnlyCollection`1[T] customScriptAssemblyReferences) [0x00038] in /Users/bokken/build/output/unity/unity/Editor/Mono/Scripting/ScriptCompilation/AssemblyGraphBuilderFactory.cs:54 
  at UnityEditor.Scripting.ScriptCompilation.EditorCompilation.GetAssemblyGraphBuilder () [0x00001] in /Users/bokken/build/output/unity/unity/Editor/Mono/Scripting/ScriptCompilation/EditorCompilation.cs:170 
  at UnityEditor.Scripting.ScriptCompilation.EditorCompilation.SetAllScripts (System.String[] allScripts) [0x0000d] in /Users/bokken/build/output/unity/unity/Editor/Mono/Scripting/ScriptCompilation/EditorCompilation.cs:178 
  at UnityEditor.Scripting.ScriptCompilation.EditorCompilationInterface.SetAllScripts (System.String[] allScripts) [0x00001] in /Users/bokken/build/output/unity/unity/Editor/Mono/Scripting/ScriptCompilation/EditorCompilationInterface.cs:79 

(Filename: /Users/bokken/build/output/unity/unity/Editor/Mono/Scripting/ScriptCompilation/AssemblyGraphBuilder.cs Line: 85)

Begin MonoManager ReloadAssembly
[Licensing::Client] Successfully resolved entitlement details
Thread 0x16dd47000 may have been prematurely finalized
Symbol file LoadedFromMemory is not a mono symbol file
- Loaded All Assemblies, in  0.495 seconds
Folder 'Packages/com.unity.purchasing/Runtime/Apple/' contains multiple assembly definition files (Packages/com.unity.purchasing/Runtime/Apple/UnityEngine.Purchasing.Apple.asmdef)
Folder 'Packages/com.unity.purchasing/Runtime/Apple/' contains multiple assembly definition files (Packages/com.unity.purchasing/Runtime/Apple/Unity.Purchasing.Apple.asmdef)
Folder 'Packages/com.unity.purchasing/Runtime/SecurityStub/' contains multiple assembly definition files (Packages/com.unity.purchasing/Runtime/SecurityStub/UnityEngine.Purchasing.SecurityStub.asmdef)
Folder 'Packages/com.unity.purchasing/Runtime/SecurityStub/' contains multiple assembly definition files (Packages/com.unity.purchasing/Runtime/SecurityStub/Unity.Purchasing.SecurityStub.asmdef)
Folder 'Packages/com.unity.purchasing/Runtime/Security/' contains multiple assembly definition files (Packages/com.unity.purchasing/Runtime/Security/Unity.Purchasing.Security.asmdef)
Folder 'Packages/com.unity.purchasing/Runtime/Security/' contains multiple assembly definition files (Packages/com.unity.purchasing/Runtime/Security/UnityEngine.Purchasing.Security.asmdef)
Folder 'Packages/com.unity.purchasing/Runtime/Stores/' contains multiple assembly definition files (Packages/com.unity.purchasing/Runtime/Stores/UnityEngine.Purchasing.Stores.asmdef)
Folder 'Packages/com.unity.purchasing/Runtime/Stores/' contains multiple assembly definition files (Packages/com.unity.purchasing/Runtime/Stores/Unity.Purchasing.Stores.asmdef)
Folder 'Packages/com.unity.purchasing/Runtime/SecurityCore/' contains multiple assembly definition files (Packages/com.unity.purchasing/Runtime/SecurityCore/Unity.Purchasing.SecurityCore.asmdef)
Folder 'Packages/com.unity.purchasing/Runtime/SecurityCore/' contains multiple assembly definition files (Packages/com.unity.purchasing/Runtime/SecurityCore/UnityEngine.Purchasing.SecurityCore.asmdef)
Folder 'Packages/com.unity.purchasing/Runtime/Purchasing/' contains multiple assembly definition files (Packages/com.unity.purchasing/Runtime/Purchasing/UnityEngine.Purchasing.asmdef)
Folder 'Packages/com.unity.purchasing/Runtime/Purchasing/' contains multiple assembly definition files (Packages/com.unity.purchasing/Runtime/Purchasing/Unity.Purchasing.asmdef)
Folder 'Packages/com.unity.purchasing/Runtime/AppleMacosStub/' contains multiple assembly definition files (Packages/com.unity.purchasing/Runtime/AppleMacosStub/UnityEngine.Purchasing.AppleMacosStub.asmdef)
Folder 'Packages/com.unity.purchasing/Runtime/AppleMacosStub/' contains multiple assembly definition files (Packages/com.unity.purchasing/Runtime/AppleMacosStub/Unity.Purchasing.AppleMacosStub.asmdef)
Folder 'Packages/com.unity.purchasing/Runtime/AppleStub/' contains multiple assembly definition files (Packages/com.unity.purchasing/Runtime/AppleStub/Unity.Purchasing.AppleStub.asmdef)
Folder 'Packages/com.unity.purchasing/Runtime/AppleStub/' contains multiple assembly definition files (Packages/com.unity.purchasing/Runtime/AppleStub/UnityEngine.Purchasing.AppleStub.asmdef)
Folder 'Packages/com.unity.purchasing/Runtime/AppleMacos/' contains multiple assembly definition files (Packages/com.unity.purchasing/Runtime/AppleMacos/UnityEngine.Purchasing.AppleMacos.asmdef)
Folder 'Packages/com.unity.purchasing/Runtime/AppleMacos/' contains multiple assembly definition files (Packages/com.unity.purchasing/Runtime/AppleMacos/Unity.Purchasing.AppleMacos.asmdef)
Folder 'Packages/com.unity.purchasing/Runtime/Codeless/' contains multiple assembly definition files (Packages/com.unity.purchasing/Runtime/Codeless/Unity.Purchasing.Codeless.asmdef)
Folder 'Packages/com.unity.purchasing/Runtime/Codeless/' contains multiple assembly definition files (Packages/com.unity.purchasing/Runtime/Codeless/UnityEngine.Purchasing.Codeless.asmdef)
ArgumentException: An item with the same key has already been added. Key: 400f2260dd8d285419d1db99999109aa
  at System.Collections.Generic.Dictionary`2[TKey,TValue].TryInsert (TKey key, TValue value, System.Collections.Generic.InsertionBehavior behavior) [0x0015a] in <c5eeda5e65d44b388e164c6c5cfe0702>:0 
  at System.Collections.Generic.Dictionary`2[TKey,TValue].Add (TKey key, TValue value) [0x00000] in <c5eeda5e65d44b388e164c6c5cfe0702>:0 
  at System.Linq.Enumerable.ToDictionary[TSource,TKey,TElement] (TSource[] source, System.Func`2[T,TResult] keySelector, System.Func`2[T,TResult] elementSelector, System.Collections.Generic.IEqualityComparer`1[T] comparer) [0x00029] in <8203c5af529241e2a5cc4b3c5a3dc69a>:0 
  at System.Linq.Enumerable.ToDictionary[TSource,TKey,TElement] (System.Collections.Generic.IEnumerable`1[T] source, System.Func`2[T,TResult] keySelector, System.Func`2[T,TResult] elementSelector, System.Collections.Generic.IEqualityComparer`1[T] comparer) [0x00051] in <8203c5af529241e2a5cc4b3c5a3dc69a>:0 
  at System.Linq.Enumerable.ToDictionary[TSource,TKey,TElement] (System.Collections.Generic.IEnumerable`1[T] source, System.Func`2[T,TResult] keySelector, System.Func`2[T,TResult] elementSelector) [0x00000] in <8203c5af529241e2a5cc4b3c5a3dc69a>:0 
  at UnityEditor.Scripting.ScriptCompilation.AssemblyGraphBuilder.Initialize (System.Collections.Generic.IReadOnlyCollection`1[T] assemblies, System.Collections.Generic.IReadOnlyCollection`1[T] customScriptAssemblyReferences) [0x00046] in /Users/bokken/build/output/unity/unity/Editor/Mono/Scripting/ScriptCompilation/AssemblyGraphBuilder.cs:85 
  at UnityEditor.Scripting.ScriptCompilation.AssemblyGraphBuilderFactory.GetOrCreate (System.String projectPath, System.Collections.Generic.IReadOnlyCollection`1[T] assemblies, System.Collections.Generic.IReadOnlyCollection`1[T] customScriptAssemblyReferences) [0x00038] in /Users/bokken/build/output/unity/unity/Editor/Mono/Scripting/ScriptCompilation/AssemblyGraphBuilderFactory.cs:54 
  at UnityEditor.Scripting.ScriptCompilation.EditorCompilation.GetAssemblyGraphBuilder () [0x00001] in /Users/bokken/build/output/unity/unity/Editor/Mono/Scripting/ScriptCompilation/EditorCompilation.cs:170 
  at UnityEditor.Scripting.ScriptCompilation.EditorCompilation.SetAllScripts (System.String[] allScripts) [0x0000d] in /Users/bokken/build/output/unity/unity/Editor/Mono/Scripting/ScriptCompilation/EditorCompilation.cs:178 
  at UnityEditor.Scripting.ScriptCompilation.EditorCompilationInterface.SetAllScripts (System.String[] allScripts) [0x00001] in /Users/bokken/build/output/unity/unity/Editor/Mono/Scripting/ScriptCompilation/EditorCompilationInterface.cs:79 

(Filename: /Users/bokken/build/output/unity/unity/Editor/Mono/Scripting/ScriptCompilation/AssemblyGraphBuilder.cs Line: 85)

Refreshing native plugins compatible for Editor in 2.74 ms, found 1 plugins.
Native extension for iOS target not found
Native extension for Android target not found
Native extension for OSXStandalone target not found
Native extension for WebGL target not found
Folder 'Packages/com.unity.purchasing/Runtime/Apple/' contains multiple assembly definition files (Packages/com.unity.purchasing/Runtime/Apple/UnityEngine.Purchasing.Apple.asmdef)
Folder 'Packages/com.unity.purchasing/Runtime/Apple/' contains multiple assembly definition files (Packages/com.unity.purchasing/Runtime/Apple/Unity.Purchasing.Apple.asmdef)
Folder 'Packages/com.unity.purchasing/Runtime/SecurityStub/' contains multiple assembly definition files (Packages/com.unity.purchasing/Runtime/SecurityStub/UnityEngine.Purchasing.SecurityStub.asmdef)
Folder 'Packages/com.unity.purchasing/Runtime/SecurityStub/' contains multiple assembly definition files (Packages/com.unity.purchasing/Runtime/SecurityStub/Unity.Purchasing.SecurityStub.asmdef)
Folder 'Packages/com.unity.purchasing/Runtime/Security/' contains multiple assembly definition files (Packages/com.unity.purchasing/Runtime/Security/Unity.Purchasing.Security.asmdef)
Folder 'Packages/com.unity.purchasing/Runtime/Security/' contains multiple assembly definition files (Packages/com.unity.purchasing/Runtime/Security/UnityEngine.Purchasing.Security.asmdef)
Folder 'Packages/com.unity.purchasing/Runtime/Stores/' contains multiple assembly definition files (Packages/com.unity.purchasing/Runtime/Stores/UnityEngine.Purchasing.Stores.asmdef)
Folder 'Packages/com.unity.purchasing/Runtime/Stores/' contains multiple assembly definition files (Packages/com.unity.purchasing/Runtime/Stores/Unity.Purchasing.Stores.asmdef)
Folder 'Packages/com.unity.purchasing/Runtime/SecurityCore/' contains multiple assembly definition files (Packages/com.unity.purchasing/Runtime/SecurityCore/Unity.Purchasing.SecurityCore.asmdef)
Folder 'Packages/com.unity.purchasing/Runtime/SecurityCore/' contains multiple assembly definition files (Packages/com.unity.purchasing/Runtime/SecurityCore/UnityEngine.Purchasing.SecurityCore.asmdef)
Folder 'Packages/com.unity.purchasing/Runtime/Purchasing/' contains multiple assembly definition files (Packages/com.unity.purchasing/Runtime/Purchasing/UnityEngine.Purchasing.asmdef)
Folder 'Packages/com.unity.purchasing/Runtime/Purchasing/' contains multiple assembly definition files (Packages/com.unity.purchasing/Runtime/Purchasing/Unity.Purchasing.asmdef)
Folder 'Packages/com.unity.purchasing/Runtime/AppleMacosStub/' contains multiple assembly definition files (Packages/com.unity.purchasing/Runtime/AppleMacosStub/UnityEngine.Purchasing.AppleMacosStub.asmdef)
Folder 'Packages/com.unity.purchasing/Runtime/AppleMacosStub/' contains multiple assembly definition files (Packages/com.unity.purchasing/Runtime/AppleMacosStub/Unity.Purchasing.AppleMacosStub.asmdef)
Folder 'Packages/com.unity.purchasing/Runtime/AppleStub/' contains multiple assembly definition files (Packages/com.unity.purchasing/Runtime/AppleStub/Unity.Purchasing.AppleStub.asmdef)
Folder 'Packages/com.unity.purchasing/Runtime/AppleStub/' contains multiple assembly definition files (Packages/com.unity.purchasing/Runtime/AppleStub/UnityEngine.Purchasing.AppleStub.asmdef)
Folder 'Packages/com.unity.purchasing/Runtime/AppleMacos/' contains multiple assembly definition files (Packages/com.unity.purchasing/Runtime/AppleMacos/UnityEngine.Purchasing.AppleMacos.asmdef)
Folder 'Packages/com.unity.purchasing/Runtime/AppleMacos/' contains multiple assembly definition files (Packages/com.unity.purchasing/Runtime/AppleMacos/Unity.Purchasing.AppleMacos.asmdef)
Folder 'Packages/com.unity.purchasing/Runtime/Codeless/' contains multiple assembly definition files (Packages/com.unity.purchasing/Runtime/Codeless/Unity.Purchasing.Codeless.asmdef)
Folder 'Packages/com.unity.purchasing/Runtime/Codeless/' contains multiple assembly definition files (Packages/com.unity.purchasing/Runtime/Codeless/UnityEngine.Purchasing.Codeless.asmdef)
ArgumentException: An item with the same key has already been added. Key: 400f2260dd8d285419d1db99999109aa
  at System.Collections.Generic.Dictionary`2[TKey,TValue].TryInsert (TKey key, TValue value, System.Collections.Generic.InsertionBehavior behavior) [0x0015a] in <c5eeda5e65d44b388e164c6c5cfe0702>:0 
  at System.Collections.Generic.Dictionary`2[TKey,TValue].Add (TKey key, TValue value) [0x00000] in <c5eeda5e65d44b388e164c6c5cfe0702>:0 
  at System.Linq.Enumerable.ToDictionary[TSource,TKey,TElement] (TSource[] source, System.Func`2[T,TResult] keySelector, System.Func`2[T,TResult] elementSelector, System.Collections.Generic.IEqualityComparer`1[T] comparer) [0x00029] in <8203c5af529241e2a5cc4b3c5a3dc69a>:0 
  at System.Linq.Enumerable.ToDictionary[TSource,TKey,TElement] (System.Collections.Generic.IEnumerable`1[T] source, System.Func`2[T,TResult] keySelector, System.Func`2[T,TResult] elementSelector, System.Collections.Generic.IEqualityComparer`1[T] comparer) [0x00051] in <8203c5af529241e2a5cc4b3c5a3dc69a>:0 
  at System.Linq.Enumerable.ToDictionary[TSource,TKey,TElement] (System.Collections.Generic.IEnumerable`1[T] source, System.Func`2[T,TResult] keySelector, System.Func`2[T,TResult] elementSelector) [0x00000] in <8203c5af529241e2a5cc4b3c5a3dc69a>:0 
  at UnityEditor.Scripting.ScriptCompilation.AssemblyGraphBuilder.Initialize (System.Collections.Generic.IReadOnlyCollection`1[T] assemblies, System.Collections.Generic.IReadOnlyCollection`1[T] customScriptAssemblyReferences) [0x00046] in /Users/bokken/build/output/unity/unity/Editor/Mono/Scripting/ScriptCompilation/AssemblyGraphBuilder.cs:85 
  at UnityEditor.Scripting.ScriptCompilation.AssemblyGraphBuilderFactory.GetOrCreate (System.String projectPath, System.Collections.Generic.IReadOnlyCollection`1[T] assemblies, System.Collections.Generic.IReadOnlyCollection`1[T] customScriptAssemblyReferences) [0x00038] in /Users/bokken/build/output/unity/unity/Editor/Mono/Scripting/ScriptCompilation/AssemblyGraphBuilderFactory.cs:54 
  at UnityEditor.Scripting.ScriptCompilation.EditorCompilation.GetAssemblyGraphBuilder () [0x00001] in /Users/bokken/build/output/unity/unity/Editor/Mono/Scripting/ScriptCompilation/EditorCompilation.cs:170 
  at UnityEditor.Scripting.ScriptCompilation.EditorCompilation.SetAllScripts (System.String[] allScripts) [0x0000d] in /Users/bokken/build/output/unity/unity/Editor/Mono/Scripting/ScriptCompilation/EditorCompilation.cs:178 
  at UnityEditor.Scripting.ScriptCompilation.EditorCompilationInterface.SetAllScripts (System.String[] allScripts) [0x00001] in /Users/bokken/build/output/unity/unity/Editor/Mono/Scripting/ScriptCompilation/EditorCompilationInterface.cs:79 

(Filename: /Users/bokken/build/output/unity/unity/Editor/Mono/Scripting/ScriptCompilation/AssemblyGraphBuilder.cs Line: 85)

Refreshing native plugins compatible for Editor in 3.20 ms, found 1 plugins.
[Package Manager] Failed to launch server process. Reason: Unity was launched with the -noUpm command-line argument
[Package Manager] Unable to send message (not connected to server process).
[Package Manager] Cannot connect to Unity Package Manager local server
ScheduleIndexationOnStartup MainProcess:False IndexOnStartup:True
Mono: successfully reloaded assembly
- Finished resetting the current domain, in  0.958 seconds
Domain Reload Profiling: 1455ms
	BeginReloadAssembly (115ms)
		ExecutionOrderSort (0ms)
		DisableScriptedObjects (3ms)
		BackupInstance (0ms)
		ReleaseScriptingObjects (0ms)
		CreateAndSetChildDomain (35ms)
	RebuildCommonClasses (27ms)
	RebuildNativeTypeToScriptingClass (11ms)
	initialDomainReloadingComplete (16ms)
	LoadAllAssembliesAndSetupDomain (330ms)
		LoadAssemblies (235ms)
		RebuildTransferFunctionScriptingTraits (0ms)
		AnalyzeDomain (130ms)
			TypeCache.Refresh (11ms)
				TypeCache.ScanAssembly (1ms)
			BuildScriptInfoCaches (114ms)
			ResolveRequiredComponents (4ms)
	FinalizeReload (958ms)
		ReleaseScriptCaches (0ms)
		RebuildScriptCaches (0ms)
		SetupLoadedEditorAssemblies (859ms)
			LogAssemblyErrors (0ms)
			InitializePlatformSupportModulesInManaged (13ms)
			SetLoadedEditorAssemblies (4ms)
			BeforeProcessingInitializeOnLoad (101ms)
			ProcessInitializeOnLoadAttributes (689ms)
			ProcessInitializeOnLoadMethodAttributes (52ms)
			AfterProcessingInitializeOnLoad (1ms)
			EditorAssembliesLoaded (0ms)
		ExecutionOrderSort2 (0ms)
		AwakeInstancesAfterBackupRestoration (3ms)
Refreshing native plugins compatible for Editor in 3.06 ms, found 1 plugins.
Preloading 0 native plugins for Editor in 0.00 ms.
Unloading 29 Unused Serialized files (Serialized files now loaded: 0)
Unloading 6234 unused Assets / (4.5 MB). Loaded Objects now: 6970.
Memory consumption went from 142.3 MB to 137.9 MB.
Total: 19.672291 ms (FindLiveObjects: 0.301334 ms CreateObjectMapping: 0.167333 ms MarkObjects: 17.812792 ms  DeleteObjects: 1.390625 ms)

Prepare: number of updated asset objects reloaded= 0
========================================================================
Received Prepare
Folder 'Packages/com.unity.purchasing/Runtime/Apple/' contains multiple assembly definition files (Packages/com.unity.purchasing/Runtime/Apple/UnityEngine.Purchasing.Apple.asmdef)
Folder 'Packages/com.unity.purchasing/Runtime/Apple/' contains multiple assembly definition files (Packages/com.unity.purchasing/Runtime/Apple/Unity.Purchasing.Apple.asmdef)
Folder 'Packages/com.unity.purchasing/Runtime/SecurityStub/' contains multiple assembly definition files (Packages/com.unity.purchasing/Runtime/SecurityStub/UnityEngine.Purchasing.SecurityStub.asmdef)
Folder 'Packages/com.unity.purchasing/Runtime/SecurityStub/' contains multiple assembly definition files (Packages/com.unity.purchasing/Runtime/SecurityStub/Unity.Purchasing.SecurityStub.asmdef)
Folder 'Packages/com.unity.purchasing/Runtime/Security/' contains multiple assembly definition files (Packages/com.unity.purchasing/Runtime/Security/Unity.Purchasing.Security.asmdef)
Folder 'Packages/com.unity.purchasing/Runtime/Security/' contains multiple assembly definition files (Packages/com.unity.purchasing/Runtime/Security/UnityEngine.Purchasing.Security.asmdef)
Folder 'Packages/com.unity.purchasing/Runtime/Stores/' contains multiple assembly definition files (Packages/com.unity.purchasing/Runtime/Stores/UnityEngine.Purchasing.Stores.asmdef)
Folder 'Packages/com.unity.purchasing/Runtime/Stores/' contains multiple assembly definition files (Packages/com.unity.purchasing/Runtime/Stores/Unity.Purchasing.Stores.asmdef)
Folder 'Packages/com.unity.purchasing/Runtime/SecurityCore/' contains multiple assembly definition files (Packages/com.unity.purchasing/Runtime/SecurityCore/Unity.Purchasing.SecurityCore.asmdef)
Folder 'Packages/com.unity.purchasing/Runtime/SecurityCore/' contains multiple assembly definition files (Packages/com.unity.purchasing/Runtime/SecurityCore/UnityEngine.Purchasing.SecurityCore.asmdef)
Folder 'Packages/com.unity.purchasing/Runtime/Purchasing/' contains multiple assembly definition files (Packages/com.unity.purchasing/Runtime/Purchasing/UnityEngine.Purchasing.asmdef)
Folder 'Packages/com.unity.purchasing/Runtime/Purchasing/' contains multiple assembly definition files (Packages/com.unity.purchasing/Runtime/Purchasing/Unity.Purchasing.asmdef)
Folder 'Packages/com.unity.purchasing/Runtime/AppleMacosStub/' contains multiple assembly definition files (Packages/com.unity.purchasing/Runtime/AppleMacosStub/UnityEngine.Purchasing.AppleMacosStub.asmdef)
Folder 'Packages/com.unity.purchasing/Runtime/AppleMacosStub/' contains multiple assembly definition files (Packages/com.unity.purchasing/Runtime/AppleMacosStub/Unity.Purchasing.AppleMacosStub.asmdef)
Folder 'Packages/com.unity.purchasing/Runtime/AppleStub/' contains multiple assembly definition files (Packages/com.unity.purchasing/Runtime/AppleStub/Unity.Purchasing.AppleStub.asmdef)
Folder 'Packages/com.unity.purchasing/Runtime/AppleStub/' contains multiple assembly definition files (Packages/com.unity.purchasing/Runtime/AppleStub/UnityEngine.Purchasing.AppleStub.asmdef)
Folder 'Packages/com.unity.purchasing/Runtime/AppleMacos/' contains multiple assembly definition files (Packages/com.unity.purchasing/Runtime/AppleMacos/UnityEngine.Purchasing.AppleMacos.asmdef)
Folder 'Packages/com.unity.purchasing/Runtime/AppleMacos/' contains multiple assembly definition files (Packages/com.unity.purchasing/Runtime/AppleMacos/Unity.Purchasing.AppleMacos.asmdef)
Folder 'Packages/com.unity.purchasing/Runtime/Codeless/' contains multiple assembly definition files (Packages/com.unity.purchasing/Runtime/Codeless/Unity.Purchasing.Codeless.asmdef)
Folder 'Packages/com.unity.purchasing/Runtime/Codeless/' contains multiple assembly definition files (Packages/com.unity.purchasing/Runtime/Codeless/UnityEngine.Purchasing.Codeless.asmdef)
ArgumentException: An item with the same key has already been added. Key: 400f2260dd8d285419d1db99999109aa
  at System.Collections.Generic.Dictionary`2[TKey,TValue].TryInsert (TKey key, TValue value, System.Collections.Generic.InsertionBehavior behavior) [0x0015a] in <c5eeda5e65d44b388e164c6c5cfe0702>:0 
  at System.Collections.Generic.Dictionary`2[TKey,TValue].Add (TKey key, TValue value) [0x00000] in <c5eeda5e65d44b388e164c6c5cfe0702>:0 
  at System.Linq.Enumerable.ToDictionary[TSource,TKey,TElement] (TSource[] source, System.Func`2[T,TResult] keySelector, System.Func`2[T,TResult] elementSelector, System.Collections.Generic.IEqualityComparer`1[T] comparer) [0x00029] in <8203c5af529241e2a5cc4b3c5a3dc69a>:0 
  at System.Linq.Enumerable.ToDictionary[TSource,TKey,TElement] (System.Collections.Generic.IEnumerable`1[T] source, System.Func`2[T,TResult] keySelector, System.Func`2[T,TResult] elementSelector, System.Collections.Generic.IEqualityComparer`1[T] comparer) [0x00051] in <8203c5af529241e2a5cc4b3c5a3dc69a>:0 
  at System.Linq.Enumerable.ToDictionary[TSource,TKey,TElement] (System.Collections.Generic.IEnumerable`1[T] source, System.Func`2[T,TResult] keySelector, System.Func`2[T,TResult] elementSelector) [0x00000] in <8203c5af529241e2a5cc4b3c5a3dc69a>:0 
  at UnityEditor.Scripting.ScriptCompilation.AssemblyGraphBuilder.Initialize (System.Collections.Generic.IReadOnlyCollection`1[T] assemblies, System.Collections.Generic.IReadOnlyCollection`1[T] customScriptAssemblyReferences) [0x00046] in /Users/bokken/build/output/unity/unity/Editor/Mono/Scripting/ScriptCompilation/AssemblyGraphBuilder.cs:85 
  at UnityEditor.Scripting.ScriptCompilation.AssemblyGraphBuilderFactory.GetOrCreate (System.String projectPath, System.Collections.Generic.IReadOnlyCollection`1[T] assemblies, System.Collections.Generic.IReadOnlyCollection`1[T] customScriptAssemblyReferences) [0x00038] in /Users/bokken/build/output/unity/unity/Editor/Mono/Scripting/ScriptCompilation/AssemblyGraphBuilderFactory.cs:54 
  at UnityEditor.Scripting.ScriptCompilation.EditorCompilation.GetAssemblyGraphBuilder () [0x00001] in /Users/bokken/build/output/unity/unity/Editor/Mono/Scripting/ScriptCompilation/EditorCompilation.cs:170 
  at UnityEditor.Scripting.ScriptCompilation.EditorCompilation.SetAllScripts (System.String[] allScripts) [0x0000d] in /Users/bokken/build/output/unity/unity/Editor/Mono/Scripting/ScriptCompilation/EditorCompilation.cs:178 
  at UnityEditor.Scripting.ScriptCompilation.EditorCompilationInterface.SetAllScripts (System.String[] allScripts) [0x00001] in /Users/bokken/build/output/unity/unity/Editor/Mono/Scripting/ScriptCompilation/EditorCompilationInterface.cs:79 

(Filename: /Users/bokken/build/output/unity/unity/Editor/Mono/Scripting/ScriptCompilation/AssemblyGraphBuilder.cs Line: 85)

Folder 'Packages/com.unity.purchasing/Runtime/Apple/' contains multiple assembly definition files (Packages/com.unity.purchasing/Runtime/Apple/UnityEngine.Purchasing.Apple.asmdef)
Folder 'Packages/com.unity.purchasing/Runtime/Apple/' contains multiple assembly definition files (Packages/com.unity.purchasing/Runtime/Apple/Unity.Purchasing.Apple.asmdef)
Folder 'Packages/com.unity.purchasing/Runtime/SecurityStub/' contains multiple assembly definition files (Packages/com.unity.purchasing/Runtime/SecurityStub/UnityEngine.Purchasing.SecurityStub.asmdef)
Folder 'Packages/com.unity.purchasing/Runtime/SecurityStub/' contains multiple assembly definition files (Packages/com.unity.purchasing/Runtime/SecurityStub/Unity.Purchasing.SecurityStub.asmdef)
Folder 'Packages/com.unity.purchasing/Runtime/Security/' contains multiple assembly definition files (Packages/com.unity.purchasing/Runtime/Security/Unity.Purchasing.Security.asmdef)
Folder 'Packages/com.unity.purchasing/Runtime/Security/' contains multiple assembly definition files (Packages/com.unity.purchasing/Runtime/Security/UnityEngine.Purchasing.Security.asmdef)
Folder 'Packages/com.unity.purchasing/Runtime/Stores/' contains multiple assembly definition files (Packages/com.unity.purchasing/Runtime/Stores/UnityEngine.Purchasing.Stores.asmdef)
Folder 'Packages/com.unity.purchasing/Runtime/Stores/' contains multiple assembly definition files (Packages/com.unity.purchasing/Runtime/Stores/Unity.Purchasing.Stores.asmdef)
Folder 'Packages/com.unity.purchasing/Runtime/SecurityCore/' contains multiple assembly definition files (Packages/com.unity.purchasing/Runtime/SecurityCore/Unity.Purchasing.SecurityCore.asmdef)
Folder 'Packages/com.unity.purchasing/Runtime/SecurityCore/' contains multiple assembly definition files (Packages/com.unity.purchasing/Runtime/SecurityCore/UnityEngine.Purchasing.SecurityCore.asmdef)
Folder 'Packages/com.unity.purchasing/Runtime/Purchasing/' contains multiple assembly definition files (Packages/com.unity.purchasing/Runtime/Purchasing/UnityEngine.Purchasing.asmdef)
Folder 'Packages/com.unity.purchasing/Runtime/Purchasing/' contains multiple assembly definition files (Packages/com.unity.purchasing/Runtime/Purchasing/Unity.Purchasing.asmdef)
Folder 'Packages/com.unity.purchasing/Runtime/AppleMacosStub/' contains multiple assembly definition files (Packages/com.unity.purchasing/Runtime/AppleMacosStub/UnityEngine.Purchasing.AppleMacosStub.asmdef)
Folder 'Packages/com.unity.purchasing/Runtime/AppleMacosStub/' contains multiple assembly definition files (Packages/com.unity.purchasing/Runtime/AppleMacosStub/Unity.Purchasing.AppleMacosStub.asmdef)
Folder 'Packages/com.unity.purchasing/Runtime/AppleStub/' contains multiple assembly definition files (Packages/com.unity.purchasing/Runtime/AppleStub/Unity.Purchasing.AppleStub.asmdef)
Folder 'Packages/com.unity.purchasing/Runtime/AppleStub/' contains multiple assembly definition files (Packages/com.unity.purchasing/Runtime/AppleStub/UnityEngine.Purchasing.AppleStub.asmdef)
Folder 'Packages/com.unity.purchasing/Runtime/AppleMacos/' contains multiple assembly definition files (Packages/com.unity.purchasing/Runtime/AppleMacos/UnityEngine.Purchasing.AppleMacos.asmdef)
Folder 'Packages/com.unity.purchasing/Runtime/AppleMacos/' contains multiple assembly definition files (Packages/com.unity.purchasing/Runtime/AppleMacos/Unity.Purchasing.AppleMacos.asmdef)
Folder 'Packages/com.unity.purchasing/Runtime/Codeless/' contains multiple assembly definition files (Packages/com.unity.purchasing/Runtime/Codeless/Unity.Purchasing.Codeless.asmdef)
Folder 'Packages/com.unity.purchasing/Runtime/Codeless/' contains multiple assembly definition files (Packages/com.unity.purchasing/Runtime/Codeless/UnityEngine.Purchasing.Codeless.asmdef)
ArgumentException: An item with the same key has already been added. Key: 400f2260dd8d285419d1db99999109aa
  at System.Collections.Generic.Dictionary`2[TKey,TValue].TryInsert (TKey key, TValue value, System.Collections.Generic.InsertionBehavior behavior) [0x0015a] in <c5eeda5e65d44b388e164c6c5cfe0702>:0 
  at System.Collections.Generic.Dictionary`2[TKey,TValue].Add (TKey key, TValue value) [0x00000] in <c5eeda5e65d44b388e164c6c5cfe0702>:0 
  at System.Linq.Enumerable.ToDictionary[TSource,TKey,TElement] (TSource[] source, System.Func`2[T,TResult] keySelector, System.Func`2[T,TResult] elementSelector, System.Collections.Generic.IEqualityComparer`1[T] comparer) [0x00029] in <8203c5af529241e2a5cc4b3c5a3dc69a>:0 
  at System.Linq.Enumerable.ToDictionary[TSource,TKey,TElement] (System.Collections.Generic.IEnumerable`1[T] source, System.Func`2[T,TResult] keySelector, System.Func`2[T,TResult] elementSelector, System.Collections.Generic.IEqualityComparer`1[T] comparer) [0x00051] in <8203c5af529241e2a5cc4b3c5a3dc69a>:0 
  at System.Linq.Enumerable.ToDictionary[TSource,TKey,TElement] (System.Collections.Generic.IEnumerable`1[T] source, System.Func`2[T,TResult] keySelector, System.Func`2[T,TResult] elementSelector) [0x00000] in <8203c5af529241e2a5cc4b3c5a3dc69a>:0 
  at UnityEditor.Scripting.ScriptCompilation.AssemblyGraphBuilder.Initialize (System.Collections.Generic.IReadOnlyCollection`1[T] assemblies, System.Collections.Generic.IReadOnlyCollection`1[T] customScriptAssemblyReferences) [0x00046] in /Users/bokken/build/output/unity/unity/Editor/Mono/Scripting/ScriptCompilation/AssemblyGraphBuilder.cs:85 
  at UnityEditor.Scripting.ScriptCompilation.AssemblyGraphBuilderFactory.GetOrCreate (System.String projectPath, System.Collections.Generic.IReadOnlyCollection`1[T] assemblies, System.Collections.Generic.IReadOnlyCollection`1[T] customScriptAssemblyReferences) [0x00038] in /Users/bokken/build/output/unity/unity/Editor/Mono/Scripting/ScriptCompilation/AssemblyGraphBuilderFactory.cs:54 
  at UnityEditor.Scripting.ScriptCompilation.EditorCompilation.GetAssemblyGraphBuilder () [0x00001] in /Users/bokken/build/output/unity/unity/Editor/Mono/Scripting/ScriptCompilation/EditorCompilation.cs:170 
  at UnityEditor.Scripting.ScriptCompilation.EditorCompilation.SetAllScripts (System.String[] allScripts) [0x0000d] in /Users/bokken/build/output/unity/unity/Editor/Mono/Scripting/ScriptCompilation/EditorCompilation.cs:178 
  at UnityEditor.Scripting.ScriptCompilation.EditorCompilationInterface.SetAllScripts (System.String[] allScripts) [0x00001] in /Users/bokken/build/output/unity/unity/Editor/Mono/Scripting/ScriptCompilation/EditorCompilationInterface.cs:79 

(Filename: /Users/bokken/build/output/unity/unity/Editor/Mono/Scripting/ScriptCompilation/AssemblyGraphBuilder.cs Line: 85)

Begin MonoManager ReloadAssembly
Thread 0x16dd47000 may have been prematurely finalized
Symbol file LoadedFromMemory is not a mono symbol file
- Loaded All Assemblies, in  0.470 seconds
Folder 'Packages/com.unity.purchasing/Runtime/Apple/' contains multiple assembly definition files (Packages/com.unity.purchasing/Runtime/Apple/UnityEngine.Purchasing.Apple.asmdef)
Folder 'Packages/com.unity.purchasing/Runtime/Apple/' contains multiple assembly definition files (Packages/com.unity.purchasing/Runtime/Apple/Unity.Purchasing.Apple.asmdef)
Folder 'Packages/com.unity.purchasing/Runtime/SecurityStub/' contains multiple assembly definition files (Packages/com.unity.purchasing/Runtime/SecurityStub/UnityEngine.Purchasing.SecurityStub.asmdef)
Folder 'Packages/com.unity.purchasing/Runtime/SecurityStub/' contains multiple assembly definition files (Packages/com.unity.purchasing/Runtime/SecurityStub/Unity.Purchasing.SecurityStub.asmdef)
Folder 'Packages/com.unity.purchasing/Runtime/Security/' contains multiple assembly definition files (Packages/com.unity.purchasing/Runtime/Security/Unity.Purchasing.Security.asmdef)
Folder 'Packages/com.unity.purchasing/Runtime/Security/' contains multiple assembly definition files (Packages/com.unity.purchasing/Runtime/Security/UnityEngine.Purchasing.Security.asmdef)
Folder 'Packages/com.unity.purchasing/Runtime/Stores/' contains multiple assembly definition files (Packages/com.unity.purchasing/Runtime/Stores/UnityEngine.Purchasing.Stores.asmdef)
Folder 'Packages/com.unity.purchasing/Runtime/Stores/' contains multiple assembly definition files (Packages/com.unity.purchasing/Runtime/Stores/Unity.Purchasing.Stores.asmdef)
Folder 'Packages/com.unity.purchasing/Runtime/SecurityCore/' contains multiple assembly definition files (Packages/com.unity.purchasing/Runtime/SecurityCore/Unity.Purchasing.SecurityCore.asmdef)
Folder 'Packages/com.unity.purchasing/Runtime/SecurityCore/' contains multiple assembly definition files (Packages/com.unity.purchasing/Runtime/SecurityCore/UnityEngine.Purchasing.SecurityCore.asmdef)
Folder 'Packages/com.unity.purchasing/Runtime/Purchasing/' contains multiple assembly definition files (Packages/com.unity.purchasing/Runtime/Purchasing/UnityEngine.Purchasing.asmdef)
Folder 'Packages/com.unity.purchasing/Runtime/Purchasing/' contains multiple assembly definition files (Packages/com.unity.purchasing/Runtime/Purchasing/Unity.Purchasing.asmdef)
Folder 'Packages/com.unity.purchasing/Runtime/AppleMacosStub/' contains multiple assembly definition files (Packages/com.unity.purchasing/Runtime/AppleMacosStub/UnityEngine.Purchasing.AppleMacosStub.asmdef)
Folder 'Packages/com.unity.purchasing/Runtime/AppleMacosStub/' contains multiple assembly definition files (Packages/com.unity.purchasing/Runtime/AppleMacosStub/Unity.Purchasing.AppleMacosStub.asmdef)
Folder 'Packages/com.unity.purchasing/Runtime/AppleStub/' contains multiple assembly definition files (Packages/com.unity.purchasing/Runtime/AppleStub/Unity.Purchasing.AppleStub.asmdef)
Folder 'Packages/com.unity.purchasing/Runtime/AppleStub/' contains multiple assembly definition files (Packages/com.unity.purchasing/Runtime/AppleStub/UnityEngine.Purchasing.AppleStub.asmdef)
Folder 'Packages/com.unity.purchasing/Runtime/AppleMacos/' contains multiple assembly definition files (Packages/com.unity.purchasing/Runtime/AppleMacos/UnityEngine.Purchasing.AppleMacos.asmdef)
Folder 'Packages/com.unity.purchasing/Runtime/AppleMacos/' contains multiple assembly definition files (Packages/com.unity.purchasing/Runtime/AppleMacos/Unity.Purchasing.AppleMacos.asmdef)
Folder 'Packages/com.unity.purchasing/Runtime/Codeless/' contains multiple assembly definition files (Packages/com.unity.purchasing/Runtime/Codeless/Unity.Purchasing.Codeless.asmdef)
Folder 'Packages/com.unity.purchasing/Runtime/Codeless/' contains multiple assembly definition files (Packages/com.unity.purchasing/Runtime/Codeless/UnityEngine.Purchasing.Codeless.asmdef)
ArgumentException: An item with the same key has already been added. Key: 400f2260dd8d285419d1db99999109aa
  at System.Collections.Generic.Dictionary`2[TKey,TValue].TryInsert (TKey key, TValue value, System.Collections.Generic.InsertionBehavior behavior) [0x0015a] in <c5eeda5e65d44b388e164c6c5cfe0702>:0 
  at System.Collections.Generic.Dictionary`2[TKey,TValue].Add (TKey key, TValue value) [0x00000] in <c5eeda5e65d44b388e164c6c5cfe0702>:0 
  at System.Linq.Enumerable.ToDictionary[TSource,TKey,TElement] (TSource[] source, System.Func`2[T,TResult] keySelector, System.Func`2[T,TResult] elementSelector, System.Collections.Generic.IEqualityComparer`1[T] comparer) [0x00029] in <8203c5af529241e2a5cc4b3c5a3dc69a>:0 
  at System.Linq.Enumerable.ToDictionary[TSource,TKey,TElement] (System.Collections.Generic.IEnumerable`1[T] source, System.Func`2[T,TResult] keySelector, System.Func`2[T,TResult] elementSelector, System.Collections.Generic.IEqualityComparer`1[T] comparer) [0x00051] in <8203c5af529241e2a5cc4b3c5a3dc69a>:0 
  at System.Linq.Enumerable.ToDictionary[TSource,TKey,TElement] (System.Collections.Generic.IEnumerable`1[T] source, System.Func`2[T,TResult] keySelector, System.Func`2[T,TResult] elementSelector) [0x00000] in <8203c5af529241e2a5cc4b3c5a3dc69a>:0 
  at UnityEditor.Scripting.ScriptCompilation.AssemblyGraphBuilder.Initialize (System.Collections.Generic.IReadOnlyCollection`1[T] assemblies, System.Collections.Generic.IReadOnlyCollection`1[T] customScriptAssemblyReferences) [0x00046] in /Users/bokken/build/output/unity/unity/Editor/Mono/Scripting/ScriptCompilation/AssemblyGraphBuilder.cs:85 
  at UnityEditor.Scripting.ScriptCompilation.AssemblyGraphBuilderFactory.GetOrCreate (System.String projectPath, System.Collections.Generic.IReadOnlyCollection`1[T] assemblies, System.Collections.Generic.IReadOnlyCollection`1[T] customScriptAssemblyReferences) [0x00038] in /Users/bokken/build/output/unity/unity/Editor/Mono/Scripting/ScriptCompilation/AssemblyGraphBuilderFactory.cs:54 
  at UnityEditor.Scripting.ScriptCompilation.EditorCompilation.GetAssemblyGraphBuilder () [0x00001] in /Users/bokken/build/output/unity/unity/Editor/Mono/Scripting/ScriptCompilation/EditorCompilation.cs:170 
  at UnityEditor.Scripting.ScriptCompilation.EditorCompilation.SetAllScripts (System.String[] allScripts) [0x0000d] in /Users/bokken/build/output/unity/unity/Editor/Mono/Scripting/ScriptCompilation/EditorCompilation.cs:178 
  at UnityEditor.Scripting.ScriptCompilation.EditorCompilationInterface.SetAllScripts (System.String[] allScripts) [0x00001] in /Users/bokken/build/output/unity/unity/Editor/Mono/Scripting/ScriptCompilation/EditorCompilationInterface.cs:79 

(Filename: /Users/bokken/build/output/unity/unity/Editor/Mono/Scripting/ScriptCompilation/AssemblyGraphBuilder.cs Line: 85)

Refreshing native plugins compatible for Editor in 3.23 ms, found 1 plugins.
Native extension for iOS target not found
Native extension for Android target not found
Native extension for OSXStandalone target not found
Native extension for WebGL target not found
Folder 'Packages/com.unity.purchasing/Runtime/Apple/' contains multiple assembly definition files (Packages/com.unity.purchasing/Runtime/Apple/UnityEngine.Purchasing.Apple.asmdef)
Folder 'Packages/com.unity.purchasing/Runtime/Apple/' contains multiple assembly definition files (Packages/com.unity.purchasing/Runtime/Apple/Unity.Purchasing.Apple.asmdef)
Folder 'Packages/com.unity.purchasing/Runtime/SecurityStub/' contains multiple assembly definition files (Packages/com.unity.purchasing/Runtime/SecurityStub/UnityEngine.Purchasing.SecurityStub.asmdef)
Folder 'Packages/com.unity.purchasing/Runtime/SecurityStub/' contains multiple assembly definition files (Packages/com.unity.purchasing/Runtime/SecurityStub/Unity.Purchasing.SecurityStub.asmdef)
Folder 'Packages/com.unity.purchasing/Runtime/Security/' contains multiple assembly definition files (Packages/com.unity.purchasing/Runtime/Security/Unity.Purchasing.Security.asmdef)
Folder 'Packages/com.unity.purchasing/Runtime/Security/' contains multiple assembly definition files (Packages/com.unity.purchasing/Runtime/Security/UnityEngine.Purchasing.Security.asmdef)
Folder 'Packages/com.unity.purchasing/Runtime/Stores/' contains multiple assembly definition files (Packages/com.unity.purchasing/Runtime/Stores/UnityEngine.Purchasing.Stores.asmdef)
Folder 'Packages/com.unity.purchasing/Runtime/Stores/' contains multiple assembly definition files (Packages/com.unity.purchasing/Runtime/Stores/Unity.Purchasing.Stores.asmdef)
Folder 'Packages/com.unity.purchasing/Runtime/SecurityCore/' contains multiple assembly definition files (Packages/com.unity.purchasing/Runtime/SecurityCore/Unity.Purchasing.SecurityCore.asmdef)
Folder 'Packages/com.unity.purchasing/Runtime/SecurityCore/' contains multiple assembly definition files (Packages/com.unity.purchasing/Runtime/SecurityCore/UnityEngine.Purchasing.SecurityCore.asmdef)
Folder 'Packages/com.unity.purchasing/Runtime/Purchasing/' contains multiple assembly definition files (Packages/com.unity.purchasing/Runtime/Purchasing/UnityEngine.Purchasing.asmdef)
Folder 'Packages/com.unity.purchasing/Runtime/Purchasing/' contains multiple assembly definition files (Packages/com.unity.purchasing/Runtime/Purchasing/Unity.Purchasing.asmdef)
Folder 'Packages/com.unity.purchasing/Runtime/AppleMacosStub/' contains multiple assembly definition files (Packages/com.unity.purchasing/Runtime/AppleMacosStub/UnityEngine.Purchasing.AppleMacosStub.asmdef)
Folder 'Packages/com.unity.purchasing/Runtime/AppleMacosStub/' contains multiple assembly definition files (Packages/com.unity.purchasing/Runtime/AppleMacosStub/Unity.Purchasing.AppleMacosStub.asmdef)
Folder 'Packages/com.unity.purchasing/Runtime/AppleStub/' contains multiple assembly definition files (Packages/com.unity.purchasing/Runtime/AppleStub/Unity.Purchasing.AppleStub.asmdef)
Folder 'Packages/com.unity.purchasing/Runtime/AppleStub/' contains multiple assembly definition files (Packages/com.unity.purchasing/Runtime/AppleStub/UnityEngine.Purchasing.AppleStub.asmdef)
Folder 'Packages/com.unity.purchasing/Runtime/AppleMacos/' contains multiple assembly definition files (Packages/com.unity.purchasing/Runtime/AppleMacos/UnityEngine.Purchasing.AppleMacos.asmdef)
Folder 'Packages/com.unity.purchasing/Runtime/AppleMacos/' contains multiple assembly definition files (Packages/com.unity.purchasing/Runtime/AppleMacos/Unity.Purchasing.AppleMacos.asmdef)
Folder 'Packages/com.unity.purchasing/Runtime/Codeless/' contains multiple assembly definition files (Packages/com.unity.purchasing/Runtime/Codeless/Unity.Purchasing.Codeless.asmdef)
Folder 'Packages/com.unity.purchasing/Runtime/Codeless/' contains multiple assembly definition files (Packages/com.unity.purchasing/Runtime/Codeless/UnityEngine.Purchasing.Codeless.asmdef)
ArgumentException: An item with the same key has already been added. Key: 400f2260dd8d285419d1db99999109aa
  at System.Collections.Generic.Dictionary`2[TKey,TValue].TryInsert (TKey key, TValue value, System.Collections.Generic.InsertionBehavior behavior) [0x0015a] in <c5eeda5e65d44b388e164c6c5cfe0702>:0 
  at System.Collections.Generic.Dictionary`2[TKey,TValue].Add (TKey key, TValue value) [0x00000] in <c5eeda5e65d44b388e164c6c5cfe0702>:0 
  at System.Linq.Enumerable.ToDictionary[TSource,TKey,TElement] (TSource[] source, System.Func`2[T,TResult] keySelector, System.Func`2[T,TResult] elementSelector, System.Collections.Generic.IEqualityComparer`1[T] comparer) [0x00029] in <8203c5af529241e2a5cc4b3c5a3dc69a>:0 
  at System.Linq.Enumerable.ToDictionary[TSource,TKey,TElement] (System.Collections.Generic.IEnumerable`1[T] source, System.Func`2[T,TResult] keySelector, System.Func`2[T,TResult] elementSelector, System.Collections.Generic.IEqualityComparer`1[T] comparer) [0x00051] in <8203c5af529241e2a5cc4b3c5a3dc69a>:0 
  at System.Linq.Enumerable.ToDictionary[TSource,TKey,TElement] (System.Collections.Generic.IEnumerable`1[T] source, System.Func`2[T,TResult] keySelector, System.Func`2[T,TResult] elementSelector) [0x00000] in <8203c5af529241e2a5cc4b3c5a3dc69a>:0 
  at UnityEditor.Scripting.ScriptCompilation.AssemblyGraphBuilder.Initialize (System.Collections.Generic.IReadOnlyCollection`1[T] assemblies, System.Collections.Generic.IReadOnlyCollection`1[T] customScriptAssemblyReferences) [0x00046] in /Users/bokken/build/output/unity/unity/Editor/Mono/Scripting/ScriptCompilation/AssemblyGraphBuilder.cs:85 
  at UnityEditor.Scripting.ScriptCompilation.AssemblyGraphBuilderFactory.GetOrCreate (System.String projectPath, System.Collections.Generic.IReadOnlyCollection`1[T] assemblies, System.Collections.Generic.IReadOnlyCollection`1[T] customScriptAssemblyReferences) [0x00038] in /Users/bokken/build/output/unity/unity/Editor/Mono/Scripting/ScriptCompilation/AssemblyGraphBuilderFactory.cs:54 
  at UnityEditor.Scripting.ScriptCompilation.EditorCompilation.GetAssemblyGraphBuilder () [0x00001] in /Users/bokken/build/output/unity/unity/Editor/Mono/Scripting/ScriptCompilation/EditorCompilation.cs:170 
  at UnityEditor.Scripting.ScriptCompilation.EditorCompilation.SetAllScripts (System.String[] allScripts) [0x0000d] in /Users/bokken/build/output/unity/unity/Editor/Mono/Scripting/ScriptCompilation/EditorCompilation.cs:178 
  at UnityEditor.Scripting.ScriptCompilation.EditorCompilationInterface.SetAllScripts (System.String[] allScripts) [0x00001] in /Users/bokken/build/output/unity/unity/Editor/Mono/Scripting/ScriptCompilation/EditorCompilationInterface.cs:79 

(Filename: /Users/bokken/build/output/unity/unity/Editor/Mono/Scripting/ScriptCompilation/AssemblyGraphBuilder.cs Line: 85)

Refreshing native plugins compatible for Editor in 3.53 ms, found 1 plugins.
[Package Manager] Failed to launch server process. Reason: Unity was launched with the -noUpm command-line argument
[Package Manager] Unable to send message (not connected to server process).
[Package Manager] Cannot connect to Unity Package Manager local server
ScheduleIndexationOnStartup MainProcess:False IndexOnStartup:True
Mono: successfully reloaded assembly
- Finished resetting the current domain, in  0.966 seconds
Domain Reload Profiling: 1438ms
	BeginReloadAssembly (105ms)
		ExecutionOrderSort (0ms)
		DisableScriptedObjects (3ms)
		BackupInstance (0ms)
		ReleaseScriptingObjects (0ms)
		CreateAndSetChildDomain (35ms)
	RebuildCommonClasses (25ms)
	RebuildNativeTypeToScriptingClass (10ms)
	initialDomainReloadingComplete (15ms)
	LoadAllAssembliesAndSetupDomain (317ms)
		LoadAssemblies (223ms)
		RebuildTransferFunctionScriptingTraits (0ms)
		AnalyzeDomain (123ms)
			TypeCache.Refresh (8ms)
				TypeCache.ScanAssembly (0ms)
			BuildScriptInfoCaches (109ms)
			ResolveRequiredComponents (3ms)
	FinalizeReload (966ms)
		ReleaseScriptCaches (0ms)
		RebuildScriptCaches (0ms)
		SetupLoadedEditorAssemblies (869ms)
			LogAssemblyErrors (0ms)
			InitializePlatformSupportModulesInManaged (13ms)
			SetLoadedEditorAssemblies (3ms)
			BeforeProcessingInitializeOnLoad (100ms)
			ProcessInitializeOnLoadAttributes (692ms)
			ProcessInitializeOnLoadMethodAttributes (59ms)
			AfterProcessingInitializeOnLoad (1ms)
			EditorAssembliesLoaded (0ms)
		ExecutionOrderSort2 (0ms)
		AwakeInstancesAfterBackupRestoration (4ms)
Refreshing native plugins compatible for Editor in 3.69 ms, found 1 plugins.
Preloading 0 native plugins for Editor in 0.00 ms.
Unloading 29 Unused Serialized files (Serialized files now loaded: 0)
Unloading 6234 unused Assets / (4.5 MB). Loaded Objects now: 6976.
Memory consumption went from 142.3 MB to 137.9 MB.
Total: 21.726167 ms (FindLiveObjects: 0.324875 ms CreateObjectMapping: 0.177416 ms MarkObjects: 19.645000 ms  DeleteObjects: 1.578375 ms)

Prepare: number of updated asset objects reloaded= 0
========================================================================
Received Prepare
Refreshing native plugins compatible for Editor in 3.52 ms, found 1 plugins.
Preloading 0 native plugins for Editor in 0.00 ms.
Unloading 29 Unused Serialized files (Serialized files now loaded: 0)
Unloading 6162 unused Assets / (4.5 MB). Loaded Objects now: 6976.
Memory consumption went from 125.1 MB to 120.6 MB.
Total: 20.418250 ms (FindLiveObjects: 0.324208 ms CreateObjectMapping: 0.178709 ms MarkObjects: 18.580333 ms  DeleteObjects: 1.334083 ms)

Prepare: number of updated asset objects reloaded= 0
========================================================================
Received Prepare
[Licensing::Client] Successfully resolved entitlement details
Folder 'Packages/com.unity.purchasing/Runtime/Apple/' contains multiple assembly definition files (Packages/com.unity.purchasing/Runtime/Apple/UnityEngine.Purchasing.Apple.asmdef)
Folder 'Packages/com.unity.purchasing/Runtime/Apple/' contains multiple assembly definition files (Packages/com.unity.purchasing/Runtime/Apple/Unity.Purchasing.Apple.asmdef)
Folder 'Packages/com.unity.purchasing/Runtime/SecurityStub/' contains multiple assembly definition files (Packages/com.unity.purchasing/Runtime/SecurityStub/UnityEngine.Purchasing.SecurityStub.asmdef)
Folder 'Packages/com.unity.purchasing/Runtime/SecurityStub/' contains multiple assembly definition files (Packages/com.unity.purchasing/Runtime/SecurityStub/Unity.Purchasing.SecurityStub.asmdef)
Folder 'Packages/com.unity.purchasing/Runtime/Security/' contains multiple assembly definition files (Packages/com.unity.purchasing/Runtime/Security/Unity.Purchasing.Security.asmdef)
Folder 'Packages/com.unity.purchasing/Runtime/Security/' contains multiple assembly definition files (Packages/com.unity.purchasing/Runtime/Security/UnityEngine.Purchasing.Security.asmdef)
Folder 'Packages/com.unity.purchasing/Runtime/Stores/' contains multiple assembly definition files (Packages/com.unity.purchasing/Runtime/Stores/UnityEngine.Purchasing.Stores.asmdef)
Folder 'Packages/com.unity.purchasing/Runtime/Stores/' contains multiple assembly definition files (Packages/com.unity.purchasing/Runtime/Stores/Unity.Purchasing.Stores.asmdef)
Folder 'Packages/com.unity.purchasing/Runtime/SecurityCore/' contains multiple assembly definition files (Packages/com.unity.purchasing/Runtime/SecurityCore/Unity.Purchasing.SecurityCore.asmdef)
Folder 'Packages/com.unity.purchasing/Runtime/SecurityCore/' contains multiple assembly definition files (Packages/com.unity.purchasing/Runtime/SecurityCore/UnityEngine.Purchasing.SecurityCore.asmdef)
Folder 'Packages/com.unity.purchasing/Runtime/Purchasing/' contains multiple assembly definition files (Packages/com.unity.purchasing/Runtime/Purchasing/UnityEngine.Purchasing.asmdef)
Folder 'Packages/com.unity.purchasing/Runtime/Purchasing/' contains multiple assembly definition files (Packages/com.unity.purchasing/Runtime/Purchasing/Unity.Purchasing.asmdef)
Folder 'Packages/com.unity.purchasing/Runtime/AppleMacosStub/' contains multiple assembly definition files (Packages/com.unity.purchasing/Runtime/AppleMacosStub/UnityEngine.Purchasing.AppleMacosStub.asmdef)
Folder 'Packages/com.unity.purchasing/Runtime/AppleMacosStub/' contains multiple assembly definition files (Packages/com.unity.purchasing/Runtime/AppleMacosStub/Unity.Purchasing.AppleMacosStub.asmdef)
Folder 'Packages/com.unity.purchasing/Runtime/AppleStub/' contains multiple assembly definition files (Packages/com.unity.purchasing/Runtime/AppleStub/Unity.Purchasing.AppleStub.asmdef)
Folder 'Packages/com.unity.purchasing/Runtime/AppleStub/' contains multiple assembly definition files (Packages/com.unity.purchasing/Runtime/AppleStub/UnityEngine.Purchasing.AppleStub.asmdef)
Folder 'Packages/com.unity.purchasing/Runtime/AppleMacos/' contains multiple assembly definition files (Packages/com.unity.purchasing/Runtime/AppleMacos/UnityEngine.Purchasing.AppleMacos.asmdef)
Folder 'Packages/com.unity.purchasing/Runtime/AppleMacos/' contains multiple assembly definition files (Packages/com.unity.purchasing/Runtime/AppleMacos/Unity.Purchasing.AppleMacos.asmdef)
Folder 'Packages/com.unity.purchasing/Runtime/Codeless/' contains multiple assembly definition files (Packages/com.unity.purchasing/Runtime/Codeless/Unity.Purchasing.Codeless.asmdef)
Folder 'Packages/com.unity.purchasing/Runtime/Codeless/' contains multiple assembly definition files (Packages/com.unity.purchasing/Runtime/Codeless/UnityEngine.Purchasing.Codeless.asmdef)
ArgumentException: An item with the same key has already been added. Key: 400f2260dd8d285419d1db99999109aa
  at System.Collections.Generic.Dictionary`2[TKey,TValue].TryInsert (TKey key, TValue value, System.Collections.Generic.InsertionBehavior behavior) [0x0015a] in <c5eeda5e65d44b388e164c6c5cfe0702>:0 
  at System.Collections.Generic.Dictionary`2[TKey,TValue].Add (TKey key, TValue value) [0x00000] in <c5eeda5e65d44b388e164c6c5cfe0702>:0 
  at System.Linq.Enumerable.ToDictionary[TSource,TKey,TElement] (TSource[] source, System.Func`2[T,TResult] keySelector, System.Func`2[T,TResult] elementSelector, System.Collections.Generic.IEqualityComparer`1[T] comparer) [0x00029] in <8203c5af529241e2a5cc4b3c5a3dc69a>:0 
  at System.Linq.Enumerable.ToDictionary[TSource,TKey,TElement] (System.Collections.Generic.IEnumerable`1[T] source, System.Func`2[T,TResult] keySelector, System.Func`2[T,TResult] elementSelector, System.Collections.Generic.IEqualityComparer`1[T] comparer) [0x00051] in <8203c5af529241e2a5cc4b3c5a3dc69a>:0 
  at System.Linq.Enumerable.ToDictionary[TSource,TKey,TElement] (System.Collections.Generic.IEnumerable`1[T] source, System.Func`2[T,TResult] keySelector, System.Func`2[T,TResult] elementSelector) [0x00000] in <8203c5af529241e2a5cc4b3c5a3dc69a>:0 
  at UnityEditor.Scripting.ScriptCompilation.AssemblyGraphBuilder.Initialize (System.Collections.Generic.IReadOnlyCollection`1[T] assemblies, System.Collections.Generic.IReadOnlyCollection`1[T] customScriptAssemblyReferences) [0x00046] in /Users/bokken/build/output/unity/unity/Editor/Mono/Scripting/ScriptCompilation/AssemblyGraphBuilder.cs:85 
  at UnityEditor.Scripting.ScriptCompilation.AssemblyGraphBuilderFactory.GetOrCreate (System.String projectPath, System.Collections.Generic.IReadOnlyCollection`1[T] assemblies, System.Collections.Generic.IReadOnlyCollection`1[T] customScriptAssemblyReferences) [0x00038] in /Users/bokken/build/output/unity/unity/Editor/Mono/Scripting/ScriptCompilation/AssemblyGraphBuilderFactory.cs:54 
  at UnityEditor.Scripting.ScriptCompilation.EditorCompilation.GetAssemblyGraphBuilder () [0x00001] in /Users/bokken/build/output/unity/unity/Editor/Mono/Scripting/ScriptCompilation/EditorCompilation.cs:170 
  at UnityEditor.Scripting.ScriptCompilation.EditorCompilation.SetAllScripts (System.String[] allScripts) [0x0000d] in /Users/bokken/build/output/unity/unity/Editor/Mono/Scripting/ScriptCompilation/EditorCompilation.cs:178 
  at UnityEditor.Scripting.ScriptCompilation.EditorCompilationInterface.SetAllScripts (System.String[] allScripts) [0x00001] in /Users/bokken/build/output/unity/unity/Editor/Mono/Scripting/ScriptCompilation/EditorCompilationInterface.cs:79 

(Filename: /Users/bokken/build/output/unity/unity/Editor/Mono/Scripting/ScriptCompilation/AssemblyGraphBuilder.cs Line: 85)

Folder 'Packages/com.unity.purchasing/Runtime/Apple/' contains multiple assembly definition files (Packages/com.unity.purchasing/Runtime/Apple/UnityEngine.Purchasing.Apple.asmdef)
Folder 'Packages/com.unity.purchasing/Runtime/Apple/' contains multiple assembly definition files (Packages/com.unity.purchasing/Runtime/Apple/Unity.Purchasing.Apple.asmdef)
Folder 'Packages/com.unity.purchasing/Runtime/SecurityStub/' contains multiple assembly definition files (Packages/com.unity.purchasing/Runtime/SecurityStub/UnityEngine.Purchasing.SecurityStub.asmdef)
Folder 'Packages/com.unity.purchasing/Runtime/SecurityStub/' contains multiple assembly definition files (Packages/com.unity.purchasing/Runtime/SecurityStub/Unity.Purchasing.SecurityStub.asmdef)
Folder 'Packages/com.unity.purchasing/Runtime/Security/' contains multiple assembly definition files (Packages/com.unity.purchasing/Runtime/Security/Unity.Purchasing.Security.asmdef)
Folder 'Packages/com.unity.purchasing/Runtime/Security/' contains multiple assembly definition files (Packages/com.unity.purchasing/Runtime/Security/UnityEngine.Purchasing.Security.asmdef)
Folder 'Packages/com.unity.purchasing/Runtime/Stores/' contains multiple assembly definition files (Packages/com.unity.purchasing/Runtime/Stores/UnityEngine.Purchasing.Stores.asmdef)
Folder 'Packages/com.unity.purchasing/Runtime/Stores/' contains multiple assembly definition files (Packages/com.unity.purchasing/Runtime/Stores/Unity.Purchasing.Stores.asmdef)
Folder 'Packages/com.unity.purchasing/Runtime/SecurityCore/' contains multiple assembly definition files (Packages/com.unity.purchasing/Runtime/SecurityCore/Unity.Purchasing.SecurityCore.asmdef)
Folder 'Packages/com.unity.purchasing/Runtime/SecurityCore/' contains multiple assembly definition files (Packages/com.unity.purchasing/Runtime/SecurityCore/UnityEngine.Purchasing.SecurityCore.asmdef)
Folder 'Packages/com.unity.purchasing/Runtime/Purchasing/' contains multiple assembly definition files (Packages/com.unity.purchasing/Runtime/Purchasing/UnityEngine.Purchasing.asmdef)
Folder 'Packages/com.unity.purchasing/Runtime/Purchasing/' contains multiple assembly definition files (Packages/com.unity.purchasing/Runtime/Purchasing/Unity.Purchasing.asmdef)
Folder 'Packages/com.unity.purchasing/Runtime/AppleMacosStub/' contains multiple assembly definition files (Packages/com.unity.purchasing/Runtime/AppleMacosStub/UnityEngine.Purchasing.AppleMacosStub.asmdef)
Folder 'Packages/com.unity.purchasing/Runtime/AppleMacosStub/' contains multiple assembly definition files (Packages/com.unity.purchasing/Runtime/AppleMacosStub/Unity.Purchasing.AppleMacosStub.asmdef)
Folder 'Packages/com.unity.purchasing/Runtime/AppleStub/' contains multiple assembly definition files (Packages/com.unity.purchasing/Runtime/AppleStub/Unity.Purchasing.AppleStub.asmdef)
Folder 'Packages/com.unity.purchasing/Runtime/AppleStub/' contains multiple assembly definition files (Packages/com.unity.purchasing/Runtime/AppleStub/UnityEngine.Purchasing.AppleStub.asmdef)
Folder 'Packages/com.unity.purchasing/Runtime/AppleMacos/' contains multiple assembly definition files (Packages/com.unity.purchasing/Runtime/AppleMacos/UnityEngine.Purchasing.AppleMacos.asmdef)
Folder 'Packages/com.unity.purchasing/Runtime/AppleMacos/' contains multiple assembly definition files (Packages/com.unity.purchasing/Runtime/AppleMacos/Unity.Purchasing.AppleMacos.asmdef)
Folder 'Packages/com.unity.purchasing/Runtime/Codeless/' contains multiple assembly definition files (Packages/com.unity.purchasing/Runtime/Codeless/Unity.Purchasing.Codeless.asmdef)
Folder 'Packages/com.unity.purchasing/Runtime/Codeless/' contains multiple assembly definition files (Packages/com.unity.purchasing/Runtime/Codeless/UnityEngine.Purchasing.Codeless.asmdef)
ArgumentException: An item with the same key has already been added. Key: 400f2260dd8d285419d1db99999109aa
  at System.Collections.Generic.Dictionary`2[TKey,TValue].TryInsert (TKey key, TValue value, System.Collections.Generic.InsertionBehavior behavior) [0x0015a] in <c5eeda5e65d44b388e164c6c5cfe0702>:0 
  at System.Collections.Generic.Dictionary`2[TKey,TValue].Add (TKey key, TValue value) [0x00000] in <c5eeda5e65d44b388e164c6c5cfe0702>:0 
  at System.Linq.Enumerable.ToDictionary[TSource,TKey,TElement] (TSource[] source, System.Func`2[T,TResult] keySelector, System.Func`2[T,TResult] elementSelector, System.Collections.Generic.IEqualityComparer`1[T] comparer) [0x00029] in <8203c5af529241e2a5cc4b3c5a3dc69a>:0 
  at System.Linq.Enumerable.ToDictionary[TSource,TKey,TElement] (System.Collections.Generic.IEnumerable`1[T] source, System.Func`2[T,TResult] keySelector, System.Func`2[T,TResult] elementSelector, System.Collections.Generic.IEqualityComparer`1[T] comparer) [0x00051] in <8203c5af529241e2a5cc4b3c5a3dc69a>:0 
  at System.Linq.Enumerable.ToDictionary[TSource,TKey,TElement] (System.Collections.Generic.IEnumerable`1[T] source, System.Func`2[T,TResult] keySelector, System.Func`2[T,TResult] elementSelector) [0x00000] in <8203c5af529241e2a5cc4b3c5a3dc69a>:0 
  at UnityEditor.Scripting.ScriptCompilation.AssemblyGraphBuilder.Initialize (System.Collections.Generic.IReadOnlyCollection`1[T] assemblies, System.Collections.Generic.IReadOnlyCollection`1[T] customScriptAssemblyReferences) [0x00046] in /Users/bokken/build/output/unity/unity/Editor/Mono/Scripting/ScriptCompilation/AssemblyGraphBuilder.cs:85 
  at UnityEditor.Scripting.ScriptCompilation.AssemblyGraphBuilderFactory.GetOrCreate (System.String projectPath, System.Collections.Generic.IReadOnlyCollection`1[T] assemblies, System.Collections.Generic.IReadOnlyCollection`1[T] customScriptAssemblyReferences) [0x00038] in /Users/bokken/build/output/unity/unity/Editor/Mono/Scripting/ScriptCompilation/AssemblyGraphBuilderFactory.cs:54 
  at UnityEditor.Scripting.ScriptCompilation.EditorCompilation.GetAssemblyGraphBuilder () [0x00001] in /Users/bokken/build/output/unity/unity/Editor/Mono/Scripting/ScriptCompilation/EditorCompilation.cs:170 
  at UnityEditor.Scripting.ScriptCompilation.EditorCompilation.SetAllScripts (System.String[] allScripts) [0x0000d] in /Users/bokken/build/output/unity/unity/Editor/Mono/Scripting/ScriptCompilation/EditorCompilation.cs:178 
  at UnityEditor.Scripting.ScriptCompilation.EditorCompilationInterface.SetAllScripts (System.String[] allScripts) [0x00001] in /Users/bokken/build/output/unity/unity/Editor/Mono/Scripting/ScriptCompilation/EditorCompilationInterface.cs:79 

(Filename: /Users/bokken/build/output/unity/unity/Editor/Mono/Scripting/ScriptCompilation/AssemblyGraphBuilder.cs Line: 85)

Begin MonoManager ReloadAssembly
[Licensing::Client] Successfully resolved entitlement details
Thread 0x16dd47000 may have been prematurely finalized
Symbol file LoadedFromMemory is not a mono symbol file
- Loaded All Assemblies, in  0.507 seconds
Folder 'Packages/com.unity.purchasing/Runtime/Apple/' contains multiple assembly definition files (Packages/com.unity.purchasing/Runtime/Apple/UnityEngine.Purchasing.Apple.asmdef)
Folder 'Packages/com.unity.purchasing/Runtime/Apple/' contains multiple assembly definition files (Packages/com.unity.purchasing/Runtime/Apple/Unity.Purchasing.Apple.asmdef)
Folder 'Packages/com.unity.purchasing/Runtime/SecurityStub/' contains multiple assembly definition files (Packages/com.unity.purchasing/Runtime/SecurityStub/UnityEngine.Purchasing.SecurityStub.asmdef)
Folder 'Packages/com.unity.purchasing/Runtime/SecurityStub/' contains multiple assembly definition files (Packages/com.unity.purchasing/Runtime/SecurityStub/Unity.Purchasing.SecurityStub.asmdef)
Folder 'Packages/com.unity.purchasing/Runtime/Security/' contains multiple assembly definition files (Packages/com.unity.purchasing/Runtime/Security/Unity.Purchasing.Security.asmdef)
Folder 'Packages/com.unity.purchasing/Runtime/Security/' contains multiple assembly definition files (Packages/com.unity.purchasing/Runtime/Security/UnityEngine.Purchasing.Security.asmdef)
Folder 'Packages/com.unity.purchasing/Runtime/Stores/' contains multiple assembly definition files (Packages/com.unity.purchasing/Runtime/Stores/UnityEngine.Purchasing.Stores.asmdef)
Folder 'Packages/com.unity.purchasing/Runtime/Stores/' contains multiple assembly definition files (Packages/com.unity.purchasing/Runtime/Stores/Unity.Purchasing.Stores.asmdef)
Folder 'Packages/com.unity.purchasing/Runtime/SecurityCore/' contains multiple assembly definition files (Packages/com.unity.purchasing/Runtime/SecurityCore/Unity.Purchasing.SecurityCore.asmdef)
Folder 'Packages/com.unity.purchasing/Runtime/SecurityCore/' contains multiple assembly definition files (Packages/com.unity.purchasing/Runtime/SecurityCore/UnityEngine.Purchasing.SecurityCore.asmdef)
Folder 'Packages/com.unity.purchasing/Runtime/Purchasing/' contains multiple assembly definition files (Packages/com.unity.purchasing/Runtime/Purchasing/UnityEngine.Purchasing.asmdef)
Folder 'Packages/com.unity.purchasing/Runtime/Purchasing/' contains multiple assembly definition files (Packages/com.unity.purchasing/Runtime/Purchasing/Unity.Purchasing.asmdef)
Folder 'Packages/com.unity.purchasing/Runtime/AppleMacosStub/' contains multiple assembly definition files (Packages/com.unity.purchasing/Runtime/AppleMacosStub/UnityEngine.Purchasing.AppleMacosStub.asmdef)
Folder 'Packages/com.unity.purchasing/Runtime/AppleMacosStub/' contains multiple assembly definition files (Packages/com.unity.purchasing/Runtime/AppleMacosStub/Unity.Purchasing.AppleMacosStub.asmdef)
Folder 'Packages/com.unity.purchasing/Runtime/AppleStub/' contains multiple assembly definition files (Packages/com.unity.purchasing/Runtime/AppleStub/Unity.Purchasing.AppleStub.asmdef)
Folder 'Packages/com.unity.purchasing/Runtime/AppleStub/' contains multiple assembly definition files (Packages/com.unity.purchasing/Runtime/AppleStub/UnityEngine.Purchasing.AppleStub.asmdef)
Folder 'Packages/com.unity.purchasing/Runtime/AppleMacos/' contains multiple assembly definition files (Packages/com.unity.purchasing/Runtime/AppleMacos/UnityEngine.Purchasing.AppleMacos.asmdef)
Folder 'Packages/com.unity.purchasing/Runtime/AppleMacos/' contains multiple assembly definition files (Packages/com.unity.purchasing/Runtime/AppleMacos/Unity.Purchasing.AppleMacos.asmdef)
Folder 'Packages/com.unity.purchasing/Runtime/Codeless/' contains multiple assembly definition files (Packages/com.unity.purchasing/Runtime/Codeless/Unity.Purchasing.Codeless.asmdef)
Folder 'Packages/com.unity.purchasing/Runtime/Codeless/' contains multiple assembly definition files (Packages/com.unity.purchasing/Runtime/Codeless/UnityEngine.Purchasing.Codeless.asmdef)
ArgumentException: An item with the same key has already been added. Key: 400f2260dd8d285419d1db99999109aa
  at System.Collections.Generic.Dictionary`2[TKey,TValue].TryInsert (TKey key, TValue value, System.Collections.Generic.InsertionBehavior behavior) [0x0015a] in <c5eeda5e65d44b388e164c6c5cfe0702>:0 
  at System.Collections.Generic.Dictionary`2[TKey,TValue].Add (TKey key, TValue value) [0x00000] in <c5eeda5e65d44b388e164c6c5cfe0702>:0 
  at System.Linq.Enumerable.ToDictionary[TSource,TKey,TElement] (TSource[] source, System.Func`2[T,TResult] keySelector, System.Func`2[T,TResult] elementSelector, System.Collections.Generic.IEqualityComparer`1[T] comparer) [0x00029] in <8203c5af529241e2a5cc4b3c5a3dc69a>:0 
  at System.Linq.Enumerable.ToDictionary[TSource,TKey,TElement] (System.Collections.Generic.IEnumerable`1[T] source, System.Func`2[T,TResult] keySelector, System.Func`2[T,TResult] elementSelector, System.Collections.Generic.IEqualityComparer`1[T] comparer) [0x00051] in <8203c5af529241e2a5cc4b3c5a3dc69a>:0 
  at System.Linq.Enumerable.ToDictionary[TSource,TKey,TElement] (System.Collections.Generic.IEnumerable`1[T] source, System.Func`2[T,TResult] keySelector, System.Func`2[T,TResult] elementSelector) [0x00000] in <8203c5af529241e2a5cc4b3c5a3dc69a>:0 
  at UnityEditor.Scripting.ScriptCompilation.AssemblyGraphBuilder.Initialize (System.Collections.Generic.IReadOnlyCollection`1[T] assemblies, System.Collections.Generic.IReadOnlyCollection`1[T] customScriptAssemblyReferences) [0x00046] in /Users/bokken/build/output/unity/unity/Editor/Mono/Scripting/ScriptCompilation/AssemblyGraphBuilder.cs:85 
  at UnityEditor.Scripting.ScriptCompilation.AssemblyGraphBuilderFactory.GetOrCreate (System.String projectPath, System.Collections.Generic.IReadOnlyCollection`1[T] assemblies, System.Collections.Generic.IReadOnlyCollection`1[T] customScriptAssemblyReferences) [0x00038] in /Users/bokken/build/output/unity/unity/Editor/Mono/Scripting/ScriptCompilation/AssemblyGraphBuilderFactory.cs:54 
  at UnityEditor.Scripting.ScriptCompilation.EditorCompilation.GetAssemblyGraphBuilder () [0x00001] in /Users/bokken/build/output/unity/unity/Editor/Mono/Scripting/ScriptCompilation/EditorCompilation.cs:170 
  at UnityEditor.Scripting.ScriptCompilation.EditorCompilation.SetAllScripts (System.String[] allScripts) [0x0000d] in /Users/bokken/build/output/unity/unity/Editor/Mono/Scripting/ScriptCompilation/EditorCompilation.cs:178 
  at UnityEditor.Scripting.ScriptCompilation.EditorCompilationInterface.SetAllScripts (System.String[] allScripts) [0x00001] in /Users/bokken/build/output/unity/unity/Editor/Mono/Scripting/ScriptCompilation/EditorCompilationInterface.cs:79 

(Filename: /Users/bokken/build/output/unity/unity/Editor/Mono/Scripting/ScriptCompilation/AssemblyGraphBuilder.cs Line: 85)

Refreshing native plugins compatible for Editor in 3.15 ms, found 1 plugins.
Native extension for iOS target not found
Native extension for Android target not found
Native extension for OSXStandalone target not found
Native extension for WebGL target not found
Folder 'Packages/com.unity.purchasing/Runtime/Apple/' contains multiple assembly definition files (Packages/com.unity.purchasing/Runtime/Apple/UnityEngine.Purchasing.Apple.asmdef)
Folder 'Packages/com.unity.purchasing/Runtime/Apple/' contains multiple assembly definition files (Packages/com.unity.purchasing/Runtime/Apple/Unity.Purchasing.Apple.asmdef)
Folder 'Packages/com.unity.purchasing/Runtime/SecurityStub/' contains multiple assembly definition files (Packages/com.unity.purchasing/Runtime/SecurityStub/UnityEngine.Purchasing.SecurityStub.asmdef)
Folder 'Packages/com.unity.purchasing/Runtime/SecurityStub/' contains multiple assembly definition files (Packages/com.unity.purchasing/Runtime/SecurityStub/Unity.Purchasing.SecurityStub.asmdef)
Folder 'Packages/com.unity.purchasing/Runtime/Security/' contains multiple assembly definition files (Packages/com.unity.purchasing/Runtime/Security/Unity.Purchasing.Security.asmdef)
Folder 'Packages/com.unity.purchasing/Runtime/Security/' contains multiple assembly definition files (Packages/com.unity.purchasing/Runtime/Security/UnityEngine.Purchasing.Security.asmdef)
Folder 'Packages/com.unity.purchasing/Runtime/Stores/' contains multiple assembly definition files (Packages/com.unity.purchasing/Runtime/Stores/UnityEngine.Purchasing.Stores.asmdef)
Folder 'Packages/com.unity.purchasing/Runtime/Stores/' contains multiple assembly definition files (Packages/com.unity.purchasing/Runtime/Stores/Unity.Purchasing.Stores.asmdef)
Folder 'Packages/com.unity.purchasing/Runtime/SecurityCore/' contains multiple assembly definition files (Packages/com.unity.purchasing/Runtime/SecurityCore/Unity.Purchasing.SecurityCore.asmdef)
Folder 'Packages/com.unity.purchasing/Runtime/SecurityCore/' contains multiple assembly definition files (Packages/com.unity.purchasing/Runtime/SecurityCore/UnityEngine.Purchasing.SecurityCore.asmdef)
Folder 'Packages/com.unity.purchasing/Runtime/Purchasing/' contains multiple assembly definition files (Packages/com.unity.purchasing/Runtime/Purchasing/UnityEngine.Purchasing.asmdef)
Folder 'Packages/com.unity.purchasing/Runtime/Purchasing/' contains multiple assembly definition files (Packages/com.unity.purchasing/Runtime/Purchasing/Unity.Purchasing.asmdef)
Folder 'Packages/com.unity.purchasing/Runtime/AppleMacosStub/' contains multiple assembly definition files (Packages/com.unity.purchasing/Runtime/AppleMacosStub/UnityEngine.Purchasing.AppleMacosStub.asmdef)
Folder 'Packages/com.unity.purchasing/Runtime/AppleMacosStub/' contains multiple assembly definition files (Packages/com.unity.purchasing/Runtime/AppleMacosStub/Unity.Purchasing.AppleMacosStub.asmdef)
Folder 'Packages/com.unity.purchasing/Runtime/AppleStub/' contains multiple assembly definition files (Packages/com.unity.purchasing/Runtime/AppleStub/Unity.Purchasing.AppleStub.asmdef)
Folder 'Packages/com.unity.purchasing/Runtime/AppleStub/' contains multiple assembly definition files (Packages/com.unity.purchasing/Runtime/AppleStub/UnityEngine.Purchasing.AppleStub.asmdef)
Folder 'Packages/com.unity.purchasing/Runtime/AppleMacos/' contains multiple assembly definition files (Packages/com.unity.purchasing/Runtime/AppleMacos/UnityEngine.Purchasing.AppleMacos.asmdef)
Folder 'Packages/com.unity.purchasing/Runtime/AppleMacos/' contains multiple assembly definition files (Packages/com.unity.purchasing/Runtime/AppleMacos/Unity.Purchasing.AppleMacos.asmdef)
Folder 'Packages/com.unity.purchasing/Runtime/Codeless/' contains multiple assembly definition files (Packages/com.unity.purchasing/Runtime/Codeless/Unity.Purchasing.Codeless.asmdef)
Folder 'Packages/com.unity.purchasing/Runtime/Codeless/' contains multiple assembly definition files (Packages/com.unity.purchasing/Runtime/Codeless/UnityEngine.Purchasing.Codeless.asmdef)
ArgumentException: An item with the same key has already been added. Key: 400f2260dd8d285419d1db99999109aa
  at System.Collections.Generic.Dictionary`2[TKey,TValue].TryInsert (TKey key, TValue value, System.Collections.Generic.InsertionBehavior behavior) [0x0015a] in <c5eeda5e65d44b388e164c6c5cfe0702>:0 
  at System.Collections.Generic.Dictionary`2[TKey,TValue].Add (TKey key, TValue value) [0x00000] in <c5eeda5e65d44b388e164c6c5cfe0702>:0 
  at System.Linq.Enumerable.ToDictionary[TSource,TKey,TElement] (TSource[] source, System.Func`2[T,TResult] keySelector, System.Func`2[T,TResult] elementSelector, System.Collections.Generic.IEqualityComparer`1[T] comparer) [0x00029] in <8203c5af529241e2a5cc4b3c5a3dc69a>:0 
  at System.Linq.Enumerable.ToDictionary[TSource,TKey,TElement] (System.Collections.Generic.IEnumerable`1[T] source, System.Func`2[T,TResult] keySelector, System.Func`2[T,TResult] elementSelector, System.Collections.Generic.IEqualityComparer`1[T] comparer) [0x00051] in <8203c5af529241e2a5cc4b3c5a3dc69a>:0 
  at System.Linq.Enumerable.ToDictionary[TSource,TKey,TElement] (System.Collections.Generic.IEnumerable`1[T] source, System.Func`2[T,TResult] keySelector, System.Func`2[T,TResult] elementSelector) [0x00000] in <8203c5af529241e2a5cc4b3c5a3dc69a>:0 
  at UnityEditor.Scripting.ScriptCompilation.AssemblyGraphBuilder.Initialize (System.Collections.Generic.IReadOnlyCollection`1[T] assemblies, System.Collections.Generic.IReadOnlyCollection`1[T] customScriptAssemblyReferences) [0x00046] in /Users/bokken/build/output/unity/unity/Editor/Mono/Scripting/ScriptCompilation/AssemblyGraphBuilder.cs:85 
  at UnityEditor.Scripting.ScriptCompilation.AssemblyGraphBuilderFactory.GetOrCreate (System.String projectPath, System.Collections.Generic.IReadOnlyCollection`1[T] assemblies, System.Collections.Generic.IReadOnlyCollection`1[T] customScriptAssemblyReferences) [0x00038] in /Users/bokken/build/output/unity/unity/Editor/Mono/Scripting/ScriptCompilation/AssemblyGraphBuilderFactory.cs:54 
  at UnityEditor.Scripting.ScriptCompilation.EditorCompilation.GetAssemblyGraphBuilder () [0x00001] in /Users/bokken/build/output/unity/unity/Editor/Mono/Scripting/ScriptCompilation/EditorCompilation.cs:170 
  at UnityEditor.Scripting.ScriptCompilation.EditorCompilation.SetAllScripts (System.String[] allScripts) [0x0000d] in /Users/bokken/build/output/unity/unity/Editor/Mono/Scripting/ScriptCompilation/EditorCompilation.cs:178 
  at UnityEditor.Scripting.ScriptCompilation.EditorCompilationInterface.SetAllScripts (System.String[] allScripts) [0x00001] in /Users/bokken/build/output/unity/unity/Editor/Mono/Scripting/ScriptCompilation/EditorCompilationInterface.cs:79 

(Filename: /Users/bokken/build/output/unity/unity/Editor/Mono/Scripting/ScriptCompilation/AssemblyGraphBuilder.cs Line: 85)

Refreshing native plugins compatible for Editor in 2.98 ms, found 1 plugins.
[Package Manager] Failed to launch server process. Reason: Unity was launched with the -noUpm command-line argument
[Package Manager] Unable to send message (not connected to server process).
[Package Manager] Cannot connect to Unity Package Manager local server
ScheduleIndexationOnStartup MainProcess:False IndexOnStartup:True
Mono: successfully reloaded assembly
- Finished resetting the current domain, in  0.980 seconds
Domain Reload Profiling: 1489ms
	BeginReloadAssembly (119ms)
		ExecutionOrderSort (0ms)
		DisableScriptedObjects (4ms)
		BackupInstance (0ms)
		ReleaseScriptingObjects (0ms)
		CreateAndSetChildDomain (41ms)
	RebuildCommonClasses (27ms)
	RebuildNativeTypeToScriptingClass (11ms)
	initialDomainReloadingComplete (16ms)
	LoadAllAssembliesAndSetupDomain (335ms)
		LoadAssemblies (235ms)
		RebuildTransferFunctionScriptingTraits (0ms)
		AnalyzeDomain (134ms)
			TypeCache.Refresh (11ms)
				TypeCache.ScanAssembly (2ms)
			BuildScriptInfoCaches (118ms)
			ResolveRequiredComponents (3ms)
	FinalizeReload (980ms)
		ReleaseScriptCaches (0ms)
		RebuildScriptCaches (0ms)
		SetupLoadedEditorAssemblies (877ms)
			LogAssemblyErrors (0ms)
			InitializePlatformSupportModulesInManaged (13ms)
			SetLoadedEditorAssemblies (4ms)
			BeforeProcessingInitializeOnLoad (102ms)
			ProcessInitializeOnLoadAttributes (699ms)
			ProcessInitializeOnLoadMethodAttributes (57ms)
			AfterProcessingInitializeOnLoad (1ms)
			EditorAssembliesLoaded (0ms)
		ExecutionOrderSort2 (0ms)
		AwakeInstancesAfterBackupRestoration (3ms)
Refreshing native plugins compatible for Editor in 2.92 ms, found 1 plugins.
Preloading 0 native plugins for Editor in 0.00 ms.
Unloading 29 Unused Serialized files (Serialized files now loaded: 0)
Unloading 6234 unused Assets / (4.6 MB). Loaded Objects now: 6982.
Memory consumption went from 142.4 MB to 137.8 MB.
Total: 20.192334 ms (FindLiveObjects: 0.310959 ms CreateObjectMapping: 0.174791 ms MarkObjects: 18.388584 ms  DeleteObjects: 1.317667 ms)

Prepare: number of updated asset objects reloaded= 0
========================================================================
Received Prepare
Folder 'Packages/com.unity.purchasing/Runtime/Apple/' contains multiple assembly definition files (Packages/com.unity.purchasing/Runtime/Apple/UnityEngine.Purchasing.Apple.asmdef)
Folder 'Packages/com.unity.purchasing/Runtime/Apple/' contains multiple assembly definition files (Packages/com.unity.purchasing/Runtime/Apple/Unity.Purchasing.Apple.asmdef)
Folder 'Packages/com.unity.purchasing/Runtime/SecurityStub/' contains multiple assembly definition files (Packages/com.unity.purchasing/Runtime/SecurityStub/UnityEngine.Purchasing.SecurityStub.asmdef)
Folder 'Packages/com.unity.purchasing/Runtime/SecurityStub/' contains multiple assembly definition files (Packages/com.unity.purchasing/Runtime/SecurityStub/Unity.Purchasing.SecurityStub.asmdef)
Folder 'Packages/com.unity.purchasing/Runtime/Security/' contains multiple assembly definition files (Packages/com.unity.purchasing/Runtime/Security/Unity.Purchasing.Security.asmdef)
Folder 'Packages/com.unity.purchasing/Runtime/Security/' contains multiple assembly definition files (Packages/com.unity.purchasing/Runtime/Security/UnityEngine.Purchasing.Security.asmdef)
Folder 'Packages/com.unity.purchasing/Runtime/Stores/' contains multiple assembly definition files (Packages/com.unity.purchasing/Runtime/Stores/UnityEngine.Purchasing.Stores.asmdef)
Folder 'Packages/com.unity.purchasing/Runtime/Stores/' contains multiple assembly definition files (Packages/com.unity.purchasing/Runtime/Stores/Unity.Purchasing.Stores.asmdef)
Folder 'Packages/com.unity.purchasing/Runtime/SecurityCore/' contains multiple assembly definition files (Packages/com.unity.purchasing/Runtime/SecurityCore/Unity.Purchasing.SecurityCore.asmdef)
Folder 'Packages/com.unity.purchasing/Runtime/SecurityCore/' contains multiple assembly definition files (Packages/com.unity.purchasing/Runtime/SecurityCore/UnityEngine.Purchasing.SecurityCore.asmdef)
Folder 'Packages/com.unity.purchasing/Runtime/Purchasing/' contains multiple assembly definition files (Packages/com.unity.purchasing/Runtime/Purchasing/UnityEngine.Purchasing.asmdef)
Folder 'Packages/com.unity.purchasing/Runtime/Purchasing/' contains multiple assembly definition files (Packages/com.unity.purchasing/Runtime/Purchasing/Unity.Purchasing.asmdef)
Folder 'Packages/com.unity.purchasing/Runtime/AppleMacosStub/' contains multiple assembly definition files (Packages/com.unity.purchasing/Runtime/AppleMacosStub/UnityEngine.Purchasing.AppleMacosStub.asmdef)
Folder 'Packages/com.unity.purchasing/Runtime/AppleMacosStub/' contains multiple assembly definition files (Packages/com.unity.purchasing/Runtime/AppleMacosStub/Unity.Purchasing.AppleMacosStub.asmdef)
Folder 'Packages/com.unity.purchasing/Runtime/AppleStub/' contains multiple assembly definition files (Packages/com.unity.purchasing/Runtime/AppleStub/Unity.Purchasing.AppleStub.asmdef)
Folder 'Packages/com.unity.purchasing/Runtime/AppleStub/' contains multiple assembly definition files (Packages/com.unity.purchasing/Runtime/AppleStub/UnityEngine.Purchasing.AppleStub.asmdef)
Folder 'Packages/com.unity.purchasing/Runtime/AppleMacos/' contains multiple assembly definition files (Packages/com.unity.purchasing/Runtime/AppleMacos/UnityEngine.Purchasing.AppleMacos.asmdef)
Folder 'Packages/com.unity.purchasing/Runtime/AppleMacos/' contains multiple assembly definition files (Packages/com.unity.purchasing/Runtime/AppleMacos/Unity.Purchasing.AppleMacos.asmdef)
Folder 'Packages/com.unity.purchasing/Runtime/Codeless/' contains multiple assembly definition files (Packages/com.unity.purchasing/Runtime/Codeless/Unity.Purchasing.Codeless.asmdef)
Folder 'Packages/com.unity.purchasing/Runtime/Codeless/' contains multiple assembly definition files (Packages/com.unity.purchasing/Runtime/Codeless/UnityEngine.Purchasing.Codeless.asmdef)
ArgumentException: An item with the same key has already been added. Key: 400f2260dd8d285419d1db99999109aa
  at System.Collections.Generic.Dictionary`2[TKey,TValue].TryInsert (TKey key, TValue value, System.Collections.Generic.InsertionBehavior behavior) [0x0015a] in <c5eeda5e65d44b388e164c6c5cfe0702>:0 
  at System.Collections.Generic.Dictionary`2[TKey,TValue].Add (TKey key, TValue value) [0x00000] in <c5eeda5e65d44b388e164c6c5cfe0702>:0 
  at System.Linq.Enumerable.ToDictionary[TSource,TKey,TElement] (TSource[] source, System.Func`2[T,TResult] keySelector, System.Func`2[T,TResult] elementSelector, System.Collections.Generic.IEqualityComparer`1[T] comparer) [0x00029] in <8203c5af529241e2a5cc4b3c5a3dc69a>:0 
  at System.Linq.Enumerable.ToDictionary[TSource,TKey,TElement] (System.Collections.Generic.IEnumerable`1[T] source, System.Func`2[T,TResult] keySelector, System.Func`2[T,TResult] elementSelector, System.Collections.Generic.IEqualityComparer`1[T] comparer) [0x00051] in <8203c5af529241e2a5cc4b3c5a3dc69a>:0 
  at System.Linq.Enumerable.ToDictionary[TSource,TKey,TElement] (System.Collections.Generic.IEnumerable`1[T] source, System.Func`2[T,TResult] keySelector, System.Func`2[T,TResult] elementSelector) [0x00000] in <8203c5af529241e2a5cc4b3c5a3dc69a>:0 
  at UnityEditor.Scripting.ScriptCompilation.AssemblyGraphBuilder.Initialize (System.Collections.Generic.IReadOnlyCollection`1[T] assemblies, System.Collections.Generic.IReadOnlyCollection`1[T] customScriptAssemblyReferences) [0x00046] in /Users/bokken/build/output/unity/unity/Editor/Mono/Scripting/ScriptCompilation/AssemblyGraphBuilder.cs:85 
  at UnityEditor.Scripting.ScriptCompilation.AssemblyGraphBuilderFactory.GetOrCreate (System.String projectPath, System.Collections.Generic.IReadOnlyCollection`1[T] assemblies, System.Collections.Generic.IReadOnlyCollection`1[T] customScriptAssemblyReferences) [0x00038] in /Users/bokken/build/output/unity/unity/Editor/Mono/Scripting/ScriptCompilation/AssemblyGraphBuilderFactory.cs:54 
  at UnityEditor.Scripting.ScriptCompilation.EditorCompilation.GetAssemblyGraphBuilder () [0x00001] in /Users/bokken/build/output/unity/unity/Editor/Mono/Scripting/ScriptCompilation/EditorCompilation.cs:170 
  at UnityEditor.Scripting.ScriptCompilation.EditorCompilation.SetAllScripts (System.String[] allScripts) [0x0000d] in /Users/bokken/build/output/unity/unity/Editor/Mono/Scripting/ScriptCompilation/EditorCompilation.cs:178 
  at UnityEditor.Scripting.ScriptCompilation.EditorCompilationInterface.SetAllScripts (System.String[] allScripts) [0x00001] in /Users/bokken/build/output/unity/unity/Editor/Mono/Scripting/ScriptCompilation/EditorCompilationInterface.cs:79 

(Filename: /Users/bokken/build/output/unity/unity/Editor/Mono/Scripting/ScriptCompilation/AssemblyGraphBuilder.cs Line: 85)

Folder 'Packages/com.unity.purchasing/Runtime/Apple/' contains multiple assembly definition files (Packages/com.unity.purchasing/Runtime/Apple/UnityEngine.Purchasing.Apple.asmdef)
Folder 'Packages/com.unity.purchasing/Runtime/Apple/' contains multiple assembly definition files (Packages/com.unity.purchasing/Runtime/Apple/Unity.Purchasing.Apple.asmdef)
Folder 'Packages/com.unity.purchasing/Runtime/SecurityStub/' contains multiple assembly definition files (Packages/com.unity.purchasing/Runtime/SecurityStub/UnityEngine.Purchasing.SecurityStub.asmdef)
Folder 'Packages/com.unity.purchasing/Runtime/SecurityStub/' contains multiple assembly definition files (Packages/com.unity.purchasing/Runtime/SecurityStub/Unity.Purchasing.SecurityStub.asmdef)
Folder 'Packages/com.unity.purchasing/Runtime/Security/' contains multiple assembly definition files (Packages/com.unity.purchasing/Runtime/Security/Unity.Purchasing.Security.asmdef)
Folder 'Packages/com.unity.purchasing/Runtime/Security/' contains multiple assembly definition files (Packages/com.unity.purchasing/Runtime/Security/UnityEngine.Purchasing.Security.asmdef)
Folder 'Packages/com.unity.purchasing/Runtime/Stores/' contains multiple assembly definition files (Packages/com.unity.purchasing/Runtime/Stores/UnityEngine.Purchasing.Stores.asmdef)
Folder 'Packages/com.unity.purchasing/Runtime/Stores/' contains multiple assembly definition files (Packages/com.unity.purchasing/Runtime/Stores/Unity.Purchasing.Stores.asmdef)
Folder 'Packages/com.unity.purchasing/Runtime/SecurityCore/' contains multiple assembly definition files (Packages/com.unity.purchasing/Runtime/SecurityCore/Unity.Purchasing.SecurityCore.asmdef)
Folder 'Packages/com.unity.purchasing/Runtime/SecurityCore/' contains multiple assembly definition files (Packages/com.unity.purchasing/Runtime/SecurityCore/UnityEngine.Purchasing.SecurityCore.asmdef)
Folder 'Packages/com.unity.purchasing/Runtime/Purchasing/' contains multiple assembly definition files (Packages/com.unity.purchasing/Runtime/Purchasing/UnityEngine.Purchasing.asmdef)
Folder 'Packages/com.unity.purchasing/Runtime/Purchasing/' contains multiple assembly definition files (Packages/com.unity.purchasing/Runtime/Purchasing/Unity.Purchasing.asmdef)
Folder 'Packages/com.unity.purchasing/Runtime/AppleMacosStub/' contains multiple assembly definition files (Packages/com.unity.purchasing/Runtime/AppleMacosStub/UnityEngine.Purchasing.AppleMacosStub.asmdef)
Folder 'Packages/com.unity.purchasing/Runtime/AppleMacosStub/' contains multiple assembly definition files (Packages/com.unity.purchasing/Runtime/AppleMacosStub/Unity.Purchasing.AppleMacosStub.asmdef)
Folder 'Packages/com.unity.purchasing/Runtime/AppleStub/' contains multiple assembly definition files (Packages/com.unity.purchasing/Runtime/AppleStub/Unity.Purchasing.AppleStub.asmdef)
Folder 'Packages/com.unity.purchasing/Runtime/AppleStub/' contains multiple assembly definition files (Packages/com.unity.purchasing/Runtime/AppleStub/UnityEngine.Purchasing.AppleStub.asmdef)
Folder 'Packages/com.unity.purchasing/Runtime/AppleMacos/' contains multiple assembly definition files (Packages/com.unity.purchasing/Runtime/AppleMacos/UnityEngine.Purchasing.AppleMacos.asmdef)
Folder 'Packages/com.unity.purchasing/Runtime/AppleMacos/' contains multiple assembly definition files (Packages/com.unity.purchasing/Runtime/AppleMacos/Unity.Purchasing.AppleMacos.asmdef)
Folder 'Packages/com.unity.purchasing/Runtime/Codeless/' contains multiple assembly definition files (Packages/com.unity.purchasing/Runtime/Codeless/Unity.Purchasing.Codeless.asmdef)
Folder 'Packages/com.unity.purchasing/Runtime/Codeless/' contains multiple assembly definition files (Packages/com.unity.purchasing/Runtime/Codeless/UnityEngine.Purchasing.Codeless.asmdef)
ArgumentException: An item with the same key has already been added. Key: 400f2260dd8d285419d1db99999109aa
  at System.Collections.Generic.Dictionary`2[TKey,TValue].TryInsert (TKey key, TValue value, System.Collections.Generic.InsertionBehavior behavior) [0x0015a] in <c5eeda5e65d44b388e164c6c5cfe0702>:0 
  at System.Collections.Generic.Dictionary`2[TKey,TValue].Add (TKey key, TValue value) [0x00000] in <c5eeda5e65d44b388e164c6c5cfe0702>:0 
  at System.Linq.Enumerable.ToDictionary[TSource,TKey,TElement] (TSource[] source, System.Func`2[T,TResult] keySelector, System.Func`2[T,TResult] elementSelector, System.Collections.Generic.IEqualityComparer`1[T] comparer) [0x00029] in <8203c5af529241e2a5cc4b3c5a3dc69a>:0 
  at System.Linq.Enumerable.ToDictionary[TSource,TKey,TElement] (System.Collections.Generic.IEnumerable`1[T] source, System.Func`2[T,TResult] keySelector, System.Func`2[T,TResult] elementSelector, System.Collections.Generic.IEqualityComparer`1[T] comparer) [0x00051] in <8203c5af529241e2a5cc4b3c5a3dc69a>:0 
  at System.Linq.Enumerable.ToDictionary[TSource,TKey,TElement] (System.Collections.Generic.IEnumerable`1[T] source, System.Func`2[T,TResult] keySelector, System.Func`2[T,TResult] elementSelector) [0x00000] in <8203c5af529241e2a5cc4b3c5a3dc69a>:0 
  at UnityEditor.Scripting.ScriptCompilation.AssemblyGraphBuilder.Initialize (System.Collections.Generic.IReadOnlyCollection`1[T] assemblies, System.Collections.Generic.IReadOnlyCollection`1[T] customScriptAssemblyReferences) [0x00046] in /Users/bokken/build/output/unity/unity/Editor/Mono/Scripting/ScriptCompilation/AssemblyGraphBuilder.cs:85 
  at UnityEditor.Scripting.ScriptCompilation.AssemblyGraphBuilderFactory.GetOrCreate (System.String projectPath, System.Collections.Generic.IReadOnlyCollection`1[T] assemblies, System.Collections.Generic.IReadOnlyCollection`1[T] customScriptAssemblyReferences) [0x00038] in /Users/bokken/build/output/unity/unity/Editor/Mono/Scripting/ScriptCompilation/AssemblyGraphBuilderFactory.cs:54 
  at UnityEditor.Scripting.ScriptCompilation.EditorCompilation.GetAssemblyGraphBuilder () [0x00001] in /Users/bokken/build/output/unity/unity/Editor/Mono/Scripting/ScriptCompilation/EditorCompilation.cs:170 
  at UnityEditor.Scripting.ScriptCompilation.EditorCompilation.SetAllScripts (System.String[] allScripts) [0x0000d] in /Users/bokken/build/output/unity/unity/Editor/Mono/Scripting/ScriptCompilation/EditorCompilation.cs:178 
  at UnityEditor.Scripting.ScriptCompilation.EditorCompilationInterface.SetAllScripts (System.String[] allScripts) [0x00001] in /Users/bokken/build/output/unity/unity/Editor/Mono/Scripting/ScriptCompilation/EditorCompilationInterface.cs:79 

(Filename: /Users/bokken/build/output/unity/unity/Editor/Mono/Scripting/ScriptCompilation/AssemblyGraphBuilder.cs Line: 85)

Begin MonoManager ReloadAssembly
Thread 0x16dd47000 may have been prematurely finalized
Symbol file LoadedFromMemory is not a mono symbol file
- Loaded All Assemblies, in  0.489 seconds
Folder 'Packages/com.unity.purchasing/Runtime/Apple/' contains multiple assembly definition files (Packages/com.unity.purchasing/Runtime/Apple/UnityEngine.Purchasing.Apple.asmdef)
Folder 'Packages/com.unity.purchasing/Runtime/Apple/' contains multiple assembly definition files (Packages/com.unity.purchasing/Runtime/Apple/Unity.Purchasing.Apple.asmdef)
Folder 'Packages/com.unity.purchasing/Runtime/SecurityStub/' contains multiple assembly definition files (Packages/com.unity.purchasing/Runtime/SecurityStub/UnityEngine.Purchasing.SecurityStub.asmdef)
Folder 'Packages/com.unity.purchasing/Runtime/SecurityStub/' contains multiple assembly definition files (Packages/com.unity.purchasing/Runtime/SecurityStub/Unity.Purchasing.SecurityStub.asmdef)
Folder 'Packages/com.unity.purchasing/Runtime/Security/' contains multiple assembly definition files (Packages/com.unity.purchasing/Runtime/Security/Unity.Purchasing.Security.asmdef)
Folder 'Packages/com.unity.purchasing/Runtime/Security/' contains multiple assembly definition files (Packages/com.unity.purchasing/Runtime/Security/UnityEngine.Purchasing.Security.asmdef)
Folder 'Packages/com.unity.purchasing/Runtime/Stores/' contains multiple assembly definition files (Packages/com.unity.purchasing/Runtime/Stores/UnityEngine.Purchasing.Stores.asmdef)
Folder 'Packages/com.unity.purchasing/Runtime/Stores/' contains multiple assembly definition files (Packages/com.unity.purchasing/Runtime/Stores/Unity.Purchasing.Stores.asmdef)
Folder 'Packages/com.unity.purchasing/Runtime/SecurityCore/' contains multiple assembly definition files (Packages/com.unity.purchasing/Runtime/SecurityCore/Unity.Purchasing.SecurityCore.asmdef)
Folder 'Packages/com.unity.purchasing/Runtime/SecurityCore/' contains multiple assembly definition files (Packages/com.unity.purchasing/Runtime/SecurityCore/UnityEngine.Purchasing.SecurityCore.asmdef)
Folder 'Packages/com.unity.purchasing/Runtime/Purchasing/' contains multiple assembly definition files (Packages/com.unity.purchasing/Runtime/Purchasing/UnityEngine.Purchasing.asmdef)
Folder 'Packages/com.unity.purchasing/Runtime/Purchasing/' contains multiple assembly definition files (Packages/com.unity.purchasing/Runtime/Purchasing/Unity.Purchasing.asmdef)
Folder 'Packages/com.unity.purchasing/Runtime/AppleMacosStub/' contains multiple assembly definition files (Packages/com.unity.purchasing/Runtime/AppleMacosStub/UnityEngine.Purchasing.AppleMacosStub.asmdef)
Folder 'Packages/com.unity.purchasing/Runtime/AppleMacosStub/' contains multiple assembly definition files (Packages/com.unity.purchasing/Runtime/AppleMacosStub/Unity.Purchasing.AppleMacosStub.asmdef)
Folder 'Packages/com.unity.purchasing/Runtime/AppleStub/' contains multiple assembly definition files (Packages/com.unity.purchasing/Runtime/AppleStub/Unity.Purchasing.AppleStub.asmdef)
Folder 'Packages/com.unity.purchasing/Runtime/AppleStub/' contains multiple assembly definition files (Packages/com.unity.purchasing/Runtime/AppleStub/UnityEngine.Purchasing.AppleStub.asmdef)
Folder 'Packages/com.unity.purchasing/Runtime/AppleMacos/' contains multiple assembly definition files (Packages/com.unity.purchasing/Runtime/AppleMacos/UnityEngine.Purchasing.AppleMacos.asmdef)
Folder 'Packages/com.unity.purchasing/Runtime/AppleMacos/' contains multiple assembly definition files (Packages/com.unity.purchasing/Runtime/AppleMacos/Unity.Purchasing.AppleMacos.asmdef)
Folder 'Packages/com.unity.purchasing/Runtime/Codeless/' contains multiple assembly definition files (Packages/com.unity.purchasing/Runtime/Codeless/Unity.Purchasing.Codeless.asmdef)
Folder 'Packages/com.unity.purchasing/Runtime/Codeless/' contains multiple assembly definition files (Packages/com.unity.purchasing/Runtime/Codeless/UnityEngine.Purchasing.Codeless.asmdef)
ArgumentException: An item with the same key has already been added. Key: 400f2260dd8d285419d1db99999109aa
  at System.Collections.Generic.Dictionary`2[TKey,TValue].TryInsert (TKey key, TValue value, System.Collections.Generic.InsertionBehavior behavior) [0x0015a] in <c5eeda5e65d44b388e164c6c5cfe0702>:0 
  at System.Collections.Generic.Dictionary`2[TKey,TValue].Add (TKey key, TValue value) [0x00000] in <c5eeda5e65d44b388e164c6c5cfe0702>:0 
  at System.Linq.Enumerable.ToDictionary[TSource,TKey,TElement] (TSource[] source, System.Func`2[T,TResult] keySelector, System.Func`2[T,TResult] elementSelector, System.Collections.Generic.IEqualityComparer`1[T] comparer) [0x00029] in <8203c5af529241e2a5cc4b3c5a3dc69a>:0 
  at System.Linq.Enumerable.ToDictionary[TSource,TKey,TElement] (System.Collections.Generic.IEnumerable`1[T] source, System.Func`2[T,TResult] keySelector, System.Func`2[T,TResult] elementSelector, System.Collections.Generic.IEqualityComparer`1[T] comparer) [0x00051] in <8203c5af529241e2a5cc4b3c5a3dc69a>:0 
  at System.Linq.Enumerable.ToDictionary[TSource,TKey,TElement] (System.Collections.Generic.IEnumerable`1[T] source, System.Func`2[T,TResult] keySelector, System.Func`2[T,TResult] elementSelector) [0x00000] in <8203c5af529241e2a5cc4b3c5a3dc69a>:0 
  at UnityEditor.Scripting.ScriptCompilation.AssemblyGraphBuilder.Initialize (System.Collections.Generic.IReadOnlyCollection`1[T] assemblies, System.Collections.Generic.IReadOnlyCollection`1[T] customScriptAssemblyReferences) [0x00046] in /Users/bokken/build/output/unity/unity/Editor/Mono/Scripting/ScriptCompilation/AssemblyGraphBuilder.cs:85 
  at UnityEditor.Scripting.ScriptCompilation.AssemblyGraphBuilderFactory.GetOrCreate (System.String projectPath, System.Collections.Generic.IReadOnlyCollection`1[T] assemblies, System.Collections.Generic.IReadOnlyCollection`1[T] customScriptAssemblyReferences) [0x00038] in /Users/bokken/build/output/unity/unity/Editor/Mono/Scripting/ScriptCompilation/AssemblyGraphBuilderFactory.cs:54 
  at UnityEditor.Scripting.ScriptCompilation.EditorCompilation.GetAssemblyGraphBuilder () [0x00001] in /Users/bokken/build/output/unity/unity/Editor/Mono/Scripting/ScriptCompilation/EditorCompilation.cs:170 
  at UnityEditor.Scripting.ScriptCompilation.EditorCompilation.SetAllScripts (System.String[] allScripts) [0x0000d] in /Users/bokken/build/output/unity/unity/Editor/Mono/Scripting/ScriptCompilation/EditorCompilation.cs:178 
  at UnityEditor.Scripting.ScriptCompilation.EditorCompilationInterface.SetAllScripts (System.String[] allScripts) [0x00001] in /Users/bokken/build/output/unity/unity/Editor/Mono/Scripting/ScriptCompilation/EditorCompilationInterface.cs:79 

(Filename: /Users/bokken/build/output/unity/unity/Editor/Mono/Scripting/ScriptCompilation/AssemblyGraphBuilder.cs Line: 85)

Refreshing native plugins compatible for Editor in 3.19 ms, found 1 plugins.
Native extension for iOS target not found
Native extension for Android target not found
Native extension for OSXStandalone target not found
Native extension for WebGL target not found
Folder 'Packages/com.unity.purchasing/Runtime/Apple/' contains multiple assembly definition files (Packages/com.unity.purchasing/Runtime/Apple/UnityEngine.Purchasing.Apple.asmdef)
Folder 'Packages/com.unity.purchasing/Runtime/Apple/' contains multiple assembly definition files (Packages/com.unity.purchasing/Runtime/Apple/Unity.Purchasing.Apple.asmdef)
Folder 'Packages/com.unity.purchasing/Runtime/SecurityStub/' contains multiple assembly definition files (Packages/com.unity.purchasing/Runtime/SecurityStub/UnityEngine.Purchasing.SecurityStub.asmdef)
Folder 'Packages/com.unity.purchasing/Runtime/SecurityStub/' contains multiple assembly definition files (Packages/com.unity.purchasing/Runtime/SecurityStub/Unity.Purchasing.SecurityStub.asmdef)
Folder 'Packages/com.unity.purchasing/Runtime/Security/' contains multiple assembly definition files (Packages/com.unity.purchasing/Runtime/Security/Unity.Purchasing.Security.asmdef)
Folder 'Packages/com.unity.purchasing/Runtime/Security/' contains multiple assembly definition files (Packages/com.unity.purchasing/Runtime/Security/UnityEngine.Purchasing.Security.asmdef)
Folder 'Packages/com.unity.purchasing/Runtime/Stores/' contains multiple assembly definition files (Packages/com.unity.purchasing/Runtime/Stores/UnityEngine.Purchasing.Stores.asmdef)
Folder 'Packages/com.unity.purchasing/Runtime/Stores/' contains multiple assembly definition files (Packages/com.unity.purchasing/Runtime/Stores/Unity.Purchasing.Stores.asmdef)
Folder 'Packages/com.unity.purchasing/Runtime/SecurityCore/' contains multiple assembly definition files (Packages/com.unity.purchasing/Runtime/SecurityCore/Unity.Purchasing.SecurityCore.asmdef)
Folder 'Packages/com.unity.purchasing/Runtime/SecurityCore/' contains multiple assembly definition files (Packages/com.unity.purchasing/Runtime/SecurityCore/UnityEngine.Purchasing.SecurityCore.asmdef)
Folder 'Packages/com.unity.purchasing/Runtime/Purchasing/' contains multiple assembly definition files (Packages/com.unity.purchasing/Runtime/Purchasing/UnityEngine.Purchasing.asmdef)
Folder 'Packages/com.unity.purchasing/Runtime/Purchasing/' contains multiple assembly definition files (Packages/com.unity.purchasing/Runtime/Purchasing/Unity.Purchasing.asmdef)
Folder 'Packages/com.unity.purchasing/Runtime/AppleMacosStub/' contains multiple assembly definition files (Packages/com.unity.purchasing/Runtime/AppleMacosStub/UnityEngine.Purchasing.AppleMacosStub.asmdef)
Folder 'Packages/com.unity.purchasing/Runtime/AppleMacosStub/' contains multiple assembly definition files (Packages/com.unity.purchasing/Runtime/AppleMacosStub/Unity.Purchasing.AppleMacosStub.asmdef)
Folder 'Packages/com.unity.purchasing/Runtime/AppleStub/' contains multiple assembly definition files (Packages/com.unity.purchasing/Runtime/AppleStub/Unity.Purchasing.AppleStub.asmdef)
Folder 'Packages/com.unity.purchasing/Runtime/AppleStub/' contains multiple assembly definition files (Packages/com.unity.purchasing/Runtime/AppleStub/UnityEngine.Purchasing.AppleStub.asmdef)
Folder 'Packages/com.unity.purchasing/Runtime/AppleMacos/' contains multiple assembly definition files (Packages/com.unity.purchasing/Runtime/AppleMacos/UnityEngine.Purchasing.AppleMacos.asmdef)
Folder 'Packages/com.unity.purchasing/Runtime/AppleMacos/' contains multiple assembly definition files (Packages/com.unity.purchasing/Runtime/AppleMacos/Unity.Purchasing.AppleMacos.asmdef)
Folder 'Packages/com.unity.purchasing/Runtime/Codeless/' contains multiple assembly definition files (Packages/com.unity.purchasing/Runtime/Codeless/Unity.Purchasing.Codeless.asmdef)
Folder 'Packages/com.unity.purchasing/Runtime/Codeless/' contains multiple assembly definition files (Packages/com.unity.purchasing/Runtime/Codeless/UnityEngine.Purchasing.Codeless.asmdef)
ArgumentException: An item with the same key has already been added. Key: 400f2260dd8d285419d1db99999109aa
  at System.Collections.Generic.Dictionary`2[TKey,TValue].TryInsert (TKey key, TValue value, System.Collections.Generic.InsertionBehavior behavior) [0x0015a] in <c5eeda5e65d44b388e164c6c5cfe0702>:0 
  at System.Collections.Generic.Dictionary`2[TKey,TValue].Add (TKey key, TValue value) [0x00000] in <c5eeda5e65d44b388e164c6c5cfe0702>:0 
  at System.Linq.Enumerable.ToDictionary[TSource,TKey,TElement] (TSource[] source, System.Func`2[T,TResult] keySelector, System.Func`2[T,TResult] elementSelector, System.Collections.Generic.IEqualityComparer`1[T] comparer) [0x00029] in <8203c5af529241e2a5cc4b3c5a3dc69a>:0 
  at System.Linq.Enumerable.ToDictionary[TSource,TKey,TElement] (System.Collections.Generic.IEnumerable`1[T] source, System.Func`2[T,TResult] keySelector, System.Func`2[T,TResult] elementSelector, System.Collections.Generic.IEqualityComparer`1[T] comparer) [0x00051] in <8203c5af529241e2a5cc4b3c5a3dc69a>:0 
  at System.Linq.Enumerable.ToDictionary[TSource,TKey,TElement] (System.Collections.Generic.IEnumerable`1[T] source, System.Func`2[T,TResult] keySelector, System.Func`2[T,TResult] elementSelector) [0x00000] in <8203c5af529241e2a5cc4b3c5a3dc69a>:0 
  at UnityEditor.Scripting.ScriptCompilation.AssemblyGraphBuilder.Initialize (System.Collections.Generic.IReadOnlyCollection`1[T] assemblies, System.Collections.Generic.IReadOnlyCollection`1[T] customScriptAssemblyReferences) [0x00046] in /Users/bokken/build/output/unity/unity/Editor/Mono/Scripting/ScriptCompilation/AssemblyGraphBuilder.cs:85 
  at UnityEditor.Scripting.ScriptCompilation.AssemblyGraphBuilderFactory.GetOrCreate (System.String projectPath, System.Collections.Generic.IReadOnlyCollection`1[T] assemblies, System.Collections.Generic.IReadOnlyCollection`1[T] customScriptAssemblyReferences) [0x00038] in /Users/bokken/build/output/unity/unity/Editor/Mono/Scripting/ScriptCompilation/AssemblyGraphBuilderFactory.cs:54 
  at UnityEditor.Scripting.ScriptCompilation.EditorCompilation.GetAssemblyGraphBuilder () [0x00001] in /Users/bokken/build/output/unity/unity/Editor/Mono/Scripting/ScriptCompilation/EditorCompilation.cs:170 
  at UnityEditor.Scripting.ScriptCompilation.EditorCompilation.SetAllScripts (System.String[] allScripts) [0x0000d] in /Users/bokken/build/output/unity/unity/Editor/Mono/Scripting/ScriptCompilation/EditorCompilation.cs:178 
  at UnityEditor.Scripting.ScriptCompilation.EditorCompilationInterface.SetAllScripts (System.String[] allScripts) [0x00001] in /Users/bokken/build/output/unity/unity/Editor/Mono/Scripting/ScriptCompilation/EditorCompilationInterface.cs:79 

(Filename: /Users/bokken/build/output/unity/unity/Editor/Mono/Scripting/ScriptCompilation/AssemblyGraphBuilder.cs Line: 85)

Refreshing native plugins compatible for Editor in 3.45 ms, found 1 plugins.
[Package Manager] Failed to launch server process. Reason: Unity was launched with the -noUpm command-line argument
[Package Manager] Unable to send message (not connected to server process).
[Package Manager] Cannot connect to Unity Package Manager local server
ScheduleIndexationOnStartup MainProcess:False IndexOnStartup:True
Mono: successfully reloaded assembly
- Finished resetting the current domain, in  0.948 seconds
Domain Reload Profiling: 1440ms
	BeginReloadAssembly (112ms)
		ExecutionOrderSort (0ms)
		DisableScriptedObjects (3ms)
		BackupInstance (0ms)
		ReleaseScriptingObjects (0ms)
		CreateAndSetChildDomain (39ms)
	RebuildCommonClasses (27ms)
	RebuildNativeTypeToScriptingClass (11ms)
	initialDomainReloadingComplete (16ms)
	LoadAllAssembliesAndSetupDomain (327ms)
		LoadAssemblies (227ms)
		RebuildTransferFunctionScriptingTraits (0ms)
		AnalyzeDomain (130ms)
			TypeCache.Refresh (8ms)
				TypeCache.ScanAssembly (0ms)
			BuildScriptInfoCaches (116ms)
			ResolveRequiredComponents (4ms)
	FinalizeReload (948ms)
		ReleaseScriptCaches (0ms)
		RebuildScriptCaches (0ms)
		SetupLoadedEditorAssemblies (851ms)
			LogAssemblyErrors (0ms)
			InitializePlatformSupportModulesInManaged (13ms)
			SetLoadedEditorAssemblies (4ms)
			BeforeProcessingInitializeOnLoad (105ms)
			ProcessInitializeOnLoadAttributes (670ms)
			ProcessInitializeOnLoadMethodAttributes (58ms)
			AfterProcessingInitializeOnLoad (1ms)
			EditorAssembliesLoaded (0ms)
		ExecutionOrderSort2 (0ms)
		AwakeInstancesAfterBackupRestoration (3ms)
Refreshing native plugins compatible for Editor in 2.83 ms, found 1 plugins.
Preloading 0 native plugins for Editor in 0.00 ms.
Unloading 29 Unused Serialized files (Serialized files now loaded: 0)
Unloading 6234 unused Assets / (4.3 MB). Loaded Objects now: 6988.
Memory consumption went from 142.5 MB to 138.2 MB.
Total: 20.235125 ms (FindLiveObjects: 0.303375 ms CreateObjectMapping: 0.168958 ms MarkObjects: 18.373459 ms  DeleteObjects: 1.388667 ms)

Prepare: number of updated asset objects reloaded= 0
========================================================================
Received Prepare
Refreshing native plugins compatible for Editor in 2.75 ms, found 1 plugins.
Preloading 0 native plugins for Editor in 0.00 ms.
Unloading 29 Unused Serialized files (Serialized files now loaded: 0)
Unloading 6162 unused Assets / (4.3 MB). Loaded Objects now: 6988.
Memory consumption went from 125.2 MB to 120.9 MB.
Total: 20.224709 ms (FindLiveObjects: 0.306500 ms CreateObjectMapping: 0.168959 ms MarkObjects: 18.388541 ms  DeleteObjects: 1.360084 ms)

Prepare: number of updated asset objects reloaded= 0
========================================================================
Received Prepare
[Licensing::Client] Successfully resolved entitlement details
Folder 'Packages/com.unity.purchasing/Runtime/Apple/' contains multiple assembly definition files (Packages/com.unity.purchasing/Runtime/Apple/UnityEngine.Purchasing.Apple.asmdef)
Folder 'Packages/com.unity.purchasing/Runtime/Apple/' contains multiple assembly definition files (Packages/com.unity.purchasing/Runtime/Apple/Unity.Purchasing.Apple.asmdef)
Folder 'Packages/com.unity.purchasing/Runtime/SecurityStub/' contains multiple assembly definition files (Packages/com.unity.purchasing/Runtime/SecurityStub/UnityEngine.Purchasing.SecurityStub.asmdef)
Folder 'Packages/com.unity.purchasing/Runtime/SecurityStub/' contains multiple assembly definition files (Packages/com.unity.purchasing/Runtime/SecurityStub/Unity.Purchasing.SecurityStub.asmdef)
Folder 'Packages/com.unity.purchasing/Runtime/Security/' contains multiple assembly definition files (Packages/com.unity.purchasing/Runtime/Security/Unity.Purchasing.Security.asmdef)
Folder 'Packages/com.unity.purchasing/Runtime/Security/' contains multiple assembly definition files (Packages/com.unity.purchasing/Runtime/Security/UnityEngine.Purchasing.Security.asmdef)
Folder 'Packages/com.unity.purchasing/Runtime/Stores/' contains multiple assembly definition files (Packages/com.unity.purchasing/Runtime/Stores/UnityEngine.Purchasing.Stores.asmdef)
Folder 'Packages/com.unity.purchasing/Runtime/Stores/' contains multiple assembly definition files (Packages/com.unity.purchasing/Runtime/Stores/Unity.Purchasing.Stores.asmdef)
Folder 'Packages/com.unity.purchasing/Runtime/SecurityCore/' contains multiple assembly definition files (Packages/com.unity.purchasing/Runtime/SecurityCore/Unity.Purchasing.SecurityCore.asmdef)
Folder 'Packages/com.unity.purchasing/Runtime/SecurityCore/' contains multiple assembly definition files (Packages/com.unity.purchasing/Runtime/SecurityCore/UnityEngine.Purchasing.SecurityCore.asmdef)
Folder 'Packages/com.unity.purchasing/Runtime/Purchasing/' contains multiple assembly definition files (Packages/com.unity.purchasing/Runtime/Purchasing/UnityEngine.Purchasing.asmdef)
Folder 'Packages/com.unity.purchasing/Runtime/Purchasing/' contains multiple assembly definition files (Packages/com.unity.purchasing/Runtime/Purchasing/Unity.Purchasing.asmdef)
Folder 'Packages/com.unity.purchasing/Runtime/AppleMacosStub/' contains multiple assembly definition files (Packages/com.unity.purchasing/Runtime/AppleMacosStub/UnityEngine.Purchasing.AppleMacosStub.asmdef)
Folder 'Packages/com.unity.purchasing/Runtime/AppleMacosStub/' contains multiple assembly definition files (Packages/com.unity.purchasing/Runtime/AppleMacosStub/Unity.Purchasing.AppleMacosStub.asmdef)
Folder 'Packages/com.unity.purchasing/Runtime/AppleStub/' contains multiple assembly definition files (Packages/com.unity.purchasing/Runtime/AppleStub/Unity.Purchasing.AppleStub.asmdef)
Folder 'Packages/com.unity.purchasing/Runtime/AppleStub/' contains multiple assembly definition files (Packages/com.unity.purchasing/Runtime/AppleStub/UnityEngine.Purchasing.AppleStub.asmdef)
Folder 'Packages/com.unity.purchasing/Runtime/AppleMacos/' contains multiple assembly definition files (Packages/com.unity.purchasing/Runtime/AppleMacos/UnityEngine.Purchasing.AppleMacos.asmdef)
Folder 'Packages/com.unity.purchasing/Runtime/AppleMacos/' contains multiple assembly definition files (Packages/com.unity.purchasing/Runtime/AppleMacos/Unity.Purchasing.AppleMacos.asmdef)
Folder 'Packages/com.unity.purchasing/Runtime/Codeless/' contains multiple assembly definition files (Packages/com.unity.purchasing/Runtime/Codeless/Unity.Purchasing.Codeless.asmdef)
Folder 'Packages/com.unity.purchasing/Runtime/Codeless/' contains multiple assembly definition files (Packages/com.unity.purchasing/Runtime/Codeless/UnityEngine.Purchasing.Codeless.asmdef)
ArgumentException: An item with the same key has already been added. Key: 400f2260dd8d285419d1db99999109aa
  at System.Collections.Generic.Dictionary`2[TKey,TValue].TryInsert (TKey key, TValue value, System.Collections.Generic.InsertionBehavior behavior) [0x0015a] in <c5eeda5e65d44b388e164c6c5cfe0702>:0 
  at System.Collections.Generic.Dictionary`2[TKey,TValue].Add (TKey key, TValue value) [0x00000] in <c5eeda5e65d44b388e164c6c5cfe0702>:0 
  at System.Linq.Enumerable.ToDictionary[TSource,TKey,TElement] (TSource[] source, System.Func`2[T,TResult] keySelector, System.Func`2[T,TResult] elementSelector, System.Collections.Generic.IEqualityComparer`1[T] comparer) [0x00029] in <8203c5af529241e2a5cc4b3c5a3dc69a>:0 
  at System.Linq.Enumerable.ToDictionary[TSource,TKey,TElement] (System.Collections.Generic.IEnumerable`1[T] source, System.Func`2[T,TResult] keySelector, System.Func`2[T,TResult] elementSelector, System.Collections.Generic.IEqualityComparer`1[T] comparer) [0x00051] in <8203c5af529241e2a5cc4b3c5a3dc69a>:0 
  at System.Linq.Enumerable.ToDictionary[TSource,TKey,TElement] (System.Collections.Generic.IEnumerable`1[T] source, System.Func`2[T,TResult] keySelector, System.Func`2[T,TResult] elementSelector) [0x00000] in <8203c5af529241e2a5cc4b3c5a3dc69a>:0 
  at UnityEditor.Scripting.ScriptCompilation.AssemblyGraphBuilder.Initialize (System.Collections.Generic.IReadOnlyCollection`1[T] assemblies, System.Collections.Generic.IReadOnlyCollection`1[T] customScriptAssemblyReferences) [0x00046] in /Users/bokken/build/output/unity/unity/Editor/Mono/Scripting/ScriptCompilation/AssemblyGraphBuilder.cs:85 
  at UnityEditor.Scripting.ScriptCompilation.AssemblyGraphBuilderFactory.GetOrCreate (System.String projectPath, System.Collections.Generic.IReadOnlyCollection`1[T] assemblies, System.Collections.Generic.IReadOnlyCollection`1[T] customScriptAssemblyReferences) [0x00038] in /Users/bokken/build/output/unity/unity/Editor/Mono/Scripting/ScriptCompilation/AssemblyGraphBuilderFactory.cs:54 
  at UnityEditor.Scripting.ScriptCompilation.EditorCompilation.GetAssemblyGraphBuilder () [0x00001] in /Users/bokken/build/output/unity/unity/Editor/Mono/Scripting/ScriptCompilation/EditorCompilation.cs:170 
  at UnityEditor.Scripting.ScriptCompilation.EditorCompilation.SetAllScripts (System.String[] allScripts) [0x0000d] in /Users/bokken/build/output/unity/unity/Editor/Mono/Scripting/ScriptCompilation/EditorCompilation.cs:178 
  at UnityEditor.Scripting.ScriptCompilation.EditorCompilationInterface.SetAllScripts (System.String[] allScripts) [0x00001] in /Users/bokken/build/output/unity/unity/Editor/Mono/Scripting/ScriptCompilation/EditorCompilationInterface.cs:79 

(Filename: /Users/bokken/build/output/unity/unity/Editor/Mono/Scripting/ScriptCompilation/AssemblyGraphBuilder.cs Line: 85)

Folder 'Packages/com.unity.purchasing/Runtime/Apple/' contains multiple assembly definition files (Packages/com.unity.purchasing/Runtime/Apple/UnityEngine.Purchasing.Apple.asmdef)
Folder 'Packages/com.unity.purchasing/Runtime/Apple/' contains multiple assembly definition files (Packages/com.unity.purchasing/Runtime/Apple/Unity.Purchasing.Apple.asmdef)
Folder 'Packages/com.unity.purchasing/Runtime/SecurityStub/' contains multiple assembly definition files (Packages/com.unity.purchasing/Runtime/SecurityStub/UnityEngine.Purchasing.SecurityStub.asmdef)
Folder 'Packages/com.unity.purchasing/Runtime/SecurityStub/' contains multiple assembly definition files (Packages/com.unity.purchasing/Runtime/SecurityStub/Unity.Purchasing.SecurityStub.asmdef)
Folder 'Packages/com.unity.purchasing/Runtime/Security/' contains multiple assembly definition files (Packages/com.unity.purchasing/Runtime/Security/Unity.Purchasing.Security.asmdef)
Folder 'Packages/com.unity.purchasing/Runtime/Security/' contains multiple assembly definition files (Packages/com.unity.purchasing/Runtime/Security/UnityEngine.Purchasing.Security.asmdef)
Folder 'Packages/com.unity.purchasing/Runtime/Stores/' contains multiple assembly definition files (Packages/com.unity.purchasing/Runtime/Stores/UnityEngine.Purchasing.Stores.asmdef)
Folder 'Packages/com.unity.purchasing/Runtime/Stores/' contains multiple assembly definition files (Packages/com.unity.purchasing/Runtime/Stores/Unity.Purchasing.Stores.asmdef)
Folder 'Packages/com.unity.purchasing/Runtime/SecurityCore/' contains multiple assembly definition files (Packages/com.unity.purchasing/Runtime/SecurityCore/Unity.Purchasing.SecurityCore.asmdef)
Folder 'Packages/com.unity.purchasing/Runtime/SecurityCore/' contains multiple assembly definition files (Packages/com.unity.purchasing/Runtime/SecurityCore/UnityEngine.Purchasing.SecurityCore.asmdef)
Folder 'Packages/com.unity.purchasing/Runtime/Purchasing/' contains multiple assembly definition files (Packages/com.unity.purchasing/Runtime/Purchasing/UnityEngine.Purchasing.asmdef)
Folder 'Packages/com.unity.purchasing/Runtime/Purchasing/' contains multiple assembly definition files (Packages/com.unity.purchasing/Runtime/Purchasing/Unity.Purchasing.asmdef)
Folder 'Packages/com.unity.purchasing/Runtime/AppleMacosStub/' contains multiple assembly definition files (Packages/com.unity.purchasing/Runtime/AppleMacosStub/UnityEngine.Purchasing.AppleMacosStub.asmdef)
Folder 'Packages/com.unity.purchasing/Runtime/AppleMacosStub/' contains multiple assembly definition files (Packages/com.unity.purchasing/Runtime/AppleMacosStub/Unity.Purchasing.AppleMacosStub.asmdef)
Folder 'Packages/com.unity.purchasing/Runtime/AppleStub/' contains multiple assembly definition files (Packages/com.unity.purchasing/Runtime/AppleStub/Unity.Purchasing.AppleStub.asmdef)
Folder 'Packages/com.unity.purchasing/Runtime/AppleStub/' contains multiple assembly definition files (Packages/com.unity.purchasing/Runtime/AppleStub/UnityEngine.Purchasing.AppleStub.asmdef)
Folder 'Packages/com.unity.purchasing/Runtime/AppleMacos/' contains multiple assembly definition files (Packages/com.unity.purchasing/Runtime/AppleMacos/UnityEngine.Purchasing.AppleMacos.asmdef)
Folder 'Packages/com.unity.purchasing/Runtime/AppleMacos/' contains multiple assembly definition files (Packages/com.unity.purchasing/Runtime/AppleMacos/Unity.Purchasing.AppleMacos.asmdef)
Folder 'Packages/com.unity.purchasing/Runtime/Codeless/' contains multiple assembly definition files (Packages/com.unity.purchasing/Runtime/Codeless/Unity.Purchasing.Codeless.asmdef)
Folder 'Packages/com.unity.purchasing/Runtime/Codeless/' contains multiple assembly definition files (Packages/com.unity.purchasing/Runtime/Codeless/UnityEngine.Purchasing.Codeless.asmdef)
ArgumentException: An item with the same key has already been added. Key: 400f2260dd8d285419d1db99999109aa
  at System.Collections.Generic.Dictionary`2[TKey,TValue].TryInsert (TKey key, TValue value, System.Collections.Generic.InsertionBehavior behavior) [0x0015a] in <c5eeda5e65d44b388e164c6c5cfe0702>:0 
  at System.Collections.Generic.Dictionary`2[TKey,TValue].Add (TKey key, TValue value) [0x00000] in <c5eeda5e65d44b388e164c6c5cfe0702>:0 
  at System.Linq.Enumerable.ToDictionary[TSource,TKey,TElement] (TSource[] source, System.Func`2[T,TResult] keySelector, System.Func`2[T,TResult] elementSelector, System.Collections.Generic.IEqualityComparer`1[T] comparer) [0x00029] in <8203c5af529241e2a5cc4b3c5a3dc69a>:0 
  at System.Linq.Enumerable.ToDictionary[TSource,TKey,TElement] (System.Collections.Generic.IEnumerable`1[T] source, System.Func`2[T,TResult] keySelector, System.Func`2[T,TResult] elementSelector, System.Collections.Generic.IEqualityComparer`1[T] comparer) [0x00051] in <8203c5af529241e2a5cc4b3c5a3dc69a>:0 
  at System.Linq.Enumerable.ToDictionary[TSource,TKey,TElement] (System.Collections.Generic.IEnumerable`1[T] source, System.Func`2[T,TResult] keySelector, System.Func`2[T,TResult] elementSelector) [0x00000] in <8203c5af529241e2a5cc4b3c5a3dc69a>:0 
  at UnityEditor.Scripting.ScriptCompilation.AssemblyGraphBuilder.Initialize (System.Collections.Generic.IReadOnlyCollection`1[T] assemblies, System.Collections.Generic.IReadOnlyCollection`1[T] customScriptAssemblyReferences) [0x00046] in /Users/bokken/build/output/unity/unity/Editor/Mono/Scripting/ScriptCompilation/AssemblyGraphBuilder.cs:85 
  at UnityEditor.Scripting.ScriptCompilation.AssemblyGraphBuilderFactory.GetOrCreate (System.String projectPath, System.Collections.Generic.IReadOnlyCollection`1[T] assemblies, System.Collections.Generic.IReadOnlyCollection`1[T] customScriptAssemblyReferences) [0x00038] in /Users/bokken/build/output/unity/unity/Editor/Mono/Scripting/ScriptCompilation/AssemblyGraphBuilderFactory.cs:54 
  at UnityEditor.Scripting.ScriptCompilation.EditorCompilation.GetAssemblyGraphBuilder () [0x00001] in /Users/bokken/build/output/unity/unity/Editor/Mono/Scripting/ScriptCompilation/EditorCompilation.cs:170 
  at UnityEditor.Scripting.ScriptCompilation.EditorCompilation.SetAllScripts (System.String[] allScripts) [0x0000d] in /Users/bokken/build/output/unity/unity/Editor/Mono/Scripting/ScriptCompilation/EditorCompilation.cs:178 
  at UnityEditor.Scripting.ScriptCompilation.EditorCompilationInterface.SetAllScripts (System.String[] allScripts) [0x00001] in /Users/bokken/build/output/unity/unity/Editor/Mono/Scripting/ScriptCompilation/EditorCompilationInterface.cs:79 

(Filename: /Users/bokken/build/output/unity/unity/Editor/Mono/Scripting/ScriptCompilation/AssemblyGraphBuilder.cs Line: 85)

Begin MonoManager ReloadAssembly
[Licensing::Client] Successfully resolved entitlement details
Thread 0x16da47000 may have been prematurely finalized
Symbol file LoadedFromMemory is not a mono symbol file
- Loaded All Assemblies, in  0.500 seconds
Folder 'Packages/com.unity.purchasing/Runtime/Apple/' contains multiple assembly definition files (Packages/com.unity.purchasing/Runtime/Apple/UnityEngine.Purchasing.Apple.asmdef)
Folder 'Packages/com.unity.purchasing/Runtime/Apple/' contains multiple assembly definition files (Packages/com.unity.purchasing/Runtime/Apple/Unity.Purchasing.Apple.asmdef)
Folder 'Packages/com.unity.purchasing/Runtime/SecurityStub/' contains multiple assembly definition files (Packages/com.unity.purchasing/Runtime/SecurityStub/UnityEngine.Purchasing.SecurityStub.asmdef)
Folder 'Packages/com.unity.purchasing/Runtime/SecurityStub/' contains multiple assembly definition files (Packages/com.unity.purchasing/Runtime/SecurityStub/Unity.Purchasing.SecurityStub.asmdef)
Folder 'Packages/com.unity.purchasing/Runtime/Security/' contains multiple assembly definition files (Packages/com.unity.purchasing/Runtime/Security/Unity.Purchasing.Security.asmdef)
Folder 'Packages/com.unity.purchasing/Runtime/Security/' contains multiple assembly definition files (Packages/com.unity.purchasing/Runtime/Security/UnityEngine.Purchasing.Security.asmdef)
Folder 'Packages/com.unity.purchasing/Runtime/Stores/' contains multiple assembly definition files (Packages/com.unity.purchasing/Runtime/Stores/UnityEngine.Purchasing.Stores.asmdef)
Folder 'Packages/com.unity.purchasing/Runtime/Stores/' contains multiple assembly definition files (Packages/com.unity.purchasing/Runtime/Stores/Unity.Purchasing.Stores.asmdef)
Folder 'Packages/com.unity.purchasing/Runtime/SecurityCore/' contains multiple assembly definition files (Packages/com.unity.purchasing/Runtime/SecurityCore/Unity.Purchasing.SecurityCore.asmdef)
Folder 'Packages/com.unity.purchasing/Runtime/SecurityCore/' contains multiple assembly definition files (Packages/com.unity.purchasing/Runtime/SecurityCore/UnityEngine.Purchasing.SecurityCore.asmdef)
Folder 'Packages/com.unity.purchasing/Runtime/Purchasing/' contains multiple assembly definition files (Packages/com.unity.purchasing/Runtime/Purchasing/UnityEngine.Purchasing.asmdef)
Folder 'Packages/com.unity.purchasing/Runtime/Purchasing/' contains multiple assembly definition files (Packages/com.unity.purchasing/Runtime/Purchasing/Unity.Purchasing.asmdef)
Folder 'Packages/com.unity.purchasing/Runtime/AppleMacosStub/' contains multiple assembly definition files (Packages/com.unity.purchasing/Runtime/AppleMacosStub/UnityEngine.Purchasing.AppleMacosStub.asmdef)
Folder 'Packages/com.unity.purchasing/Runtime/AppleMacosStub/' contains multiple assembly definition files (Packages/com.unity.purchasing/Runtime/AppleMacosStub/Unity.Purchasing.AppleMacosStub.asmdef)
Folder 'Packages/com.unity.purchasing/Runtime/AppleStub/' contains multiple assembly definition files (Packages/com.unity.purchasing/Runtime/AppleStub/Unity.Purchasing.AppleStub.asmdef)
Folder 'Packages/com.unity.purchasing/Runtime/AppleStub/' contains multiple assembly definition files (Packages/com.unity.purchasing/Runtime/AppleStub/UnityEngine.Purchasing.AppleStub.asmdef)
Folder 'Packages/com.unity.purchasing/Runtime/AppleMacos/' contains multiple assembly definition files (Packages/com.unity.purchasing/Runtime/AppleMacos/UnityEngine.Purchasing.AppleMacos.asmdef)
Folder 'Packages/com.unity.purchasing/Runtime/AppleMacos/' contains multiple assembly definition files (Packages/com.unity.purchasing/Runtime/AppleMacos/Unity.Purchasing.AppleMacos.asmdef)
Folder 'Packages/com.unity.purchasing/Runtime/Codeless/' contains multiple assembly definition files (Packages/com.unity.purchasing/Runtime/Codeless/Unity.Purchasing.Codeless.asmdef)
Folder 'Packages/com.unity.purchasing/Runtime/Codeless/' contains multiple assembly definition files (Packages/com.unity.purchasing/Runtime/Codeless/UnityEngine.Purchasing.Codeless.asmdef)
ArgumentException: An item with the same key has already been added. Key: 400f2260dd8d285419d1db99999109aa
  at System.Collections.Generic.Dictionary`2[TKey,TValue].TryInsert (TKey key, TValue value, System.Collections.Generic.InsertionBehavior behavior) [0x0015a] in <c5eeda5e65d44b388e164c6c5cfe0702>:0 
  at System.Collections.Generic.Dictionary`2[TKey,TValue].Add (TKey key, TValue value) [0x00000] in <c5eeda5e65d44b388e164c6c5cfe0702>:0 
  at System.Linq.Enumerable.ToDictionary[TSource,TKey,TElement] (TSource[] source, System.Func`2[T,TResult] keySelector, System.Func`2[T,TResult] elementSelector, System.Collections.Generic.IEqualityComparer`1[T] comparer) [0x00029] in <8203c5af529241e2a5cc4b3c5a3dc69a>:0 
  at System.Linq.Enumerable.ToDictionary[TSource,TKey,TElement] (System.Collections.Generic.IEnumerable`1[T] source, System.Func`2[T,TResult] keySelector, System.Func`2[T,TResult] elementSelector, System.Collections.Generic.IEqualityComparer`1[T] comparer) [0x00051] in <8203c5af529241e2a5cc4b3c5a3dc69a>:0 
  at System.Linq.Enumerable.ToDictionary[TSource,TKey,TElement] (System.Collections.Generic.IEnumerable`1[T] source, System.Func`2[T,TResult] keySelector, System.Func`2[T,TResult] elementSelector) [0x00000] in <8203c5af529241e2a5cc4b3c5a3dc69a>:0 
  at UnityEditor.Scripting.ScriptCompilation.AssemblyGraphBuilder.Initialize (System.Collections.Generic.IReadOnlyCollection`1[T] assemblies, System.Collections.Generic.IReadOnlyCollection`1[T] customScriptAssemblyReferences) [0x00046] in /Users/bokken/build/output/unity/unity/Editor/Mono/Scripting/ScriptCompilation/AssemblyGraphBuilder.cs:85 
  at UnityEditor.Scripting.ScriptCompilation.AssemblyGraphBuilderFactory.GetOrCreate (System.String projectPath, System.Collections.Generic.IReadOnlyCollection`1[T] assemblies, System.Collections.Generic.IReadOnlyCollection`1[T] customScriptAssemblyReferences) [0x00038] in /Users/bokken/build/output/unity/unity/Editor/Mono/Scripting/ScriptCompilation/AssemblyGraphBuilderFactory.cs:54 
  at UnityEditor.Scripting.ScriptCompilation.EditorCompilation.GetAssemblyGraphBuilder () [0x00001] in /Users/bokken/build/output/unity/unity/Editor/Mono/Scripting/ScriptCompilation/EditorCompilation.cs:170 
  at UnityEditor.Scripting.ScriptCompilation.EditorCompilation.SetAllScripts (System.String[] allScripts) [0x0000d] in /Users/bokken/build/output/unity/unity/Editor/Mono/Scripting/ScriptCompilation/EditorCompilation.cs:178 
  at UnityEditor.Scripting.ScriptCompilation.EditorCompilationInterface.SetAllScripts (System.String[] allScripts) [0x00001] in /Users/bokken/build/output/unity/unity/Editor/Mono/Scripting/ScriptCompilation/EditorCompilationInterface.cs:79 

(Filename: /Users/bokken/build/output/unity/unity/Editor/Mono/Scripting/ScriptCompilation/AssemblyGraphBuilder.cs Line: 85)

Refreshing native plugins compatible for Editor in 2.87 ms, found 1 plugins.
Native extension for iOS target not found
Native extension for Android target not found
Native extension for OSXStandalone target not found
Native extension for WebGL target not found
Folder 'Packages/com.unity.purchasing/Runtime/Apple/' contains multiple assembly definition files (Packages/com.unity.purchasing/Runtime/Apple/UnityEngine.Purchasing.Apple.asmdef)
Folder 'Packages/com.unity.purchasing/Runtime/Apple/' contains multiple assembly definition files (Packages/com.unity.purchasing/Runtime/Apple/Unity.Purchasing.Apple.asmdef)
Folder 'Packages/com.unity.purchasing/Runtime/SecurityStub/' contains multiple assembly definition files (Packages/com.unity.purchasing/Runtime/SecurityStub/UnityEngine.Purchasing.SecurityStub.asmdef)
Folder 'Packages/com.unity.purchasing/Runtime/SecurityStub/' contains multiple assembly definition files (Packages/com.unity.purchasing/Runtime/SecurityStub/Unity.Purchasing.SecurityStub.asmdef)
Folder 'Packages/com.unity.purchasing/Runtime/Security/' contains multiple assembly definition files (Packages/com.unity.purchasing/Runtime/Security/Unity.Purchasing.Security.asmdef)
Folder 'Packages/com.unity.purchasing/Runtime/Security/' contains multiple assembly definition files (Packages/com.unity.purchasing/Runtime/Security/UnityEngine.Purchasing.Security.asmdef)
Folder 'Packages/com.unity.purchasing/Runtime/Stores/' contains multiple assembly definition files (Packages/com.unity.purchasing/Runtime/Stores/UnityEngine.Purchasing.Stores.asmdef)
Folder 'Packages/com.unity.purchasing/Runtime/Stores/' contains multiple assembly definition files (Packages/com.unity.purchasing/Runtime/Stores/Unity.Purchasing.Stores.asmdef)
Folder 'Packages/com.unity.purchasing/Runtime/SecurityCore/' contains multiple assembly definition files (Packages/com.unity.purchasing/Runtime/SecurityCore/Unity.Purchasing.SecurityCore.asmdef)
Folder 'Packages/com.unity.purchasing/Runtime/SecurityCore/' contains multiple assembly definition files (Packages/com.unity.purchasing/Runtime/SecurityCore/UnityEngine.Purchasing.SecurityCore.asmdef)
Folder 'Packages/com.unity.purchasing/Runtime/Purchasing/' contains multiple assembly definition files (Packages/com.unity.purchasing/Runtime/Purchasing/UnityEngine.Purchasing.asmdef)
Folder 'Packages/com.unity.purchasing/Runtime/Purchasing/' contains multiple assembly definition files (Packages/com.unity.purchasing/Runtime/Purchasing/Unity.Purchasing.asmdef)
Folder 'Packages/com.unity.purchasing/Runtime/AppleMacosStub/' contains multiple assembly definition files (Packages/com.unity.purchasing/Runtime/AppleMacosStub/UnityEngine.Purchasing.AppleMacosStub.asmdef)
Folder 'Packages/com.unity.purchasing/Runtime/AppleMacosStub/' contains multiple assembly definition files (Packages/com.unity.purchasing/Runtime/AppleMacosStub/Unity.Purchasing.AppleMacosStub.asmdef)
Folder 'Packages/com.unity.purchasing/Runtime/AppleStub/' contains multiple assembly definition files (Packages/com.unity.purchasing/Runtime/AppleStub/Unity.Purchasing.AppleStub.asmdef)
Folder 'Packages/com.unity.purchasing/Runtime/AppleStub/' contains multiple assembly definition files (Packages/com.unity.purchasing/Runtime/AppleStub/UnityEngine.Purchasing.AppleStub.asmdef)
Folder 'Packages/com.unity.purchasing/Runtime/AppleMacos/' contains multiple assembly definition files (Packages/com.unity.purchasing/Runtime/AppleMacos/UnityEngine.Purchasing.AppleMacos.asmdef)
Folder 'Packages/com.unity.purchasing/Runtime/AppleMacos/' contains multiple assembly definition files (Packages/com.unity.purchasing/Runtime/AppleMacos/Unity.Purchasing.AppleMacos.asmdef)
Folder 'Packages/com.unity.purchasing/Runtime/Codeless/' contains multiple assembly definition files (Packages/com.unity.purchasing/Runtime/Codeless/Unity.Purchasing.Codeless.asmdef)
Folder 'Packages/com.unity.purchasing/Runtime/Codeless/' contains multiple assembly definition files (Packages/com.unity.purchasing/Runtime/Codeless/UnityEngine.Purchasing.Codeless.asmdef)
ArgumentException: An item with the same key has already been added. Key: 400f2260dd8d285419d1db99999109aa
  at System.Collections.Generic.Dictionary`2[TKey,TValue].TryInsert (TKey key, TValue value, System.Collections.Generic.InsertionBehavior behavior) [0x0015a] in <c5eeda5e65d44b388e164c6c5cfe0702>:0 
  at System.Collections.Generic.Dictionary`2[TKey,TValue].Add (TKey key, TValue value) [0x00000] in <c5eeda5e65d44b388e164c6c5cfe0702>:0 
  at System.Linq.Enumerable.ToDictionary[TSource,TKey,TElement] (TSource[] source, System.Func`2[T,TResult] keySelector, System.Func`2[T,TResult] elementSelector, System.Collections.Generic.IEqualityComparer`1[T] comparer) [0x00029] in <8203c5af529241e2a5cc4b3c5a3dc69a>:0 
  at System.Linq.Enumerable.ToDictionary[TSource,TKey,TElement] (System.Collections.Generic.IEnumerable`1[T] source, System.Func`2[T,TResult] keySelector, System.Func`2[T,TResult] elementSelector, System.Collections.Generic.IEqualityComparer`1[T] comparer) [0x00051] in <8203c5af529241e2a5cc4b3c5a3dc69a>:0 
  at System.Linq.Enumerable.ToDictionary[TSource,TKey,TElement] (System.Collections.Generic.IEnumerable`1[T] source, System.Func`2[T,TResult] keySelector, System.Func`2[T,TResult] elementSelector) [0x00000] in <8203c5af529241e2a5cc4b3c5a3dc69a>:0 
  at UnityEditor.Scripting.ScriptCompilation.AssemblyGraphBuilder.Initialize (System.Collections.Generic.IReadOnlyCollection`1[T] assemblies, System.Collections.Generic.IReadOnlyCollection`1[T] customScriptAssemblyReferences) [0x00046] in /Users/bokken/build/output/unity/unity/Editor/Mono/Scripting/ScriptCompilation/AssemblyGraphBuilder.cs:85 
  at UnityEditor.Scripting.ScriptCompilation.AssemblyGraphBuilderFactory.GetOrCreate (System.String projectPath, System.Collections.Generic.IReadOnlyCollection`1[T] assemblies, System.Collections.Generic.IReadOnlyCollection`1[T] customScriptAssemblyReferences) [0x00038] in /Users/bokken/build/output/unity/unity/Editor/Mono/Scripting/ScriptCompilation/AssemblyGraphBuilderFactory.cs:54 
  at UnityEditor.Scripting.ScriptCompilation.EditorCompilation.GetAssemblyGraphBuilder () [0x00001] in /Users/bokken/build/output/unity/unity/Editor/Mono/Scripting/ScriptCompilation/EditorCompilation.cs:170 
  at UnityEditor.Scripting.ScriptCompilation.EditorCompilation.SetAllScripts (System.String[] allScripts) [0x0000d] in /Users/bokken/build/output/unity/unity/Editor/Mono/Scripting/ScriptCompilation/EditorCompilation.cs:178 
  at UnityEditor.Scripting.ScriptCompilation.EditorCompilationInterface.SetAllScripts (System.String[] allScripts) [0x00001] in /Users/bokken/build/output/unity/unity/Editor/Mono/Scripting/ScriptCompilation/EditorCompilationInterface.cs:79 

(Filename: /Users/bokken/build/output/unity/unity/Editor/Mono/Scripting/ScriptCompilation/AssemblyGraphBuilder.cs Line: 85)

Refreshing native plugins compatible for Editor in 2.81 ms, found 1 plugins.
[Package Manager] Failed to launch server process. Reason: Unity was launched with the -noUpm command-line argument
[Package Manager] Unable to send message (not connected to server process).
[Package Manager] Cannot connect to Unity Package Manager local server
ScheduleIndexationOnStartup MainProcess:False IndexOnStartup:True
Mono: successfully reloaded assembly
- Finished resetting the current domain, in  0.924 seconds
Domain Reload Profiling: 1427ms
	BeginReloadAssembly (119ms)
		ExecutionOrderSort (0ms)
		DisableScriptedObjects (4ms)
		BackupInstance (0ms)
		ReleaseScriptingObjects (0ms)
		CreateAndSetChildDomain (40ms)
	RebuildCommonClasses (27ms)
	RebuildNativeTypeToScriptingClass (11ms)
	initialDomainReloadingComplete (16ms)
	LoadAllAssembliesAndSetupDomain (330ms)
		LoadAssemblies (234ms)
		RebuildTransferFunctionScriptingTraits (0ms)
		AnalyzeDomain (131ms)
			TypeCache.Refresh (11ms)
				TypeCache.ScanAssembly (1ms)
			BuildScriptInfoCaches (115ms)
			ResolveRequiredComponents (4ms)
	FinalizeReload (925ms)
		ReleaseScriptCaches (0ms)
		RebuildScriptCaches (0ms)
		SetupLoadedEditorAssemblies (823ms)
			LogAssemblyErrors (0ms)
			InitializePlatformSupportModulesInManaged (13ms)
			SetLoadedEditorAssemblies (3ms)
			BeforeProcessingInitializeOnLoad (103ms)
			ProcessInitializeOnLoadAttributes (647ms)
			ProcessInitializeOnLoadMethodAttributes (55ms)
			AfterProcessingInitializeOnLoad (1ms)
			EditorAssembliesLoaded (0ms)
		ExecutionOrderSort2 (0ms)
		AwakeInstancesAfterBackupRestoration (3ms)
Refreshing native plugins compatible for Editor in 2.76 ms, found 1 plugins.
Preloading 0 native plugins for Editor in 0.00 ms.
Unloading 29 Unused Serialized files (Serialized files now loaded: 0)
Unloading 6234 unused Assets / (4.4 MB). Loaded Objects now: 6994.
Memory consumption went from 142.5 MB to 138.1 MB.
Total: 20.573666 ms (FindLiveObjects: 0.322875 ms CreateObjectMapping: 0.167084 ms MarkObjects: 18.695500 ms  DeleteObjects: 1.387541 ms)

Prepare: number of updated asset objects reloaded= 0
========================================================================
Received Prepare
Folder 'Packages/com.unity.purchasing/Runtime/Apple/' contains multiple assembly definition files (Packages/com.unity.purchasing/Runtime/Apple/UnityEngine.Purchasing.Apple.asmdef)
Folder 'Packages/com.unity.purchasing/Runtime/Apple/' contains multiple assembly definition files (Packages/com.unity.purchasing/Runtime/Apple/Unity.Purchasing.Apple.asmdef)
Folder 'Packages/com.unity.purchasing/Runtime/SecurityStub/' contains multiple assembly definition files (Packages/com.unity.purchasing/Runtime/SecurityStub/UnityEngine.Purchasing.SecurityStub.asmdef)
Folder 'Packages/com.unity.purchasing/Runtime/SecurityStub/' contains multiple assembly definition files (Packages/com.unity.purchasing/Runtime/SecurityStub/Unity.Purchasing.SecurityStub.asmdef)
Folder 'Packages/com.unity.purchasing/Runtime/Security/' contains multiple assembly definition files (Packages/com.unity.purchasing/Runtime/Security/Unity.Purchasing.Security.asmdef)
Folder 'Packages/com.unity.purchasing/Runtime/Security/' contains multiple assembly definition files (Packages/com.unity.purchasing/Runtime/Security/UnityEngine.Purchasing.Security.asmdef)
Folder 'Packages/com.unity.purchasing/Runtime/Stores/' contains multiple assembly definition files (Packages/com.unity.purchasing/Runtime/Stores/UnityEngine.Purchasing.Stores.asmdef)
Folder 'Packages/com.unity.purchasing/Runtime/Stores/' contains multiple assembly definition files (Packages/com.unity.purchasing/Runtime/Stores/Unity.Purchasing.Stores.asmdef)
Folder 'Packages/com.unity.purchasing/Runtime/SecurityCore/' contains multiple assembly definition files (Packages/com.unity.purchasing/Runtime/SecurityCore/Unity.Purchasing.SecurityCore.asmdef)
Folder 'Packages/com.unity.purchasing/Runtime/SecurityCore/' contains multiple assembly definition files (Packages/com.unity.purchasing/Runtime/SecurityCore/UnityEngine.Purchasing.SecurityCore.asmdef)
Folder 'Packages/com.unity.purchasing/Runtime/Purchasing/' contains multiple assembly definition files (Packages/com.unity.purchasing/Runtime/Purchasing/UnityEngine.Purchasing.asmdef)
Folder 'Packages/com.unity.purchasing/Runtime/Purchasing/' contains multiple assembly definition files (Packages/com.unity.purchasing/Runtime/Purchasing/Unity.Purchasing.asmdef)
Folder 'Packages/com.unity.purchasing/Runtime/AppleMacosStub/' contains multiple assembly definition files (Packages/com.unity.purchasing/Runtime/AppleMacosStub/UnityEngine.Purchasing.AppleMacosStub.asmdef)
Folder 'Packages/com.unity.purchasing/Runtime/AppleMacosStub/' contains multiple assembly definition files (Packages/com.unity.purchasing/Runtime/AppleMacosStub/Unity.Purchasing.AppleMacosStub.asmdef)
Folder 'Packages/com.unity.purchasing/Runtime/AppleStub/' contains multiple assembly definition files (Packages/com.unity.purchasing/Runtime/AppleStub/Unity.Purchasing.AppleStub.asmdef)
Folder 'Packages/com.unity.purchasing/Runtime/AppleStub/' contains multiple assembly definition files (Packages/com.unity.purchasing/Runtime/AppleStub/UnityEngine.Purchasing.AppleStub.asmdef)
Folder 'Packages/com.unity.purchasing/Runtime/AppleMacos/' contains multiple assembly definition files (Packages/com.unity.purchasing/Runtime/AppleMacos/UnityEngine.Purchasing.AppleMacos.asmdef)
Folder 'Packages/com.unity.purchasing/Runtime/AppleMacos/' contains multiple assembly definition files (Packages/com.unity.purchasing/Runtime/AppleMacos/Unity.Purchasing.AppleMacos.asmdef)
Folder 'Packages/com.unity.purchasing/Runtime/Codeless/' contains multiple assembly definition files (Packages/com.unity.purchasing/Runtime/Codeless/Unity.Purchasing.Codeless.asmdef)
Folder 'Packages/com.unity.purchasing/Runtime/Codeless/' contains multiple assembly definition files (Packages/com.unity.purchasing/Runtime/Codeless/UnityEngine.Purchasing.Codeless.asmdef)
ArgumentException: An item with the same key has already been added. Key: 400f2260dd8d285419d1db99999109aa
  at System.Collections.Generic.Dictionary`2[TKey,TValue].TryInsert (TKey key, TValue value, System.Collections.Generic.InsertionBehavior behavior) [0x0015a] in <c5eeda5e65d44b388e164c6c5cfe0702>:0 
  at System.Collections.Generic.Dictionary`2[TKey,TValue].Add (TKey key, TValue value) [0x00000] in <c5eeda5e65d44b388e164c6c5cfe0702>:0 
  at System.Linq.Enumerable.ToDictionary[TSource,TKey,TElement] (TSource[] source, System.Func`2[T,TResult] keySelector, System.Func`2[T,TResult] elementSelector, System.Collections.Generic.IEqualityComparer`1[T] comparer) [0x00029] in <8203c5af529241e2a5cc4b3c5a3dc69a>:0 
  at System.Linq.Enumerable.ToDictionary[TSource,TKey,TElement] (System.Collections.Generic.IEnumerable`1[T] source, System.Func`2[T,TResult] keySelector, System.Func`2[T,TResult] elementSelector, System.Collections.Generic.IEqualityComparer`1[T] comparer) [0x00051] in <8203c5af529241e2a5cc4b3c5a3dc69a>:0 
  at System.Linq.Enumerable.ToDictionary[TSource,TKey,TElement] (System.Collections.Generic.IEnumerable`1[T] source, System.Func`2[T,TResult] keySelector, System.Func`2[T,TResult] elementSelector) [0x00000] in <8203c5af529241e2a5cc4b3c5a3dc69a>:0 
  at UnityEditor.Scripting.ScriptCompilation.AssemblyGraphBuilder.Initialize (System.Collections.Generic.IReadOnlyCollection`1[T] assemblies, System.Collections.Generic.IReadOnlyCollection`1[T] customScriptAssemblyReferences) [0x00046] in /Users/bokken/build/output/unity/unity/Editor/Mono/Scripting/ScriptCompilation/AssemblyGraphBuilder.cs:85 
  at UnityEditor.Scripting.ScriptCompilation.AssemblyGraphBuilderFactory.GetOrCreate (System.String projectPath, System.Collections.Generic.IReadOnlyCollection`1[T] assemblies, System.Collections.Generic.IReadOnlyCollection`1[T] customScriptAssemblyReferences) [0x00038] in /Users/bokken/build/output/unity/unity/Editor/Mono/Scripting/ScriptCompilation/AssemblyGraphBuilderFactory.cs:54 
  at UnityEditor.Scripting.ScriptCompilation.EditorCompilation.GetAssemblyGraphBuilder () [0x00001] in /Users/bokken/build/output/unity/unity/Editor/Mono/Scripting/ScriptCompilation/EditorCompilation.cs:170 
  at UnityEditor.Scripting.ScriptCompilation.EditorCompilation.SetAllScripts (System.String[] allScripts) [0x0000d] in /Users/bokken/build/output/unity/unity/Editor/Mono/Scripting/ScriptCompilation/EditorCompilation.cs:178 
  at UnityEditor.Scripting.ScriptCompilation.EditorCompilationInterface.SetAllScripts (System.String[] allScripts) [0x00001] in /Users/bokken/build/output/unity/unity/Editor/Mono/Scripting/ScriptCompilation/EditorCompilationInterface.cs:79 

(Filename: /Users/bokken/build/output/unity/unity/Editor/Mono/Scripting/ScriptCompilation/AssemblyGraphBuilder.cs Line: 85)

Folder 'Packages/com.unity.purchasing/Runtime/Apple/' contains multiple assembly definition files (Packages/com.unity.purchasing/Runtime/Apple/UnityEngine.Purchasing.Apple.asmdef)
Folder 'Packages/com.unity.purchasing/Runtime/Apple/' contains multiple assembly definition files (Packages/com.unity.purchasing/Runtime/Apple/Unity.Purchasing.Apple.asmdef)
Folder 'Packages/com.unity.purchasing/Runtime/SecurityStub/' contains multiple assembly definition files (Packages/com.unity.purchasing/Runtime/SecurityStub/UnityEngine.Purchasing.SecurityStub.asmdef)
Folder 'Packages/com.unity.purchasing/Runtime/SecurityStub/' contains multiple assembly definition files (Packages/com.unity.purchasing/Runtime/SecurityStub/Unity.Purchasing.SecurityStub.asmdef)
Folder 'Packages/com.unity.purchasing/Runtime/Security/' contains multiple assembly definition files (Packages/com.unity.purchasing/Runtime/Security/Unity.Purchasing.Security.asmdef)
Folder 'Packages/com.unity.purchasing/Runtime/Security/' contains multiple assembly definition files (Packages/com.unity.purchasing/Runtime/Security/UnityEngine.Purchasing.Security.asmdef)
Folder 'Packages/com.unity.purchasing/Runtime/Stores/' contains multiple assembly definition files (Packages/com.unity.purchasing/Runtime/Stores/UnityEngine.Purchasing.Stores.asmdef)
Folder 'Packages/com.unity.purchasing/Runtime/Stores/' contains multiple assembly definition files (Packages/com.unity.purchasing/Runtime/Stores/Unity.Purchasing.Stores.asmdef)
Folder 'Packages/com.unity.purchasing/Runtime/SecurityCore/' contains multiple assembly definition files (Packages/com.unity.purchasing/Runtime/SecurityCore/Unity.Purchasing.SecurityCore.asmdef)
Folder 'Packages/com.unity.purchasing/Runtime/SecurityCore/' contains multiple assembly definition files (Packages/com.unity.purchasing/Runtime/SecurityCore/UnityEngine.Purchasing.SecurityCore.asmdef)
Folder 'Packages/com.unity.purchasing/Runtime/Purchasing/' contains multiple assembly definition files (Packages/com.unity.purchasing/Runtime/Purchasing/UnityEngine.Purchasing.asmdef)
Folder 'Packages/com.unity.purchasing/Runtime/Purchasing/' contains multiple assembly definition files (Packages/com.unity.purchasing/Runtime/Purchasing/Unity.Purchasing.asmdef)
Folder 'Packages/com.unity.purchasing/Runtime/AppleMacosStub/' contains multiple assembly definition files (Packages/com.unity.purchasing/Runtime/AppleMacosStub/UnityEngine.Purchasing.AppleMacosStub.asmdef)
Folder 'Packages/com.unity.purchasing/Runtime/AppleMacosStub/' contains multiple assembly definition files (Packages/com.unity.purchasing/Runtime/AppleMacosStub/Unity.Purchasing.AppleMacosStub.asmdef)
Folder 'Packages/com.unity.purchasing/Runtime/AppleStub/' contains multiple assembly definition files (Packages/com.unity.purchasing/Runtime/AppleStub/Unity.Purchasing.AppleStub.asmdef)
Folder 'Packages/com.unity.purchasing/Runtime/AppleStub/' contains multiple assembly definition files (Packages/com.unity.purchasing/Runtime/AppleStub/UnityEngine.Purchasing.AppleStub.asmdef)
Folder 'Packages/com.unity.purchasing/Runtime/AppleMacos/' contains multiple assembly definition files (Packages/com.unity.purchasing/Runtime/AppleMacos/UnityEngine.Purchasing.AppleMacos.asmdef)
Folder 'Packages/com.unity.purchasing/Runtime/AppleMacos/' contains multiple assembly definition files (Packages/com.unity.purchasing/Runtime/AppleMacos/Unity.Purchasing.AppleMacos.asmdef)
Folder 'Packages/com.unity.purchasing/Runtime/Codeless/' contains multiple assembly definition files (Packages/com.unity.purchasing/Runtime/Codeless/Unity.Purchasing.Codeless.asmdef)
Folder 'Packages/com.unity.purchasing/Runtime/Codeless/' contains multiple assembly definition files (Packages/com.unity.purchasing/Runtime/Codeless/UnityEngine.Purchasing.Codeless.asmdef)
ArgumentException: An item with the same key has already been added. Key: 400f2260dd8d285419d1db99999109aa
  at System.Collections.Generic.Dictionary`2[TKey,TValue].TryInsert (TKey key, TValue value, System.Collections.Generic.InsertionBehavior behavior) [0x0015a] in <c5eeda5e65d44b388e164c6c5cfe0702>:0 
  at System.Collections.Generic.Dictionary`2[TKey,TValue].Add (TKey key, TValue value) [0x00000] in <c5eeda5e65d44b388e164c6c5cfe0702>:0 
  at System.Linq.Enumerable.ToDictionary[TSource,TKey,TElement] (TSource[] source, System.Func`2[T,TResult] keySelector, System.Func`2[T,TResult] elementSelector, System.Collections.Generic.IEqualityComparer`1[T] comparer) [0x00029] in <8203c5af529241e2a5cc4b3c5a3dc69a>:0 
  at System.Linq.Enumerable.ToDictionary[TSource,TKey,TElement] (System.Collections.Generic.IEnumerable`1[T] source, System.Func`2[T,TResult] keySelector, System.Func`2[T,TResult] elementSelector, System.Collections.Generic.IEqualityComparer`1[T] comparer) [0x00051] in <8203c5af529241e2a5cc4b3c5a3dc69a>:0 
  at System.Linq.Enumerable.ToDictionary[TSource,TKey,TElement] (System.Collections.Generic.IEnumerable`1[T] source, System.Func`2[T,TResult] keySelector, System.Func`2[T,TResult] elementSelector) [0x00000] in <8203c5af529241e2a5cc4b3c5a3dc69a>:0 
  at UnityEditor.Scripting.ScriptCompilation.AssemblyGraphBuilder.Initialize (System.Collections.Generic.IReadOnlyCollection`1[T] assemblies, System.Collections.Generic.IReadOnlyCollection`1[T] customScriptAssemblyReferences) [0x00046] in /Users/bokken/build/output/unity/unity/Editor/Mono/Scripting/ScriptCompilation/AssemblyGraphBuilder.cs:85 
  at UnityEditor.Scripting.ScriptCompilation.AssemblyGraphBuilderFactory.GetOrCreate (System.String projectPath, System.Collections.Generic.IReadOnlyCollection`1[T] assemblies, System.Collections.Generic.IReadOnlyCollection`1[T] customScriptAssemblyReferences) [0x00038] in /Users/bokken/build/output/unity/unity/Editor/Mono/Scripting/ScriptCompilation/AssemblyGraphBuilderFactory.cs:54 
  at UnityEditor.Scripting.ScriptCompilation.EditorCompilation.GetAssemblyGraphBuilder () [0x00001] in /Users/bokken/build/output/unity/unity/Editor/Mono/Scripting/ScriptCompilation/EditorCompilation.cs:170 
  at UnityEditor.Scripting.ScriptCompilation.EditorCompilation.SetAllScripts (System.String[] allScripts) [0x0000d] in /Users/bokken/build/output/unity/unity/Editor/Mono/Scripting/ScriptCompilation/EditorCompilation.cs:178 
  at UnityEditor.Scripting.ScriptCompilation.EditorCompilationInterface.SetAllScripts (System.String[] allScripts) [0x00001] in /Users/bokken/build/output/unity/unity/Editor/Mono/Scripting/ScriptCompilation/EditorCompilationInterface.cs:79 

(Filename: /Users/bokken/build/output/unity/unity/Editor/Mono/Scripting/ScriptCompilation/AssemblyGraphBuilder.cs Line: 85)

Begin MonoManager ReloadAssembly
Thread 0x16dd47000 may have been prematurely finalized
Symbol file LoadedFromMemory is not a mono symbol file
- Loaded All Assemblies, in  0.492 seconds
Folder 'Packages/com.unity.purchasing/Runtime/Apple/' contains multiple assembly definition files (Packages/com.unity.purchasing/Runtime/Apple/UnityEngine.Purchasing.Apple.asmdef)
Folder 'Packages/com.unity.purchasing/Runtime/Apple/' contains multiple assembly definition files (Packages/com.unity.purchasing/Runtime/Apple/Unity.Purchasing.Apple.asmdef)
Folder 'Packages/com.unity.purchasing/Runtime/SecurityStub/' contains multiple assembly definition files (Packages/com.unity.purchasing/Runtime/SecurityStub/UnityEngine.Purchasing.SecurityStub.asmdef)
Folder 'Packages/com.unity.purchasing/Runtime/SecurityStub/' contains multiple assembly definition files (Packages/com.unity.purchasing/Runtime/SecurityStub/Unity.Purchasing.SecurityStub.asmdef)
Folder 'Packages/com.unity.purchasing/Runtime/Security/' contains multiple assembly definition files (Packages/com.unity.purchasing/Runtime/Security/Unity.Purchasing.Security.asmdef)
Folder 'Packages/com.unity.purchasing/Runtime/Security/' contains multiple assembly definition files (Packages/com.unity.purchasing/Runtime/Security/UnityEngine.Purchasing.Security.asmdef)
Folder 'Packages/com.unity.purchasing/Runtime/Stores/' contains multiple assembly definition files (Packages/com.unity.purchasing/Runtime/Stores/UnityEngine.Purchasing.Stores.asmdef)
Folder 'Packages/com.unity.purchasing/Runtime/Stores/' contains multiple assembly definition files (Packages/com.unity.purchasing/Runtime/Stores/Unity.Purchasing.Stores.asmdef)
Folder 'Packages/com.unity.purchasing/Runtime/SecurityCore/' contains multiple assembly definition files (Packages/com.unity.purchasing/Runtime/SecurityCore/Unity.Purchasing.SecurityCore.asmdef)
Folder 'Packages/com.unity.purchasing/Runtime/SecurityCore/' contains multiple assembly definition files (Packages/com.unity.purchasing/Runtime/SecurityCore/UnityEngine.Purchasing.SecurityCore.asmdef)
Folder 'Packages/com.unity.purchasing/Runtime/Purchasing/' contains multiple assembly definition files (Packages/com.unity.purchasing/Runtime/Purchasing/UnityEngine.Purchasing.asmdef)
Folder 'Packages/com.unity.purchasing/Runtime/Purchasing/' contains multiple assembly definition files (Packages/com.unity.purchasing/Runtime/Purchasing/Unity.Purchasing.asmdef)
Folder 'Packages/com.unity.purchasing/Runtime/AppleMacosStub/' contains multiple assembly definition files (Packages/com.unity.purchasing/Runtime/AppleMacosStub/UnityEngine.Purchasing.AppleMacosStub.asmdef)
Folder 'Packages/com.unity.purchasing/Runtime/AppleMacosStub/' contains multiple assembly definition files (Packages/com.unity.purchasing/Runtime/AppleMacosStub/Unity.Purchasing.AppleMacosStub.asmdef)
Folder 'Packages/com.unity.purchasing/Runtime/AppleStub/' contains multiple assembly definition files (Packages/com.unity.purchasing/Runtime/AppleStub/Unity.Purchasing.AppleStub.asmdef)
Folder 'Packages/com.unity.purchasing/Runtime/AppleStub/' contains multiple assembly definition files (Packages/com.unity.purchasing/Runtime/AppleStub/UnityEngine.Purchasing.AppleStub.asmdef)
Folder 'Packages/com.unity.purchasing/Runtime/AppleMacos/' contains multiple assembly definition files (Packages/com.unity.purchasing/Runtime/AppleMacos/UnityEngine.Purchasing.AppleMacos.asmdef)
Folder 'Packages/com.unity.purchasing/Runtime/AppleMacos/' contains multiple assembly definition files (Packages/com.unity.purchasing/Runtime/AppleMacos/Unity.Purchasing.AppleMacos.asmdef)
Folder 'Packages/com.unity.purchasing/Runtime/Codeless/' contains multiple assembly definition files (Packages/com.unity.purchasing/Runtime/Codeless/Unity.Purchasing.Codeless.asmdef)
Folder 'Packages/com.unity.purchasing/Runtime/Codeless/' contains multiple assembly definition files (Packages/com.unity.purchasing/Runtime/Codeless/UnityEngine.Purchasing.Codeless.asmdef)
ArgumentException: An item with the same key has already been added. Key: 400f2260dd8d285419d1db99999109aa
  at System.Collections.Generic.Dictionary`2[TKey,TValue].TryInsert (TKey key, TValue value, System.Collections.Generic.InsertionBehavior behavior) [0x0015a] in <c5eeda5e65d44b388e164c6c5cfe0702>:0 
  at System.Collections.Generic.Dictionary`2[TKey,TValue].Add (TKey key, TValue value) [0x00000] in <c5eeda5e65d44b388e164c6c5cfe0702>:0 
  at System.Linq.Enumerable.ToDictionary[TSource,TKey,TElement] (TSource[] source, System.Func`2[T,TResult] keySelector, System.Func`2[T,TResult] elementSelector, System.Collections.Generic.IEqualityComparer`1[T] comparer) [0x00029] in <8203c5af529241e2a5cc4b3c5a3dc69a>:0 
  at System.Linq.Enumerable.ToDictionary[TSource,TKey,TElement] (System.Collections.Generic.IEnumerable`1[T] source, System.Func`2[T,TResult] keySelector, System.Func`2[T,TResult] elementSelector, System.Collections.Generic.IEqualityComparer`1[T] comparer) [0x00051] in <8203c5af529241e2a5cc4b3c5a3dc69a>:0 
  at System.Linq.Enumerable.ToDictionary[TSource,TKey,TElement] (System.Collections.Generic.IEnumerable`1[T] source, System.Func`2[T,TResult] keySelector, System.Func`2[T,TResult] elementSelector) [0x00000] in <8203c5af529241e2a5cc4b3c5a3dc69a>:0 
  at UnityEditor.Scripting.ScriptCompilation.AssemblyGraphBuilder.Initialize (System.Collections.Generic.IReadOnlyCollection`1[T] assemblies, System.Collections.Generic.IReadOnlyCollection`1[T] customScriptAssemblyReferences) [0x00046] in /Users/bokken/build/output/unity/unity/Editor/Mono/Scripting/ScriptCompilation/AssemblyGraphBuilder.cs:85 
  at UnityEditor.Scripting.ScriptCompilation.AssemblyGraphBuilderFactory.GetOrCreate (System.String projectPath, System.Collections.Generic.IReadOnlyCollection`1[T] assemblies, System.Collections.Generic.IReadOnlyCollection`1[T] customScriptAssemblyReferences) [0x00038] in /Users/bokken/build/output/unity/unity/Editor/Mono/Scripting/ScriptCompilation/AssemblyGraphBuilderFactory.cs:54 
  at UnityEditor.Scripting.ScriptCompilation.EditorCompilation.GetAssemblyGraphBuilder () [0x00001] in /Users/bokken/build/output/unity/unity/Editor/Mono/Scripting/ScriptCompilation/EditorCompilation.cs:170 
  at UnityEditor.Scripting.ScriptCompilation.EditorCompilation.SetAllScripts (System.String[] allScripts) [0x0000d] in /Users/bokken/build/output/unity/unity/Editor/Mono/Scripting/ScriptCompilation/EditorCompilation.cs:178 
  at UnityEditor.Scripting.ScriptCompilation.EditorCompilationInterface.SetAllScripts (System.String[] allScripts) [0x00001] in /Users/bokken/build/output/unity/unity/Editor/Mono/Scripting/ScriptCompilation/EditorCompilationInterface.cs:79 

(Filename: /Users/bokken/build/output/unity/unity/Editor/Mono/Scripting/ScriptCompilation/AssemblyGraphBuilder.cs Line: 85)

Refreshing native plugins compatible for Editor in 2.73 ms, found 1 plugins.
Native extension for iOS target not found
Native extension for Android target not found
Native extension for OSXStandalone target not found
Native extension for WebGL target not found
Folder 'Packages/com.unity.purchasing/Runtime/Apple/' contains multiple assembly definition files (Packages/com.unity.purchasing/Runtime/Apple/UnityEngine.Purchasing.Apple.asmdef)
Folder 'Packages/com.unity.purchasing/Runtime/Apple/' contains multiple assembly definition files (Packages/com.unity.purchasing/Runtime/Apple/Unity.Purchasing.Apple.asmdef)
Folder 'Packages/com.unity.purchasing/Runtime/SecurityStub/' contains multiple assembly definition files (Packages/com.unity.purchasing/Runtime/SecurityStub/UnityEngine.Purchasing.SecurityStub.asmdef)
Folder 'Packages/com.unity.purchasing/Runtime/SecurityStub/' contains multiple assembly definition files (Packages/com.unity.purchasing/Runtime/SecurityStub/Unity.Purchasing.SecurityStub.asmdef)
Folder 'Packages/com.unity.purchasing/Runtime/Security/' contains multiple assembly definition files (Packages/com.unity.purchasing/Runtime/Security/Unity.Purchasing.Security.asmdef)
Folder 'Packages/com.unity.purchasing/Runtime/Security/' contains multiple assembly definition files (Packages/com.unity.purchasing/Runtime/Security/UnityEngine.Purchasing.Security.asmdef)
Folder 'Packages/com.unity.purchasing/Runtime/Stores/' contains multiple assembly definition files (Packages/com.unity.purchasing/Runtime/Stores/UnityEngine.Purchasing.Stores.asmdef)
Folder 'Packages/com.unity.purchasing/Runtime/Stores/' contains multiple assembly definition files (Packages/com.unity.purchasing/Runtime/Stores/Unity.Purchasing.Stores.asmdef)
Folder 'Packages/com.unity.purchasing/Runtime/SecurityCore/' contains multiple assembly definition files (Packages/com.unity.purchasing/Runtime/SecurityCore/Unity.Purchasing.SecurityCore.asmdef)
Folder 'Packages/com.unity.purchasing/Runtime/SecurityCore/' contains multiple assembly definition files (Packages/com.unity.purchasing/Runtime/SecurityCore/UnityEngine.Purchasing.SecurityCore.asmdef)
Folder 'Packages/com.unity.purchasing/Runtime/Purchasing/' contains multiple assembly definition files (Packages/com.unity.purchasing/Runtime/Purchasing/UnityEngine.Purchasing.asmdef)
Folder 'Packages/com.unity.purchasing/Runtime/Purchasing/' contains multiple assembly definition files (Packages/com.unity.purchasing/Runtime/Purchasing/Unity.Purchasing.asmdef)
Folder 'Packages/com.unity.purchasing/Runtime/AppleMacosStub/' contains multiple assembly definition files (Packages/com.unity.purchasing/Runtime/AppleMacosStub/UnityEngine.Purchasing.AppleMacosStub.asmdef)
Folder 'Packages/com.unity.purchasing/Runtime/AppleMacosStub/' contains multiple assembly definition files (Packages/com.unity.purchasing/Runtime/AppleMacosStub/Unity.Purchasing.AppleMacosStub.asmdef)
Folder 'Packages/com.unity.purchasing/Runtime/AppleStub/' contains multiple assembly definition files (Packages/com.unity.purchasing/Runtime/AppleStub/Unity.Purchasing.AppleStub.asmdef)
Folder 'Packages/com.unity.purchasing/Runtime/AppleStub/' contains multiple assembly definition files (Packages/com.unity.purchasing/Runtime/AppleStub/UnityEngine.Purchasing.AppleStub.asmdef)
Folder 'Packages/com.unity.purchasing/Runtime/AppleMacos/' contains multiple assembly definition files (Packages/com.unity.purchasing/Runtime/AppleMacos/UnityEngine.Purchasing.AppleMacos.asmdef)
Folder 'Packages/com.unity.purchasing/Runtime/AppleMacos/' contains multiple assembly definition files (Packages/com.unity.purchasing/Runtime/AppleMacos/Unity.Purchasing.AppleMacos.asmdef)
Folder 'Packages/com.unity.purchasing/Runtime/Codeless/' contains multiple assembly definition files (Packages/com.unity.purchasing/Runtime/Codeless/Unity.Purchasing.Codeless.asmdef)
Folder 'Packages/com.unity.purchasing/Runtime/Codeless/' contains multiple assembly definition files (Packages/com.unity.purchasing/Runtime/Codeless/UnityEngine.Purchasing.Codeless.asmdef)
ArgumentException: An item with the same key has already been added. Key: 400f2260dd8d285419d1db99999109aa
  at System.Collections.Generic.Dictionary`2[TKey,TValue].TryInsert (TKey key, TValue value, System.Collections.Generic.InsertionBehavior behavior) [0x0015a] in <c5eeda5e65d44b388e164c6c5cfe0702>:0 
  at System.Collections.Generic.Dictionary`2[TKey,TValue].Add (TKey key, TValue value) [0x00000] in <c5eeda5e65d44b388e164c6c5cfe0702>:0 
  at System.Linq.Enumerable.ToDictionary[TSource,TKey,TElement] (TSource[] source, System.Func`2[T,TResult] keySelector, System.Func`2[T,TResult] elementSelector, System.Collections.Generic.IEqualityComparer`1[T] comparer) [0x00029] in <8203c5af529241e2a5cc4b3c5a3dc69a>:0 
  at System.Linq.Enumerable.ToDictionary[TSource,TKey,TElement] (System.Collections.Generic.IEnumerable`1[T] source, System.Func`2[T,TResult] keySelector, System.Func`2[T,TResult] elementSelector, System.Collections.Generic.IEqualityComparer`1[T] comparer) [0x00051] in <8203c5af529241e2a5cc4b3c5a3dc69a>:0 
  at System.Linq.Enumerable.ToDictionary[TSource,TKey,TElement] (System.Collections.Generic.IEnumerable`1[T] source, System.Func`2[T,TResult] keySelector, System.Func`2[T,TResult] elementSelector) [0x00000] in <8203c5af529241e2a5cc4b3c5a3dc69a>:0 
  at UnityEditor.Scripting.ScriptCompilation.AssemblyGraphBuilder.Initialize (System.Collections.Generic.IReadOnlyCollection`1[T] assemblies, System.Collections.Generic.IReadOnlyCollection`1[T] customScriptAssemblyReferences) [0x00046] in /Users/bokken/build/output/unity/unity/Editor/Mono/Scripting/ScriptCompilation/AssemblyGraphBuilder.cs:85 
  at UnityEditor.Scripting.ScriptCompilation.AssemblyGraphBuilderFactory.GetOrCreate (System.String projectPath, System.Collections.Generic.IReadOnlyCollection`1[T] assemblies, System.Collections.Generic.IReadOnlyCollection`1[T] customScriptAssemblyReferences) [0x00038] in /Users/bokken/build/output/unity/unity/Editor/Mono/Scripting/ScriptCompilation/AssemblyGraphBuilderFactory.cs:54 
  at UnityEditor.Scripting.ScriptCompilation.EditorCompilation.GetAssemblyGraphBuilder () [0x00001] in /Users/bokken/build/output/unity/unity/Editor/Mono/Scripting/ScriptCompilation/EditorCompilation.cs:170 
  at UnityEditor.Scripting.ScriptCompilation.EditorCompilation.SetAllScripts (System.String[] allScripts) [0x0000d] in /Users/bokken/build/output/unity/unity/Editor/Mono/Scripting/ScriptCompilation/EditorCompilation.cs:178 
  at UnityEditor.Scripting.ScriptCompilation.EditorCompilationInterface.SetAllScripts (System.String[] allScripts) [0x00001] in /Users/bokken/build/output/unity/unity/Editor/Mono/Scripting/ScriptCompilation/EditorCompilationInterface.cs:79 

(Filename: /Users/bokken/build/output/unity/unity/Editor/Mono/Scripting/ScriptCompilation/AssemblyGraphBuilder.cs Line: 85)

Refreshing native plugins compatible for Editor in 3.29 ms, found 1 plugins.
[Package Manager] Failed to launch server process. Reason: Unity was launched with the -noUpm command-line argument
[Package Manager] Unable to send message (not connected to server process).
[Package Manager] Cannot connect to Unity Package Manager local server
ScheduleIndexationOnStartup MainProcess:False IndexOnStartup:True
Mono: successfully reloaded assembly
- Finished resetting the current domain, in  0.975 seconds
Domain Reload Profiling: 1469ms
	BeginReloadAssembly (110ms)
		ExecutionOrderSort (0ms)
		DisableScriptedObjects (4ms)
		BackupInstance (0ms)
		ReleaseScriptingObjects (0ms)
		CreateAndSetChildDomain (36ms)
	RebuildCommonClasses (27ms)
	RebuildNativeTypeToScriptingClass (11ms)
	initialDomainReloadingComplete (16ms)
	LoadAllAssembliesAndSetupDomain (331ms)
		LoadAssemblies (234ms)
		RebuildTransferFunctionScriptingTraits (0ms)
		AnalyzeDomain (129ms)
			TypeCache.Refresh (7ms)
				TypeCache.ScanAssembly (0ms)
			BuildScriptInfoCaches (116ms)
			ResolveRequiredComponents (3ms)
	FinalizeReload (975ms)
		ReleaseScriptCaches (0ms)
		RebuildScriptCaches (0ms)
		SetupLoadedEditorAssemblies (873ms)
			LogAssemblyErrors (0ms)
			InitializePlatformSupportModulesInManaged (14ms)
			SetLoadedEditorAssemblies (4ms)
			BeforeProcessingInitializeOnLoad (103ms)
			ProcessInitializeOnLoadAttributes (688ms)
			ProcessInitializeOnLoadMethodAttributes (63ms)
			AfterProcessingInitializeOnLoad (1ms)
			EditorAssembliesLoaded (0ms)
		ExecutionOrderSort2 (0ms)
		AwakeInstancesAfterBackupRestoration (4ms)
Refreshing native plugins compatible for Editor in 3.18 ms, found 1 plugins.
Preloading 0 native plugins for Editor in 0.00 ms.
Unloading 29 Unused Serialized files (Serialized files now loaded: 0)
Unloading 6234 unused Assets / (4.4 MB). Loaded Objects now: 7000.
Memory consumption went from 142.5 MB to 138.1 MB.
Total: 21.627500 ms (FindLiveObjects: 0.347500 ms CreateObjectMapping: 0.188333 ms MarkObjects: 19.562917 ms  DeleteObjects: 1.528333 ms)

Prepare: number of updated asset objects reloaded= 0
========================================================================
Received Prepare
Refreshing native plugins compatible for Editor in 3.35 ms, found 1 plugins.
Preloading 0 native plugins for Editor in 0.00 ms.
Unloading 29 Unused Serialized files (Serialized files now loaded: 0)
Unloading 6162 unused Assets / (4.5 MB). Loaded Objects now: 7000.
Memory consumption went from 125.2 MB to 120.8 MB.
Total: 20.987250 ms (FindLiveObjects: 0.336125 ms CreateObjectMapping: 0.172542 ms MarkObjects: 19.192208 ms  DeleteObjects: 1.285917 ms)

Prepare: number of updated asset objects reloaded= 0
========================================================================
Received Prepare
[Licensing::Client] Successfully resolved entitlement details
Folder 'Packages/com.unity.purchasing/Runtime/Apple/' contains multiple assembly definition files (Packages/com.unity.purchasing/Runtime/Apple/UnityEngine.Purchasing.Apple.asmdef)
Folder 'Packages/com.unity.purchasing/Runtime/Apple/' contains multiple assembly definition files (Packages/com.unity.purchasing/Runtime/Apple/Unity.Purchasing.Apple.asmdef)
Folder 'Packages/com.unity.purchasing/Runtime/SecurityStub/' contains multiple assembly definition files (Packages/com.unity.purchasing/Runtime/SecurityStub/UnityEngine.Purchasing.SecurityStub.asmdef)
Folder 'Packages/com.unity.purchasing/Runtime/SecurityStub/' contains multiple assembly definition files (Packages/com.unity.purchasing/Runtime/SecurityStub/Unity.Purchasing.SecurityStub.asmdef)
Folder 'Packages/com.unity.purchasing/Runtime/Security/' contains multiple assembly definition files (Packages/com.unity.purchasing/Runtime/Security/Unity.Purchasing.Security.asmdef)
Folder 'Packages/com.unity.purchasing/Runtime/Security/' contains multiple assembly definition files (Packages/com.unity.purchasing/Runtime/Security/UnityEngine.Purchasing.Security.asmdef)
Folder 'Packages/com.unity.purchasing/Runtime/Stores/' contains multiple assembly definition files (Packages/com.unity.purchasing/Runtime/Stores/UnityEngine.Purchasing.Stores.asmdef)
Folder 'Packages/com.unity.purchasing/Runtime/Stores/' contains multiple assembly definition files (Packages/com.unity.purchasing/Runtime/Stores/Unity.Purchasing.Stores.asmdef)
Folder 'Packages/com.unity.purchasing/Runtime/SecurityCore/' contains multiple assembly definition files (Packages/com.unity.purchasing/Runtime/SecurityCore/Unity.Purchasing.SecurityCore.asmdef)
Folder 'Packages/com.unity.purchasing/Runtime/SecurityCore/' contains multiple assembly definition files (Packages/com.unity.purchasing/Runtime/SecurityCore/UnityEngine.Purchasing.SecurityCore.asmdef)
Folder 'Packages/com.unity.purchasing/Runtime/Purchasing/' contains multiple assembly definition files (Packages/com.unity.purchasing/Runtime/Purchasing/UnityEngine.Purchasing.asmdef)
Folder 'Packages/com.unity.purchasing/Runtime/Purchasing/' contains multiple assembly definition files (Packages/com.unity.purchasing/Runtime/Purchasing/Unity.Purchasing.asmdef)
Folder 'Packages/com.unity.purchasing/Runtime/AppleMacosStub/' contains multiple assembly definition files (Packages/com.unity.purchasing/Runtime/AppleMacosStub/UnityEngine.Purchasing.AppleMacosStub.asmdef)
Folder 'Packages/com.unity.purchasing/Runtime/AppleMacosStub/' contains multiple assembly definition files (Packages/com.unity.purchasing/Runtime/AppleMacosStub/Unity.Purchasing.AppleMacosStub.asmdef)
Folder 'Packages/com.unity.purchasing/Runtime/AppleStub/' contains multiple assembly definition files (Packages/com.unity.purchasing/Runtime/AppleStub/Unity.Purchasing.AppleStub.asmdef)
Folder 'Packages/com.unity.purchasing/Runtime/AppleStub/' contains multiple assembly definition files (Packages/com.unity.purchasing/Runtime/AppleStub/UnityEngine.Purchasing.AppleStub.asmdef)
Folder 'Packages/com.unity.purchasing/Runtime/AppleMacos/' contains multiple assembly definition files (Packages/com.unity.purchasing/Runtime/AppleMacos/UnityEngine.Purchasing.AppleMacos.asmdef)
Folder 'Packages/com.unity.purchasing/Runtime/AppleMacos/' contains multiple assembly definition files (Packages/com.unity.purchasing/Runtime/AppleMacos/Unity.Purchasing.AppleMacos.asmdef)
Folder 'Packages/com.unity.purchasing/Runtime/Codeless/' contains multiple assembly definition files (Packages/com.unity.purchasing/Runtime/Codeless/Unity.Purchasing.Codeless.asmdef)
Folder 'Packages/com.unity.purchasing/Runtime/Codeless/' contains multiple assembly definition files (Packages/com.unity.purchasing/Runtime/Codeless/UnityEngine.Purchasing.Codeless.asmdef)
ArgumentException: An item with the same key has already been added. Key: 400f2260dd8d285419d1db99999109aa
  at System.Collections.Generic.Dictionary`2[TKey,TValue].TryInsert (TKey key, TValue value, System.Collections.Generic.InsertionBehavior behavior) [0x0015a] in <c5eeda5e65d44b388e164c6c5cfe0702>:0 
  at System.Collections.Generic.Dictionary`2[TKey,TValue].Add (TKey key, TValue value) [0x00000] in <c5eeda5e65d44b388e164c6c5cfe0702>:0 
  at System.Linq.Enumerable.ToDictionary[TSource,TKey,TElement] (TSource[] source, System.Func`2[T,TResult] keySelector, System.Func`2[T,TResult] elementSelector, System.Collections.Generic.IEqualityComparer`1[T] comparer) [0x00029] in <8203c5af529241e2a5cc4b3c5a3dc69a>:0 
  at System.Linq.Enumerable.ToDictionary[TSource,TKey,TElement] (System.Collections.Generic.IEnumerable`1[T] source, System.Func`2[T,TResult] keySelector, System.Func`2[T,TResult] elementSelector, System.Collections.Generic.IEqualityComparer`1[T] comparer) [0x00051] in <8203c5af529241e2a5cc4b3c5a3dc69a>:0 
  at System.Linq.Enumerable.ToDictionary[TSource,TKey,TElement] (System.Collections.Generic.IEnumerable`1[T] source, System.Func`2[T,TResult] keySelector, System.Func`2[T,TResult] elementSelector) [0x00000] in <8203c5af529241e2a5cc4b3c5a3dc69a>:0 
  at UnityEditor.Scripting.ScriptCompilation.AssemblyGraphBuilder.Initialize (System.Collections.Generic.IReadOnlyCollection`1[T] assemblies, System.Collections.Generic.IReadOnlyCollection`1[T] customScriptAssemblyReferences) [0x00046] in /Users/bokken/build/output/unity/unity/Editor/Mono/Scripting/ScriptCompilation/AssemblyGraphBuilder.cs:85 
  at UnityEditor.Scripting.ScriptCompilation.AssemblyGraphBuilderFactory.GetOrCreate (System.String projectPath, System.Collections.Generic.IReadOnlyCollection`1[T] assemblies, System.Collections.Generic.IReadOnlyCollection`1[T] customScriptAssemblyReferences) [0x00038] in /Users/bokken/build/output/unity/unity/Editor/Mono/Scripting/ScriptCompilation/AssemblyGraphBuilderFactory.cs:54 
  at UnityEditor.Scripting.ScriptCompilation.EditorCompilation.GetAssemblyGraphBuilder () [0x00001] in /Users/bokken/build/output/unity/unity/Editor/Mono/Scripting/ScriptCompilation/EditorCompilation.cs:170 
  at UnityEditor.Scripting.ScriptCompilation.EditorCompilation.SetAllScripts (System.String[] allScripts) [0x0000d] in /Users/bokken/build/output/unity/unity/Editor/Mono/Scripting/ScriptCompilation/EditorCompilation.cs:178 
  at UnityEditor.Scripting.ScriptCompilation.EditorCompilationInterface.SetAllScripts (System.String[] allScripts) [0x00001] in /Users/bokken/build/output/unity/unity/Editor/Mono/Scripting/ScriptCompilation/EditorCompilationInterface.cs:79 

(Filename: /Users/bokken/build/output/unity/unity/Editor/Mono/Scripting/ScriptCompilation/AssemblyGraphBuilder.cs Line: 85)

Folder 'Packages/com.unity.purchasing/Runtime/Apple/' contains multiple assembly definition files (Packages/com.unity.purchasing/Runtime/Apple/UnityEngine.Purchasing.Apple.asmdef)
Folder 'Packages/com.unity.purchasing/Runtime/Apple/' contains multiple assembly definition files (Packages/com.unity.purchasing/Runtime/Apple/Unity.Purchasing.Apple.asmdef)
Folder 'Packages/com.unity.purchasing/Runtime/SecurityStub/' contains multiple assembly definition files (Packages/com.unity.purchasing/Runtime/SecurityStub/UnityEngine.Purchasing.SecurityStub.asmdef)
Folder 'Packages/com.unity.purchasing/Runtime/SecurityStub/' contains multiple assembly definition files (Packages/com.unity.purchasing/Runtime/SecurityStub/Unity.Purchasing.SecurityStub.asmdef)
Folder 'Packages/com.unity.purchasing/Runtime/Security/' contains multiple assembly definition files (Packages/com.unity.purchasing/Runtime/Security/Unity.Purchasing.Security.asmdef)
Folder 'Packages/com.unity.purchasing/Runtime/Security/' contains multiple assembly definition files (Packages/com.unity.purchasing/Runtime/Security/UnityEngine.Purchasing.Security.asmdef)
Folder 'Packages/com.unity.purchasing/Runtime/Stores/' contains multiple assembly definition files (Packages/com.unity.purchasing/Runtime/Stores/UnityEngine.Purchasing.Stores.asmdef)
Folder 'Packages/com.unity.purchasing/Runtime/Stores/' contains multiple assembly definition files (Packages/com.unity.purchasing/Runtime/Stores/Unity.Purchasing.Stores.asmdef)
Folder 'Packages/com.unity.purchasing/Runtime/SecurityCore/' contains multiple assembly definition files (Packages/com.unity.purchasing/Runtime/SecurityCore/Unity.Purchasing.SecurityCore.asmdef)
Folder 'Packages/com.unity.purchasing/Runtime/SecurityCore/' contains multiple assembly definition files (Packages/com.unity.purchasing/Runtime/SecurityCore/UnityEngine.Purchasing.SecurityCore.asmdef)
Folder 'Packages/com.unity.purchasing/Runtime/Purchasing/' contains multiple assembly definition files (Packages/com.unity.purchasing/Runtime/Purchasing/UnityEngine.Purchasing.asmdef)
Folder 'Packages/com.unity.purchasing/Runtime/Purchasing/' contains multiple assembly definition files (Packages/com.unity.purchasing/Runtime/Purchasing/Unity.Purchasing.asmdef)
Folder 'Packages/com.unity.purchasing/Runtime/AppleMacosStub/' contains multiple assembly definition files (Packages/com.unity.purchasing/Runtime/AppleMacosStub/UnityEngine.Purchasing.AppleMacosStub.asmdef)
Folder 'Packages/com.unity.purchasing/Runtime/AppleMacosStub/' contains multiple assembly definition files (Packages/com.unity.purchasing/Runtime/AppleMacosStub/Unity.Purchasing.AppleMacosStub.asmdef)
Folder 'Packages/com.unity.purchasing/Runtime/AppleStub/' contains multiple assembly definition files (Packages/com.unity.purchasing/Runtime/AppleStub/Unity.Purchasing.AppleStub.asmdef)
Folder 'Packages/com.unity.purchasing/Runtime/AppleStub/' contains multiple assembly definition files (Packages/com.unity.purchasing/Runtime/AppleStub/UnityEngine.Purchasing.AppleStub.asmdef)
Folder 'Packages/com.unity.purchasing/Runtime/AppleMacos/' contains multiple assembly definition files (Packages/com.unity.purchasing/Runtime/AppleMacos/UnityEngine.Purchasing.AppleMacos.asmdef)
Folder 'Packages/com.unity.purchasing/Runtime/AppleMacos/' contains multiple assembly definition files (Packages/com.unity.purchasing/Runtime/AppleMacos/Unity.Purchasing.AppleMacos.asmdef)
Folder 'Packages/com.unity.purchasing/Runtime/Codeless/' contains multiple assembly definition files (Packages/com.unity.purchasing/Runtime/Codeless/Unity.Purchasing.Codeless.asmdef)
Folder 'Packages/com.unity.purchasing/Runtime/Codeless/' contains multiple assembly definition files (Packages/com.unity.purchasing/Runtime/Codeless/UnityEngine.Purchasing.Codeless.asmdef)
ArgumentException: An item with the same key has already been added. Key: 400f2260dd8d285419d1db99999109aa
  at System.Collections.Generic.Dictionary`2[TKey,TValue].TryInsert (TKey key, TValue value, System.Collections.Generic.InsertionBehavior behavior) [0x0015a] in <c5eeda5e65d44b388e164c6c5cfe0702>:0 
  at System.Collections.Generic.Dictionary`2[TKey,TValue].Add (TKey key, TValue value) [0x00000] in <c5eeda5e65d44b388e164c6c5cfe0702>:0 
  at System.Linq.Enumerable.ToDictionary[TSource,TKey,TElement] (TSource[] source, System.Func`2[T,TResult] keySelector, System.Func`2[T,TResult] elementSelector, System.Collections.Generic.IEqualityComparer`1[T] comparer) [0x00029] in <8203c5af529241e2a5cc4b3c5a3dc69a>:0 
  at System.Linq.Enumerable.ToDictionary[TSource,TKey,TElement] (System.Collections.Generic.IEnumerable`1[T] source, System.Func`2[T,TResult] keySelector, System.Func`2[T,TResult] elementSelector, System.Collections.Generic.IEqualityComparer`1[T] comparer) [0x00051] in <8203c5af529241e2a5cc4b3c5a3dc69a>:0 
  at System.Linq.Enumerable.ToDictionary[TSource,TKey,TElement] (System.Collections.Generic.IEnumerable`1[T] source, System.Func`2[T,TResult] keySelector, System.Func`2[T,TResult] elementSelector) [0x00000] in <8203c5af529241e2a5cc4b3c5a3dc69a>:0 
  at UnityEditor.Scripting.ScriptCompilation.AssemblyGraphBuilder.Initialize (System.Collections.Generic.IReadOnlyCollection`1[T] assemblies, System.Collections.Generic.IReadOnlyCollection`1[T] customScriptAssemblyReferences) [0x00046] in /Users/bokken/build/output/unity/unity/Editor/Mono/Scripting/ScriptCompilation/AssemblyGraphBuilder.cs:85 
  at UnityEditor.Scripting.ScriptCompilation.AssemblyGraphBuilderFactory.GetOrCreate (System.String projectPath, System.Collections.Generic.IReadOnlyCollection`1[T] assemblies, System.Collections.Generic.IReadOnlyCollection`1[T] customScriptAssemblyReferences) [0x00038] in /Users/bokken/build/output/unity/unity/Editor/Mono/Scripting/ScriptCompilation/AssemblyGraphBuilderFactory.cs:54 
  at UnityEditor.Scripting.ScriptCompilation.EditorCompilation.GetAssemblyGraphBuilder () [0x00001] in /Users/bokken/build/output/unity/unity/Editor/Mono/Scripting/ScriptCompilation/EditorCompilation.cs:170 
  at UnityEditor.Scripting.ScriptCompilation.EditorCompilation.SetAllScripts (System.String[] allScripts) [0x0000d] in /Users/bokken/build/output/unity/unity/Editor/Mono/Scripting/ScriptCompilation/EditorCompilation.cs:178 
  at UnityEditor.Scripting.ScriptCompilation.EditorCompilationInterface.SetAllScripts (System.String[] allScripts) [0x00001] in /Users/bokken/build/output/unity/unity/Editor/Mono/Scripting/ScriptCompilation/EditorCompilationInterface.cs:79 

(Filename: /Users/bokken/build/output/unity/unity/Editor/Mono/Scripting/ScriptCompilation/AssemblyGraphBuilder.cs Line: 85)

Begin MonoManager ReloadAssembly
[Licensing::Client] Successfully resolved entitlement details
Thread 0x16dd47000 may have been prematurely finalized
Symbol file LoadedFromMemory is not a mono symbol file
- Loaded All Assemblies, in  0.507 seconds
Folder 'Packages/com.unity.purchasing/Runtime/Apple/' contains multiple assembly definition files (Packages/com.unity.purchasing/Runtime/Apple/UnityEngine.Purchasing.Apple.asmdef)
Folder 'Packages/com.unity.purchasing/Runtime/Apple/' contains multiple assembly definition files (Packages/com.unity.purchasing/Runtime/Apple/Unity.Purchasing.Apple.asmdef)
Folder 'Packages/com.unity.purchasing/Runtime/SecurityStub/' contains multiple assembly definition files (Packages/com.unity.purchasing/Runtime/SecurityStub/UnityEngine.Purchasing.SecurityStub.asmdef)
Folder 'Packages/com.unity.purchasing/Runtime/SecurityStub/' contains multiple assembly definition files (Packages/com.unity.purchasing/Runtime/SecurityStub/Unity.Purchasing.SecurityStub.asmdef)
Folder 'Packages/com.unity.purchasing/Runtime/Security/' contains multiple assembly definition files (Packages/com.unity.purchasing/Runtime/Security/Unity.Purchasing.Security.asmdef)
Folder 'Packages/com.unity.purchasing/Runtime/Security/' contains multiple assembly definition files (Packages/com.unity.purchasing/Runtime/Security/UnityEngine.Purchasing.Security.asmdef)
Folder 'Packages/com.unity.purchasing/Runtime/Stores/' contains multiple assembly definition files (Packages/com.unity.purchasing/Runtime/Stores/UnityEngine.Purchasing.Stores.asmdef)
Folder 'Packages/com.unity.purchasing/Runtime/Stores/' contains multiple assembly definition files (Packages/com.unity.purchasing/Runtime/Stores/Unity.Purchasing.Stores.asmdef)
Folder 'Packages/com.unity.purchasing/Runtime/SecurityCore/' contains multiple assembly definition files (Packages/com.unity.purchasing/Runtime/SecurityCore/Unity.Purchasing.SecurityCore.asmdef)
Folder 'Packages/com.unity.purchasing/Runtime/SecurityCore/' contains multiple assembly definition files (Packages/com.unity.purchasing/Runtime/SecurityCore/UnityEngine.Purchasing.SecurityCore.asmdef)
Folder 'Packages/com.unity.purchasing/Runtime/Purchasing/' contains multiple assembly definition files (Packages/com.unity.purchasing/Runtime/Purchasing/UnityEngine.Purchasing.asmdef)
Folder 'Packages/com.unity.purchasing/Runtime/Purchasing/' contains multiple assembly definition files (Packages/com.unity.purchasing/Runtime/Purchasing/Unity.Purchasing.asmdef)
Folder 'Packages/com.unity.purchasing/Runtime/AppleMacosStub/' contains multiple assembly definition files (Packages/com.unity.purchasing/Runtime/AppleMacosStub/UnityEngine.Purchasing.AppleMacosStub.asmdef)
Folder 'Packages/com.unity.purchasing/Runtime/AppleMacosStub/' contains multiple assembly definition files (Packages/com.unity.purchasing/Runtime/AppleMacosStub/Unity.Purchasing.AppleMacosStub.asmdef)
Folder 'Packages/com.unity.purchasing/Runtime/AppleStub/' contains multiple assembly definition files (Packages/com.unity.purchasing/Runtime/AppleStub/Unity.Purchasing.AppleStub.asmdef)
Folder 'Packages/com.unity.purchasing/Runtime/AppleStub/' contains multiple assembly definition files (Packages/com.unity.purchasing/Runtime/AppleStub/UnityEngine.Purchasing.AppleStub.asmdef)
Folder 'Packages/com.unity.purchasing/Runtime/AppleMacos/' contains multiple assembly definition files (Packages/com.unity.purchasing/Runtime/AppleMacos/UnityEngine.Purchasing.AppleMacos.asmdef)
Folder 'Packages/com.unity.purchasing/Runtime/AppleMacos/' contains multiple assembly definition files (Packages/com.unity.purchasing/Runtime/AppleMacos/Unity.Purchasing.AppleMacos.asmdef)
Folder 'Packages/com.unity.purchasing/Runtime/Codeless/' contains multiple assembly definition files (Packages/com.unity.purchasing/Runtime/Codeless/Unity.Purchasing.Codeless.asmdef)
Folder 'Packages/com.unity.purchasing/Runtime/Codeless/' contains multiple assembly definition files (Packages/com.unity.purchasing/Runtime/Codeless/UnityEngine.Purchasing.Codeless.asmdef)
ArgumentException: An item with the same key has already been added. Key: 400f2260dd8d285419d1db99999109aa
  at System.Collections.Generic.Dictionary`2[TKey,TValue].TryInsert (TKey key, TValue value, System.Collections.Generic.InsertionBehavior behavior) [0x0015a] in <c5eeda5e65d44b388e164c6c5cfe0702>:0 
  at System.Collections.Generic.Dictionary`2[TKey,TValue].Add (TKey key, TValue value) [0x00000] in <c5eeda5e65d44b388e164c6c5cfe0702>:0 
  at System.Linq.Enumerable.ToDictionary[TSource,TKey,TElement] (TSource[] source, System.Func`2[T,TResult] keySelector, System.Func`2[T,TResult] elementSelector, System.Collections.Generic.IEqualityComparer`1[T] comparer) [0x00029] in <8203c5af529241e2a5cc4b3c5a3dc69a>:0 
  at System.Linq.Enumerable.ToDictionary[TSource,TKey,TElement] (System.Collections.Generic.IEnumerable`1[T] source, System.Func`2[T,TResult] keySelector, System.Func`2[T,TResult] elementSelector, System.Collections.Generic.IEqualityComparer`1[T] comparer) [0x00051] in <8203c5af529241e2a5cc4b3c5a3dc69a>:0 
  at System.Linq.Enumerable.ToDictionary[TSource,TKey,TElement] (System.Collections.Generic.IEnumerable`1[T] source, System.Func`2[T,TResult] keySelector, System.Func`2[T,TResult] elementSelector) [0x00000] in <8203c5af529241e2a5cc4b3c5a3dc69a>:0 
  at UnityEditor.Scripting.ScriptCompilation.AssemblyGraphBuilder.Initialize (System.Collections.Generic.IReadOnlyCollection`1[T] assemblies, System.Collections.Generic.IReadOnlyCollection`1[T] customScriptAssemblyReferences) [0x00046] in /Users/bokken/build/output/unity/unity/Editor/Mono/Scripting/ScriptCompilation/AssemblyGraphBuilder.cs:85 
  at UnityEditor.Scripting.ScriptCompilation.AssemblyGraphBuilderFactory.GetOrCreate (System.String projectPath, System.Collections.Generic.IReadOnlyCollection`1[T] assemblies, System.Collections.Generic.IReadOnlyCollection`1[T] customScriptAssemblyReferences) [0x00038] in /Users/bokken/build/output/unity/unity/Editor/Mono/Scripting/ScriptCompilation/AssemblyGraphBuilderFactory.cs:54 
  at UnityEditor.Scripting.ScriptCompilation.EditorCompilation.GetAssemblyGraphBuilder () [0x00001] in /Users/bokken/build/output/unity/unity/Editor/Mono/Scripting/ScriptCompilation/EditorCompilation.cs:170 
  at UnityEditor.Scripting.ScriptCompilation.EditorCompilation.SetAllScripts (System.String[] allScripts) [0x0000d] in /Users/bokken/build/output/unity/unity/Editor/Mono/Scripting/ScriptCompilation/EditorCompilation.cs:178 
  at UnityEditor.Scripting.ScriptCompilation.EditorCompilationInterface.SetAllScripts (System.String[] allScripts) [0x00001] in /Users/bokken/build/output/unity/unity/Editor/Mono/Scripting/ScriptCompilation/EditorCompilationInterface.cs:79 

(Filename: /Users/bokken/build/output/unity/unity/Editor/Mono/Scripting/ScriptCompilation/AssemblyGraphBuilder.cs Line: 85)

Refreshing native plugins compatible for Editor in 3.24 ms, found 1 plugins.
Native extension for iOS target not found
Native extension for Android target not found
Native extension for OSXStandalone target not found
Native extension for WebGL target not found
Folder 'Packages/com.unity.purchasing/Runtime/Apple/' contains multiple assembly definition files (Packages/com.unity.purchasing/Runtime/Apple/UnityEngine.Purchasing.Apple.asmdef)
Folder 'Packages/com.unity.purchasing/Runtime/Apple/' contains multiple assembly definition files (Packages/com.unity.purchasing/Runtime/Apple/Unity.Purchasing.Apple.asmdef)
Folder 'Packages/com.unity.purchasing/Runtime/SecurityStub/' contains multiple assembly definition files (Packages/com.unity.purchasing/Runtime/SecurityStub/UnityEngine.Purchasing.SecurityStub.asmdef)
Folder 'Packages/com.unity.purchasing/Runtime/SecurityStub/' contains multiple assembly definition files (Packages/com.unity.purchasing/Runtime/SecurityStub/Unity.Purchasing.SecurityStub.asmdef)
Folder 'Packages/com.unity.purchasing/Runtime/Security/' contains multiple assembly definition files (Packages/com.unity.purchasing/Runtime/Security/Unity.Purchasing.Security.asmdef)
Folder 'Packages/com.unity.purchasing/Runtime/Security/' contains multiple assembly definition files (Packages/com.unity.purchasing/Runtime/Security/UnityEngine.Purchasing.Security.asmdef)
Folder 'Packages/com.unity.purchasing/Runtime/Stores/' contains multiple assembly definition files (Packages/com.unity.purchasing/Runtime/Stores/UnityEngine.Purchasing.Stores.asmdef)
Folder 'Packages/com.unity.purchasing/Runtime/Stores/' contains multiple assembly definition files (Packages/com.unity.purchasing/Runtime/Stores/Unity.Purchasing.Stores.asmdef)
Folder 'Packages/com.unity.purchasing/Runtime/SecurityCore/' contains multiple assembly definition files (Packages/com.unity.purchasing/Runtime/SecurityCore/Unity.Purchasing.SecurityCore.asmdef)
Folder 'Packages/com.unity.purchasing/Runtime/SecurityCore/' contains multiple assembly definition files (Packages/com.unity.purchasing/Runtime/SecurityCore/UnityEngine.Purchasing.SecurityCore.asmdef)
Folder 'Packages/com.unity.purchasing/Runtime/Purchasing/' contains multiple assembly definition files (Packages/com.unity.purchasing/Runtime/Purchasing/UnityEngine.Purchasing.asmdef)
Folder 'Packages/com.unity.purchasing/Runtime/Purchasing/' contains multiple assembly definition files (Packages/com.unity.purchasing/Runtime/Purchasing/Unity.Purchasing.asmdef)
Folder 'Packages/com.unity.purchasing/Runtime/AppleMacosStub/' contains multiple assembly definition files (Packages/com.unity.purchasing/Runtime/AppleMacosStub/UnityEngine.Purchasing.AppleMacosStub.asmdef)
Folder 'Packages/com.unity.purchasing/Runtime/AppleMacosStub/' contains multiple assembly definition files (Packages/com.unity.purchasing/Runtime/AppleMacosStub/Unity.Purchasing.AppleMacosStub.asmdef)
Folder 'Packages/com.unity.purchasing/Runtime/AppleStub/' contains multiple assembly definition files (Packages/com.unity.purchasing/Runtime/AppleStub/Unity.Purchasing.AppleStub.asmdef)
Folder 'Packages/com.unity.purchasing/Runtime/AppleStub/' contains multiple assembly definition files (Packages/com.unity.purchasing/Runtime/AppleStub/UnityEngine.Purchasing.AppleStub.asmdef)
Folder 'Packages/com.unity.purchasing/Runtime/AppleMacos/' contains multiple assembly definition files (Packages/com.unity.purchasing/Runtime/AppleMacos/UnityEngine.Purchasing.AppleMacos.asmdef)
Folder 'Packages/com.unity.purchasing/Runtime/AppleMacos/' contains multiple assembly definition files (Packages/com.unity.purchasing/Runtime/AppleMacos/Unity.Purchasing.AppleMacos.asmdef)
Folder 'Packages/com.unity.purchasing/Runtime/Codeless/' contains multiple assembly definition files (Packages/com.unity.purchasing/Runtime/Codeless/Unity.Purchasing.Codeless.asmdef)
Folder 'Packages/com.unity.purchasing/Runtime/Codeless/' contains multiple assembly definition files (Packages/com.unity.purchasing/Runtime/Codeless/UnityEngine.Purchasing.Codeless.asmdef)
ArgumentException: An item with the same key has already been added. Key: 400f2260dd8d285419d1db99999109aa
  at System.Collections.Generic.Dictionary`2[TKey,TValue].TryInsert (TKey key, TValue value, System.Collections.Generic.InsertionBehavior behavior) [0x0015a] in <c5eeda5e65d44b388e164c6c5cfe0702>:0 
  at System.Collections.Generic.Dictionary`2[TKey,TValue].Add (TKey key, TValue value) [0x00000] in <c5eeda5e65d44b388e164c6c5cfe0702>:0 
  at System.Linq.Enumerable.ToDictionary[TSource,TKey,TElement] (TSource[] source, System.Func`2[T,TResult] keySelector, System.Func`2[T,TResult] elementSelector, System.Collections.Generic.IEqualityComparer`1[T] comparer) [0x00029] in <8203c5af529241e2a5cc4b3c5a3dc69a>:0 
  at System.Linq.Enumerable.ToDictionary[TSource,TKey,TElement] (System.Collections.Generic.IEnumerable`1[T] source, System.Func`2[T,TResult] keySelector, System.Func`2[T,TResult] elementSelector, System.Collections.Generic.IEqualityComparer`1[T] comparer) [0x00051] in <8203c5af529241e2a5cc4b3c5a3dc69a>:0 
  at System.Linq.Enumerable.ToDictionary[TSource,TKey,TElement] (System.Collections.Generic.IEnumerable`1[T] source, System.Func`2[T,TResult] keySelector, System.Func`2[T,TResult] elementSelector) [0x00000] in <8203c5af529241e2a5cc4b3c5a3dc69a>:0 
  at UnityEditor.Scripting.ScriptCompilation.AssemblyGraphBuilder.Initialize (System.Collections.Generic.IReadOnlyCollection`1[T] assemblies, System.Collections.Generic.IReadOnlyCollection`1[T] customScriptAssemblyReferences) [0x00046] in /Users/bokken/build/output/unity/unity/Editor/Mono/Scripting/ScriptCompilation/AssemblyGraphBuilder.cs:85 
  at UnityEditor.Scripting.ScriptCompilation.AssemblyGraphBuilderFactory.GetOrCreate (System.String projectPath, System.Collections.Generic.IReadOnlyCollection`1[T] assemblies, System.Collections.Generic.IReadOnlyCollection`1[T] customScriptAssemblyReferences) [0x00038] in /Users/bokken/build/output/unity/unity/Editor/Mono/Scripting/ScriptCompilation/AssemblyGraphBuilderFactory.cs:54 
  at UnityEditor.Scripting.ScriptCompilation.EditorCompilation.GetAssemblyGraphBuilder () [0x00001] in /Users/bokken/build/output/unity/unity/Editor/Mono/Scripting/ScriptCompilation/EditorCompilation.cs:170 
  at UnityEditor.Scripting.ScriptCompilation.EditorCompilation.SetAllScripts (System.String[] allScripts) [0x0000d] in /Users/bokken/build/output/unity/unity/Editor/Mono/Scripting/ScriptCompilation/EditorCompilation.cs:178 
  at UnityEditor.Scripting.ScriptCompilation.EditorCompilationInterface.SetAllScripts (System.String[] allScripts) [0x00001] in /Users/bokken/build/output/unity/unity/Editor/Mono/Scripting/ScriptCompilation/EditorCompilationInterface.cs:79 

(Filename: /Users/bokken/build/output/unity/unity/Editor/Mono/Scripting/ScriptCompilation/AssemblyGraphBuilder.cs Line: 85)

Refreshing native plugins compatible for Editor in 3.36 ms, found 1 plugins.
[Package Manager] Failed to launch server process. Reason: Unity was launched with the -noUpm command-line argument
[Package Manager] Unable to send message (not connected to server process).
[Package Manager] Cannot connect to Unity Package Manager local server
ScheduleIndexationOnStartup MainProcess:False IndexOnStartup:True
Mono: successfully reloaded assembly
- Finished resetting the current domain, in  0.960 seconds
Domain Reload Profiling: 1470ms
	BeginReloadAssembly (122ms)
		ExecutionOrderSort (0ms)
		DisableScriptedObjects (4ms)
		BackupInstance (0ms)
		ReleaseScriptingObjects (0ms)
		CreateAndSetChildDomain (45ms)
	RebuildCommonClasses (26ms)
	RebuildNativeTypeToScriptingClass (11ms)
	initialDomainReloadingComplete (15ms)
	LoadAllAssembliesAndSetupDomain (335ms)
		LoadAssemblies (236ms)
		RebuildTransferFunctionScriptingTraits (0ms)
		AnalyzeDomain (131ms)
			TypeCache.Refresh (11ms)
				TypeCache.ScanAssembly (1ms)
			BuildScriptInfoCaches (115ms)
			ResolveRequiredComponents (3ms)
	FinalizeReload (960ms)
		ReleaseScriptCaches (0ms)
		RebuildScriptCaches (0ms)
		SetupLoadedEditorAssemblies (860ms)
			LogAssemblyErrors (0ms)
			InitializePlatformSupportModulesInManaged (28ms)
			SetLoadedEditorAssemblies (4ms)
			BeforeProcessingInitializeOnLoad (108ms)
			ProcessInitializeOnLoadAttributes (665ms)
			ProcessInitializeOnLoadMethodAttributes (54ms)
			AfterProcessingInitializeOnLoad (1ms)
			EditorAssembliesLoaded (0ms)
		ExecutionOrderSort2 (0ms)
		AwakeInstancesAfterBackupRestoration (3ms)
Refreshing native plugins compatible for Editor in 3.34 ms, found 1 plugins.
Preloading 0 native plugins for Editor in 0.00 ms.
Unloading 29 Unused Serialized files (Serialized files now loaded: 0)
Unloading 6234 unused Assets / (4.5 MB). Loaded Objects now: 7006.
Memory consumption went from 142.5 MB to 138.1 MB.
Total: 20.255375 ms (FindLiveObjects: 0.339083 ms CreateObjectMapping: 0.173083 ms MarkObjects: 18.340209 ms  DeleteObjects: 1.402500 ms)

Prepare: number of updated asset objects reloaded= 0
========================================================================
Received Prepare
[Licensing::Client] Successfully resolved entitlement details
Folder 'Packages/com.unity.purchasing/Runtime/Apple/' contains multiple assembly definition files (Packages/com.unity.purchasing/Runtime/Apple/UnityEngine.Purchasing.Apple.asmdef)
Folder 'Packages/com.unity.purchasing/Runtime/Apple/' contains multiple assembly definition files (Packages/com.unity.purchasing/Runtime/Apple/Unity.Purchasing.Apple.asmdef)
Folder 'Packages/com.unity.purchasing/Runtime/SecurityStub/' contains multiple assembly definition files (Packages/com.unity.purchasing/Runtime/SecurityStub/UnityEngine.Purchasing.SecurityStub.asmdef)
Folder 'Packages/com.unity.purchasing/Runtime/SecurityStub/' contains multiple assembly definition files (Packages/com.unity.purchasing/Runtime/SecurityStub/Unity.Purchasing.SecurityStub.asmdef)
Folder 'Packages/com.unity.purchasing/Runtime/Security/' contains multiple assembly definition files (Packages/com.unity.purchasing/Runtime/Security/Unity.Purchasing.Security.asmdef)
Folder 'Packages/com.unity.purchasing/Runtime/Security/' contains multiple assembly definition files (Packages/com.unity.purchasing/Runtime/Security/UnityEngine.Purchasing.Security.asmdef)
Folder 'Packages/com.unity.purchasing/Runtime/Stores/' contains multiple assembly definition files (Packages/com.unity.purchasing/Runtime/Stores/UnityEngine.Purchasing.Stores.asmdef)
Folder 'Packages/com.unity.purchasing/Runtime/Stores/' contains multiple assembly definition files (Packages/com.unity.purchasing/Runtime/Stores/Unity.Purchasing.Stores.asmdef)
Folder 'Packages/com.unity.purchasing/Runtime/SecurityCore/' contains multiple assembly definition files (Packages/com.unity.purchasing/Runtime/SecurityCore/Unity.Purchasing.SecurityCore.asmdef)
Folder 'Packages/com.unity.purchasing/Runtime/SecurityCore/' contains multiple assembly definition files (Packages/com.unity.purchasing/Runtime/SecurityCore/UnityEngine.Purchasing.SecurityCore.asmdef)
Folder 'Packages/com.unity.purchasing/Runtime/Purchasing/' contains multiple assembly definition files (Packages/com.unity.purchasing/Runtime/Purchasing/UnityEngine.Purchasing.asmdef)
Folder 'Packages/com.unity.purchasing/Runtime/Purchasing/' contains multiple assembly definition files (Packages/com.unity.purchasing/Runtime/Purchasing/Unity.Purchasing.asmdef)
Folder 'Packages/com.unity.purchasing/Runtime/AppleMacosStub/' contains multiple assembly definition files (Packages/com.unity.purchasing/Runtime/AppleMacosStub/UnityEngine.Purchasing.AppleMacosStub.asmdef)
Folder 'Packages/com.unity.purchasing/Runtime/AppleMacosStub/' contains multiple assembly definition files (Packages/com.unity.purchasing/Runtime/AppleMacosStub/Unity.Purchasing.AppleMacosStub.asmdef)
Folder 'Packages/com.unity.purchasing/Runtime/AppleStub/' contains multiple assembly definition files (Packages/com.unity.purchasing/Runtime/AppleStub/Unity.Purchasing.AppleStub.asmdef)
Folder 'Packages/com.unity.purchasing/Runtime/AppleStub/' contains multiple assembly definition files (Packages/com.unity.purchasing/Runtime/AppleStub/UnityEngine.Purchasing.AppleStub.asmdef)
Folder 'Packages/com.unity.purchasing/Runtime/AppleMacos/' contains multiple assembly definition files (Packages/com.unity.purchasing/Runtime/AppleMacos/UnityEngine.Purchasing.AppleMacos.asmdef)
Folder 'Packages/com.unity.purchasing/Runtime/AppleMacos/' contains multiple assembly definition files (Packages/com.unity.purchasing/Runtime/AppleMacos/Unity.Purchasing.AppleMacos.asmdef)
Folder 'Packages/com.unity.purchasing/Runtime/Codeless/' contains multiple assembly definition files (Packages/com.unity.purchasing/Runtime/Codeless/Unity.Purchasing.Codeless.asmdef)
Folder 'Packages/com.unity.purchasing/Runtime/Codeless/' contains multiple assembly definition files (Packages/com.unity.purchasing/Runtime/Codeless/UnityEngine.Purchasing.Codeless.asmdef)
ArgumentException: An item with the same key has already been added. Key: 400f2260dd8d285419d1db99999109aa
  at System.Collections.Generic.Dictionary`2[TKey,TValue].TryInsert (TKey key, TValue value, System.Collections.Generic.InsertionBehavior behavior) [0x0015a] in <c5eeda5e65d44b388e164c6c5cfe0702>:0 
  at System.Collections.Generic.Dictionary`2[TKey,TValue].Add (TKey key, TValue value) [0x00000] in <c5eeda5e65d44b388e164c6c5cfe0702>:0 
  at System.Linq.Enumerable.ToDictionary[TSource,TKey,TElement] (TSource[] source, System.Func`2[T,TResult] keySelector, System.Func`2[T,TResult] elementSelector, System.Collections.Generic.IEqualityComparer`1[T] comparer) [0x00029] in <8203c5af529241e2a5cc4b3c5a3dc69a>:0 
  at System.Linq.Enumerable.ToDictionary[TSource,TKey,TElement] (System.Collections.Generic.IEnumerable`1[T] source, System.Func`2[T,TResult] keySelector, System.Func`2[T,TResult] elementSelector, System.Collections.Generic.IEqualityComparer`1[T] comparer) [0x00051] in <8203c5af529241e2a5cc4b3c5a3dc69a>:0 
  at System.Linq.Enumerable.ToDictionary[TSource,TKey,TElement] (System.Collections.Generic.IEnumerable`1[T] source, System.Func`2[T,TResult] keySelector, System.Func`2[T,TResult] elementSelector) [0x00000] in <8203c5af529241e2a5cc4b3c5a3dc69a>:0 
  at UnityEditor.Scripting.ScriptCompilation.AssemblyGraphBuilder.Initialize (System.Collections.Generic.IReadOnlyCollection`1[T] assemblies, System.Collections.Generic.IReadOnlyCollection`1[T] customScriptAssemblyReferences) [0x00046] in /Users/bokken/build/output/unity/unity/Editor/Mono/Scripting/ScriptCompilation/AssemblyGraphBuilder.cs:85 
  at UnityEditor.Scripting.ScriptCompilation.AssemblyGraphBuilderFactory.GetOrCreate (System.String projectPath, System.Collections.Generic.IReadOnlyCollection`1[T] assemblies, System.Collections.Generic.IReadOnlyCollection`1[T] customScriptAssemblyReferences) [0x00038] in /Users/bokken/build/output/unity/unity/Editor/Mono/Scripting/ScriptCompilation/AssemblyGraphBuilderFactory.cs:54 
  at UnityEditor.Scripting.ScriptCompilation.EditorCompilation.GetAssemblyGraphBuilder () [0x00001] in /Users/bokken/build/output/unity/unity/Editor/Mono/Scripting/ScriptCompilation/EditorCompilation.cs:170 
  at UnityEditor.Scripting.ScriptCompilation.EditorCompilation.SetAllScripts (System.String[] allScripts) [0x0000d] in /Users/bokken/build/output/unity/unity/Editor/Mono/Scripting/ScriptCompilation/EditorCompilation.cs:178 
  at UnityEditor.Scripting.ScriptCompilation.EditorCompilationInterface.SetAllScripts (System.String[] allScripts) [0x00001] in /Users/bokken/build/output/unity/unity/Editor/Mono/Scripting/ScriptCompilation/EditorCompilationInterface.cs:79 

(Filename: /Users/bokken/build/output/unity/unity/Editor/Mono/Scripting/ScriptCompilation/AssemblyGraphBuilder.cs Line: 85)

Folder 'Packages/com.unity.purchasing/Runtime/Apple/' contains multiple assembly definition files (Packages/com.unity.purchasing/Runtime/Apple/UnityEngine.Purchasing.Apple.asmdef)
Folder 'Packages/com.unity.purchasing/Runtime/Apple/' contains multiple assembly definition files (Packages/com.unity.purchasing/Runtime/Apple/Unity.Purchasing.Apple.asmdef)
Folder 'Packages/com.unity.purchasing/Runtime/SecurityStub/' contains multiple assembly definition files (Packages/com.unity.purchasing/Runtime/SecurityStub/UnityEngine.Purchasing.SecurityStub.asmdef)
Folder 'Packages/com.unity.purchasing/Runtime/SecurityStub/' contains multiple assembly definition files (Packages/com.unity.purchasing/Runtime/SecurityStub/Unity.Purchasing.SecurityStub.asmdef)
Folder 'Packages/com.unity.purchasing/Runtime/Security/' contains multiple assembly definition files (Packages/com.unity.purchasing/Runtime/Security/Unity.Purchasing.Security.asmdef)
Folder 'Packages/com.unity.purchasing/Runtime/Security/' contains multiple assembly definition files (Packages/com.unity.purchasing/Runtime/Security/UnityEngine.Purchasing.Security.asmdef)
Folder 'Packages/com.unity.purchasing/Runtime/Stores/' contains multiple assembly definition files (Packages/com.unity.purchasing/Runtime/Stores/UnityEngine.Purchasing.Stores.asmdef)
Folder 'Packages/com.unity.purchasing/Runtime/Stores/' contains multiple assembly definition files (Packages/com.unity.purchasing/Runtime/Stores/Unity.Purchasing.Stores.asmdef)
Folder 'Packages/com.unity.purchasing/Runtime/SecurityCore/' contains multiple assembly definition files (Packages/com.unity.purchasing/Runtime/SecurityCore/Unity.Purchasing.SecurityCore.asmdef)
Folder 'Packages/com.unity.purchasing/Runtime/SecurityCore/' contains multiple assembly definition files (Packages/com.unity.purchasing/Runtime/SecurityCore/UnityEngine.Purchasing.SecurityCore.asmdef)
Folder 'Packages/com.unity.purchasing/Runtime/Purchasing/' contains multiple assembly definition files (Packages/com.unity.purchasing/Runtime/Purchasing/UnityEngine.Purchasing.asmdef)
Folder 'Packages/com.unity.purchasing/Runtime/Purchasing/' contains multiple assembly definition files (Packages/com.unity.purchasing/Runtime/Purchasing/Unity.Purchasing.asmdef)
Folder 'Packages/com.unity.purchasing/Runtime/AppleMacosStub/' contains multiple assembly definition files (Packages/com.unity.purchasing/Runtime/AppleMacosStub/UnityEngine.Purchasing.AppleMacosStub.asmdef)
Folder 'Packages/com.unity.purchasing/Runtime/AppleMacosStub/' contains multiple assembly definition files (Packages/com.unity.purchasing/Runtime/AppleMacosStub/Unity.Purchasing.AppleMacosStub.asmdef)
Folder 'Packages/com.unity.purchasing/Runtime/AppleStub/' contains multiple assembly definition files (Packages/com.unity.purchasing/Runtime/AppleStub/Unity.Purchasing.AppleStub.asmdef)
Folder 'Packages/com.unity.purchasing/Runtime/AppleStub/' contains multiple assembly definition files (Packages/com.unity.purchasing/Runtime/AppleStub/UnityEngine.Purchasing.AppleStub.asmdef)
Folder 'Packages/com.unity.purchasing/Runtime/AppleMacos/' contains multiple assembly definition files (Packages/com.unity.purchasing/Runtime/AppleMacos/UnityEngine.Purchasing.AppleMacos.asmdef)
Folder 'Packages/com.unity.purchasing/Runtime/AppleMacos/' contains multiple assembly definition files (Packages/com.unity.purchasing/Runtime/AppleMacos/Unity.Purchasing.AppleMacos.asmdef)
Folder 'Packages/com.unity.purchasing/Runtime/Codeless/' contains multiple assembly definition files (Packages/com.unity.purchasing/Runtime/Codeless/Unity.Purchasing.Codeless.asmdef)
Folder 'Packages/com.unity.purchasing/Runtime/Codeless/' contains multiple assembly definition files (Packages/com.unity.purchasing/Runtime/Codeless/UnityEngine.Purchasing.Codeless.asmdef)
ArgumentException: An item with the same key has already been added. Key: 400f2260dd8d285419d1db99999109aa
  at System.Collections.Generic.Dictionary`2[TKey,TValue].TryInsert (TKey key, TValue value, System.Collections.Generic.InsertionBehavior behavior) [0x0015a] in <c5eeda5e65d44b388e164c6c5cfe0702>:0 
  at System.Collections.Generic.Dictionary`2[TKey,TValue].Add (TKey key, TValue value) [0x00000] in <c5eeda5e65d44b388e164c6c5cfe0702>:0 
  at System.Linq.Enumerable.ToDictionary[TSource,TKey,TElement] (TSource[] source, System.Func`2[T,TResult] keySelector, System.Func`2[T,TResult] elementSelector, System.Collections.Generic.IEqualityComparer`1[T] comparer) [0x00029] in <8203c5af529241e2a5cc4b3c5a3dc69a>:0 
  at System.Linq.Enumerable.ToDictionary[TSource,TKey,TElement] (System.Collections.Generic.IEnumerable`1[T] source, System.Func`2[T,TResult] keySelector, System.Func`2[T,TResult] elementSelector, System.Collections.Generic.IEqualityComparer`1[T] comparer) [0x00051] in <8203c5af529241e2a5cc4b3c5a3dc69a>:0 
  at System.Linq.Enumerable.ToDictionary[TSource,TKey,TElement] (System.Collections.Generic.IEnumerable`1[T] source, System.Func`2[T,TResult] keySelector, System.Func`2[T,TResult] elementSelector) [0x00000] in <8203c5af529241e2a5cc4b3c5a3dc69a>:0 
  at UnityEditor.Scripting.ScriptCompilation.AssemblyGraphBuilder.Initialize (System.Collections.Generic.IReadOnlyCollection`1[T] assemblies, System.Collections.Generic.IReadOnlyCollection`1[T] customScriptAssemblyReferences) [0x00046] in /Users/bokken/build/output/unity/unity/Editor/Mono/Scripting/ScriptCompilation/AssemblyGraphBuilder.cs:85 
  at UnityEditor.Scripting.ScriptCompilation.AssemblyGraphBuilderFactory.GetOrCreate (System.String projectPath, System.Collections.Generic.IReadOnlyCollection`1[T] assemblies, System.Collections.Generic.IReadOnlyCollection`1[T] customScriptAssemblyReferences) [0x00038] in /Users/bokken/build/output/unity/unity/Editor/Mono/Scripting/ScriptCompilation/AssemblyGraphBuilderFactory.cs:54 
  at UnityEditor.Scripting.ScriptCompilation.EditorCompilation.GetAssemblyGraphBuilder () [0x00001] in /Users/bokken/build/output/unity/unity/Editor/Mono/Scripting/ScriptCompilation/EditorCompilation.cs:170 
  at UnityEditor.Scripting.ScriptCompilation.EditorCompilation.SetAllScripts (System.String[] allScripts) [0x0000d] in /Users/bokken/build/output/unity/unity/Editor/Mono/Scripting/ScriptCompilation/EditorCompilation.cs:178 
  at UnityEditor.Scripting.ScriptCompilation.EditorCompilationInterface.SetAllScripts (System.String[] allScripts) [0x00001] in /Users/bokken/build/output/unity/unity/Editor/Mono/Scripting/ScriptCompilation/EditorCompilationInterface.cs:79 

(Filename: /Users/bokken/build/output/unity/unity/Editor/Mono/Scripting/ScriptCompilation/AssemblyGraphBuilder.cs Line: 85)

Begin MonoManager ReloadAssembly
[Licensing::Client] Successfully resolved entitlement details
Thread 0x16dd47000 may have been prematurely finalized
Symbol file LoadedFromMemory is not a mono symbol file
- Loaded All Assemblies, in  0.470 seconds
Folder 'Packages/com.unity.purchasing/Runtime/Apple/' contains multiple assembly definition files (Packages/com.unity.purchasing/Runtime/Apple/UnityEngine.Purchasing.Apple.asmdef)
Folder 'Packages/com.unity.purchasing/Runtime/Apple/' contains multiple assembly definition files (Packages/com.unity.purchasing/Runtime/Apple/Unity.Purchasing.Apple.asmdef)
Folder 'Packages/com.unity.purchasing/Runtime/SecurityStub/' contains multiple assembly definition files (Packages/com.unity.purchasing/Runtime/SecurityStub/UnityEngine.Purchasing.SecurityStub.asmdef)
Folder 'Packages/com.unity.purchasing/Runtime/SecurityStub/' contains multiple assembly definition files (Packages/com.unity.purchasing/Runtime/SecurityStub/Unity.Purchasing.SecurityStub.asmdef)
Folder 'Packages/com.unity.purchasing/Runtime/Security/' contains multiple assembly definition files (Packages/com.unity.purchasing/Runtime/Security/Unity.Purchasing.Security.asmdef)
Folder 'Packages/com.unity.purchasing/Runtime/Security/' contains multiple assembly definition files (Packages/com.unity.purchasing/Runtime/Security/UnityEngine.Purchasing.Security.asmdef)
Folder 'Packages/com.unity.purchasing/Runtime/Stores/' contains multiple assembly definition files (Packages/com.unity.purchasing/Runtime/Stores/UnityEngine.Purchasing.Stores.asmdef)
Folder 'Packages/com.unity.purchasing/Runtime/Stores/' contains multiple assembly definition files (Packages/com.unity.purchasing/Runtime/Stores/Unity.Purchasing.Stores.asmdef)
Folder 'Packages/com.unity.purchasing/Runtime/SecurityCore/' contains multiple assembly definition files (Packages/com.unity.purchasing/Runtime/SecurityCore/Unity.Purchasing.SecurityCore.asmdef)
Folder 'Packages/com.unity.purchasing/Runtime/SecurityCore/' contains multiple assembly definition files (Packages/com.unity.purchasing/Runtime/SecurityCore/UnityEngine.Purchasing.SecurityCore.asmdef)
Folder 'Packages/com.unity.purchasing/Runtime/Purchasing/' contains multiple assembly definition files (Packages/com.unity.purchasing/Runtime/Purchasing/UnityEngine.Purchasing.asmdef)
Folder 'Packages/com.unity.purchasing/Runtime/Purchasing/' contains multiple assembly definition files (Packages/com.unity.purchasing/Runtime/Purchasing/Unity.Purchasing.asmdef)
Folder 'Packages/com.unity.purchasing/Runtime/AppleMacosStub/' contains multiple assembly definition files (Packages/com.unity.purchasing/Runtime/AppleMacosStub/UnityEngine.Purchasing.AppleMacosStub.asmdef)
Folder 'Packages/com.unity.purchasing/Runtime/AppleMacosStub/' contains multiple assembly definition files (Packages/com.unity.purchasing/Runtime/AppleMacosStub/Unity.Purchasing.AppleMacosStub.asmdef)
Folder 'Packages/com.unity.purchasing/Runtime/AppleStub/' contains multiple assembly definition files (Packages/com.unity.purchasing/Runtime/AppleStub/Unity.Purchasing.AppleStub.asmdef)
Folder 'Packages/com.unity.purchasing/Runtime/AppleStub/' contains multiple assembly definition files (Packages/com.unity.purchasing/Runtime/AppleStub/UnityEngine.Purchasing.AppleStub.asmdef)
Folder 'Packages/com.unity.purchasing/Runtime/AppleMacos/' contains multiple assembly definition files (Packages/com.unity.purchasing/Runtime/AppleMacos/UnityEngine.Purchasing.AppleMacos.asmdef)
Folder 'Packages/com.unity.purchasing/Runtime/AppleMacos/' contains multiple assembly definition files (Packages/com.unity.purchasing/Runtime/AppleMacos/Unity.Purchasing.AppleMacos.asmdef)
Folder 'Packages/com.unity.purchasing/Runtime/Codeless/' contains multiple assembly definition files (Packages/com.unity.purchasing/Runtime/Codeless/Unity.Purchasing.Codeless.asmdef)
Folder 'Packages/com.unity.purchasing/Runtime/Codeless/' contains multiple assembly definition files (Packages/com.unity.purchasing/Runtime/Codeless/UnityEngine.Purchasing.Codeless.asmdef)
ArgumentException: An item with the same key has already been added. Key: 400f2260dd8d285419d1db99999109aa
  at System.Collections.Generic.Dictionary`2[TKey,TValue].TryInsert (TKey key, TValue value, System.Collections.Generic.InsertionBehavior behavior) [0x0015a] in <c5eeda5e65d44b388e164c6c5cfe0702>:0 
  at System.Collections.Generic.Dictionary`2[TKey,TValue].Add (TKey key, TValue value) [0x00000] in <c5eeda5e65d44b388e164c6c5cfe0702>:0 
  at System.Linq.Enumerable.ToDictionary[TSource,TKey,TElement] (TSource[] source, System.Func`2[T,TResult] keySelector, System.Func`2[T,TResult] elementSelector, System.Collections.Generic.IEqualityComparer`1[T] comparer) [0x00029] in <8203c5af529241e2a5cc4b3c5a3dc69a>:0 
  at System.Linq.Enumerable.ToDictionary[TSource,TKey,TElement] (System.Collections.Generic.IEnumerable`1[T] source, System.Func`2[T,TResult] keySelector, System.Func`2[T,TResult] elementSelector, System.Collections.Generic.IEqualityComparer`1[T] comparer) [0x00051] in <8203c5af529241e2a5cc4b3c5a3dc69a>:0 
  at System.Linq.Enumerable.ToDictionary[TSource,TKey,TElement] (System.Collections.Generic.IEnumerable`1[T] source, System.Func`2[T,TResult] keySelector, System.Func`2[T,TResult] elementSelector) [0x00000] in <8203c5af529241e2a5cc4b3c5a3dc69a>:0 
  at UnityEditor.Scripting.ScriptCompilation.AssemblyGraphBuilder.Initialize (System.Collections.Generic.IReadOnlyCollection`1[T] assemblies, System.Collections.Generic.IReadOnlyCollection`1[T] customScriptAssemblyReferences) [0x00046] in /Users/bokken/build/output/unity/unity/Editor/Mono/Scripting/ScriptCompilation/AssemblyGraphBuilder.cs:85 
  at UnityEditor.Scripting.ScriptCompilation.AssemblyGraphBuilderFactory.GetOrCreate (System.String projectPath, System.Collections.Generic.IReadOnlyCollection`1[T] assemblies, System.Collections.Generic.IReadOnlyCollection`1[T] customScriptAssemblyReferences) [0x00038] in /Users/bokken/build/output/unity/unity/Editor/Mono/Scripting/ScriptCompilation/AssemblyGraphBuilderFactory.cs:54 
  at UnityEditor.Scripting.ScriptCompilation.EditorCompilation.GetAssemblyGraphBuilder () [0x00001] in /Users/bokken/build/output/unity/unity/Editor/Mono/Scripting/ScriptCompilation/EditorCompilation.cs:170 
  at UnityEditor.Scripting.ScriptCompilation.EditorCompilation.SetAllScripts (System.String[] allScripts) [0x0000d] in /Users/bokken/build/output/unity/unity/Editor/Mono/Scripting/ScriptCompilation/EditorCompilation.cs:178 
  at UnityEditor.Scripting.ScriptCompilation.EditorCompilationInterface.SetAllScripts (System.String[] allScripts) [0x00001] in /Users/bokken/build/output/unity/unity/Editor/Mono/Scripting/ScriptCompilation/EditorCompilationInterface.cs:79 

(Filename: /Users/bokken/build/output/unity/unity/Editor/Mono/Scripting/ScriptCompilation/AssemblyGraphBuilder.cs Line: 85)

Refreshing native plugins compatible for Editor in 5.71 ms, found 1 plugins.
Native extension for iOS target not found
Native extension for Android target not found
Native extension for OSXStandalone target not found
Native extension for WebGL target not found
Folder 'Packages/com.unity.purchasing/Runtime/Apple/' contains multiple assembly definition files (Packages/com.unity.purchasing/Runtime/Apple/UnityEngine.Purchasing.Apple.asmdef)
Folder 'Packages/com.unity.purchasing/Runtime/Apple/' contains multiple assembly definition files (Packages/com.unity.purchasing/Runtime/Apple/Unity.Purchasing.Apple.asmdef)
Folder 'Packages/com.unity.purchasing/Runtime/SecurityStub/' contains multiple assembly definition files (Packages/com.unity.purchasing/Runtime/SecurityStub/UnityEngine.Purchasing.SecurityStub.asmdef)
Folder 'Packages/com.unity.purchasing/Runtime/SecurityStub/' contains multiple assembly definition files (Packages/com.unity.purchasing/Runtime/SecurityStub/Unity.Purchasing.SecurityStub.asmdef)
Folder 'Packages/com.unity.purchasing/Runtime/Security/' contains multiple assembly definition files (Packages/com.unity.purchasing/Runtime/Security/Unity.Purchasing.Security.asmdef)
Folder 'Packages/com.unity.purchasing/Runtime/Security/' contains multiple assembly definition files (Packages/com.unity.purchasing/Runtime/Security/UnityEngine.Purchasing.Security.asmdef)
Folder 'Packages/com.unity.purchasing/Runtime/Stores/' contains multiple assembly definition files (Packages/com.unity.purchasing/Runtime/Stores/UnityEngine.Purchasing.Stores.asmdef)
Folder 'Packages/com.unity.purchasing/Runtime/Stores/' contains multiple assembly definition files (Packages/com.unity.purchasing/Runtime/Stores/Unity.Purchasing.Stores.asmdef)
Folder 'Packages/com.unity.purchasing/Runtime/SecurityCore/' contains multiple assembly definition files (Packages/com.unity.purchasing/Runtime/SecurityCore/Unity.Purchasing.SecurityCore.asmdef)
Folder 'Packages/com.unity.purchasing/Runtime/SecurityCore/' contains multiple assembly definition files (Packages/com.unity.purchasing/Runtime/SecurityCore/UnityEngine.Purchasing.SecurityCore.asmdef)
Folder 'Packages/com.unity.purchasing/Runtime/Purchasing/' contains multiple assembly definition files (Packages/com.unity.purchasing/Runtime/Purchasing/UnityEngine.Purchasing.asmdef)
Folder 'Packages/com.unity.purchasing/Runtime/Purchasing/' contains multiple assembly definition files (Packages/com.unity.purchasing/Runtime/Purchasing/Unity.Purchasing.asmdef)
Folder 'Packages/com.unity.purchasing/Runtime/AppleMacosStub/' contains multiple assembly definition files (Packages/com.unity.purchasing/Runtime/AppleMacosStub/UnityEngine.Purchasing.AppleMacosStub.asmdef)
Folder 'Packages/com.unity.purchasing/Runtime/AppleMacosStub/' contains multiple assembly definition files (Packages/com.unity.purchasing/Runtime/AppleMacosStub/Unity.Purchasing.AppleMacosStub.asmdef)
Folder 'Packages/com.unity.purchasing/Runtime/AppleStub/' contains multiple assembly definition files (Packages/com.unity.purchasing/Runtime/AppleStub/Unity.Purchasing.AppleStub.asmdef)
Folder 'Packages/com.unity.purchasing/Runtime/AppleStub/' contains multiple assembly definition files (Packages/com.unity.purchasing/Runtime/AppleStub/UnityEngine.Purchasing.AppleStub.asmdef)
Folder 'Packages/com.unity.purchasing/Runtime/AppleMacos/' contains multiple assembly definition files (Packages/com.unity.purchasing/Runtime/AppleMacos/UnityEngine.Purchasing.AppleMacos.asmdef)
Folder 'Packages/com.unity.purchasing/Runtime/AppleMacos/' contains multiple assembly definition files (Packages/com.unity.purchasing/Runtime/AppleMacos/Unity.Purchasing.AppleMacos.asmdef)
Folder 'Packages/com.unity.purchasing/Runtime/Codeless/' contains multiple assembly definition files (Packages/com.unity.purchasing/Runtime/Codeless/Unity.Purchasing.Codeless.asmdef)
Folder 'Packages/com.unity.purchasing/Runtime/Codeless/' contains multiple assembly definition files (Packages/com.unity.purchasing/Runtime/Codeless/UnityEngine.Purchasing.Codeless.asmdef)
ArgumentException: An item with the same key has already been added. Key: 400f2260dd8d285419d1db99999109aa
  at System.Collections.Generic.Dictionary`2[TKey,TValue].TryInsert (TKey key, TValue value, System.Collections.Generic.InsertionBehavior behavior) [0x0015a] in <c5eeda5e65d44b388e164c6c5cfe0702>:0 
  at System.Collections.Generic.Dictionary`2[TKey,TValue].Add (TKey key, TValue value) [0x00000] in <c5eeda5e65d44b388e164c6c5cfe0702>:0 
  at System.Linq.Enumerable.ToDictionary[TSource,TKey,TElement] (TSource[] source, System.Func`2[T,TResult] keySelector, System.Func`2[T,TResult] elementSelector, System.Collections.Generic.IEqualityComparer`1[T] comparer) [0x00029] in <8203c5af529241e2a5cc4b3c5a3dc69a>:0 
  at System.Linq.Enumerable.ToDictionary[TSource,TKey,TElement] (System.Collections.Generic.IEnumerable`1[T] source, System.Func`2[T,TResult] keySelector, System.Func`2[T,TResult] elementSelector, System.Collections.Generic.IEqualityComparer`1[T] comparer) [0x00051] in <8203c5af529241e2a5cc4b3c5a3dc69a>:0 
  at System.Linq.Enumerable.ToDictionary[TSource,TKey,TElement] (System.Collections.Generic.IEnumerable`1[T] source, System.Func`2[T,TResult] keySelector, System.Func`2[T,TResult] elementSelector) [0x00000] in <8203c5af529241e2a5cc4b3c5a3dc69a>:0 
  at UnityEditor.Scripting.ScriptCompilation.AssemblyGraphBuilder.Initialize (System.Collections.Generic.IReadOnlyCollection`1[T] assemblies, System.Collections.Generic.IReadOnlyCollection`1[T] customScriptAssemblyReferences) [0x00046] in /Users/bokken/build/output/unity/unity/Editor/Mono/Scripting/ScriptCompilation/AssemblyGraphBuilder.cs:85 
  at UnityEditor.Scripting.ScriptCompilation.AssemblyGraphBuilderFactory.GetOrCreate (System.String projectPath, System.Collections.Generic.IReadOnlyCollection`1[T] assemblies, System.Collections.Generic.IReadOnlyCollection`1[T] customScriptAssemblyReferences) [0x00038] in /Users/bokken/build/output/unity/unity/Editor/Mono/Scripting/ScriptCompilation/AssemblyGraphBuilderFactory.cs:54 
  at UnityEditor.Scripting.ScriptCompilation.EditorCompilation.GetAssemblyGraphBuilder () [0x00001] in /Users/bokken/build/output/unity/unity/Editor/Mono/Scripting/ScriptCompilation/EditorCompilation.cs:170 
  at UnityEditor.Scripting.ScriptCompilation.EditorCompilation.SetAllScripts (System.String[] allScripts) [0x0000d] in /Users/bokken/build/output/unity/unity/Editor/Mono/Scripting/ScriptCompilation/EditorCompilation.cs:178 
  at UnityEditor.Scripting.ScriptCompilation.EditorCompilationInterface.SetAllScripts (System.String[] allScripts) [0x00001] in /Users/bokken/build/output/unity/unity/Editor/Mono/Scripting/ScriptCompilation/EditorCompilationInterface.cs:79 

(Filename: /Users/bokken/build/output/unity/unity/Editor/Mono/Scripting/ScriptCompilation/AssemblyGraphBuilder.cs Line: 85)

Refreshing native plugins compatible for Editor in 3.58 ms, found 1 plugins.
[Package Manager] Failed to launch server process. Reason: Unity was launched with the -noUpm command-line argument
[Package Manager] Unable to send message (not connected to server process).
[Package Manager] Cannot connect to Unity Package Manager local server
ScheduleIndexationOnStartup MainProcess:False IndexOnStartup:True
Mono: successfully reloaded assembly
- Finished resetting the current domain, in  0.963 seconds
Domain Reload Profiling: 1435ms
	BeginReloadAssembly (109ms)
		ExecutionOrderSort (0ms)
		DisableScriptedObjects (3ms)
		BackupInstance (0ms)
		ReleaseScriptingObjects (0ms)
		CreateAndSetChildDomain (37ms)
	RebuildCommonClasses (26ms)
	RebuildNativeTypeToScriptingClass (10ms)
	initialDomainReloadingComplete (15ms)
	LoadAllAssembliesAndSetupDomain (313ms)
		LoadAssemblies (216ms)
		RebuildTransferFunctionScriptingTraits (0ms)
		AnalyzeDomain (124ms)
			TypeCache.Refresh (7ms)
				TypeCache.ScanAssembly (0ms)
			BuildScriptInfoCaches (110ms)
			ResolveRequiredComponents (3ms)
	FinalizeReload (963ms)
		ReleaseScriptCaches (0ms)
		RebuildScriptCaches (0ms)
		SetupLoadedEditorAssemblies (867ms)
			LogAssemblyErrors (0ms)
			InitializePlatformSupportModulesInManaged (12ms)
			SetLoadedEditorAssemblies (3ms)
			BeforeProcessingInitializeOnLoad (101ms)
			ProcessInitializeOnLoadAttributes (690ms)
			ProcessInitializeOnLoadMethodAttributes (59ms)
			AfterProcessingInitializeOnLoad (1ms)
			EditorAssembliesLoaded (0ms)
		ExecutionOrderSort2 (0ms)
		AwakeInstancesAfterBackupRestoration (3ms)
Refreshing native plugins compatible for Editor in 3.53 ms, found 1 plugins.
Preloading 0 native plugins for Editor in 0.00 ms.
Unloading 29 Unused Serialized files (Serialized files now loaded: 0)
Unloading 6234 unused Assets / (4.3 MB). Loaded Objects now: 7012.
Memory consumption went from 142.5 MB to 138.2 MB.
Total: 20.928042 ms (FindLiveObjects: 0.333625 ms CreateObjectMapping: 0.187042 ms MarkObjects: 18.998166 ms  DeleteObjects: 1.408250 ms)

Prepare: number of updated asset objects reloaded= 0
========================================================================
Received Prepare
Refreshing native plugins compatible for Editor in 3.79 ms, found 1 plugins.
Preloading 0 native plugins for Editor in 0.00 ms.
Unloading 29 Unused Serialized files (Serialized files now loaded: 0)
Unloading 6162 unused Assets / (4.3 MB). Loaded Objects now: 7012.
Memory consumption went from 125.2 MB to 121.0 MB.
Total: 20.894625 ms (FindLiveObjects: 0.309084 ms CreateObjectMapping: 0.226459 ms MarkObjects: 18.989208 ms  DeleteObjects: 1.366333 ms)

Prepare: number of updated asset objects reloaded= 0
========================================================================
Received Prepare
[Licensing::Client] Successfully resolved entitlement details
Folder 'Packages/com.unity.purchasing/Runtime/Apple/' contains multiple assembly definition files (Packages/com.unity.purchasing/Runtime/Apple/UnityEngine.Purchasing.Apple.asmdef)
Folder 'Packages/com.unity.purchasing/Runtime/Apple/' contains multiple assembly definition files (Packages/com.unity.purchasing/Runtime/Apple/Unity.Purchasing.Apple.asmdef)
Folder 'Packages/com.unity.purchasing/Runtime/SecurityStub/' contains multiple assembly definition files (Packages/com.unity.purchasing/Runtime/SecurityStub/UnityEngine.Purchasing.SecurityStub.asmdef)
Folder 'Packages/com.unity.purchasing/Runtime/SecurityStub/' contains multiple assembly definition files (Packages/com.unity.purchasing/Runtime/SecurityStub/Unity.Purchasing.SecurityStub.asmdef)
Folder 'Packages/com.unity.purchasing/Runtime/Security/' contains multiple assembly definition files (Packages/com.unity.purchasing/Runtime/Security/Unity.Purchasing.Security.asmdef)
Folder 'Packages/com.unity.purchasing/Runtime/Security/' contains multiple assembly definition files (Packages/com.unity.purchasing/Runtime/Security/UnityEngine.Purchasing.Security.asmdef)
Folder 'Packages/com.unity.purchasing/Runtime/Stores/' contains multiple assembly definition files (Packages/com.unity.purchasing/Runtime/Stores/UnityEngine.Purchasing.Stores.asmdef)
Folder 'Packages/com.unity.purchasing/Runtime/Stores/' contains multiple assembly definition files (Packages/com.unity.purchasing/Runtime/Stores/Unity.Purchasing.Stores.asmdef)
Folder 'Packages/com.unity.purchasing/Runtime/SecurityCore/' contains multiple assembly definition files (Packages/com.unity.purchasing/Runtime/SecurityCore/Unity.Purchasing.SecurityCore.asmdef)
Folder 'Packages/com.unity.purchasing/Runtime/SecurityCore/' contains multiple assembly definition files (Packages/com.unity.purchasing/Runtime/SecurityCore/UnityEngine.Purchasing.SecurityCore.asmdef)
Folder 'Packages/com.unity.purchasing/Runtime/Purchasing/' contains multiple assembly definition files (Packages/com.unity.purchasing/Runtime/Purchasing/UnityEngine.Purchasing.asmdef)
Folder 'Packages/com.unity.purchasing/Runtime/Purchasing/' contains multiple assembly definition files (Packages/com.unity.purchasing/Runtime/Purchasing/Unity.Purchasing.asmdef)
Folder 'Packages/com.unity.purchasing/Runtime/AppleMacosStub/' contains multiple assembly definition files (Packages/com.unity.purchasing/Runtime/AppleMacosStub/UnityEngine.Purchasing.AppleMacosStub.asmdef)
Folder 'Packages/com.unity.purchasing/Runtime/AppleMacosStub/' contains multiple assembly definition files (Packages/com.unity.purchasing/Runtime/AppleMacosStub/Unity.Purchasing.AppleMacosStub.asmdef)
Folder 'Packages/com.unity.purchasing/Runtime/AppleStub/' contains multiple assembly definition files (Packages/com.unity.purchasing/Runtime/AppleStub/Unity.Purchasing.AppleStub.asmdef)
Folder 'Packages/com.unity.purchasing/Runtime/AppleStub/' contains multiple assembly definition files (Packages/com.unity.purchasing/Runtime/AppleStub/UnityEngine.Purchasing.AppleStub.asmdef)
Folder 'Packages/com.unity.purchasing/Runtime/AppleMacos/' contains multiple assembly definition files (Packages/com.unity.purchasing/Runtime/AppleMacos/UnityEngine.Purchasing.AppleMacos.asmdef)
Folder 'Packages/com.unity.purchasing/Runtime/AppleMacos/' contains multiple assembly definition files (Packages/com.unity.purchasing/Runtime/AppleMacos/Unity.Purchasing.AppleMacos.asmdef)
Folder 'Packages/com.unity.purchasing/Runtime/Codeless/' contains multiple assembly definition files (Packages/com.unity.purchasing/Runtime/Codeless/Unity.Purchasing.Codeless.asmdef)
Folder 'Packages/com.unity.purchasing/Runtime/Codeless/' contains multiple assembly definition files (Packages/com.unity.purchasing/Runtime/Codeless/UnityEngine.Purchasing.Codeless.asmdef)
ArgumentException: An item with the same key has already been added. Key: 400f2260dd8d285419d1db99999109aa
  at System.Collections.Generic.Dictionary`2[TKey,TValue].TryInsert (TKey key, TValue value, System.Collections.Generic.InsertionBehavior behavior) [0x0015a] in <c5eeda5e65d44b388e164c6c5cfe0702>:0 
  at System.Collections.Generic.Dictionary`2[TKey,TValue].Add (TKey key, TValue value) [0x00000] in <c5eeda5e65d44b388e164c6c5cfe0702>:0 
  at System.Linq.Enumerable.ToDictionary[TSource,TKey,TElement] (TSource[] source, System.Func`2[T,TResult] keySelector, System.Func`2[T,TResult] elementSelector, System.Collections.Generic.IEqualityComparer`1[T] comparer) [0x00029] in <8203c5af529241e2a5cc4b3c5a3dc69a>:0 
  at System.Linq.Enumerable.ToDictionary[TSource,TKey,TElement] (System.Collections.Generic.IEnumerable`1[T] source, System.Func`2[T,TResult] keySelector, System.Func`2[T,TResult] elementSelector, System.Collections.Generic.IEqualityComparer`1[T] comparer) [0x00051] in <8203c5af529241e2a5cc4b3c5a3dc69a>:0 
  at System.Linq.Enumerable.ToDictionary[TSource,TKey,TElement] (System.Collections.Generic.IEnumerable`1[T] source, System.Func`2[T,TResult] keySelector, System.Func`2[T,TResult] elementSelector) [0x00000] in <8203c5af529241e2a5cc4b3c5a3dc69a>:0 
  at UnityEditor.Scripting.ScriptCompilation.AssemblyGraphBuilder.Initialize (System.Collections.Generic.IReadOnlyCollection`1[T] assemblies, System.Collections.Generic.IReadOnlyCollection`1[T] customScriptAssemblyReferences) [0x00046] in /Users/bokken/build/output/unity/unity/Editor/Mono/Scripting/ScriptCompilation/AssemblyGraphBuilder.cs:85 
  at UnityEditor.Scripting.ScriptCompilation.AssemblyGraphBuilderFactory.GetOrCreate (System.String projectPath, System.Collections.Generic.IReadOnlyCollection`1[T] assemblies, System.Collections.Generic.IReadOnlyCollection`1[T] customScriptAssemblyReferences) [0x00038] in /Users/bokken/build/output/unity/unity/Editor/Mono/Scripting/ScriptCompilation/AssemblyGraphBuilderFactory.cs:54 
  at UnityEditor.Scripting.ScriptCompilation.EditorCompilation.GetAssemblyGraphBuilder () [0x00001] in /Users/bokken/build/output/unity/unity/Editor/Mono/Scripting/ScriptCompilation/EditorCompilation.cs:170 
  at UnityEditor.Scripting.ScriptCompilation.EditorCompilation.SetAllScripts (System.String[] allScripts) [0x0000d] in /Users/bokken/build/output/unity/unity/Editor/Mono/Scripting/ScriptCompilation/EditorCompilation.cs:178 
  at UnityEditor.Scripting.ScriptCompilation.EditorCompilationInterface.SetAllScripts (System.String[] allScripts) [0x00001] in /Users/bokken/build/output/unity/unity/Editor/Mono/Scripting/ScriptCompilation/EditorCompilationInterface.cs:79 

(Filename: /Users/bokken/build/output/unity/unity/Editor/Mono/Scripting/ScriptCompilation/AssemblyGraphBuilder.cs Line: 85)

Folder 'Packages/com.unity.purchasing/Runtime/Apple/' contains multiple assembly definition files (Packages/com.unity.purchasing/Runtime/Apple/UnityEngine.Purchasing.Apple.asmdef)
Folder 'Packages/com.unity.purchasing/Runtime/Apple/' contains multiple assembly definition files (Packages/com.unity.purchasing/Runtime/Apple/Unity.Purchasing.Apple.asmdef)
Folder 'Packages/com.unity.purchasing/Runtime/SecurityStub/' contains multiple assembly definition files (Packages/com.unity.purchasing/Runtime/SecurityStub/UnityEngine.Purchasing.SecurityStub.asmdef)
Folder 'Packages/com.unity.purchasing/Runtime/SecurityStub/' contains multiple assembly definition files (Packages/com.unity.purchasing/Runtime/SecurityStub/Unity.Purchasing.SecurityStub.asmdef)
Folder 'Packages/com.unity.purchasing/Runtime/Security/' contains multiple assembly definition files (Packages/com.unity.purchasing/Runtime/Security/Unity.Purchasing.Security.asmdef)
Folder 'Packages/com.unity.purchasing/Runtime/Security/' contains multiple assembly definition files (Packages/com.unity.purchasing/Runtime/Security/UnityEngine.Purchasing.Security.asmdef)
Folder 'Packages/com.unity.purchasing/Runtime/Stores/' contains multiple assembly definition files (Packages/com.unity.purchasing/Runtime/Stores/UnityEngine.Purchasing.Stores.asmdef)
Folder 'Packages/com.unity.purchasing/Runtime/Stores/' contains multiple assembly definition files (Packages/com.unity.purchasing/Runtime/Stores/Unity.Purchasing.Stores.asmdef)
Folder 'Packages/com.unity.purchasing/Runtime/SecurityCore/' contains multiple assembly definition files (Packages/com.unity.purchasing/Runtime/SecurityCore/Unity.Purchasing.SecurityCore.asmdef)
Folder 'Packages/com.unity.purchasing/Runtime/SecurityCore/' contains multiple assembly definition files (Packages/com.unity.purchasing/Runtime/SecurityCore/UnityEngine.Purchasing.SecurityCore.asmdef)
Folder 'Packages/com.unity.purchasing/Runtime/Purchasing/' contains multiple assembly definition files (Packages/com.unity.purchasing/Runtime/Purchasing/UnityEngine.Purchasing.asmdef)
Folder 'Packages/com.unity.purchasing/Runtime/Purchasing/' contains multiple assembly definition files (Packages/com.unity.purchasing/Runtime/Purchasing/Unity.Purchasing.asmdef)
Folder 'Packages/com.unity.purchasing/Runtime/AppleMacosStub/' contains multiple assembly definition files (Packages/com.unity.purchasing/Runtime/AppleMacosStub/UnityEngine.Purchasing.AppleMacosStub.asmdef)
Folder 'Packages/com.unity.purchasing/Runtime/AppleMacosStub/' contains multiple assembly definition files (Packages/com.unity.purchasing/Runtime/AppleMacosStub/Unity.Purchasing.AppleMacosStub.asmdef)
Folder 'Packages/com.unity.purchasing/Runtime/AppleStub/' contains multiple assembly definition files (Packages/com.unity.purchasing/Runtime/AppleStub/Unity.Purchasing.AppleStub.asmdef)
Folder 'Packages/com.unity.purchasing/Runtime/AppleStub/' contains multiple assembly definition files (Packages/com.unity.purchasing/Runtime/AppleStub/UnityEngine.Purchasing.AppleStub.asmdef)
Folder 'Packages/com.unity.purchasing/Runtime/AppleMacos/' contains multiple assembly definition files (Packages/com.unity.purchasing/Runtime/AppleMacos/UnityEngine.Purchasing.AppleMacos.asmdef)
Folder 'Packages/com.unity.purchasing/Runtime/AppleMacos/' contains multiple assembly definition files (Packages/com.unity.purchasing/Runtime/AppleMacos/Unity.Purchasing.AppleMacos.asmdef)
Folder 'Packages/com.unity.purchasing/Runtime/Codeless/' contains multiple assembly definition files (Packages/com.unity.purchasing/Runtime/Codeless/Unity.Purchasing.Codeless.asmdef)
Folder 'Packages/com.unity.purchasing/Runtime/Codeless/' contains multiple assembly definition files (Packages/com.unity.purchasing/Runtime/Codeless/UnityEngine.Purchasing.Codeless.asmdef)
ArgumentException: An item with the same key has already been added. Key: 400f2260dd8d285419d1db99999109aa
  at System.Collections.Generic.Dictionary`2[TKey,TValue].TryInsert (TKey key, TValue value, System.Collections.Generic.InsertionBehavior behavior) [0x0015a] in <c5eeda5e65d44b388e164c6c5cfe0702>:0 
  at System.Collections.Generic.Dictionary`2[TKey,TValue].Add (TKey key, TValue value) [0x00000] in <c5eeda5e65d44b388e164c6c5cfe0702>:0 
  at System.Linq.Enumerable.ToDictionary[TSource,TKey,TElement] (TSource[] source, System.Func`2[T,TResult] keySelector, System.Func`2[T,TResult] elementSelector, System.Collections.Generic.IEqualityComparer`1[T] comparer) [0x00029] in <8203c5af529241e2a5cc4b3c5a3dc69a>:0 
  at System.Linq.Enumerable.ToDictionary[TSource,TKey,TElement] (System.Collections.Generic.IEnumerable`1[T] source, System.Func`2[T,TResult] keySelector, System.Func`2[T,TResult] elementSelector, System.Collections.Generic.IEqualityComparer`1[T] comparer) [0x00051] in <8203c5af529241e2a5cc4b3c5a3dc69a>:0 
  at System.Linq.Enumerable.ToDictionary[TSource,TKey,TElement] (System.Collections.Generic.IEnumerable`1[T] source, System.Func`2[T,TResult] keySelector, System.Func`2[T,TResult] elementSelector) [0x00000] in <8203c5af529241e2a5cc4b3c5a3dc69a>:0 
  at UnityEditor.Scripting.ScriptCompilation.AssemblyGraphBuilder.Initialize (System.Collections.Generic.IReadOnlyCollection`1[T] assemblies, System.Collections.Generic.IReadOnlyCollection`1[T] customScriptAssemblyReferences) [0x00046] in /Users/bokken/build/output/unity/unity/Editor/Mono/Scripting/ScriptCompilation/AssemblyGraphBuilder.cs:85 
  at UnityEditor.Scripting.ScriptCompilation.AssemblyGraphBuilderFactory.GetOrCreate (System.String projectPath, System.Collections.Generic.IReadOnlyCollection`1[T] assemblies, System.Collections.Generic.IReadOnlyCollection`1[T] customScriptAssemblyReferences) [0x00038] in /Users/bokken/build/output/unity/unity/Editor/Mono/Scripting/ScriptCompilation/AssemblyGraphBuilderFactory.cs:54 
  at UnityEditor.Scripting.ScriptCompilation.EditorCompilation.GetAssemblyGraphBuilder () [0x00001] in /Users/bokken/build/output/unity/unity/Editor/Mono/Scripting/ScriptCompilation/EditorCompilation.cs:170 
  at UnityEditor.Scripting.ScriptCompilation.EditorCompilation.SetAllScripts (System.String[] allScripts) [0x0000d] in /Users/bokken/build/output/unity/unity/Editor/Mono/Scripting/ScriptCompilation/EditorCompilation.cs:178 
  at UnityEditor.Scripting.ScriptCompilation.EditorCompilationInterface.SetAllScripts (System.String[] allScripts) [0x00001] in /Users/bokken/build/output/unity/unity/Editor/Mono/Scripting/ScriptCompilation/EditorCompilationInterface.cs:79 

(Filename: /Users/bokken/build/output/unity/unity/Editor/Mono/Scripting/ScriptCompilation/AssemblyGraphBuilder.cs Line: 85)

Begin MonoManager ReloadAssembly
[Licensing::Client] Successfully resolved entitlement details
Thread 0x16da47000 may have been prematurely finalized
Symbol file LoadedFromMemory is not a mono symbol file
- Loaded All Assemblies, in  0.492 seconds
Folder 'Packages/com.unity.purchasing/Runtime/Apple/' contains multiple assembly definition files (Packages/com.unity.purchasing/Runtime/Apple/UnityEngine.Purchasing.Apple.asmdef)
Folder 'Packages/com.unity.purchasing/Runtime/Apple/' contains multiple assembly definition files (Packages/com.unity.purchasing/Runtime/Apple/Unity.Purchasing.Apple.asmdef)
Folder 'Packages/com.unity.purchasing/Runtime/SecurityStub/' contains multiple assembly definition files (Packages/com.unity.purchasing/Runtime/SecurityStub/UnityEngine.Purchasing.SecurityStub.asmdef)
Folder 'Packages/com.unity.purchasing/Runtime/SecurityStub/' contains multiple assembly definition files (Packages/com.unity.purchasing/Runtime/SecurityStub/Unity.Purchasing.SecurityStub.asmdef)
Folder 'Packages/com.unity.purchasing/Runtime/Security/' contains multiple assembly definition files (Packages/com.unity.purchasing/Runtime/Security/Unity.Purchasing.Security.asmdef)
Folder 'Packages/com.unity.purchasing/Runtime/Security/' contains multiple assembly definition files (Packages/com.unity.purchasing/Runtime/Security/UnityEngine.Purchasing.Security.asmdef)
Folder 'Packages/com.unity.purchasing/Runtime/Stores/' contains multiple assembly definition files (Packages/com.unity.purchasing/Runtime/Stores/UnityEngine.Purchasing.Stores.asmdef)
Folder 'Packages/com.unity.purchasing/Runtime/Stores/' contains multiple assembly definition files (Packages/com.unity.purchasing/Runtime/Stores/Unity.Purchasing.Stores.asmdef)
Folder 'Packages/com.unity.purchasing/Runtime/SecurityCore/' contains multiple assembly definition files (Packages/com.unity.purchasing/Runtime/SecurityCore/Unity.Purchasing.SecurityCore.asmdef)
Folder 'Packages/com.unity.purchasing/Runtime/SecurityCore/' contains multiple assembly definition files (Packages/com.unity.purchasing/Runtime/SecurityCore/UnityEngine.Purchasing.SecurityCore.asmdef)
Folder 'Packages/com.unity.purchasing/Runtime/Purchasing/' contains multiple assembly definition files (Packages/com.unity.purchasing/Runtime/Purchasing/UnityEngine.Purchasing.asmdef)
Folder 'Packages/com.unity.purchasing/Runtime/Purchasing/' contains multiple assembly definition files (Packages/com.unity.purchasing/Runtime/Purchasing/Unity.Purchasing.asmdef)
Folder 'Packages/com.unity.purchasing/Runtime/AppleMacosStub/' contains multiple assembly definition files (Packages/com.unity.purchasing/Runtime/AppleMacosStub/UnityEngine.Purchasing.AppleMacosStub.asmdef)
Folder 'Packages/com.unity.purchasing/Runtime/AppleMacosStub/' contains multiple assembly definition files (Packages/com.unity.purchasing/Runtime/AppleMacosStub/Unity.Purchasing.AppleMacosStub.asmdef)
Folder 'Packages/com.unity.purchasing/Runtime/AppleStub/' contains multiple assembly definition files (Packages/com.unity.purchasing/Runtime/AppleStub/Unity.Purchasing.AppleStub.asmdef)
Folder 'Packages/com.unity.purchasing/Runtime/AppleStub/' contains multiple assembly definition files (Packages/com.unity.purchasing/Runtime/AppleStub/UnityEngine.Purchasing.AppleStub.asmdef)
Folder 'Packages/com.unity.purchasing/Runtime/AppleMacos/' contains multiple assembly definition files (Packages/com.unity.purchasing/Runtime/AppleMacos/UnityEngine.Purchasing.AppleMacos.asmdef)
Folder 'Packages/com.unity.purchasing/Runtime/AppleMacos/' contains multiple assembly definition files (Packages/com.unity.purchasing/Runtime/AppleMacos/Unity.Purchasing.AppleMacos.asmdef)
Folder 'Packages/com.unity.purchasing/Runtime/Codeless/' contains multiple assembly definition files (Packages/com.unity.purchasing/Runtime/Codeless/Unity.Purchasing.Codeless.asmdef)
Folder 'Packages/com.unity.purchasing/Runtime/Codeless/' contains multiple assembly definition files (Packages/com.unity.purchasing/Runtime/Codeless/UnityEngine.Purchasing.Codeless.asmdef)
ArgumentException: An item with the same key has already been added. Key: 400f2260dd8d285419d1db99999109aa
  at System.Collections.Generic.Dictionary`2[TKey,TValue].TryInsert (TKey key, TValue value, System.Collections.Generic.InsertionBehavior behavior) [0x0015a] in <c5eeda5e65d44b388e164c6c5cfe0702>:0 
  at System.Collections.Generic.Dictionary`2[TKey,TValue].Add (TKey key, TValue value) [0x00000] in <c5eeda5e65d44b388e164c6c5cfe0702>:0 
  at System.Linq.Enumerable.ToDictionary[TSource,TKey,TElement] (TSource[] source, System.Func`2[T,TResult] keySelector, System.Func`2[T,TResult] elementSelector, System.Collections.Generic.IEqualityComparer`1[T] comparer) [0x00029] in <8203c5af529241e2a5cc4b3c5a3dc69a>:0 
  at System.Linq.Enumerable.ToDictionary[TSource,TKey,TElement] (System.Collections.Generic.IEnumerable`1[T] source, System.Func`2[T,TResult] keySelector, System.Func`2[T,TResult] elementSelector, System.Collections.Generic.IEqualityComparer`1[T] comparer) [0x00051] in <8203c5af529241e2a5cc4b3c5a3dc69a>:0 
  at System.Linq.Enumerable.ToDictionary[TSource,TKey,TElement] (System.Collections.Generic.IEnumerable`1[T] source, System.Func`2[T,TResult] keySelector, System.Func`2[T,TResult] elementSelector) [0x00000] in <8203c5af529241e2a5cc4b3c5a3dc69a>:0 
  at UnityEditor.Scripting.ScriptCompilation.AssemblyGraphBuilder.Initialize (System.Collections.Generic.IReadOnlyCollection`1[T] assemblies, System.Collections.Generic.IReadOnlyCollection`1[T] customScriptAssemblyReferences) [0x00046] in /Users/bokken/build/output/unity/unity/Editor/Mono/Scripting/ScriptCompilation/AssemblyGraphBuilder.cs:85 
  at UnityEditor.Scripting.ScriptCompilation.AssemblyGraphBuilderFactory.GetOrCreate (System.String projectPath, System.Collections.Generic.IReadOnlyCollection`1[T] assemblies, System.Collections.Generic.IReadOnlyCollection`1[T] customScriptAssemblyReferences) [0x00038] in /Users/bokken/build/output/unity/unity/Editor/Mono/Scripting/ScriptCompilation/AssemblyGraphBuilderFactory.cs:54 
  at UnityEditor.Scripting.ScriptCompilation.EditorCompilation.GetAssemblyGraphBuilder () [0x00001] in /Users/bokken/build/output/unity/unity/Editor/Mono/Scripting/ScriptCompilation/EditorCompilation.cs:170 
  at UnityEditor.Scripting.ScriptCompilation.EditorCompilation.SetAllScripts (System.String[] allScripts) [0x0000d] in /Users/bokken/build/output/unity/unity/Editor/Mono/Scripting/ScriptCompilation/EditorCompilation.cs:178 
  at UnityEditor.Scripting.ScriptCompilation.EditorCompilationInterface.SetAllScripts (System.String[] allScripts) [0x00001] in /Users/bokken/build/output/unity/unity/Editor/Mono/Scripting/ScriptCompilation/EditorCompilationInterface.cs:79 

(Filename: /Users/bokken/build/output/unity/unity/Editor/Mono/Scripting/ScriptCompilation/AssemblyGraphBuilder.cs Line: 85)

Refreshing native plugins compatible for Editor in 3.52 ms, found 1 plugins.
Native extension for iOS target not found
Native extension for Android target not found
Native extension for OSXStandalone target not found
Native extension for WebGL target not found
Folder 'Packages/com.unity.purchasing/Runtime/Apple/' contains multiple assembly definition files (Packages/com.unity.purchasing/Runtime/Apple/UnityEngine.Purchasing.Apple.asmdef)
Folder 'Packages/com.unity.purchasing/Runtime/Apple/' contains multiple assembly definition files (Packages/com.unity.purchasing/Runtime/Apple/Unity.Purchasing.Apple.asmdef)
Folder 'Packages/com.unity.purchasing/Runtime/SecurityStub/' contains multiple assembly definition files (Packages/com.unity.purchasing/Runtime/SecurityStub/UnityEngine.Purchasing.SecurityStub.asmdef)
Folder 'Packages/com.unity.purchasing/Runtime/SecurityStub/' contains multiple assembly definition files (Packages/com.unity.purchasing/Runtime/SecurityStub/Unity.Purchasing.SecurityStub.asmdef)
Folder 'Packages/com.unity.purchasing/Runtime/Security/' contains multiple assembly definition files (Packages/com.unity.purchasing/Runtime/Security/Unity.Purchasing.Security.asmdef)
Folder 'Packages/com.unity.purchasing/Runtime/Security/' contains multiple assembly definition files (Packages/com.unity.purchasing/Runtime/Security/UnityEngine.Purchasing.Security.asmdef)
Folder 'Packages/com.unity.purchasing/Runtime/Stores/' contains multiple assembly definition files (Packages/com.unity.purchasing/Runtime/Stores/UnityEngine.Purchasing.Stores.asmdef)
Folder 'Packages/com.unity.purchasing/Runtime/Stores/' contains multiple assembly definition files (Packages/com.unity.purchasing/Runtime/Stores/Unity.Purchasing.Stores.asmdef)
Folder 'Packages/com.unity.purchasing/Runtime/SecurityCore/' contains multiple assembly definition files (Packages/com.unity.purchasing/Runtime/SecurityCore/Unity.Purchasing.SecurityCore.asmdef)
Folder 'Packages/com.unity.purchasing/Runtime/SecurityCore/' contains multiple assembly definition files (Packages/com.unity.purchasing/Runtime/SecurityCore/UnityEngine.Purchasing.SecurityCore.asmdef)
Folder 'Packages/com.unity.purchasing/Runtime/Purchasing/' contains multiple assembly definition files (Packages/com.unity.purchasing/Runtime/Purchasing/UnityEngine.Purchasing.asmdef)
Folder 'Packages/com.unity.purchasing/Runtime/Purchasing/' contains multiple assembly definition files (Packages/com.unity.purchasing/Runtime/Purchasing/Unity.Purchasing.asmdef)
Folder 'Packages/com.unity.purchasing/Runtime/AppleMacosStub/' contains multiple assembly definition files (Packages/com.unity.purchasing/Runtime/AppleMacosStub/UnityEngine.Purchasing.AppleMacosStub.asmdef)
Folder 'Packages/com.unity.purchasing/Runtime/AppleMacosStub/' contains multiple assembly definition files (Packages/com.unity.purchasing/Runtime/AppleMacosStub/Unity.Purchasing.AppleMacosStub.asmdef)
Folder 'Packages/com.unity.purchasing/Runtime/AppleStub/' contains multiple assembly definition files (Packages/com.unity.purchasing/Runtime/AppleStub/Unity.Purchasing.AppleStub.asmdef)
Folder 'Packages/com.unity.purchasing/Runtime/AppleStub/' contains multiple assembly definition files (Packages/com.unity.purchasing/Runtime/AppleStub/UnityEngine.Purchasing.AppleStub.asmdef)
Folder 'Packages/com.unity.purchasing/Runtime/AppleMacos/' contains multiple assembly definition files (Packages/com.unity.purchasing/Runtime/AppleMacos/UnityEngine.Purchasing.AppleMacos.asmdef)
Folder 'Packages/com.unity.purchasing/Runtime/AppleMacos/' contains multiple assembly definition files (Packages/com.unity.purchasing/Runtime/AppleMacos/Unity.Purchasing.AppleMacos.asmdef)
Folder 'Packages/com.unity.purchasing/Runtime/Codeless/' contains multiple assembly definition files (Packages/com.unity.purchasing/Runtime/Codeless/Unity.Purchasing.Codeless.asmdef)
Folder 'Packages/com.unity.purchasing/Runtime/Codeless/' contains multiple assembly definition files (Packages/com.unity.purchasing/Runtime/Codeless/UnityEngine.Purchasing.Codeless.asmdef)
ArgumentException: An item with the same key has already been added. Key: 400f2260dd8d285419d1db99999109aa
  at System.Collections.Generic.Dictionary`2[TKey,TValue].TryInsert (TKey key, TValue value, System.Collections.Generic.InsertionBehavior behavior) [0x0015a] in <c5eeda5e65d44b388e164c6c5cfe0702>:0 
  at System.Collections.Generic.Dictionary`2[TKey,TValue].Add (TKey key, TValue value) [0x00000] in <c5eeda5e65d44b388e164c6c5cfe0702>:0 
  at System.Linq.Enumerable.ToDictionary[TSource,TKey,TElement] (TSource[] source, System.Func`2[T,TResult] keySelector, System.Func`2[T,TResult] elementSelector, System.Collections.Generic.IEqualityComparer`1[T] comparer) [0x00029] in <8203c5af529241e2a5cc4b3c5a3dc69a>:0 
  at System.Linq.Enumerable.ToDictionary[TSource,TKey,TElement] (System.Collections.Generic.IEnumerable`1[T] source, System.Func`2[T,TResult] keySelector, System.Func`2[T,TResult] elementSelector, System.Collections.Generic.IEqualityComparer`1[T] comparer) [0x00051] in <8203c5af529241e2a5cc4b3c5a3dc69a>:0 
  at System.Linq.Enumerable.ToDictionary[TSource,TKey,TElement] (System.Collections.Generic.IEnumerable`1[T] source, System.Func`2[T,TResult] keySelector, System.Func`2[T,TResult] elementSelector) [0x00000] in <8203c5af529241e2a5cc4b3c5a3dc69a>:0 
  at UnityEditor.Scripting.ScriptCompilation.AssemblyGraphBuilder.Initialize (System.Collections.Generic.IReadOnlyCollection`1[T] assemblies, System.Collections.Generic.IReadOnlyCollection`1[T] customScriptAssemblyReferences) [0x00046] in /Users/bokken/build/output/unity/unity/Editor/Mono/Scripting/ScriptCompilation/AssemblyGraphBuilder.cs:85 
  at UnityEditor.Scripting.ScriptCompilation.AssemblyGraphBuilderFactory.GetOrCreate (System.String projectPath, System.Collections.Generic.IReadOnlyCollection`1[T] assemblies, System.Collections.Generic.IReadOnlyCollection`1[T] customScriptAssemblyReferences) [0x00038] in /Users/bokken/build/output/unity/unity/Editor/Mono/Scripting/ScriptCompilation/AssemblyGraphBuilderFactory.cs:54 
  at UnityEditor.Scripting.ScriptCompilation.EditorCompilation.GetAssemblyGraphBuilder () [0x00001] in /Users/bokken/build/output/unity/unity/Editor/Mono/Scripting/ScriptCompilation/EditorCompilation.cs:170 
  at UnityEditor.Scripting.ScriptCompilation.EditorCompilation.SetAllScripts (System.String[] allScripts) [0x0000d] in /Users/bokken/build/output/unity/unity/Editor/Mono/Scripting/ScriptCompilation/EditorCompilation.cs:178 
  at UnityEditor.Scripting.ScriptCompilation.EditorCompilationInterface.SetAllScripts (System.String[] allScripts) [0x00001] in /Users/bokken/build/output/unity/unity/Editor/Mono/Scripting/ScriptCompilation/EditorCompilationInterface.cs:79 

(Filename: /Users/bokken/build/output/unity/unity/Editor/Mono/Scripting/ScriptCompilation/AssemblyGraphBuilder.cs Line: 85)

Refreshing native plugins compatible for Editor in 2.74 ms, found 1 plugins.
[Package Manager] Failed to launch server process. Reason: Unity was launched with the -noUpm command-line argument
[Package Manager] Unable to send message (not connected to server process).
[Package Manager] Cannot connect to Unity Package Manager local server
ScheduleIndexationOnStartup MainProcess:False IndexOnStartup:True
Mono: successfully reloaded assembly
- Finished resetting the current domain, in  0.929 seconds
Domain Reload Profiling: 1424ms
	BeginReloadAssembly (117ms)
		ExecutionOrderSort (0ms)
		DisableScriptedObjects (4ms)
		BackupInstance (0ms)
		ReleaseScriptingObjects (0ms)
		CreateAndSetChildDomain (39ms)
	RebuildCommonClasses (25ms)
	RebuildNativeTypeToScriptingClass (11ms)
	initialDomainReloadingComplete (15ms)
	LoadAllAssembliesAndSetupDomain (327ms)
		LoadAssemblies (227ms)
		RebuildTransferFunctionScriptingTraits (0ms)
		AnalyzeDomain (133ms)
			TypeCache.Refresh (12ms)
				TypeCache.ScanAssembly (1ms)
			BuildScriptInfoCaches (116ms)
			ResolveRequiredComponents (3ms)
	FinalizeReload (930ms)
		ReleaseScriptCaches (0ms)
		RebuildScriptCaches (0ms)
		SetupLoadedEditorAssemblies (824ms)
			LogAssemblyErrors (0ms)
			InitializePlatformSupportModulesInManaged (13ms)
			SetLoadedEditorAssemblies (4ms)
			BeforeProcessingInitializeOnLoad (102ms)
			ProcessInitializeOnLoadAttributes (652ms)
			ProcessInitializeOnLoadMethodAttributes (53ms)
			AfterProcessingInitializeOnLoad (1ms)
			EditorAssembliesLoaded (0ms)
		ExecutionOrderSort2 (0ms)
		AwakeInstancesAfterBackupRestoration (3ms)
Refreshing native plugins compatible for Editor in 2.65 ms, found 1 plugins.
Preloading 0 native plugins for Editor in 0.00 ms.
Unloading 29 Unused Serialized files (Serialized files now loaded: 0)
Unloading 6234 unused Assets / (4.3 MB). Loaded Objects now: 7018.
Memory consumption went from 142.6 MB to 138.3 MB.
Total: 19.658834 ms (FindLiveObjects: 0.308083 ms CreateObjectMapping: 0.169875 ms MarkObjects: 17.879750 ms  DeleteObjects: 1.301000 ms)

Prepare: number of updated asset objects reloaded= 0
========================================================================
Received Prepare
Folder 'Packages/com.unity.purchasing/Runtime/Apple/' contains multiple assembly definition files (Packages/com.unity.purchasing/Runtime/Apple/UnityEngine.Purchasing.Apple.asmdef)
Folder 'Packages/com.unity.purchasing/Runtime/Apple/' contains multiple assembly definition files (Packages/com.unity.purchasing/Runtime/Apple/Unity.Purchasing.Apple.asmdef)
Folder 'Packages/com.unity.purchasing/Runtime/SecurityStub/' contains multiple assembly definition files (Packages/com.unity.purchasing/Runtime/SecurityStub/UnityEngine.Purchasing.SecurityStub.asmdef)
Folder 'Packages/com.unity.purchasing/Runtime/SecurityStub/' contains multiple assembly definition files (Packages/com.unity.purchasing/Runtime/SecurityStub/Unity.Purchasing.SecurityStub.asmdef)
Folder 'Packages/com.unity.purchasing/Runtime/Security/' contains multiple assembly definition files (Packages/com.unity.purchasing/Runtime/Security/Unity.Purchasing.Security.asmdef)
Folder 'Packages/com.unity.purchasing/Runtime/Security/' contains multiple assembly definition files (Packages/com.unity.purchasing/Runtime/Security/UnityEngine.Purchasing.Security.asmdef)
Folder 'Packages/com.unity.purchasing/Runtime/Stores/' contains multiple assembly definition files (Packages/com.unity.purchasing/Runtime/Stores/UnityEngine.Purchasing.Stores.asmdef)
Folder 'Packages/com.unity.purchasing/Runtime/Stores/' contains multiple assembly definition files (Packages/com.unity.purchasing/Runtime/Stores/Unity.Purchasing.Stores.asmdef)
Folder 'Packages/com.unity.purchasing/Runtime/SecurityCore/' contains multiple assembly definition files (Packages/com.unity.purchasing/Runtime/SecurityCore/Unity.Purchasing.SecurityCore.asmdef)
Folder 'Packages/com.unity.purchasing/Runtime/SecurityCore/' contains multiple assembly definition files (Packages/com.unity.purchasing/Runtime/SecurityCore/UnityEngine.Purchasing.SecurityCore.asmdef)
Folder 'Packages/com.unity.purchasing/Runtime/Purchasing/' contains multiple assembly definition files (Packages/com.unity.purchasing/Runtime/Purchasing/UnityEngine.Purchasing.asmdef)
Folder 'Packages/com.unity.purchasing/Runtime/Purchasing/' contains multiple assembly definition files (Packages/com.unity.purchasing/Runtime/Purchasing/Unity.Purchasing.asmdef)
Folder 'Packages/com.unity.purchasing/Runtime/AppleMacosStub/' contains multiple assembly definition files (Packages/com.unity.purchasing/Runtime/AppleMacosStub/UnityEngine.Purchasing.AppleMacosStub.asmdef)
Folder 'Packages/com.unity.purchasing/Runtime/AppleMacosStub/' contains multiple assembly definition files (Packages/com.unity.purchasing/Runtime/AppleMacosStub/Unity.Purchasing.AppleMacosStub.asmdef)
Folder 'Packages/com.unity.purchasing/Runtime/AppleStub/' contains multiple assembly definition files (Packages/com.unity.purchasing/Runtime/AppleStub/Unity.Purchasing.AppleStub.asmdef)
Folder 'Packages/com.unity.purchasing/Runtime/AppleStub/' contains multiple assembly definition files (Packages/com.unity.purchasing/Runtime/AppleStub/UnityEngine.Purchasing.AppleStub.asmdef)
Folder 'Packages/com.unity.purchasing/Runtime/AppleMacos/' contains multiple assembly definition files (Packages/com.unity.purchasing/Runtime/AppleMacos/UnityEngine.Purchasing.AppleMacos.asmdef)
Folder 'Packages/com.unity.purchasing/Runtime/AppleMacos/' contains multiple assembly definition files (Packages/com.unity.purchasing/Runtime/AppleMacos/Unity.Purchasing.AppleMacos.asmdef)
Folder 'Packages/com.unity.purchasing/Runtime/Codeless/' contains multiple assembly definition files (Packages/com.unity.purchasing/Runtime/Codeless/Unity.Purchasing.Codeless.asmdef)
Folder 'Packages/com.unity.purchasing/Runtime/Codeless/' contains multiple assembly definition files (Packages/com.unity.purchasing/Runtime/Codeless/UnityEngine.Purchasing.Codeless.asmdef)
ArgumentException: An item with the same key has already been added. Key: 400f2260dd8d285419d1db99999109aa
  at System.Collections.Generic.Dictionary`2[TKey,TValue].TryInsert (TKey key, TValue value, System.Collections.Generic.InsertionBehavior behavior) [0x0015a] in <c5eeda5e65d44b388e164c6c5cfe0702>:0 
  at System.Collections.Generic.Dictionary`2[TKey,TValue].Add (TKey key, TValue value) [0x00000] in <c5eeda5e65d44b388e164c6c5cfe0702>:0 
  at System.Linq.Enumerable.ToDictionary[TSource,TKey,TElement] (TSource[] source, System.Func`2[T,TResult] keySelector, System.Func`2[T,TResult] elementSelector, System.Collections.Generic.IEqualityComparer`1[T] comparer) [0x00029] in <8203c5af529241e2a5cc4b3c5a3dc69a>:0 
  at System.Linq.Enumerable.ToDictionary[TSource,TKey,TElement] (System.Collections.Generic.IEnumerable`1[T] source, System.Func`2[T,TResult] keySelector, System.Func`2[T,TResult] elementSelector, System.Collections.Generic.IEqualityComparer`1[T] comparer) [0x00051] in <8203c5af529241e2a5cc4b3c5a3dc69a>:0 
  at System.Linq.Enumerable.ToDictionary[TSource,TKey,TElement] (System.Collections.Generic.IEnumerable`1[T] source, System.Func`2[T,TResult] keySelector, System.Func`2[T,TResult] elementSelector) [0x00000] in <8203c5af529241e2a5cc4b3c5a3dc69a>:0 
  at UnityEditor.Scripting.ScriptCompilation.AssemblyGraphBuilder.Initialize (System.Collections.Generic.IReadOnlyCollection`1[T] assemblies, System.Collections.Generic.IReadOnlyCollection`1[T] customScriptAssemblyReferences) [0x00046] in /Users/bokken/build/output/unity/unity/Editor/Mono/Scripting/ScriptCompilation/AssemblyGraphBuilder.cs:85 
  at UnityEditor.Scripting.ScriptCompilation.AssemblyGraphBuilderFactory.GetOrCreate (System.String projectPath, System.Collections.Generic.IReadOnlyCollection`1[T] assemblies, System.Collections.Generic.IReadOnlyCollection`1[T] customScriptAssemblyReferences) [0x00038] in /Users/bokken/build/output/unity/unity/Editor/Mono/Scripting/ScriptCompilation/AssemblyGraphBuilderFactory.cs:54 
  at UnityEditor.Scripting.ScriptCompilation.EditorCompilation.GetAssemblyGraphBuilder () [0x00001] in /Users/bokken/build/output/unity/unity/Editor/Mono/Scripting/ScriptCompilation/EditorCompilation.cs:170 
  at UnityEditor.Scripting.ScriptCompilation.EditorCompilation.SetAllScripts (System.String[] allScripts) [0x0000d] in /Users/bokken/build/output/unity/unity/Editor/Mono/Scripting/ScriptCompilation/EditorCompilation.cs:178 
  at UnityEditor.Scripting.ScriptCompilation.EditorCompilationInterface.SetAllScripts (System.String[] allScripts) [0x00001] in /Users/bokken/build/output/unity/unity/Editor/Mono/Scripting/ScriptCompilation/EditorCompilationInterface.cs:79 

(Filename: /Users/bokken/build/output/unity/unity/Editor/Mono/Scripting/ScriptCompilation/AssemblyGraphBuilder.cs Line: 85)

Folder 'Packages/com.unity.purchasing/Runtime/Apple/' contains multiple assembly definition files (Packages/com.unity.purchasing/Runtime/Apple/UnityEngine.Purchasing.Apple.asmdef)
Folder 'Packages/com.unity.purchasing/Runtime/Apple/' contains multiple assembly definition files (Packages/com.unity.purchasing/Runtime/Apple/Unity.Purchasing.Apple.asmdef)
Folder 'Packages/com.unity.purchasing/Runtime/SecurityStub/' contains multiple assembly definition files (Packages/com.unity.purchasing/Runtime/SecurityStub/UnityEngine.Purchasing.SecurityStub.asmdef)
Folder 'Packages/com.unity.purchasing/Runtime/SecurityStub/' contains multiple assembly definition files (Packages/com.unity.purchasing/Runtime/SecurityStub/Unity.Purchasing.SecurityStub.asmdef)
Folder 'Packages/com.unity.purchasing/Runtime/Security/' contains multiple assembly definition files (Packages/com.unity.purchasing/Runtime/Security/Unity.Purchasing.Security.asmdef)
Folder 'Packages/com.unity.purchasing/Runtime/Security/' contains multiple assembly definition files (Packages/com.unity.purchasing/Runtime/Security/UnityEngine.Purchasing.Security.asmdef)
Folder 'Packages/com.unity.purchasing/Runtime/Stores/' contains multiple assembly definition files (Packages/com.unity.purchasing/Runtime/Stores/UnityEngine.Purchasing.Stores.asmdef)
Folder 'Packages/com.unity.purchasing/Runtime/Stores/' contains multiple assembly definition files (Packages/com.unity.purchasing/Runtime/Stores/Unity.Purchasing.Stores.asmdef)
Folder 'Packages/com.unity.purchasing/Runtime/SecurityCore/' contains multiple assembly definition files (Packages/com.unity.purchasing/Runtime/SecurityCore/Unity.Purchasing.SecurityCore.asmdef)
Folder 'Packages/com.unity.purchasing/Runtime/SecurityCore/' contains multiple assembly definition files (Packages/com.unity.purchasing/Runtime/SecurityCore/UnityEngine.Purchasing.SecurityCore.asmdef)
Folder 'Packages/com.unity.purchasing/Runtime/Purchasing/' contains multiple assembly definition files (Packages/com.unity.purchasing/Runtime/Purchasing/UnityEngine.Purchasing.asmdef)
Folder 'Packages/com.unity.purchasing/Runtime/Purchasing/' contains multiple assembly definition files (Packages/com.unity.purchasing/Runtime/Purchasing/Unity.Purchasing.asmdef)
Folder 'Packages/com.unity.purchasing/Runtime/AppleMacosStub/' contains multiple assembly definition files (Packages/com.unity.purchasing/Runtime/AppleMacosStub/UnityEngine.Purchasing.AppleMacosStub.asmdef)
Folder 'Packages/com.unity.purchasing/Runtime/AppleMacosStub/' contains multiple assembly definition files (Packages/com.unity.purchasing/Runtime/AppleMacosStub/Unity.Purchasing.AppleMacosStub.asmdef)
Folder 'Packages/com.unity.purchasing/Runtime/AppleStub/' contains multiple assembly definition files (Packages/com.unity.purchasing/Runtime/AppleStub/Unity.Purchasing.AppleStub.asmdef)
Folder 'Packages/com.unity.purchasing/Runtime/AppleStub/' contains multiple assembly definition files (Packages/com.unity.purchasing/Runtime/AppleStub/UnityEngine.Purchasing.AppleStub.asmdef)
Folder 'Packages/com.unity.purchasing/Runtime/AppleMacos/' contains multiple assembly definition files (Packages/com.unity.purchasing/Runtime/AppleMacos/UnityEngine.Purchasing.AppleMacos.asmdef)
Folder 'Packages/com.unity.purchasing/Runtime/AppleMacos/' contains multiple assembly definition files (Packages/com.unity.purchasing/Runtime/AppleMacos/Unity.Purchasing.AppleMacos.asmdef)
Folder 'Packages/com.unity.purchasing/Runtime/Codeless/' contains multiple assembly definition files (Packages/com.unity.purchasing/Runtime/Codeless/Unity.Purchasing.Codeless.asmdef)
Folder 'Packages/com.unity.purchasing/Runtime/Codeless/' contains multiple assembly definition files (Packages/com.unity.purchasing/Runtime/Codeless/UnityEngine.Purchasing.Codeless.asmdef)
ArgumentException: An item with the same key has already been added. Key: 400f2260dd8d285419d1db99999109aa
  at System.Collections.Generic.Dictionary`2[TKey,TValue].TryInsert (TKey key, TValue value, System.Collections.Generic.InsertionBehavior behavior) [0x0015a] in <c5eeda5e65d44b388e164c6c5cfe0702>:0 
  at System.Collections.Generic.Dictionary`2[TKey,TValue].Add (TKey key, TValue value) [0x00000] in <c5eeda5e65d44b388e164c6c5cfe0702>:0 
  at System.Linq.Enumerable.ToDictionary[TSource,TKey,TElement] (TSource[] source, System.Func`2[T,TResult] keySelector, System.Func`2[T,TResult] elementSelector, System.Collections.Generic.IEqualityComparer`1[T] comparer) [0x00029] in <8203c5af529241e2a5cc4b3c5a3dc69a>:0 
  at System.Linq.Enumerable.ToDictionary[TSource,TKey,TElement] (System.Collections.Generic.IEnumerable`1[T] source, System.Func`2[T,TResult] keySelector, System.Func`2[T,TResult] elementSelector, System.Collections.Generic.IEqualityComparer`1[T] comparer) [0x00051] in <8203c5af529241e2a5cc4b3c5a3dc69a>:0 
  at System.Linq.Enumerable.ToDictionary[TSource,TKey,TElement] (System.Collections.Generic.IEnumerable`1[T] source, System.Func`2[T,TResult] keySelector, System.Func`2[T,TResult] elementSelector) [0x00000] in <8203c5af529241e2a5cc4b3c5a3dc69a>:0 
  at UnityEditor.Scripting.ScriptCompilation.AssemblyGraphBuilder.Initialize (System.Collections.Generic.IReadOnlyCollection`1[T] assemblies, System.Collections.Generic.IReadOnlyCollection`1[T] customScriptAssemblyReferences) [0x00046] in /Users/bokken/build/output/unity/unity/Editor/Mono/Scripting/ScriptCompilation/AssemblyGraphBuilder.cs:85 
  at UnityEditor.Scripting.ScriptCompilation.AssemblyGraphBuilderFactory.GetOrCreate (System.String projectPath, System.Collections.Generic.IReadOnlyCollection`1[T] assemblies, System.Collections.Generic.IReadOnlyCollection`1[T] customScriptAssemblyReferences) [0x00038] in /Users/bokken/build/output/unity/unity/Editor/Mono/Scripting/ScriptCompilation/AssemblyGraphBuilderFactory.cs:54 
  at UnityEditor.Scripting.ScriptCompilation.EditorCompilation.GetAssemblyGraphBuilder () [0x00001] in /Users/bokken/build/output/unity/unity/Editor/Mono/Scripting/ScriptCompilation/EditorCompilation.cs:170 
  at UnityEditor.Scripting.ScriptCompilation.EditorCompilation.SetAllScripts (System.String[] allScripts) [0x0000d] in /Users/bokken/build/output/unity/unity/Editor/Mono/Scripting/ScriptCompilation/EditorCompilation.cs:178 
  at UnityEditor.Scripting.ScriptCompilation.EditorCompilationInterface.SetAllScripts (System.String[] allScripts) [0x00001] in /Users/bokken/build/output/unity/unity/Editor/Mono/Scripting/ScriptCompilation/EditorCompilationInterface.cs:79 

(Filename: /Users/bokken/build/output/unity/unity/Editor/Mono/Scripting/ScriptCompilation/AssemblyGraphBuilder.cs Line: 85)

Begin MonoManager ReloadAssembly
Thread 0x16dd47000 may have been prematurely finalized
Symbol file LoadedFromMemory is not a mono symbol file
- Loaded All Assemblies, in  0.489 seconds
Folder 'Packages/com.unity.purchasing/Runtime/Apple/' contains multiple assembly definition files (Packages/com.unity.purchasing/Runtime/Apple/UnityEngine.Purchasing.Apple.asmdef)
Folder 'Packages/com.unity.purchasing/Runtime/Apple/' contains multiple assembly definition files (Packages/com.unity.purchasing/Runtime/Apple/Unity.Purchasing.Apple.asmdef)
Folder 'Packages/com.unity.purchasing/Runtime/SecurityStub/' contains multiple assembly definition files (Packages/com.unity.purchasing/Runtime/SecurityStub/UnityEngine.Purchasing.SecurityStub.asmdef)
Folder 'Packages/com.unity.purchasing/Runtime/SecurityStub/' contains multiple assembly definition files (Packages/com.unity.purchasing/Runtime/SecurityStub/Unity.Purchasing.SecurityStub.asmdef)
Folder 'Packages/com.unity.purchasing/Runtime/Security/' contains multiple assembly definition files (Packages/com.unity.purchasing/Runtime/Security/Unity.Purchasing.Security.asmdef)
Folder 'Packages/com.unity.purchasing/Runtime/Security/' contains multiple assembly definition files (Packages/com.unity.purchasing/Runtime/Security/UnityEngine.Purchasing.Security.asmdef)
Folder 'Packages/com.unity.purchasing/Runtime/Stores/' contains multiple assembly definition files (Packages/com.unity.purchasing/Runtime/Stores/UnityEngine.Purchasing.Stores.asmdef)
Folder 'Packages/com.unity.purchasing/Runtime/Stores/' contains multiple assembly definition files (Packages/com.unity.purchasing/Runtime/Stores/Unity.Purchasing.Stores.asmdef)
Folder 'Packages/com.unity.purchasing/Runtime/SecurityCore/' contains multiple assembly definition files (Packages/com.unity.purchasing/Runtime/SecurityCore/Unity.Purchasing.SecurityCore.asmdef)
Folder 'Packages/com.unity.purchasing/Runtime/SecurityCore/' contains multiple assembly definition files (Packages/com.unity.purchasing/Runtime/SecurityCore/UnityEngine.Purchasing.SecurityCore.asmdef)
Folder 'Packages/com.unity.purchasing/Runtime/Purchasing/' contains multiple assembly definition files (Packages/com.unity.purchasing/Runtime/Purchasing/UnityEngine.Purchasing.asmdef)
Folder 'Packages/com.unity.purchasing/Runtime/Purchasing/' contains multiple assembly definition files (Packages/com.unity.purchasing/Runtime/Purchasing/Unity.Purchasing.asmdef)
Folder 'Packages/com.unity.purchasing/Runtime/AppleMacosStub/' contains multiple assembly definition files (Packages/com.unity.purchasing/Runtime/AppleMacosStub/UnityEngine.Purchasing.AppleMacosStub.asmdef)
Folder 'Packages/com.unity.purchasing/Runtime/AppleMacosStub/' contains multiple assembly definition files (Packages/com.unity.purchasing/Runtime/AppleMacosStub/Unity.Purchasing.AppleMacosStub.asmdef)
Folder 'Packages/com.unity.purchasing/Runtime/AppleStub/' contains multiple assembly definition files (Packages/com.unity.purchasing/Runtime/AppleStub/Unity.Purchasing.AppleStub.asmdef)
Folder 'Packages/com.unity.purchasing/Runtime/AppleStub/' contains multiple assembly definition files (Packages/com.unity.purchasing/Runtime/AppleStub/UnityEngine.Purchasing.AppleStub.asmdef)
Folder 'Packages/com.unity.purchasing/Runtime/AppleMacos/' contains multiple assembly definition files (Packages/com.unity.purchasing/Runtime/AppleMacos/UnityEngine.Purchasing.AppleMacos.asmdef)
Folder 'Packages/com.unity.purchasing/Runtime/AppleMacos/' contains multiple assembly definition files (Packages/com.unity.purchasing/Runtime/AppleMacos/Unity.Purchasing.AppleMacos.asmdef)
Folder 'Packages/com.unity.purchasing/Runtime/Codeless/' contains multiple assembly definition files (Packages/com.unity.purchasing/Runtime/Codeless/Unity.Purchasing.Codeless.asmdef)
Folder 'Packages/com.unity.purchasing/Runtime/Codeless/' contains multiple assembly definition files (Packages/com.unity.purchasing/Runtime/Codeless/UnityEngine.Purchasing.Codeless.asmdef)
ArgumentException: An item with the same key has already been added. Key: 400f2260dd8d285419d1db99999109aa
  at System.Collections.Generic.Dictionary`2[TKey,TValue].TryInsert (TKey key, TValue value, System.Collections.Generic.InsertionBehavior behavior) [0x0015a] in <c5eeda5e65d44b388e164c6c5cfe0702>:0 
  at System.Collections.Generic.Dictionary`2[TKey,TValue].Add (TKey key, TValue value) [0x00000] in <c5eeda5e65d44b388e164c6c5cfe0702>:0 
  at System.Linq.Enumerable.ToDictionary[TSource,TKey,TElement] (TSource[] source, System.Func`2[T,TResult] keySelector, System.Func`2[T,TResult] elementSelector, System.Collections.Generic.IEqualityComparer`1[T] comparer) [0x00029] in <8203c5af529241e2a5cc4b3c5a3dc69a>:0 
  at System.Linq.Enumerable.ToDictionary[TSource,TKey,TElement] (System.Collections.Generic.IEnumerable`1[T] source, System.Func`2[T,TResult] keySelector, System.Func`2[T,TResult] elementSelector, System.Collections.Generic.IEqualityComparer`1[T] comparer) [0x00051] in <8203c5af529241e2a5cc4b3c5a3dc69a>:0 
  at System.Linq.Enumerable.ToDictionary[TSource,TKey,TElement] (System.Collections.Generic.IEnumerable`1[T] source, System.Func`2[T,TResult] keySelector, System.Func`2[T,TResult] elementSelector) [0x00000] in <8203c5af529241e2a5cc4b3c5a3dc69a>:0 
  at UnityEditor.Scripting.ScriptCompilation.AssemblyGraphBuilder.Initialize (System.Collections.Generic.IReadOnlyCollection`1[T] assemblies, System.Collections.Generic.IReadOnlyCollection`1[T] customScriptAssemblyReferences) [0x00046] in /Users/bokken/build/output/unity/unity/Editor/Mono/Scripting/ScriptCompilation/AssemblyGraphBuilder.cs:85 
  at UnityEditor.Scripting.ScriptCompilation.AssemblyGraphBuilderFactory.GetOrCreate (System.String projectPath, System.Collections.Generic.IReadOnlyCollection`1[T] assemblies, System.Collections.Generic.IReadOnlyCollection`1[T] customScriptAssemblyReferences) [0x00038] in /Users/bokken/build/output/unity/unity/Editor/Mono/Scripting/ScriptCompilation/AssemblyGraphBuilderFactory.cs:54 
  at UnityEditor.Scripting.ScriptCompilation.EditorCompilation.GetAssemblyGraphBuilder () [0x00001] in /Users/bokken/build/output/unity/unity/Editor/Mono/Scripting/ScriptCompilation/EditorCompilation.cs:170 
  at UnityEditor.Scripting.ScriptCompilation.EditorCompilation.SetAllScripts (System.String[] allScripts) [0x0000d] in /Users/bokken/build/output/unity/unity/Editor/Mono/Scripting/ScriptCompilation/EditorCompilation.cs:178 
  at UnityEditor.Scripting.ScriptCompilation.EditorCompilationInterface.SetAllScripts (System.String[] allScripts) [0x00001] in /Users/bokken/build/output/unity/unity/Editor/Mono/Scripting/ScriptCompilation/EditorCompilationInterface.cs:79 

(Filename: /Users/bokken/build/output/unity/unity/Editor/Mono/Scripting/ScriptCompilation/AssemblyGraphBuilder.cs Line: 85)

Refreshing native plugins compatible for Editor in 2.72 ms, found 1 plugins.
Native extension for iOS target not found
Native extension for Android target not found
Native extension for OSXStandalone target not found
Native extension for WebGL target not found
Folder 'Packages/com.unity.purchasing/Runtime/Apple/' contains multiple assembly definition files (Packages/com.unity.purchasing/Runtime/Apple/UnityEngine.Purchasing.Apple.asmdef)
Folder 'Packages/com.unity.purchasing/Runtime/Apple/' contains multiple assembly definition files (Packages/com.unity.purchasing/Runtime/Apple/Unity.Purchasing.Apple.asmdef)
Folder 'Packages/com.unity.purchasing/Runtime/SecurityStub/' contains multiple assembly definition files (Packages/com.unity.purchasing/Runtime/SecurityStub/UnityEngine.Purchasing.SecurityStub.asmdef)
Folder 'Packages/com.unity.purchasing/Runtime/SecurityStub/' contains multiple assembly definition files (Packages/com.unity.purchasing/Runtime/SecurityStub/Unity.Purchasing.SecurityStub.asmdef)
Folder 'Packages/com.unity.purchasing/Runtime/Security/' contains multiple assembly definition files (Packages/com.unity.purchasing/Runtime/Security/Unity.Purchasing.Security.asmdef)
Folder 'Packages/com.unity.purchasing/Runtime/Security/' contains multiple assembly definition files (Packages/com.unity.purchasing/Runtime/Security/UnityEngine.Purchasing.Security.asmdef)
Folder 'Packages/com.unity.purchasing/Runtime/Stores/' contains multiple assembly definition files (Packages/com.unity.purchasing/Runtime/Stores/UnityEngine.Purchasing.Stores.asmdef)
Folder 'Packages/com.unity.purchasing/Runtime/Stores/' contains multiple assembly definition files (Packages/com.unity.purchasing/Runtime/Stores/Unity.Purchasing.Stores.asmdef)
Folder 'Packages/com.unity.purchasing/Runtime/SecurityCore/' contains multiple assembly definition files (Packages/com.unity.purchasing/Runtime/SecurityCore/Unity.Purchasing.SecurityCore.asmdef)
Folder 'Packages/com.unity.purchasing/Runtime/SecurityCore/' contains multiple assembly definition files (Packages/com.unity.purchasing/Runtime/SecurityCore/UnityEngine.Purchasing.SecurityCore.asmdef)
Folder 'Packages/com.unity.purchasing/Runtime/Purchasing/' contains multiple assembly definition files (Packages/com.unity.purchasing/Runtime/Purchasing/UnityEngine.Purchasing.asmdef)
Folder 'Packages/com.unity.purchasing/Runtime/Purchasing/' contains multiple assembly definition files (Packages/com.unity.purchasing/Runtime/Purchasing/Unity.Purchasing.asmdef)
Folder 'Packages/com.unity.purchasing/Runtime/AppleMacosStub/' contains multiple assembly definition files (Packages/com.unity.purchasing/Runtime/AppleMacosStub/UnityEngine.Purchasing.AppleMacosStub.asmdef)
Folder 'Packages/com.unity.purchasing/Runtime/AppleMacosStub/' contains multiple assembly definition files (Packages/com.unity.purchasing/Runtime/AppleMacosStub/Unity.Purchasing.AppleMacosStub.asmdef)
Folder 'Packages/com.unity.purchasing/Runtime/AppleStub/' contains multiple assembly definition files (Packages/com.unity.purchasing/Runtime/AppleStub/Unity.Purchasing.AppleStub.asmdef)
Folder 'Packages/com.unity.purchasing/Runtime/AppleStub/' contains multiple assembly definition files (Packages/com.unity.purchasing/Runtime/AppleStub/UnityEngine.Purchasing.AppleStub.asmdef)
Folder 'Packages/com.unity.purchasing/Runtime/AppleMacos/' contains multiple assembly definition files (Packages/com.unity.purchasing/Runtime/AppleMacos/UnityEngine.Purchasing.AppleMacos.asmdef)
Folder 'Packages/com.unity.purchasing/Runtime/AppleMacos/' contains multiple assembly definition files (Packages/com.unity.purchasing/Runtime/AppleMacos/Unity.Purchasing.AppleMacos.asmdef)
Folder 'Packages/com.unity.purchasing/Runtime/Codeless/' contains multiple assembly definition files (Packages/com.unity.purchasing/Runtime/Codeless/Unity.Purchasing.Codeless.asmdef)
Folder 'Packages/com.unity.purchasing/Runtime/Codeless/' contains multiple assembly definition files (Packages/com.unity.purchasing/Runtime/Codeless/UnityEngine.Purchasing.Codeless.asmdef)
ArgumentException: An item with the same key has already been added. Key: 400f2260dd8d285419d1db99999109aa
  at System.Collections.Generic.Dictionary`2[TKey,TValue].TryInsert (TKey key, TValue value, System.Collections.Generic.InsertionBehavior behavior) [0x0015a] in <c5eeda5e65d44b388e164c6c5cfe0702>:0 
  at System.Collections.Generic.Dictionary`2[TKey,TValue].Add (TKey key, TValue value) [0x00000] in <c5eeda5e65d44b388e164c6c5cfe0702>:0 
  at System.Linq.Enumerable.ToDictionary[TSource,TKey,TElement] (TSource[] source, System.Func`2[T,TResult] keySelector, System.Func`2[T,TResult] elementSelector, System.Collections.Generic.IEqualityComparer`1[T] comparer) [0x00029] in <8203c5af529241e2a5cc4b3c5a3dc69a>:0 
  at System.Linq.Enumerable.ToDictionary[TSource,TKey,TElement] (System.Collections.Generic.IEnumerable`1[T] source, System.Func`2[T,TResult] keySelector, System.Func`2[T,TResult] elementSelector, System.Collections.Generic.IEqualityComparer`1[T] comparer) [0x00051] in <8203c5af529241e2a5cc4b3c5a3dc69a>:0 
  at System.Linq.Enumerable.ToDictionary[TSource,TKey,TElement] (System.Collections.Generic.IEnumerable`1[T] source, System.Func`2[T,TResult] keySelector, System.Func`2[T,TResult] elementSelector) [0x00000] in <8203c5af529241e2a5cc4b3c5a3dc69a>:0 
  at UnityEditor.Scripting.ScriptCompilation.AssemblyGraphBuilder.Initialize (System.Collections.Generic.IReadOnlyCollection`1[T] assemblies, System.Collections.Generic.IReadOnlyCollection`1[T] customScriptAssemblyReferences) [0x00046] in /Users/bokken/build/output/unity/unity/Editor/Mono/Scripting/ScriptCompilation/AssemblyGraphBuilder.cs:85 
  at UnityEditor.Scripting.ScriptCompilation.AssemblyGraphBuilderFactory.GetOrCreate (System.String projectPath, System.Collections.Generic.IReadOnlyCollection`1[T] assemblies, System.Collections.Generic.IReadOnlyCollection`1[T] customScriptAssemblyReferences) [0x00038] in /Users/bokken/build/output/unity/unity/Editor/Mono/Scripting/ScriptCompilation/AssemblyGraphBuilderFactory.cs:54 
  at UnityEditor.Scripting.ScriptCompilation.EditorCompilation.GetAssemblyGraphBuilder () [0x00001] in /Users/bokken/build/output/unity/unity/Editor/Mono/Scripting/ScriptCompilation/EditorCompilation.cs:170 
  at UnityEditor.Scripting.ScriptCompilation.EditorCompilation.SetAllScripts (System.String[] allScripts) [0x0000d] in /Users/bokken/build/output/unity/unity/Editor/Mono/Scripting/ScriptCompilation/EditorCompilation.cs:178 
  at UnityEditor.Scripting.ScriptCompilation.EditorCompilationInterface.SetAllScripts (System.String[] allScripts) [0x00001] in /Users/bokken/build/output/unity/unity/Editor/Mono/Scripting/ScriptCompilation/EditorCompilationInterface.cs:79 

(Filename: /Users/bokken/build/output/unity/unity/Editor/Mono/Scripting/ScriptCompilation/AssemblyGraphBuilder.cs Line: 85)

Refreshing native plugins compatible for Editor in 2.82 ms, found 1 plugins.
[Package Manager] Failed to launch server process. Reason: Unity was launched with the -noUpm command-line argument
[Package Manager] Unable to send message (not connected to server process).
[Package Manager] Cannot connect to Unity Package Manager local server
ScheduleIndexationOnStartup MainProcess:False IndexOnStartup:True
Mono: successfully reloaded assembly
- Finished resetting the current domain, in  0.951 seconds
Domain Reload Profiling: 1442ms
	BeginReloadAssembly (106ms)
		ExecutionOrderSort (0ms)
		DisableScriptedObjects (3ms)
		BackupInstance (0ms)
		ReleaseScriptingObjects (0ms)
		CreateAndSetChildDomain (34ms)
	RebuildCommonClasses (27ms)
	RebuildNativeTypeToScriptingClass (11ms)
	initialDomainReloadingComplete (16ms)
	LoadAllAssembliesAndSetupDomain (331ms)
		LoadAssemblies (232ms)
		RebuildTransferFunctionScriptingTraits (0ms)
		AnalyzeDomain (130ms)
			TypeCache.Refresh (7ms)
				TypeCache.ScanAssembly (0ms)
			BuildScriptInfoCaches (116ms)
			ResolveRequiredComponents (3ms)
	FinalizeReload (951ms)
		ReleaseScriptCaches (0ms)
		RebuildScriptCaches (0ms)
		SetupLoadedEditorAssemblies (851ms)
			LogAssemblyErrors (0ms)
			InitializePlatformSupportModulesInManaged (13ms)
			SetLoadedEditorAssemblies (4ms)
			BeforeProcessingInitializeOnLoad (101ms)
			ProcessInitializeOnLoadAttributes (672ms)
			ProcessInitializeOnLoadMethodAttributes (60ms)
			AfterProcessingInitializeOnLoad (1ms)
			EditorAssembliesLoaded (0ms)
		ExecutionOrderSort2 (0ms)
		AwakeInstancesAfterBackupRestoration (3ms)
Refreshing native plugins compatible for Editor in 3.31 ms, found 1 plugins.
Preloading 0 native plugins for Editor in 0.00 ms.
Unloading 29 Unused Serialized files (Serialized files now loaded: 0)
Unloading 6234 unused Assets / (4.0 MB). Loaded Objects now: 7024.
Memory consumption went from 142.6 MB to 138.6 MB.
Total: 20.178584 ms (FindLiveObjects: 0.315167 ms CreateObjectMapping: 0.193500 ms MarkObjects: 18.335625 ms  DeleteObjects: 1.333542 ms)

Prepare: number of updated asset objects reloaded= 0
========================================================================
Received Prepare
Refreshing native plugins compatible for Editor in 3.31 ms, found 1 plugins.
Preloading 0 native plugins for Editor in 0.00 ms.
Unloading 29 Unused Serialized files (Serialized files now loaded: 0)
Unloading 6162 unused Assets / (4.2 MB). Loaded Objects now: 7024.
Memory consumption went from 125.3 MB to 121.1 MB.
Total: 23.175583 ms (FindLiveObjects: 0.291292 ms CreateObjectMapping: 0.166125 ms MarkObjects: 21.429291 ms  DeleteObjects: 1.288208 ms)

Prepare: number of updated asset objects reloaded= 0
========================================================================
Received Prepare
Folder 'Packages/com.unity.purchasing/Runtime/Apple/' contains multiple assembly definition files (Packages/com.unity.purchasing/Runtime/Apple/UnityEngine.Purchasing.Apple.asmdef)
Folder 'Packages/com.unity.purchasing/Runtime/Apple/' contains multiple assembly definition files (Packages/com.unity.purchasing/Runtime/Apple/Unity.Purchasing.Apple.asmdef)
Folder 'Packages/com.unity.purchasing/Runtime/SecurityStub/' contains multiple assembly definition files (Packages/com.unity.purchasing/Runtime/SecurityStub/UnityEngine.Purchasing.SecurityStub.asmdef)
Folder 'Packages/com.unity.purchasing/Runtime/SecurityStub/' contains multiple assembly definition files (Packages/com.unity.purchasing/Runtime/SecurityStub/Unity.Purchasing.SecurityStub.asmdef)
Folder 'Packages/com.unity.purchasing/Runtime/Security/' contains multiple assembly definition files (Packages/com.unity.purchasing/Runtime/Security/Unity.Purchasing.Security.asmdef)
Folder 'Packages/com.unity.purchasing/Runtime/Security/' contains multiple assembly definition files (Packages/com.unity.purchasing/Runtime/Security/UnityEngine.Purchasing.Security.asmdef)
Folder 'Packages/com.unity.purchasing/Runtime/Stores/' contains multiple assembly definition files (Packages/com.unity.purchasing/Runtime/Stores/UnityEngine.Purchasing.Stores.asmdef)
Folder 'Packages/com.unity.purchasing/Runtime/Stores/' contains multiple assembly definition files (Packages/com.unity.purchasing/Runtime/Stores/Unity.Purchasing.Stores.asmdef)
Folder 'Packages/com.unity.purchasing/Runtime/SecurityCore/' contains multiple assembly definition files (Packages/com.unity.purchasing/Runtime/SecurityCore/Unity.Purchasing.SecurityCore.asmdef)
Folder 'Packages/com.unity.purchasing/Runtime/SecurityCore/' contains multiple assembly definition files (Packages/com.unity.purchasing/Runtime/SecurityCore/UnityEngine.Purchasing.SecurityCore.asmdef)
Folder 'Packages/com.unity.purchasing/Runtime/Purchasing/' contains multiple assembly definition files (Packages/com.unity.purchasing/Runtime/Purchasing/UnityEngine.Purchasing.asmdef)
Folder 'Packages/com.unity.purchasing/Runtime/Purchasing/' contains multiple assembly definition files (Packages/com.unity.purchasing/Runtime/Purchasing/Unity.Purchasing.asmdef)
Folder 'Packages/com.unity.purchasing/Runtime/AppleMacosStub/' contains multiple assembly definition files (Packages/com.unity.purchasing/Runtime/AppleMacosStub/UnityEngine.Purchasing.AppleMacosStub.asmdef)
Folder 'Packages/com.unity.purchasing/Runtime/AppleMacosStub/' contains multiple assembly definition files (Packages/com.unity.purchasing/Runtime/AppleMacosStub/Unity.Purchasing.AppleMacosStub.asmdef)
Folder 'Packages/com.unity.purchasing/Runtime/AppleStub/' contains multiple assembly definition files (Packages/com.unity.purchasing/Runtime/AppleStub/Unity.Purchasing.AppleStub.asmdef)
Folder 'Packages/com.unity.purchasing/Runtime/AppleStub/' contains multiple assembly definition files (Packages/com.unity.purchasing/Runtime/AppleStub/UnityEngine.Purchasing.AppleStub.asmdef)
Folder 'Packages/com.unity.purchasing/Runtime/AppleMacos/' contains multiple assembly definition files (Packages/com.unity.purchasing/Runtime/AppleMacos/UnityEngine.Purchasing.AppleMacos.asmdef)
Folder 'Packages/com.unity.purchasing/Runtime/AppleMacos/' contains multiple assembly definition files (Packages/com.unity.purchasing/Runtime/AppleMacos/Unity.Purchasing.AppleMacos.asmdef)
Folder 'Packages/com.unity.purchasing/Runtime/Codeless/' contains multiple assembly definition files (Packages/com.unity.purchasing/Runtime/Codeless/Unity.Purchasing.Codeless.asmdef)
Folder 'Packages/com.unity.purchasing/Runtime/Codeless/' contains multiple assembly definition files (Packages/com.unity.purchasing/Runtime/Codeless/UnityEngine.Purchasing.Codeless.asmdef)
ArgumentException: An item with the same key has already been added. Key: 400f2260dd8d285419d1db99999109aa
  at System.Collections.Generic.Dictionary`2[TKey,TValue].TryInsert (TKey key, TValue value, System.Collections.Generic.InsertionBehavior behavior) [0x0015a] in <c5eeda5e65d44b388e164c6c5cfe0702>:0 
  at System.Collections.Generic.Dictionary`2[TKey,TValue].Add (TKey key, TValue value) [0x00000] in <c5eeda5e65d44b388e164c6c5cfe0702>:0 
  at System.Linq.Enumerable.ToDictionary[TSource,TKey,TElement] (TSource[] source, System.Func`2[T,TResult] keySelector, System.Func`2[T,TResult] elementSelector, System.Collections.Generic.IEqualityComparer`1[T] comparer) [0x00029] in <8203c5af529241e2a5cc4b3c5a3dc69a>:0 
  at System.Linq.Enumerable.ToDictionary[TSource,TKey,TElement] (System.Collections.Generic.IEnumerable`1[T] source, System.Func`2[T,TResult] keySelector, System.Func`2[T,TResult] elementSelector, System.Collections.Generic.IEqualityComparer`1[T] comparer) [0x00051] in <8203c5af529241e2a5cc4b3c5a3dc69a>:0 
  at System.Linq.Enumerable.ToDictionary[TSource,TKey,TElement] (System.Collections.Generic.IEnumerable`1[T] source, System.Func`2[T,TResult] keySelector, System.Func`2[T,TResult] elementSelector) [0x00000] in <8203c5af529241e2a5cc4b3c5a3dc69a>:0 
  at UnityEditor.Scripting.ScriptCompilation.AssemblyGraphBuilder.Initialize (System.Collections.Generic.IReadOnlyCollection`1[T] assemblies, System.Collections.Generic.IReadOnlyCollection`1[T] customScriptAssemblyReferences) [0x00046] in /Users/bokken/build/output/unity/unity/Editor/Mono/Scripting/ScriptCompilation/AssemblyGraphBuilder.cs:85 
  at UnityEditor.Scripting.ScriptCompilation.AssemblyGraphBuilderFactory.GetOrCreate (System.String projectPath, System.Collections.Generic.IReadOnlyCollection`1[T] assemblies, System.Collections.Generic.IReadOnlyCollection`1[T] customScriptAssemblyReferences) [0x00038] in /Users/bokken/build/output/unity/unity/Editor/Mono/Scripting/ScriptCompilation/AssemblyGraphBuilderFactory.cs:54 
  at UnityEditor.Scripting.ScriptCompilation.EditorCompilation.GetAssemblyGraphBuilder () [0x00001] in /Users/bokken/build/output/unity/unity/Editor/Mono/Scripting/ScriptCompilation/EditorCompilation.cs:170 
  at UnityEditor.Scripting.ScriptCompilation.EditorCompilation.SetAllScripts (System.String[] allScripts) [0x0000d] in /Users/bokken/build/output/unity/unity/Editor/Mono/Scripting/ScriptCompilation/EditorCompilation.cs:178 
  at UnityEditor.Scripting.ScriptCompilation.EditorCompilationInterface.SetAllScripts (System.String[] allScripts) [0x00001] in /Users/bokken/build/output/unity/unity/Editor/Mono/Scripting/ScriptCompilation/EditorCompilationInterface.cs:79 

(Filename: /Users/bokken/build/output/unity/unity/Editor/Mono/Scripting/ScriptCompilation/AssemblyGraphBuilder.cs Line: 85)

Folder 'Packages/com.unity.purchasing/Runtime/Apple/' contains multiple assembly definition files (Packages/com.unity.purchasing/Runtime/Apple/UnityEngine.Purchasing.Apple.asmdef)
Folder 'Packages/com.unity.purchasing/Runtime/Apple/' contains multiple assembly definition files (Packages/com.unity.purchasing/Runtime/Apple/Unity.Purchasing.Apple.asmdef)
Folder 'Packages/com.unity.purchasing/Runtime/SecurityStub/' contains multiple assembly definition files (Packages/com.unity.purchasing/Runtime/SecurityStub/UnityEngine.Purchasing.SecurityStub.asmdef)
Folder 'Packages/com.unity.purchasing/Runtime/SecurityStub/' contains multiple assembly definition files (Packages/com.unity.purchasing/Runtime/SecurityStub/Unity.Purchasing.SecurityStub.asmdef)
Folder 'Packages/com.unity.purchasing/Runtime/Security/' contains multiple assembly definition files (Packages/com.unity.purchasing/Runtime/Security/Unity.Purchasing.Security.asmdef)
Folder 'Packages/com.unity.purchasing/Runtime/Security/' contains multiple assembly definition files (Packages/com.unity.purchasing/Runtime/Security/UnityEngine.Purchasing.Security.asmdef)
Folder 'Packages/com.unity.purchasing/Runtime/Stores/' contains multiple assembly definition files (Packages/com.unity.purchasing/Runtime/Stores/UnityEngine.Purchasing.Stores.asmdef)
Folder 'Packages/com.unity.purchasing/Runtime/Stores/' contains multiple assembly definition files (Packages/com.unity.purchasing/Runtime/Stores/Unity.Purchasing.Stores.asmdef)
Folder 'Packages/com.unity.purchasing/Runtime/SecurityCore/' contains multiple assembly definition files (Packages/com.unity.purchasing/Runtime/SecurityCore/Unity.Purchasing.SecurityCore.asmdef)
Folder 'Packages/com.unity.purchasing/Runtime/SecurityCore/' contains multiple assembly definition files (Packages/com.unity.purchasing/Runtime/SecurityCore/UnityEngine.Purchasing.SecurityCore.asmdef)
Folder 'Packages/com.unity.purchasing/Runtime/Purchasing/' contains multiple assembly definition files (Packages/com.unity.purchasing/Runtime/Purchasing/UnityEngine.Purchasing.asmdef)
Folder 'Packages/com.unity.purchasing/Runtime/Purchasing/' contains multiple assembly definition files (Packages/com.unity.purchasing/Runtime/Purchasing/Unity.Purchasing.asmdef)
Folder 'Packages/com.unity.purchasing/Runtime/AppleMacosStub/' contains multiple assembly definition files (Packages/com.unity.purchasing/Runtime/AppleMacosStub/UnityEngine.Purchasing.AppleMacosStub.asmdef)
Folder 'Packages/com.unity.purchasing/Runtime/AppleMacosStub/' contains multiple assembly definition files (Packages/com.unity.purchasing/Runtime/AppleMacosStub/Unity.Purchasing.AppleMacosStub.asmdef)
Folder 'Packages/com.unity.purchasing/Runtime/AppleStub/' contains multiple assembly definition files (Packages/com.unity.purchasing/Runtime/AppleStub/Unity.Purchasing.AppleStub.asmdef)
Folder 'Packages/com.unity.purchasing/Runtime/AppleStub/' contains multiple assembly definition files (Packages/com.unity.purchasing/Runtime/AppleStub/UnityEngine.Purchasing.AppleStub.asmdef)
Folder 'Packages/com.unity.purchasing/Runtime/AppleMacos/' contains multiple assembly definition files (Packages/com.unity.purchasing/Runtime/AppleMacos/UnityEngine.Purchasing.AppleMacos.asmdef)
Folder 'Packages/com.unity.purchasing/Runtime/AppleMacos/' contains multiple assembly definition files (Packages/com.unity.purchasing/Runtime/AppleMacos/Unity.Purchasing.AppleMacos.asmdef)
Folder 'Packages/com.unity.purchasing/Runtime/Codeless/' contains multiple assembly definition files (Packages/com.unity.purchasing/Runtime/Codeless/Unity.Purchasing.Codeless.asmdef)
Folder 'Packages/com.unity.purchasing/Runtime/Codeless/' contains multiple assembly definition files (Packages/com.unity.purchasing/Runtime/Codeless/UnityEngine.Purchasing.Codeless.asmdef)
ArgumentException: An item with the same key has already been added. Key: 400f2260dd8d285419d1db99999109aa
  at System.Collections.Generic.Dictionary`2[TKey,TValue].TryInsert (TKey key, TValue value, System.Collections.Generic.InsertionBehavior behavior) [0x0015a] in <c5eeda5e65d44b388e164c6c5cfe0702>:0 
  at System.Collections.Generic.Dictionary`2[TKey,TValue].Add (TKey key, TValue value) [0x00000] in <c5eeda5e65d44b388e164c6c5cfe0702>:0 
  at System.Linq.Enumerable.ToDictionary[TSource,TKey,TElement] (TSource[] source, System.Func`2[T,TResult] keySelector, System.Func`2[T,TResult] elementSelector, System.Collections.Generic.IEqualityComparer`1[T] comparer) [0x00029] in <8203c5af529241e2a5cc4b3c5a3dc69a>:0 
  at System.Linq.Enumerable.ToDictionary[TSource,TKey,TElement] (System.Collections.Generic.IEnumerable`1[T] source, System.Func`2[T,TResult] keySelector, System.Func`2[T,TResult] elementSelector, System.Collections.Generic.IEqualityComparer`1[T] comparer) [0x00051] in <8203c5af529241e2a5cc4b3c5a3dc69a>:0 
  at System.Linq.Enumerable.ToDictionary[TSource,TKey,TElement] (System.Collections.Generic.IEnumerable`1[T] source, System.Func`2[T,TResult] keySelector, System.Func`2[T,TResult] elementSelector) [0x00000] in <8203c5af529241e2a5cc4b3c5a3dc69a>:0 
  at UnityEditor.Scripting.ScriptCompilation.AssemblyGraphBuilder.Initialize (System.Collections.Generic.IReadOnlyCollection`1[T] assemblies, System.Collections.Generic.IReadOnlyCollection`1[T] customScriptAssemblyReferences) [0x00046] in /Users/bokken/build/output/unity/unity/Editor/Mono/Scripting/ScriptCompilation/AssemblyGraphBuilder.cs:85 
  at UnityEditor.Scripting.ScriptCompilation.AssemblyGraphBuilderFactory.GetOrCreate (System.String projectPath, System.Collections.Generic.IReadOnlyCollection`1[T] assemblies, System.Collections.Generic.IReadOnlyCollection`1[T] customScriptAssemblyReferences) [0x00038] in /Users/bokken/build/output/unity/unity/Editor/Mono/Scripting/ScriptCompilation/AssemblyGraphBuilderFactory.cs:54 
  at UnityEditor.Scripting.ScriptCompilation.EditorCompilation.GetAssemblyGraphBuilder () [0x00001] in /Users/bokken/build/output/unity/unity/Editor/Mono/Scripting/ScriptCompilation/EditorCompilation.cs:170 
  at UnityEditor.Scripting.ScriptCompilation.EditorCompilation.SetAllScripts (System.String[] allScripts) [0x0000d] in /Users/bokken/build/output/unity/unity/Editor/Mono/Scripting/ScriptCompilation/EditorCompilation.cs:178 
  at UnityEditor.Scripting.ScriptCompilation.EditorCompilationInterface.SetAllScripts (System.String[] allScripts) [0x00001] in /Users/bokken/build/output/unity/unity/Editor/Mono/Scripting/ScriptCompilation/EditorCompilationInterface.cs:79 

(Filename: /Users/bokken/build/output/unity/unity/Editor/Mono/Scripting/ScriptCompilation/AssemblyGraphBuilder.cs Line: 85)

Begin MonoManager ReloadAssembly
Thread 0x16dd47000 may have been prematurely finalized
Symbol file LoadedFromMemory is not a mono symbol file
- Loaded All Assemblies, in  0.501 seconds
Folder 'Packages/com.unity.purchasing/Runtime/Apple/' contains multiple assembly definition files (Packages/com.unity.purchasing/Runtime/Apple/UnityEngine.Purchasing.Apple.asmdef)
Folder 'Packages/com.unity.purchasing/Runtime/Apple/' contains multiple assembly definition files (Packages/com.unity.purchasing/Runtime/Apple/Unity.Purchasing.Apple.asmdef)
Folder 'Packages/com.unity.purchasing/Runtime/SecurityStub/' contains multiple assembly definition files (Packages/com.unity.purchasing/Runtime/SecurityStub/UnityEngine.Purchasing.SecurityStub.asmdef)
Folder 'Packages/com.unity.purchasing/Runtime/SecurityStub/' contains multiple assembly definition files (Packages/com.unity.purchasing/Runtime/SecurityStub/Unity.Purchasing.SecurityStub.asmdef)
Folder 'Packages/com.unity.purchasing/Runtime/Security/' contains multiple assembly definition files (Packages/com.unity.purchasing/Runtime/Security/Unity.Purchasing.Security.asmdef)
Folder 'Packages/com.unity.purchasing/Runtime/Security/' contains multiple assembly definition files (Packages/com.unity.purchasing/Runtime/Security/UnityEngine.Purchasing.Security.asmdef)
Folder 'Packages/com.unity.purchasing/Runtime/Stores/' contains multiple assembly definition files (Packages/com.unity.purchasing/Runtime/Stores/UnityEngine.Purchasing.Stores.asmdef)
Folder 'Packages/com.unity.purchasing/Runtime/Stores/' contains multiple assembly definition files (Packages/com.unity.purchasing/Runtime/Stores/Unity.Purchasing.Stores.asmdef)
Folder 'Packages/com.unity.purchasing/Runtime/SecurityCore/' contains multiple assembly definition files (Packages/com.unity.purchasing/Runtime/SecurityCore/Unity.Purchasing.SecurityCore.asmdef)
Folder 'Packages/com.unity.purchasing/Runtime/SecurityCore/' contains multiple assembly definition files (Packages/com.unity.purchasing/Runtime/SecurityCore/UnityEngine.Purchasing.SecurityCore.asmdef)
Folder 'Packages/com.unity.purchasing/Runtime/Purchasing/' contains multiple assembly definition files (Packages/com.unity.purchasing/Runtime/Purchasing/UnityEngine.Purchasing.asmdef)
Folder 'Packages/com.unity.purchasing/Runtime/Purchasing/' contains multiple assembly definition files (Packages/com.unity.purchasing/Runtime/Purchasing/Unity.Purchasing.asmdef)
Folder 'Packages/com.unity.purchasing/Runtime/AppleMacosStub/' contains multiple assembly definition files (Packages/com.unity.purchasing/Runtime/AppleMacosStub/UnityEngine.Purchasing.AppleMacosStub.asmdef)
Folder 'Packages/com.unity.purchasing/Runtime/AppleMacosStub/' contains multiple assembly definition files (Packages/com.unity.purchasing/Runtime/AppleMacosStub/Unity.Purchasing.AppleMacosStub.asmdef)
Folder 'Packages/com.unity.purchasing/Runtime/AppleStub/' contains multiple assembly definition files (Packages/com.unity.purchasing/Runtime/AppleStub/Unity.Purchasing.AppleStub.asmdef)
Folder 'Packages/com.unity.purchasing/Runtime/AppleStub/' contains multiple assembly definition files (Packages/com.unity.purchasing/Runtime/AppleStub/UnityEngine.Purchasing.AppleStub.asmdef)
Folder 'Packages/com.unity.purchasing/Runtime/AppleMacos/' contains multiple assembly definition files (Packages/com.unity.purchasing/Runtime/AppleMacos/UnityEngine.Purchasing.AppleMacos.asmdef)
Folder 'Packages/com.unity.purchasing/Runtime/AppleMacos/' contains multiple assembly definition files (Packages/com.unity.purchasing/Runtime/AppleMacos/Unity.Purchasing.AppleMacos.asmdef)
Folder 'Packages/com.unity.purchasing/Runtime/Codeless/' contains multiple assembly definition files (Packages/com.unity.purchasing/Runtime/Codeless/Unity.Purchasing.Codeless.asmdef)
Folder 'Packages/com.unity.purchasing/Runtime/Codeless/' contains multiple assembly definition files (Packages/com.unity.purchasing/Runtime/Codeless/UnityEngine.Purchasing.Codeless.asmdef)
ArgumentException: An item with the same key has already been added. Key: 400f2260dd8d285419d1db99999109aa
  at System.Collections.Generic.Dictionary`2[TKey,TValue].TryInsert (TKey key, TValue value, System.Collections.Generic.InsertionBehavior behavior) [0x0015a] in <c5eeda5e65d44b388e164c6c5cfe0702>:0 
  at System.Collections.Generic.Dictionary`2[TKey,TValue].Add (TKey key, TValue value) [0x00000] in <c5eeda5e65d44b388e164c6c5cfe0702>:0 
  at System.Linq.Enumerable.ToDictionary[TSource,TKey,TElement] (TSource[] source, System.Func`2[T,TResult] keySelector, System.Func`2[T,TResult] elementSelector, System.Collections.Generic.IEqualityComparer`1[T] comparer) [0x00029] in <8203c5af529241e2a5cc4b3c5a3dc69a>:0 
  at System.Linq.Enumerable.ToDictionary[TSource,TKey,TElement] (System.Collections.Generic.IEnumerable`1[T] source, System.Func`2[T,TResult] keySelector, System.Func`2[T,TResult] elementSelector, System.Collections.Generic.IEqualityComparer`1[T] comparer) [0x00051] in <8203c5af529241e2a5cc4b3c5a3dc69a>:0 
  at System.Linq.Enumerable.ToDictionary[TSource,TKey,TElement] (System.Collections.Generic.IEnumerable`1[T] source, System.Func`2[T,TResult] keySelector, System.Func`2[T,TResult] elementSelector) [0x00000] in <8203c5af529241e2a5cc4b3c5a3dc69a>:0 
  at UnityEditor.Scripting.ScriptCompilation.AssemblyGraphBuilder.Initialize (System.Collections.Generic.IReadOnlyCollection`1[T] assemblies, System.Collections.Generic.IReadOnlyCollection`1[T] customScriptAssemblyReferences) [0x00046] in /Users/bokken/build/output/unity/unity/Editor/Mono/Scripting/ScriptCompilation/AssemblyGraphBuilder.cs:85 
  at UnityEditor.Scripting.ScriptCompilation.AssemblyGraphBuilderFactory.GetOrCreate (System.String projectPath, System.Collections.Generic.IReadOnlyCollection`1[T] assemblies, System.Collections.Generic.IReadOnlyCollection`1[T] customScriptAssemblyReferences) [0x00038] in /Users/bokken/build/output/unity/unity/Editor/Mono/Scripting/ScriptCompilation/AssemblyGraphBuilderFactory.cs:54 
  at UnityEditor.Scripting.ScriptCompilation.EditorCompilation.GetAssemblyGraphBuilder () [0x00001] in /Users/bokken/build/output/unity/unity/Editor/Mono/Scripting/ScriptCompilation/EditorCompilation.cs:170 
  at UnityEditor.Scripting.ScriptCompilation.EditorCompilation.SetAllScripts (System.String[] allScripts) [0x0000d] in /Users/bokken/build/output/unity/unity/Editor/Mono/Scripting/ScriptCompilation/EditorCompilation.cs:178 
  at UnityEditor.Scripting.ScriptCompilation.EditorCompilationInterface.SetAllScripts (System.String[] allScripts) [0x00001] in /Users/bokken/build/output/unity/unity/Editor/Mono/Scripting/ScriptCompilation/EditorCompilationInterface.cs:79 

(Filename: /Users/bokken/build/output/unity/unity/Editor/Mono/Scripting/ScriptCompilation/AssemblyGraphBuilder.cs Line: 85)

Refreshing native plugins compatible for Editor in 2.95 ms, found 1 plugins.
Native extension for iOS target not found
Native extension for Android target not found
Native extension for OSXStandalone target not found
Native extension for WebGL target not found
Folder 'Packages/com.unity.purchasing/Runtime/Apple/' contains multiple assembly definition files (Packages/com.unity.purchasing/Runtime/Apple/UnityEngine.Purchasing.Apple.asmdef)
Folder 'Packages/com.unity.purchasing/Runtime/Apple/' contains multiple assembly definition files (Packages/com.unity.purchasing/Runtime/Apple/Unity.Purchasing.Apple.asmdef)
Folder 'Packages/com.unity.purchasing/Runtime/SecurityStub/' contains multiple assembly definition files (Packages/com.unity.purchasing/Runtime/SecurityStub/UnityEngine.Purchasing.SecurityStub.asmdef)
Folder 'Packages/com.unity.purchasing/Runtime/SecurityStub/' contains multiple assembly definition files (Packages/com.unity.purchasing/Runtime/SecurityStub/Unity.Purchasing.SecurityStub.asmdef)
Folder 'Packages/com.unity.purchasing/Runtime/Security/' contains multiple assembly definition files (Packages/com.unity.purchasing/Runtime/Security/Unity.Purchasing.Security.asmdef)
Folder 'Packages/com.unity.purchasing/Runtime/Security/' contains multiple assembly definition files (Packages/com.unity.purchasing/Runtime/Security/UnityEngine.Purchasing.Security.asmdef)
Folder 'Packages/com.unity.purchasing/Runtime/Stores/' contains multiple assembly definition files (Packages/com.unity.purchasing/Runtime/Stores/UnityEngine.Purchasing.Stores.asmdef)
Folder 'Packages/com.unity.purchasing/Runtime/Stores/' contains multiple assembly definition files (Packages/com.unity.purchasing/Runtime/Stores/Unity.Purchasing.Stores.asmdef)
Folder 'Packages/com.unity.purchasing/Runtime/SecurityCore/' contains multiple assembly definition files (Packages/com.unity.purchasing/Runtime/SecurityCore/Unity.Purchasing.SecurityCore.asmdef)
Folder 'Packages/com.unity.purchasing/Runtime/SecurityCore/' contains multiple assembly definition files (Packages/com.unity.purchasing/Runtime/SecurityCore/UnityEngine.Purchasing.SecurityCore.asmdef)
Folder 'Packages/com.unity.purchasing/Runtime/Purchasing/' contains multiple assembly definition files (Packages/com.unity.purchasing/Runtime/Purchasing/UnityEngine.Purchasing.asmdef)
Folder 'Packages/com.unity.purchasing/Runtime/Purchasing/' contains multiple assembly definition files (Packages/com.unity.purchasing/Runtime/Purchasing/Unity.Purchasing.asmdef)
Folder 'Packages/com.unity.purchasing/Runtime/AppleMacosStub/' contains multiple assembly definition files (Packages/com.unity.purchasing/Runtime/AppleMacosStub/UnityEngine.Purchasing.AppleMacosStub.asmdef)
Folder 'Packages/com.unity.purchasing/Runtime/AppleMacosStub/' contains multiple assembly definition files (Packages/com.unity.purchasing/Runtime/AppleMacosStub/Unity.Purchasing.AppleMacosStub.asmdef)
Folder 'Packages/com.unity.purchasing/Runtime/AppleStub/' contains multiple assembly definition files (Packages/com.unity.purchasing/Runtime/AppleStub/Unity.Purchasing.AppleStub.asmdef)
Folder 'Packages/com.unity.purchasing/Runtime/AppleStub/' contains multiple assembly definition files (Packages/com.unity.purchasing/Runtime/AppleStub/UnityEngine.Purchasing.AppleStub.asmdef)
Folder 'Packages/com.unity.purchasing/Runtime/AppleMacos/' contains multiple assembly definition files (Packages/com.unity.purchasing/Runtime/AppleMacos/UnityEngine.Purchasing.AppleMacos.asmdef)
Folder 'Packages/com.unity.purchasing/Runtime/AppleMacos/' contains multiple assembly definition files (Packages/com.unity.purchasing/Runtime/AppleMacos/Unity.Purchasing.AppleMacos.asmdef)
Folder 'Packages/com.unity.purchasing/Runtime/Codeless/' contains multiple assembly definition files (Packages/com.unity.purchasing/Runtime/Codeless/Unity.Purchasing.Codeless.asmdef)
Folder 'Packages/com.unity.purchasing/Runtime/Codeless/' contains multiple assembly definition files (Packages/com.unity.purchasing/Runtime/Codeless/UnityEngine.Purchasing.Codeless.asmdef)
ArgumentException: An item with the same key has already been added. Key: 400f2260dd8d285419d1db99999109aa
  at System.Collections.Generic.Dictionary`2[TKey,TValue].TryInsert (TKey key, TValue value, System.Collections.Generic.InsertionBehavior behavior) [0x0015a] in <c5eeda5e65d44b388e164c6c5cfe0702>:0 
  at System.Collections.Generic.Dictionary`2[TKey,TValue].Add (TKey key, TValue value) [0x00000] in <c5eeda5e65d44b388e164c6c5cfe0702>:0 
  at System.Linq.Enumerable.ToDictionary[TSource,TKey,TElement] (TSource[] source, System.Func`2[T,TResult] keySelector, System.Func`2[T,TResult] elementSelector, System.Collections.Generic.IEqualityComparer`1[T] comparer) [0x00029] in <8203c5af529241e2a5cc4b3c5a3dc69a>:0 
  at System.Linq.Enumerable.ToDictionary[TSource,TKey,TElement] (System.Collections.Generic.IEnumerable`1[T] source, System.Func`2[T,TResult] keySelector, System.Func`2[T,TResult] elementSelector, System.Collections.Generic.IEqualityComparer`1[T] comparer) [0x00051] in <8203c5af529241e2a5cc4b3c5a3dc69a>:0 
  at System.Linq.Enumerable.ToDictionary[TSource,TKey,TElement] (System.Collections.Generic.IEnumerable`1[T] source, System.Func`2[T,TResult] keySelector, System.Func`2[T,TResult] elementSelector) [0x00000] in <8203c5af529241e2a5cc4b3c5a3dc69a>:0 
  at UnityEditor.Scripting.ScriptCompilation.AssemblyGraphBuilder.Initialize (System.Collections.Generic.IReadOnlyCollection`1[T] assemblies, System.Collections.Generic.IReadOnlyCollection`1[T] customScriptAssemblyReferences) [0x00046] in /Users/bokken/build/output/unity/unity/Editor/Mono/Scripting/ScriptCompilation/AssemblyGraphBuilder.cs:85 
  at UnityEditor.Scripting.ScriptCompilation.AssemblyGraphBuilderFactory.GetOrCreate (System.String projectPath, System.Collections.Generic.IReadOnlyCollection`1[T] assemblies, System.Collections.Generic.IReadOnlyCollection`1[T] customScriptAssemblyReferences) [0x00038] in /Users/bokken/build/output/unity/unity/Editor/Mono/Scripting/ScriptCompilation/AssemblyGraphBuilderFactory.cs:54 
  at UnityEditor.Scripting.ScriptCompilation.EditorCompilation.GetAssemblyGraphBuilder () [0x00001] in /Users/bokken/build/output/unity/unity/Editor/Mono/Scripting/ScriptCompilation/EditorCompilation.cs:170 
  at UnityEditor.Scripting.ScriptCompilation.EditorCompilation.SetAllScripts (System.String[] allScripts) [0x0000d] in /Users/bokken/build/output/unity/unity/Editor/Mono/Scripting/ScriptCompilation/EditorCompilation.cs:178 
  at UnityEditor.Scripting.ScriptCompilation.EditorCompilationInterface.SetAllScripts (System.String[] allScripts) [0x00001] in /Users/bokken/build/output/unity/unity/Editor/Mono/Scripting/ScriptCompilation/EditorCompilationInterface.cs:79 

(Filename: /Users/bokken/build/output/unity/unity/Editor/Mono/Scripting/ScriptCompilation/AssemblyGraphBuilder.cs Line: 85)

Refreshing native plugins compatible for Editor in 2.78 ms, found 1 plugins.
[Package Manager] Failed to launch server process. Reason: Unity was launched with the -noUpm command-line argument
[Package Manager] Unable to send message (not connected to server process).
[Package Manager] Cannot connect to Unity Package Manager local server
ScheduleIndexationOnStartup MainProcess:False IndexOnStartup:True
Mono: successfully reloaded assembly
- Finished resetting the current domain, in  0.900 seconds
Domain Reload Profiling: 1404ms
	BeginReloadAssembly (115ms)
		ExecutionOrderSort (0ms)
		DisableScriptedObjects (3ms)
		BackupInstance (0ms)
		ReleaseScriptingObjects (0ms)
		CreateAndSetChildDomain (38ms)
	RebuildCommonClasses (26ms)
	RebuildNativeTypeToScriptingClass (11ms)
	initialDomainReloadingComplete (15ms)
	LoadAllAssembliesAndSetupDomain (336ms)
		LoadAssemblies (239ms)
		RebuildTransferFunctionScriptingTraits (0ms)
		AnalyzeDomain (132ms)
			TypeCache.Refresh (11ms)
				TypeCache.ScanAssembly (1ms)
			BuildScriptInfoCaches (116ms)
			ResolveRequiredComponents (3ms)
	FinalizeReload (901ms)
		ReleaseScriptCaches (0ms)
		RebuildScriptCaches (0ms)
		SetupLoadedEditorAssemblies (799ms)
			LogAssemblyErrors (0ms)
			InitializePlatformSupportModulesInManaged (13ms)
			SetLoadedEditorAssemblies (4ms)
			BeforeProcessingInitializeOnLoad (100ms)
			ProcessInitializeOnLoadAttributes (628ms)
			ProcessInitializeOnLoadMethodAttributes (53ms)
			AfterProcessingInitializeOnLoad (1ms)
			EditorAssembliesLoaded (0ms)
		ExecutionOrderSort2 (0ms)
		AwakeInstancesAfterBackupRestoration (3ms)
Refreshing native plugins compatible for Editor in 2.61 ms, found 1 plugins.
Preloading 0 native plugins for Editor in 0.00 ms.
Unloading 29 Unused Serialized files (Serialized files now loaded: 0)
Unloading 6234 unused Assets / (4.5 MB). Loaded Objects now: 7030.
Memory consumption went from 142.6 MB to 138.2 MB.
Total: 19.595750 ms (FindLiveObjects: 0.303625 ms CreateObjectMapping: 0.171667 ms MarkObjects: 17.869958 ms  DeleteObjects: 1.250458 ms)

Prepare: number of updated asset objects reloaded= 0
========================================================================
Received Prepare
Folder 'Packages/com.unity.purchasing/Runtime/Apple/' contains multiple assembly definition files (Packages/com.unity.purchasing/Runtime/Apple/UnityEngine.Purchasing.Apple.asmdef)
Folder 'Packages/com.unity.purchasing/Runtime/Apple/' contains multiple assembly definition files (Packages/com.unity.purchasing/Runtime/Apple/Unity.Purchasing.Apple.asmdef)
Folder 'Packages/com.unity.purchasing/Runtime/SecurityStub/' contains multiple assembly definition files (Packages/com.unity.purchasing/Runtime/SecurityStub/UnityEngine.Purchasing.SecurityStub.asmdef)
Folder 'Packages/com.unity.purchasing/Runtime/SecurityStub/' contains multiple assembly definition files (Packages/com.unity.purchasing/Runtime/SecurityStub/Unity.Purchasing.SecurityStub.asmdef)
Folder 'Packages/com.unity.purchasing/Runtime/Security/' contains multiple assembly definition files (Packages/com.unity.purchasing/Runtime/Security/Unity.Purchasing.Security.asmdef)
Folder 'Packages/com.unity.purchasing/Runtime/Security/' contains multiple assembly definition files (Packages/com.unity.purchasing/Runtime/Security/UnityEngine.Purchasing.Security.asmdef)
Folder 'Packages/com.unity.purchasing/Runtime/Stores/' contains multiple assembly definition files (Packages/com.unity.purchasing/Runtime/Stores/UnityEngine.Purchasing.Stores.asmdef)
Folder 'Packages/com.unity.purchasing/Runtime/Stores/' contains multiple assembly definition files (Packages/com.unity.purchasing/Runtime/Stores/Unity.Purchasing.Stores.asmdef)
Folder 'Packages/com.unity.purchasing/Runtime/SecurityCore/' contains multiple assembly definition files (Packages/com.unity.purchasing/Runtime/SecurityCore/Unity.Purchasing.SecurityCore.asmdef)
Folder 'Packages/com.unity.purchasing/Runtime/SecurityCore/' contains multiple assembly definition files (Packages/com.unity.purchasing/Runtime/SecurityCore/UnityEngine.Purchasing.SecurityCore.asmdef)
Folder 'Packages/com.unity.purchasing/Runtime/Purchasing/' contains multiple assembly definition files (Packages/com.unity.purchasing/Runtime/Purchasing/UnityEngine.Purchasing.asmdef)
Folder 'Packages/com.unity.purchasing/Runtime/Purchasing/' contains multiple assembly definition files (Packages/com.unity.purchasing/Runtime/Purchasing/Unity.Purchasing.asmdef)
Folder 'Packages/com.unity.purchasing/Runtime/AppleMacosStub/' contains multiple assembly definition files (Packages/com.unity.purchasing/Runtime/AppleMacosStub/UnityEngine.Purchasing.AppleMacosStub.asmdef)
Folder 'Packages/com.unity.purchasing/Runtime/AppleMacosStub/' contains multiple assembly definition files (Packages/com.unity.purchasing/Runtime/AppleMacosStub/Unity.Purchasing.AppleMacosStub.asmdef)
Folder 'Packages/com.unity.purchasing/Runtime/AppleStub/' contains multiple assembly definition files (Packages/com.unity.purchasing/Runtime/AppleStub/Unity.Purchasing.AppleStub.asmdef)
Folder 'Packages/com.unity.purchasing/Runtime/AppleStub/' contains multiple assembly definition files (Packages/com.unity.purchasing/Runtime/AppleStub/UnityEngine.Purchasing.AppleStub.asmdef)
Folder 'Packages/com.unity.purchasing/Runtime/AppleMacos/' contains multiple assembly definition files (Packages/com.unity.purchasing/Runtime/AppleMacos/UnityEngine.Purchasing.AppleMacos.asmdef)
Folder 'Packages/com.unity.purchasing/Runtime/AppleMacos/' contains multiple assembly definition files (Packages/com.unity.purchasing/Runtime/AppleMacos/Unity.Purchasing.AppleMacos.asmdef)
Folder 'Packages/com.unity.purchasing/Runtime/Codeless/' contains multiple assembly definition files (Packages/com.unity.purchasing/Runtime/Codeless/Unity.Purchasing.Codeless.asmdef)
Folder 'Packages/com.unity.purchasing/Runtime/Codeless/' contains multiple assembly definition files (Packages/com.unity.purchasing/Runtime/Codeless/UnityEngine.Purchasing.Codeless.asmdef)
ArgumentException: An item with the same key has already been added. Key: 400f2260dd8d285419d1db99999109aa
  at System.Collections.Generic.Dictionary`2[TKey,TValue].TryInsert (TKey key, TValue value, System.Collections.Generic.InsertionBehavior behavior) [0x0015a] in <c5eeda5e65d44b388e164c6c5cfe0702>:0 
  at System.Collections.Generic.Dictionary`2[TKey,TValue].Add (TKey key, TValue value) [0x00000] in <c5eeda5e65d44b388e164c6c5cfe0702>:0 
  at System.Linq.Enumerable.ToDictionary[TSource,TKey,TElement] (TSource[] source, System.Func`2[T,TResult] keySelector, System.Func`2[T,TResult] elementSelector, System.Collections.Generic.IEqualityComparer`1[T] comparer) [0x00029] in <8203c5af529241e2a5cc4b3c5a3dc69a>:0 
  at System.Linq.Enumerable.ToDictionary[TSource,TKey,TElement] (System.Collections.Generic.IEnumerable`1[T] source, System.Func`2[T,TResult] keySelector, System.Func`2[T,TResult] elementSelector, System.Collections.Generic.IEqualityComparer`1[T] comparer) [0x00051] in <8203c5af529241e2a5cc4b3c5a3dc69a>:0 
  at System.Linq.Enumerable.ToDictionary[TSource,TKey,TElement] (System.Collections.Generic.IEnumerable`1[T] source, System.Func`2[T,TResult] keySelector, System.Func`2[T,TResult] elementSelector) [0x00000] in <8203c5af529241e2a5cc4b3c5a3dc69a>:0 
  at UnityEditor.Scripting.ScriptCompilation.AssemblyGraphBuilder.Initialize (System.Collections.Generic.IReadOnlyCollection`1[T] assemblies, System.Collections.Generic.IReadOnlyCollection`1[T] customScriptAssemblyReferences) [0x00046] in /Users/bokken/build/output/unity/unity/Editor/Mono/Scripting/ScriptCompilation/AssemblyGraphBuilder.cs:85 
  at UnityEditor.Scripting.ScriptCompilation.AssemblyGraphBuilderFactory.GetOrCreate (System.String projectPath, System.Collections.Generic.IReadOnlyCollection`1[T] assemblies, System.Collections.Generic.IReadOnlyCollection`1[T] customScriptAssemblyReferences) [0x00038] in /Users/bokken/build/output/unity/unity/Editor/Mono/Scripting/ScriptCompilation/AssemblyGraphBuilderFactory.cs:54 
  at UnityEditor.Scripting.ScriptCompilation.EditorCompilation.GetAssemblyGraphBuilder () [0x00001] in /Users/bokken/build/output/unity/unity/Editor/Mono/Scripting/ScriptCompilation/EditorCompilation.cs:170 
  at UnityEditor.Scripting.ScriptCompilation.EditorCompilation.SetAllScripts (System.String[] allScripts) [0x0000d] in /Users/bokken/build/output/unity/unity/Editor/Mono/Scripting/ScriptCompilation/EditorCompilation.cs:178 
  at UnityEditor.Scripting.ScriptCompilation.EditorCompilationInterface.SetAllScripts (System.String[] allScripts) [0x00001] in /Users/bokken/build/output/unity/unity/Editor/Mono/Scripting/ScriptCompilation/EditorCompilationInterface.cs:79 

(Filename: /Users/bokken/build/output/unity/unity/Editor/Mono/Scripting/ScriptCompilation/AssemblyGraphBuilder.cs Line: 85)

Folder 'Packages/com.unity.purchasing/Runtime/Apple/' contains multiple assembly definition files (Packages/com.unity.purchasing/Runtime/Apple/UnityEngine.Purchasing.Apple.asmdef)
Folder 'Packages/com.unity.purchasing/Runtime/Apple/' contains multiple assembly definition files (Packages/com.unity.purchasing/Runtime/Apple/Unity.Purchasing.Apple.asmdef)
Folder 'Packages/com.unity.purchasing/Runtime/SecurityStub/' contains multiple assembly definition files (Packages/com.unity.purchasing/Runtime/SecurityStub/UnityEngine.Purchasing.SecurityStub.asmdef)
Folder 'Packages/com.unity.purchasing/Runtime/SecurityStub/' contains multiple assembly definition files (Packages/com.unity.purchasing/Runtime/SecurityStub/Unity.Purchasing.SecurityStub.asmdef)
Folder 'Packages/com.unity.purchasing/Runtime/Security/' contains multiple assembly definition files (Packages/com.unity.purchasing/Runtime/Security/Unity.Purchasing.Security.asmdef)
Folder 'Packages/com.unity.purchasing/Runtime/Security/' contains multiple assembly definition files (Packages/com.unity.purchasing/Runtime/Security/UnityEngine.Purchasing.Security.asmdef)
Folder 'Packages/com.unity.purchasing/Runtime/Stores/' contains multiple assembly definition files (Packages/com.unity.purchasing/Runtime/Stores/UnityEngine.Purchasing.Stores.asmdef)
Folder 'Packages/com.unity.purchasing/Runtime/Stores/' contains multiple assembly definition files (Packages/com.unity.purchasing/Runtime/Stores/Unity.Purchasing.Stores.asmdef)
Folder 'Packages/com.unity.purchasing/Runtime/SecurityCore/' contains multiple assembly definition files (Packages/com.unity.purchasing/Runtime/SecurityCore/Unity.Purchasing.SecurityCore.asmdef)
Folder 'Packages/com.unity.purchasing/Runtime/SecurityCore/' contains multiple assembly definition files (Packages/com.unity.purchasing/Runtime/SecurityCore/UnityEngine.Purchasing.SecurityCore.asmdef)
Folder 'Packages/com.unity.purchasing/Runtime/Purchasing/' contains multiple assembly definition files (Packages/com.unity.purchasing/Runtime/Purchasing/UnityEngine.Purchasing.asmdef)
Folder 'Packages/com.unity.purchasing/Runtime/Purchasing/' contains multiple assembly definition files (Packages/com.unity.purchasing/Runtime/Purchasing/Unity.Purchasing.asmdef)
Folder 'Packages/com.unity.purchasing/Runtime/AppleMacosStub/' contains multiple assembly definition files (Packages/com.unity.purchasing/Runtime/AppleMacosStub/UnityEngine.Purchasing.AppleMacosStub.asmdef)
Folder 'Packages/com.unity.purchasing/Runtime/AppleMacosStub/' contains multiple assembly definition files (Packages/com.unity.purchasing/Runtime/AppleMacosStub/Unity.Purchasing.AppleMacosStub.asmdef)
Folder 'Packages/com.unity.purchasing/Runtime/AppleStub/' contains multiple assembly definition files (Packages/com.unity.purchasing/Runtime/AppleStub/Unity.Purchasing.AppleStub.asmdef)
Folder 'Packages/com.unity.purchasing/Runtime/AppleStub/' contains multiple assembly definition files (Packages/com.unity.purchasing/Runtime/AppleStub/UnityEngine.Purchasing.AppleStub.asmdef)
Folder 'Packages/com.unity.purchasing/Runtime/AppleMacos/' contains multiple assembly definition files (Packages/com.unity.purchasing/Runtime/AppleMacos/UnityEngine.Purchasing.AppleMacos.asmdef)
Folder 'Packages/com.unity.purchasing/Runtime/AppleMacos/' contains multiple assembly definition files (Packages/com.unity.purchasing/Runtime/AppleMacos/Unity.Purchasing.AppleMacos.asmdef)
Folder 'Packages/com.unity.purchasing/Runtime/Codeless/' contains multiple assembly definition files (Packages/com.unity.purchasing/Runtime/Codeless/Unity.Purchasing.Codeless.asmdef)
Folder 'Packages/com.unity.purchasing/Runtime/Codeless/' contains multiple assembly definition files (Packages/com.unity.purchasing/Runtime/Codeless/UnityEngine.Purchasing.Codeless.asmdef)
ArgumentException: An item with the same key has already been added. Key: 400f2260dd8d285419d1db99999109aa
  at System.Collections.Generic.Dictionary`2[TKey,TValue].TryInsert (TKey key, TValue value, System.Collections.Generic.InsertionBehavior behavior) [0x0015a] in <c5eeda5e65d44b388e164c6c5cfe0702>:0 
  at System.Collections.Generic.Dictionary`2[TKey,TValue].Add (TKey key, TValue value) [0x00000] in <c5eeda5e65d44b388e164c6c5cfe0702>:0 
  at System.Linq.Enumerable.ToDictionary[TSource,TKey,TElement] (TSource[] source, System.Func`2[T,TResult] keySelector, System.Func`2[T,TResult] elementSelector, System.Collections.Generic.IEqualityComparer`1[T] comparer) [0x00029] in <8203c5af529241e2a5cc4b3c5a3dc69a>:0 
  at System.Linq.Enumerable.ToDictionary[TSource,TKey,TElement] (System.Collections.Generic.IEnumerable`1[T] source, System.Func`2[T,TResult] keySelector, System.Func`2[T,TResult] elementSelector, System.Collections.Generic.IEqualityComparer`1[T] comparer) [0x00051] in <8203c5af529241e2a5cc4b3c5a3dc69a>:0 
  at System.Linq.Enumerable.ToDictionary[TSource,TKey,TElement] (System.Collections.Generic.IEnumerable`1[T] source, System.Func`2[T,TResult] keySelector, System.Func`2[T,TResult] elementSelector) [0x00000] in <8203c5af529241e2a5cc4b3c5a3dc69a>:0 
  at UnityEditor.Scripting.ScriptCompilation.AssemblyGraphBuilder.Initialize (System.Collections.Generic.IReadOnlyCollection`1[T] assemblies, System.Collections.Generic.IReadOnlyCollection`1[T] customScriptAssemblyReferences) [0x00046] in /Users/bokken/build/output/unity/unity/Editor/Mono/Scripting/ScriptCompilation/AssemblyGraphBuilder.cs:85 
  at UnityEditor.Scripting.ScriptCompilation.AssemblyGraphBuilderFactory.GetOrCreate (System.String projectPath, System.Collections.Generic.IReadOnlyCollection`1[T] assemblies, System.Collections.Generic.IReadOnlyCollection`1[T] customScriptAssemblyReferences) [0x00038] in /Users/bokken/build/output/unity/unity/Editor/Mono/Scripting/ScriptCompilation/AssemblyGraphBuilderFactory.cs:54 
  at UnityEditor.Scripting.ScriptCompilation.EditorCompilation.GetAssemblyGraphBuilder () [0x00001] in /Users/bokken/build/output/unity/unity/Editor/Mono/Scripting/ScriptCompilation/EditorCompilation.cs:170 
  at UnityEditor.Scripting.ScriptCompilation.EditorCompilation.SetAllScripts (System.String[] allScripts) [0x0000d] in /Users/bokken/build/output/unity/unity/Editor/Mono/Scripting/ScriptCompilation/EditorCompilation.cs:178 
  at UnityEditor.Scripting.ScriptCompilation.EditorCompilationInterface.SetAllScripts (System.String[] allScripts) [0x00001] in /Users/bokken/build/output/unity/unity/Editor/Mono/Scripting/ScriptCompilation/EditorCompilationInterface.cs:79 

(Filename: /Users/bokken/build/output/unity/unity/Editor/Mono/Scripting/ScriptCompilation/AssemblyGraphBuilder.cs Line: 85)

Begin MonoManager ReloadAssembly
Thread 0x16dd47000 may have been prematurely finalized
Symbol file LoadedFromMemory is not a mono symbol file
- Loaded All Assemblies, in  0.469 seconds
[Licensing::Client] Successfully resolved entitlement details
Folder 'Packages/com.unity.purchasing/Runtime/Apple/' contains multiple assembly definition files (Packages/com.unity.purchasing/Runtime/Apple/UnityEngine.Purchasing.Apple.asmdef)
Folder 'Packages/com.unity.purchasing/Runtime/Apple/' contains multiple assembly definition files (Packages/com.unity.purchasing/Runtime/Apple/Unity.Purchasing.Apple.asmdef)
Folder 'Packages/com.unity.purchasing/Runtime/SecurityStub/' contains multiple assembly definition files (Packages/com.unity.purchasing/Runtime/SecurityStub/UnityEngine.Purchasing.SecurityStub.asmdef)
Folder 'Packages/com.unity.purchasing/Runtime/SecurityStub/' contains multiple assembly definition files (Packages/com.unity.purchasing/Runtime/SecurityStub/Unity.Purchasing.SecurityStub.asmdef)
Folder 'Packages/com.unity.purchasing/Runtime/Security/' contains multiple assembly definition files (Packages/com.unity.purchasing/Runtime/Security/Unity.Purchasing.Security.asmdef)
Folder 'Packages/com.unity.purchasing/Runtime/Security/' contains multiple assembly definition files (Packages/com.unity.purchasing/Runtime/Security/UnityEngine.Purchasing.Security.asmdef)
Folder 'Packages/com.unity.purchasing/Runtime/Stores/' contains multiple assembly definition files (Packages/com.unity.purchasing/Runtime/Stores/UnityEngine.Purchasing.Stores.asmdef)
Folder 'Packages/com.unity.purchasing/Runtime/Stores/' contains multiple assembly definition files (Packages/com.unity.purchasing/Runtime/Stores/Unity.Purchasing.Stores.asmdef)
Folder 'Packages/com.unity.purchasing/Runtime/SecurityCore/' contains multiple assembly definition files (Packages/com.unity.purchasing/Runtime/SecurityCore/Unity.Purchasing.SecurityCore.asmdef)
Folder 'Packages/com.unity.purchasing/Runtime/SecurityCore/' contains multiple assembly definition files (Packages/com.unity.purchasing/Runtime/SecurityCore/UnityEngine.Purchasing.SecurityCore.asmdef)
Folder 'Packages/com.unity.purchasing/Runtime/Purchasing/' contains multiple assembly definition files (Packages/com.unity.purchasing/Runtime/Purchasing/UnityEngine.Purchasing.asmdef)
Folder 'Packages/com.unity.purchasing/Runtime/Purchasing/' contains multiple assembly definition files (Packages/com.unity.purchasing/Runtime/Purchasing/Unity.Purchasing.asmdef)
Folder 'Packages/com.unity.purchasing/Runtime/AppleMacosStub/' contains multiple assembly definition files (Packages/com.unity.purchasing/Runtime/AppleMacosStub/UnityEngine.Purchasing.AppleMacosStub.asmdef)
Folder 'Packages/com.unity.purchasing/Runtime/AppleMacosStub/' contains multiple assembly definition files (Packages/com.unity.purchasing/Runtime/AppleMacosStub/Unity.Purchasing.AppleMacosStub.asmdef)
Folder 'Packages/com.unity.purchasing/Runtime/AppleStub/' contains multiple assembly definition files (Packages/com.unity.purchasing/Runtime/AppleStub/Unity.Purchasing.AppleStub.asmdef)
Folder 'Packages/com.unity.purchasing/Runtime/AppleStub/' contains multiple assembly definition files (Packages/com.unity.purchasing/Runtime/AppleStub/UnityEngine.Purchasing.AppleStub.asmdef)
Folder 'Packages/com.unity.purchasing/Runtime/AppleMacos/' contains multiple assembly definition files (Packages/com.unity.purchasing/Runtime/AppleMacos/UnityEngine.Purchasing.AppleMacos.asmdef)
Folder 'Packages/com.unity.purchasing/Runtime/AppleMacos/' contains multiple assembly definition files (Packages/com.unity.purchasing/Runtime/AppleMacos/Unity.Purchasing.AppleMacos.asmdef)
Folder 'Packages/com.unity.purchasing/Runtime/Codeless/' contains multiple assembly definition files (Packages/com.unity.purchasing/Runtime/Codeless/Unity.Purchasing.Codeless.asmdef)
Folder 'Packages/com.unity.purchasing/Runtime/Codeless/' contains multiple assembly definition files (Packages/com.unity.purchasing/Runtime/Codeless/UnityEngine.Purchasing.Codeless.asmdef)
ArgumentException: An item with the same key has already been added. Key: 400f2260dd8d285419d1db99999109aa
  at System.Collections.Generic.Dictionary`2[TKey,TValue].TryInsert (TKey key, TValue value, System.Collections.Generic.InsertionBehavior behavior) [0x0015a] in <c5eeda5e65d44b388e164c6c5cfe0702>:0 
  at System.Collections.Generic.Dictionary`2[TKey,TValue].Add (TKey key, TValue value) [0x00000] in <c5eeda5e65d44b388e164c6c5cfe0702>:0 
  at System.Linq.Enumerable.ToDictionary[TSource,TKey,TElement] (TSource[] source, System.Func`2[T,TResult] keySelector, System.Func`2[T,TResult] elementSelector, System.Collections.Generic.IEqualityComparer`1[T] comparer) [0x00029] in <8203c5af529241e2a5cc4b3c5a3dc69a>:0 
  at System.Linq.Enumerable.ToDictionary[TSource,TKey,TElement] (System.Collections.Generic.IEnumerable`1[T] source, System.Func`2[T,TResult] keySelector, System.Func`2[T,TResult] elementSelector, System.Collections.Generic.IEqualityComparer`1[T] comparer) [0x00051] in <8203c5af529241e2a5cc4b3c5a3dc69a>:0 
  at System.Linq.Enumerable.ToDictionary[TSource,TKey,TElement] (System.Collections.Generic.IEnumerable`1[T] source, System.Func`2[T,TResult] keySelector, System.Func`2[T,TResult] elementSelector) [0x00000] in <8203c5af529241e2a5cc4b3c5a3dc69a>:0 
  at UnityEditor.Scripting.ScriptCompilation.AssemblyGraphBuilder.Initialize (System.Collections.Generic.IReadOnlyCollection`1[T] assemblies, System.Collections.Generic.IReadOnlyCollection`1[T] customScriptAssemblyReferences) [0x00046] in /Users/bokken/build/output/unity/unity/Editor/Mono/Scripting/ScriptCompilation/AssemblyGraphBuilder.cs:85 
  at UnityEditor.Scripting.ScriptCompilation.AssemblyGraphBuilderFactory.GetOrCreate (System.String projectPath, System.Collections.Generic.IReadOnlyCollection`1[T] assemblies, System.Collections.Generic.IReadOnlyCollection`1[T] customScriptAssemblyReferences) [0x00038] in /Users/bokken/build/output/unity/unity/Editor/Mono/Scripting/ScriptCompilation/AssemblyGraphBuilderFactory.cs:54 
  at UnityEditor.Scripting.ScriptCompilation.EditorCompilation.GetAssemblyGraphBuilder () [0x00001] in /Users/bokken/build/output/unity/unity/Editor/Mono/Scripting/ScriptCompilation/EditorCompilation.cs:170 
  at UnityEditor.Scripting.ScriptCompilation.EditorCompilation.SetAllScripts (System.String[] allScripts) [0x0000d] in /Users/bokken/build/output/unity/unity/Editor/Mono/Scripting/ScriptCompilation/EditorCompilation.cs:178 
  at UnityEditor.Scripting.ScriptCompilation.EditorCompilationInterface.SetAllScripts (System.String[] allScripts) [0x00001] in /Users/bokken/build/output/unity/unity/Editor/Mono/Scripting/ScriptCompilation/EditorCompilationInterface.cs:79 

(Filename: /Users/bokken/build/output/unity/unity/Editor/Mono/Scripting/ScriptCompilation/AssemblyGraphBuilder.cs Line: 85)

Refreshing native plugins compatible for Editor in 3.16 ms, found 1 plugins.
Native extension for iOS target not found
Native extension for Android target not found
Native extension for OSXStandalone target not found
Native extension for WebGL target not found
Folder 'Packages/com.unity.purchasing/Runtime/Apple/' contains multiple assembly definition files (Packages/com.unity.purchasing/Runtime/Apple/UnityEngine.Purchasing.Apple.asmdef)
Folder 'Packages/com.unity.purchasing/Runtime/Apple/' contains multiple assembly definition files (Packages/com.unity.purchasing/Runtime/Apple/Unity.Purchasing.Apple.asmdef)
Folder 'Packages/com.unity.purchasing/Runtime/SecurityStub/' contains multiple assembly definition files (Packages/com.unity.purchasing/Runtime/SecurityStub/UnityEngine.Purchasing.SecurityStub.asmdef)
Folder 'Packages/com.unity.purchasing/Runtime/SecurityStub/' contains multiple assembly definition files (Packages/com.unity.purchasing/Runtime/SecurityStub/Unity.Purchasing.SecurityStub.asmdef)
Folder 'Packages/com.unity.purchasing/Runtime/Security/' contains multiple assembly definition files (Packages/com.unity.purchasing/Runtime/Security/Unity.Purchasing.Security.asmdef)
Folder 'Packages/com.unity.purchasing/Runtime/Security/' contains multiple assembly definition files (Packages/com.unity.purchasing/Runtime/Security/UnityEngine.Purchasing.Security.asmdef)
Folder 'Packages/com.unity.purchasing/Runtime/Stores/' contains multiple assembly definition files (Packages/com.unity.purchasing/Runtime/Stores/UnityEngine.Purchasing.Stores.asmdef)
Folder 'Packages/com.unity.purchasing/Runtime/Stores/' contains multiple assembly definition files (Packages/com.unity.purchasing/Runtime/Stores/Unity.Purchasing.Stores.asmdef)
Folder 'Packages/com.unity.purchasing/Runtime/SecurityCore/' contains multiple assembly definition files (Packages/com.unity.purchasing/Runtime/SecurityCore/Unity.Purchasing.SecurityCore.asmdef)
Folder 'Packages/com.unity.purchasing/Runtime/SecurityCore/' contains multiple assembly definition files (Packages/com.unity.purchasing/Runtime/SecurityCore/UnityEngine.Purchasing.SecurityCore.asmdef)
Folder 'Packages/com.unity.purchasing/Runtime/Purchasing/' contains multiple assembly definition files (Packages/com.unity.purchasing/Runtime/Purchasing/UnityEngine.Purchasing.asmdef)
Folder 'Packages/com.unity.purchasing/Runtime/Purchasing/' contains multiple assembly definition files (Packages/com.unity.purchasing/Runtime/Purchasing/Unity.Purchasing.asmdef)
Folder 'Packages/com.unity.purchasing/Runtime/AppleMacosStub/' contains multiple assembly definition files (Packages/com.unity.purchasing/Runtime/AppleMacosStub/UnityEngine.Purchasing.AppleMacosStub.asmdef)
Folder 'Packages/com.unity.purchasing/Runtime/AppleMacosStub/' contains multiple assembly definition files (Packages/com.unity.purchasing/Runtime/AppleMacosStub/Unity.Purchasing.AppleMacosStub.asmdef)
Folder 'Packages/com.unity.purchasing/Runtime/AppleStub/' contains multiple assembly definition files (Packages/com.unity.purchasing/Runtime/AppleStub/Unity.Purchasing.AppleStub.asmdef)
Folder 'Packages/com.unity.purchasing/Runtime/AppleStub/' contains multiple assembly definition files (Packages/com.unity.purchasing/Runtime/AppleStub/UnityEngine.Purchasing.AppleStub.asmdef)
Folder 'Packages/com.unity.purchasing/Runtime/AppleMacos/' contains multiple assembly definition files (Packages/com.unity.purchasing/Runtime/AppleMacos/UnityEngine.Purchasing.AppleMacos.asmdef)
Folder 'Packages/com.unity.purchasing/Runtime/AppleMacos/' contains multiple assembly definition files (Packages/com.unity.purchasing/Runtime/AppleMacos/Unity.Purchasing.AppleMacos.asmdef)
Folder 'Packages/com.unity.purchasing/Runtime/Codeless/' contains multiple assembly definition files (Packages/com.unity.purchasing/Runtime/Codeless/Unity.Purchasing.Codeless.asmdef)
Folder 'Packages/com.unity.purchasing/Runtime/Codeless/' contains multiple assembly definition files (Packages/com.unity.purchasing/Runtime/Codeless/UnityEngine.Purchasing.Codeless.asmdef)
ArgumentException: An item with the same key has already been added. Key: 400f2260dd8d285419d1db99999109aa
  at System.Collections.Generic.Dictionary`2[TKey,TValue].TryInsert (TKey key, TValue value, System.Collections.Generic.InsertionBehavior behavior) [0x0015a] in <c5eeda5e65d44b388e164c6c5cfe0702>:0 
  at System.Collections.Generic.Dictionary`2[TKey,TValue].Add (TKey key, TValue value) [0x00000] in <c5eeda5e65d44b388e164c6c5cfe0702>:0 
  at System.Linq.Enumerable.ToDictionary[TSource,TKey,TElement] (TSource[] source, System.Func`2[T,TResult] keySelector, System.Func`2[T,TResult] elementSelector, System.Collections.Generic.IEqualityComparer`1[T] comparer) [0x00029] in <8203c5af529241e2a5cc4b3c5a3dc69a>:0 
  at System.Linq.Enumerable.ToDictionary[TSource,TKey,TElement] (System.Collections.Generic.IEnumerable`1[T] source, System.Func`2[T,TResult] keySelector, System.Func`2[T,TResult] elementSelector, System.Collections.Generic.IEqualityComparer`1[T] comparer) [0x00051] in <8203c5af529241e2a5cc4b3c5a3dc69a>:0 
  at System.Linq.Enumerable.ToDictionary[TSource,TKey,TElement] (System.Collections.Generic.IEnumerable`1[T] source, System.Func`2[T,TResult] keySelector, System.Func`2[T,TResult] elementSelector) [0x00000] in <8203c5af529241e2a5cc4b3c5a3dc69a>:0 
  at UnityEditor.Scripting.ScriptCompilation.AssemblyGraphBuilder.Initialize (System.Collections.Generic.IReadOnlyCollection`1[T] assemblies, System.Collections.Generic.IReadOnlyCollection`1[T] customScriptAssemblyReferences) [0x00046] in /Users/bokken/build/output/unity/unity/Editor/Mono/Scripting/ScriptCompilation/AssemblyGraphBuilder.cs:85 
  at UnityEditor.Scripting.ScriptCompilation.AssemblyGraphBuilderFactory.GetOrCreate (System.String projectPath, System.Collections.Generic.IReadOnlyCollection`1[T] assemblies, System.Collections.Generic.IReadOnlyCollection`1[T] customScriptAssemblyReferences) [0x00038] in /Users/bokken/build/output/unity/unity/Editor/Mono/Scripting/ScriptCompilation/AssemblyGraphBuilderFactory.cs:54 
  at UnityEditor.Scripting.ScriptCompilation.EditorCompilation.GetAssemblyGraphBuilder () [0x00001] in /Users/bokken/build/output/unity/unity/Editor/Mono/Scripting/ScriptCompilation/EditorCompilation.cs:170 
  at UnityEditor.Scripting.ScriptCompilation.EditorCompilation.SetAllScripts (System.String[] allScripts) [0x0000d] in /Users/bokken/build/output/unity/unity/Editor/Mono/Scripting/ScriptCompilation/EditorCompilation.cs:178 
  at UnityEditor.Scripting.ScriptCompilation.EditorCompilationInterface.SetAllScripts (System.String[] allScripts) [0x00001] in /Users/bokken/build/output/unity/unity/Editor/Mono/Scripting/ScriptCompilation/EditorCompilationInterface.cs:79 

(Filename: /Users/bokken/build/output/unity/unity/Editor/Mono/Scripting/ScriptCompilation/AssemblyGraphBuilder.cs Line: 85)

Refreshing native plugins compatible for Editor in 3.44 ms, found 1 plugins.
[Package Manager] Failed to launch server process. Reason: Unity was launched with the -noUpm command-line argument
[Package Manager] Unable to send message (not connected to server process).
[Package Manager] Cannot connect to Unity Package Manager local server
ScheduleIndexationOnStartup MainProcess:False IndexOnStartup:True
Mono: successfully reloaded assembly
- Finished resetting the current domain, in  0.944 seconds
Domain Reload Profiling: 1415ms
	BeginReloadAssembly (108ms)
		ExecutionOrderSort (0ms)
		DisableScriptedObjects (3ms)
		BackupInstance (0ms)
		ReleaseScriptingObjects (0ms)
		CreateAndSetChildDomain (35ms)
	RebuildCommonClasses (25ms)
	RebuildNativeTypeToScriptingClass (10ms)
	initialDomainReloadingComplete (15ms)
	LoadAllAssembliesAndSetupDomain (314ms)
		LoadAssemblies (220ms)
		RebuildTransferFunctionScriptingTraits (0ms)
		AnalyzeDomain (124ms)
			TypeCache.Refresh (8ms)
				TypeCache.ScanAssembly (0ms)
			BuildScriptInfoCaches (110ms)
			ResolveRequiredComponents (3ms)
	FinalizeReload (944ms)
		ReleaseScriptCaches (0ms)
		RebuildScriptCaches (0ms)
		SetupLoadedEditorAssemblies (851ms)
			LogAssemblyErrors (0ms)
			InitializePlatformSupportModulesInManaged (13ms)
			SetLoadedEditorAssemblies (3ms)
			BeforeProcessingInitializeOnLoad (97ms)
			ProcessInitializeOnLoadAttributes (682ms)
			ProcessInitializeOnLoadMethodAttributes (54ms)
			AfterProcessingInitializeOnLoad (1ms)
			EditorAssembliesLoaded (0ms)
		ExecutionOrderSort2 (0ms)
		AwakeInstancesAfterBackupRestoration (3ms)
Refreshing native plugins compatible for Editor in 2.80 ms, found 1 plugins.
Preloading 0 native plugins for Editor in 0.00 ms.
Unloading 29 Unused Serialized files (Serialized files now loaded: 0)
Unloading 6234 unused Assets / (4.1 MB). Loaded Objects now: 7036.
Memory consumption went from 142.7 MB to 138.5 MB.
Total: 20.725042 ms (FindLiveObjects: 0.319500 ms CreateObjectMapping: 0.177959 ms MarkObjects: 18.889791 ms  DeleteObjects: 1.337167 ms)

Prepare: number of updated asset objects reloaded= 0
========================================================================
Received Prepare
Refreshing native plugins compatible for Editor in 3.49 ms, found 1 plugins.
Preloading 0 native plugins for Editor in 0.00 ms.
Unloading 29 Unused Serialized files (Serialized files now loaded: 0)
Unloading 6162 unused Assets / (4.6 MB). Loaded Objects now: 7036.
Memory consumption went from 125.4 MB to 120.8 MB.
Total: 20.591500 ms (FindLiveObjects: 0.322041 ms CreateObjectMapping: 0.175959 ms MarkObjects: 18.702083 ms  DeleteObjects: 1.391125 ms)

Prepare: number of updated asset objects reloaded= 0
========================================================================
Received Prepare
Folder 'Packages/com.unity.purchasing/Runtime/Apple/' contains multiple assembly definition files (Packages/com.unity.purchasing/Runtime/Apple/UnityEngine.Purchasing.Apple.asmdef)
Folder 'Packages/com.unity.purchasing/Runtime/Apple/' contains multiple assembly definition files (Packages/com.unity.purchasing/Runtime/Apple/Unity.Purchasing.Apple.asmdef)
Folder 'Packages/com.unity.purchasing/Runtime/SecurityStub/' contains multiple assembly definition files (Packages/com.unity.purchasing/Runtime/SecurityStub/UnityEngine.Purchasing.SecurityStub.asmdef)
Folder 'Packages/com.unity.purchasing/Runtime/SecurityStub/' contains multiple assembly definition files (Packages/com.unity.purchasing/Runtime/SecurityStub/Unity.Purchasing.SecurityStub.asmdef)
Folder 'Packages/com.unity.purchasing/Runtime/Security/' contains multiple assembly definition files (Packages/com.unity.purchasing/Runtime/Security/Unity.Purchasing.Security.asmdef)
Folder 'Packages/com.unity.purchasing/Runtime/Security/' contains multiple assembly definition files (Packages/com.unity.purchasing/Runtime/Security/UnityEngine.Purchasing.Security.asmdef)
Folder 'Packages/com.unity.purchasing/Runtime/Stores/' contains multiple assembly definition files (Packages/com.unity.purchasing/Runtime/Stores/UnityEngine.Purchasing.Stores.asmdef)
Folder 'Packages/com.unity.purchasing/Runtime/Stores/' contains multiple assembly definition files (Packages/com.unity.purchasing/Runtime/Stores/Unity.Purchasing.Stores.asmdef)
Folder 'Packages/com.unity.purchasing/Runtime/SecurityCore/' contains multiple assembly definition files (Packages/com.unity.purchasing/Runtime/SecurityCore/Unity.Purchasing.SecurityCore.asmdef)
Folder 'Packages/com.unity.purchasing/Runtime/SecurityCore/' contains multiple assembly definition files (Packages/com.unity.purchasing/Runtime/SecurityCore/UnityEngine.Purchasing.SecurityCore.asmdef)
Folder 'Packages/com.unity.purchasing/Runtime/Purchasing/' contains multiple assembly definition files (Packages/com.unity.purchasing/Runtime/Purchasing/UnityEngine.Purchasing.asmdef)
Folder 'Packages/com.unity.purchasing/Runtime/Purchasing/' contains multiple assembly definition files (Packages/com.unity.purchasing/Runtime/Purchasing/Unity.Purchasing.asmdef)
Folder 'Packages/com.unity.purchasing/Runtime/AppleMacosStub/' contains multiple assembly definition files (Packages/com.unity.purchasing/Runtime/AppleMacosStub/UnityEngine.Purchasing.AppleMacosStub.asmdef)
Folder 'Packages/com.unity.purchasing/Runtime/AppleMacosStub/' contains multiple assembly definition files (Packages/com.unity.purchasing/Runtime/AppleMacosStub/Unity.Purchasing.AppleMacosStub.asmdef)
Folder 'Packages/com.unity.purchasing/Runtime/AppleStub/' contains multiple assembly definition files (Packages/com.unity.purchasing/Runtime/AppleStub/Unity.Purchasing.AppleStub.asmdef)
Folder 'Packages/com.unity.purchasing/Runtime/AppleStub/' contains multiple assembly definition files (Packages/com.unity.purchasing/Runtime/AppleStub/UnityEngine.Purchasing.AppleStub.asmdef)
Folder 'Packages/com.unity.purchasing/Runtime/AppleMacos/' contains multiple assembly definition files (Packages/com.unity.purchasing/Runtime/AppleMacos/UnityEngine.Purchasing.AppleMacos.asmdef)
Folder 'Packages/com.unity.purchasing/Runtime/AppleMacos/' contains multiple assembly definition files (Packages/com.unity.purchasing/Runtime/AppleMacos/Unity.Purchasing.AppleMacos.asmdef)
Folder 'Packages/com.unity.purchasing/Runtime/Codeless/' contains multiple assembly definition files (Packages/com.unity.purchasing/Runtime/Codeless/Unity.Purchasing.Codeless.asmdef)
Folder 'Packages/com.unity.purchasing/Runtime/Codeless/' contains multiple assembly definition files (Packages/com.unity.purchasing/Runtime/Codeless/UnityEngine.Purchasing.Codeless.asmdef)
ArgumentException: An item with the same key has already been added. Key: 400f2260dd8d285419d1db99999109aa
  at System.Collections.Generic.Dictionary`2[TKey,TValue].TryInsert (TKey key, TValue value, System.Collections.Generic.InsertionBehavior behavior) [0x0015a] in <c5eeda5e65d44b388e164c6c5cfe0702>:0 
  at System.Collections.Generic.Dictionary`2[TKey,TValue].Add (TKey key, TValue value) [0x00000] in <c5eeda5e65d44b388e164c6c5cfe0702>:0 
  at System.Linq.Enumerable.ToDictionary[TSource,TKey,TElement] (TSource[] source, System.Func`2[T,TResult] keySelector, System.Func`2[T,TResult] elementSelector, System.Collections.Generic.IEqualityComparer`1[T] comparer) [0x00029] in <8203c5af529241e2a5cc4b3c5a3dc69a>:0 
  at System.Linq.Enumerable.ToDictionary[TSource,TKey,TElement] (System.Collections.Generic.IEnumerable`1[T] source, System.Func`2[T,TResult] keySelector, System.Func`2[T,TResult] elementSelector, System.Collections.Generic.IEqualityComparer`1[T] comparer) [0x00051] in <8203c5af529241e2a5cc4b3c5a3dc69a>:0 
  at System.Linq.Enumerable.ToDictionary[TSource,TKey,TElement] (System.Collections.Generic.IEnumerable`1[T] source, System.Func`2[T,TResult] keySelector, System.Func`2[T,TResult] elementSelector) [0x00000] in <8203c5af529241e2a5cc4b3c5a3dc69a>:0 
  at UnityEditor.Scripting.ScriptCompilation.AssemblyGraphBuilder.Initialize (System.Collections.Generic.IReadOnlyCollection`1[T] assemblies, System.Collections.Generic.IReadOnlyCollection`1[T] customScriptAssemblyReferences) [0x00046] in /Users/bokken/build/output/unity/unity/Editor/Mono/Scripting/ScriptCompilation/AssemblyGraphBuilder.cs:85 
  at UnityEditor.Scripting.ScriptCompilation.AssemblyGraphBuilderFactory.GetOrCreate (System.String projectPath, System.Collections.Generic.IReadOnlyCollection`1[T] assemblies, System.Collections.Generic.IReadOnlyCollection`1[T] customScriptAssemblyReferences) [0x00038] in /Users/bokken/build/output/unity/unity/Editor/Mono/Scripting/ScriptCompilation/AssemblyGraphBuilderFactory.cs:54 
  at UnityEditor.Scripting.ScriptCompilation.EditorCompilation.GetAssemblyGraphBuilder () [0x00001] in /Users/bokken/build/output/unity/unity/Editor/Mono/Scripting/ScriptCompilation/EditorCompilation.cs:170 
  at UnityEditor.Scripting.ScriptCompilation.EditorCompilation.SetAllScripts (System.String[] allScripts) [0x0000d] in /Users/bokken/build/output/unity/unity/Editor/Mono/Scripting/ScriptCompilation/EditorCompilation.cs:178 
  at UnityEditor.Scripting.ScriptCompilation.EditorCompilationInterface.SetAllScripts (System.String[] allScripts) [0x00001] in /Users/bokken/build/output/unity/unity/Editor/Mono/Scripting/ScriptCompilation/EditorCompilationInterface.cs:79 

(Filename: /Users/bokken/build/output/unity/unity/Editor/Mono/Scripting/ScriptCompilation/AssemblyGraphBuilder.cs Line: 85)

Folder 'Packages/com.unity.purchasing/Runtime/Apple/' contains multiple assembly definition files (Packages/com.unity.purchasing/Runtime/Apple/UnityEngine.Purchasing.Apple.asmdef)
Folder 'Packages/com.unity.purchasing/Runtime/Apple/' contains multiple assembly definition files (Packages/com.unity.purchasing/Runtime/Apple/Unity.Purchasing.Apple.asmdef)
Folder 'Packages/com.unity.purchasing/Runtime/SecurityStub/' contains multiple assembly definition files (Packages/com.unity.purchasing/Runtime/SecurityStub/UnityEngine.Purchasing.SecurityStub.asmdef)
Folder 'Packages/com.unity.purchasing/Runtime/SecurityStub/' contains multiple assembly definition files (Packages/com.unity.purchasing/Runtime/SecurityStub/Unity.Purchasing.SecurityStub.asmdef)
Folder 'Packages/com.unity.purchasing/Runtime/Security/' contains multiple assembly definition files (Packages/com.unity.purchasing/Runtime/Security/Unity.Purchasing.Security.asmdef)
Folder 'Packages/com.unity.purchasing/Runtime/Security/' contains multiple assembly definition files (Packages/com.unity.purchasing/Runtime/Security/UnityEngine.Purchasing.Security.asmdef)
Folder 'Packages/com.unity.purchasing/Runtime/Stores/' contains multiple assembly definition files (Packages/com.unity.purchasing/Runtime/Stores/UnityEngine.Purchasing.Stores.asmdef)
Folder 'Packages/com.unity.purchasing/Runtime/Stores/' contains multiple assembly definition files (Packages/com.unity.purchasing/Runtime/Stores/Unity.Purchasing.Stores.asmdef)
Folder 'Packages/com.unity.purchasing/Runtime/SecurityCore/' contains multiple assembly definition files (Packages/com.unity.purchasing/Runtime/SecurityCore/Unity.Purchasing.SecurityCore.asmdef)
Folder 'Packages/com.unity.purchasing/Runtime/SecurityCore/' contains multiple assembly definition files (Packages/com.unity.purchasing/Runtime/SecurityCore/UnityEngine.Purchasing.SecurityCore.asmdef)
Folder 'Packages/com.unity.purchasing/Runtime/Purchasing/' contains multiple assembly definition files (Packages/com.unity.purchasing/Runtime/Purchasing/UnityEngine.Purchasing.asmdef)
Folder 'Packages/com.unity.purchasing/Runtime/Purchasing/' contains multiple assembly definition files (Packages/com.unity.purchasing/Runtime/Purchasing/Unity.Purchasing.asmdef)
Folder 'Packages/com.unity.purchasing/Runtime/AppleMacosStub/' contains multiple assembly definition files (Packages/com.unity.purchasing/Runtime/AppleMacosStub/UnityEngine.Purchasing.AppleMacosStub.asmdef)
Folder 'Packages/com.unity.purchasing/Runtime/AppleMacosStub/' contains multiple assembly definition files (Packages/com.unity.purchasing/Runtime/AppleMacosStub/Unity.Purchasing.AppleMacosStub.asmdef)
Folder 'Packages/com.unity.purchasing/Runtime/AppleStub/' contains multiple assembly definition files (Packages/com.unity.purchasing/Runtime/AppleStub/Unity.Purchasing.AppleStub.asmdef)
Folder 'Packages/com.unity.purchasing/Runtime/AppleStub/' contains multiple assembly definition files (Packages/com.unity.purchasing/Runtime/AppleStub/UnityEngine.Purchasing.AppleStub.asmdef)
Folder 'Packages/com.unity.purchasing/Runtime/AppleMacos/' contains multiple assembly definition files (Packages/com.unity.purchasing/Runtime/AppleMacos/UnityEngine.Purchasing.AppleMacos.asmdef)
Folder 'Packages/com.unity.purchasing/Runtime/AppleMacos/' contains multiple assembly definition files (Packages/com.unity.purchasing/Runtime/AppleMacos/Unity.Purchasing.AppleMacos.asmdef)
Folder 'Packages/com.unity.purchasing/Runtime/Codeless/' contains multiple assembly definition files (Packages/com.unity.purchasing/Runtime/Codeless/Unity.Purchasing.Codeless.asmdef)
Folder 'Packages/com.unity.purchasing/Runtime/Codeless/' contains multiple assembly definition files (Packages/com.unity.purchasing/Runtime/Codeless/UnityEngine.Purchasing.Codeless.asmdef)
ArgumentException: An item with the same key has already been added. Key: 400f2260dd8d285419d1db99999109aa
  at System.Collections.Generic.Dictionary`2[TKey,TValue].TryInsert (TKey key, TValue value, System.Collections.Generic.InsertionBehavior behavior) [0x0015a] in <c5eeda5e65d44b388e164c6c5cfe0702>:0 
  at System.Collections.Generic.Dictionary`2[TKey,TValue].Add (TKey key, TValue value) [0x00000] in <c5eeda5e65d44b388e164c6c5cfe0702>:0 
  at System.Linq.Enumerable.ToDictionary[TSource,TKey,TElement] (TSource[] source, System.Func`2[T,TResult] keySelector, System.Func`2[T,TResult] elementSelector, System.Collections.Generic.IEqualityComparer`1[T] comparer) [0x00029] in <8203c5af529241e2a5cc4b3c5a3dc69a>:0 
  at System.Linq.Enumerable.ToDictionary[TSource,TKey,TElement] (System.Collections.Generic.IEnumerable`1[T] source, System.Func`2[T,TResult] keySelector, System.Func`2[T,TResult] elementSelector, System.Collections.Generic.IEqualityComparer`1[T] comparer) [0x00051] in <8203c5af529241e2a5cc4b3c5a3dc69a>:0 
  at System.Linq.Enumerable.ToDictionary[TSource,TKey,TElement] (System.Collections.Generic.IEnumerable`1[T] source, System.Func`2[T,TResult] keySelector, System.Func`2[T,TResult] elementSelector) [0x00000] in <8203c5af529241e2a5cc4b3c5a3dc69a>:0 
  at UnityEditor.Scripting.ScriptCompilation.AssemblyGraphBuilder.Initialize (System.Collections.Generic.IReadOnlyCollection`1[T] assemblies, System.Collections.Generic.IReadOnlyCollection`1[T] customScriptAssemblyReferences) [0x00046] in /Users/bokken/build/output/unity/unity/Editor/Mono/Scripting/ScriptCompilation/AssemblyGraphBuilder.cs:85 
  at UnityEditor.Scripting.ScriptCompilation.AssemblyGraphBuilderFactory.GetOrCreate (System.String projectPath, System.Collections.Generic.IReadOnlyCollection`1[T] assemblies, System.Collections.Generic.IReadOnlyCollection`1[T] customScriptAssemblyReferences) [0x00038] in /Users/bokken/build/output/unity/unity/Editor/Mono/Scripting/ScriptCompilation/AssemblyGraphBuilderFactory.cs:54 
  at UnityEditor.Scripting.ScriptCompilation.EditorCompilation.GetAssemblyGraphBuilder () [0x00001] in /Users/bokken/build/output/unity/unity/Editor/Mono/Scripting/ScriptCompilation/EditorCompilation.cs:170 
  at UnityEditor.Scripting.ScriptCompilation.EditorCompilation.SetAllScripts (System.String[] allScripts) [0x0000d] in /Users/bokken/build/output/unity/unity/Editor/Mono/Scripting/ScriptCompilation/EditorCompilation.cs:178 
  at UnityEditor.Scripting.ScriptCompilation.EditorCompilationInterface.SetAllScripts (System.String[] allScripts) [0x00001] in /Users/bokken/build/output/unity/unity/Editor/Mono/Scripting/ScriptCompilation/EditorCompilationInterface.cs:79 

(Filename: /Users/bokken/build/output/unity/unity/Editor/Mono/Scripting/ScriptCompilation/AssemblyGraphBuilder.cs Line: 85)

Begin MonoManager ReloadAssembly
[Licensing::Client] Successfully resolved entitlement details
Thread 0x16dd47000 may have been prematurely finalized
Symbol file LoadedFromMemory is not a mono symbol file
- Loaded All Assemblies, in  0.498 seconds
Folder 'Packages/com.unity.purchasing/Runtime/Apple/' contains multiple assembly definition files (Packages/com.unity.purchasing/Runtime/Apple/UnityEngine.Purchasing.Apple.asmdef)
Folder 'Packages/com.unity.purchasing/Runtime/Apple/' contains multiple assembly definition files (Packages/com.unity.purchasing/Runtime/Apple/Unity.Purchasing.Apple.asmdef)
Folder 'Packages/com.unity.purchasing/Runtime/SecurityStub/' contains multiple assembly definition files (Packages/com.unity.purchasing/Runtime/SecurityStub/UnityEngine.Purchasing.SecurityStub.asmdef)
Folder 'Packages/com.unity.purchasing/Runtime/SecurityStub/' contains multiple assembly definition files (Packages/com.unity.purchasing/Runtime/SecurityStub/Unity.Purchasing.SecurityStub.asmdef)
Folder 'Packages/com.unity.purchasing/Runtime/Security/' contains multiple assembly definition files (Packages/com.unity.purchasing/Runtime/Security/Unity.Purchasing.Security.asmdef)
Folder 'Packages/com.unity.purchasing/Runtime/Security/' contains multiple assembly definition files (Packages/com.unity.purchasing/Runtime/Security/UnityEngine.Purchasing.Security.asmdef)
Folder 'Packages/com.unity.purchasing/Runtime/Stores/' contains multiple assembly definition files (Packages/com.unity.purchasing/Runtime/Stores/UnityEngine.Purchasing.Stores.asmdef)
Folder 'Packages/com.unity.purchasing/Runtime/Stores/' contains multiple assembly definition files (Packages/com.unity.purchasing/Runtime/Stores/Unity.Purchasing.Stores.asmdef)
Folder 'Packages/com.unity.purchasing/Runtime/SecurityCore/' contains multiple assembly definition files (Packages/com.unity.purchasing/Runtime/SecurityCore/Unity.Purchasing.SecurityCore.asmdef)
Folder 'Packages/com.unity.purchasing/Runtime/SecurityCore/' contains multiple assembly definition files (Packages/com.unity.purchasing/Runtime/SecurityCore/UnityEngine.Purchasing.SecurityCore.asmdef)
Folder 'Packages/com.unity.purchasing/Runtime/Purchasing/' contains multiple assembly definition files (Packages/com.unity.purchasing/Runtime/Purchasing/UnityEngine.Purchasing.asmdef)
Folder 'Packages/com.unity.purchasing/Runtime/Purchasing/' contains multiple assembly definition files (Packages/com.unity.purchasing/Runtime/Purchasing/Unity.Purchasing.asmdef)
Folder 'Packages/com.unity.purchasing/Runtime/AppleMacosStub/' contains multiple assembly definition files (Packages/com.unity.purchasing/Runtime/AppleMacosStub/UnityEngine.Purchasing.AppleMacosStub.asmdef)
Folder 'Packages/com.unity.purchasing/Runtime/AppleMacosStub/' contains multiple assembly definition files (Packages/com.unity.purchasing/Runtime/AppleMacosStub/Unity.Purchasing.AppleMacosStub.asmdef)
Folder 'Packages/com.unity.purchasing/Runtime/AppleStub/' contains multiple assembly definition files (Packages/com.unity.purchasing/Runtime/AppleStub/Unity.Purchasing.AppleStub.asmdef)
Folder 'Packages/com.unity.purchasing/Runtime/AppleStub/' contains multiple assembly definition files (Packages/com.unity.purchasing/Runtime/AppleStub/UnityEngine.Purchasing.AppleStub.asmdef)
Folder 'Packages/com.unity.purchasing/Runtime/AppleMacos/' contains multiple assembly definition files (Packages/com.unity.purchasing/Runtime/AppleMacos/UnityEngine.Purchasing.AppleMacos.asmdef)
Folder 'Packages/com.unity.purchasing/Runtime/AppleMacos/' contains multiple assembly definition files (Packages/com.unity.purchasing/Runtime/AppleMacos/Unity.Purchasing.AppleMacos.asmdef)
Folder 'Packages/com.unity.purchasing/Runtime/Codeless/' contains multiple assembly definition files (Packages/com.unity.purchasing/Runtime/Codeless/Unity.Purchasing.Codeless.asmdef)
Folder 'Packages/com.unity.purchasing/Runtime/Codeless/' contains multiple assembly definition files (Packages/com.unity.purchasing/Runtime/Codeless/UnityEngine.Purchasing.Codeless.asmdef)
ArgumentException: An item with the same key has already been added. Key: 400f2260dd8d285419d1db99999109aa
  at System.Collections.Generic.Dictionary`2[TKey,TValue].TryInsert (TKey key, TValue value, System.Collections.Generic.InsertionBehavior behavior) [0x0015a] in <c5eeda5e65d44b388e164c6c5cfe0702>:0 
  at System.Collections.Generic.Dictionary`2[TKey,TValue].Add (TKey key, TValue value) [0x00000] in <c5eeda5e65d44b388e164c6c5cfe0702>:0 
  at System.Linq.Enumerable.ToDictionary[TSource,TKey,TElement] (TSource[] source, System.Func`2[T,TResult] keySelector, System.Func`2[T,TResult] elementSelector, System.Collections.Generic.IEqualityComparer`1[T] comparer) [0x00029] in <8203c5af529241e2a5cc4b3c5a3dc69a>:0 
  at System.Linq.Enumerable.ToDictionary[TSource,TKey,TElement] (System.Collections.Generic.IEnumerable`1[T] source, System.Func`2[T,TResult] keySelector, System.Func`2[T,TResult] elementSelector, System.Collections.Generic.IEqualityComparer`1[T] comparer) [0x00051] in <8203c5af529241e2a5cc4b3c5a3dc69a>:0 
  at System.Linq.Enumerable.ToDictionary[TSource,TKey,TElement] (System.Collections.Generic.IEnumerable`1[T] source, System.Func`2[T,TResult] keySelector, System.Func`2[T,TResult] elementSelector) [0x00000] in <8203c5af529241e2a5cc4b3c5a3dc69a>:0 
  at UnityEditor.Scripting.ScriptCompilation.AssemblyGraphBuilder.Initialize (System.Collections.Generic.IReadOnlyCollection`1[T] assemblies, System.Collections.Generic.IReadOnlyCollection`1[T] customScriptAssemblyReferences) [0x00046] in /Users/bokken/build/output/unity/unity/Editor/Mono/Scripting/ScriptCompilation/AssemblyGraphBuilder.cs:85 
  at UnityEditor.Scripting.ScriptCompilation.AssemblyGraphBuilderFactory.GetOrCreate (System.String projectPath, System.Collections.Generic.IReadOnlyCollection`1[T] assemblies, System.Collections.Generic.IReadOnlyCollection`1[T] customScriptAssemblyReferences) [0x00038] in /Users/bokken/build/output/unity/unity/Editor/Mono/Scripting/ScriptCompilation/AssemblyGraphBuilderFactory.cs:54 
  at UnityEditor.Scripting.ScriptCompilation.EditorCompilation.GetAssemblyGraphBuilder () [0x00001] in /Users/bokken/build/output/unity/unity/Editor/Mono/Scripting/ScriptCompilation/EditorCompilation.cs:170 
  at UnityEditor.Scripting.ScriptCompilation.EditorCompilation.SetAllScripts (System.String[] allScripts) [0x0000d] in /Users/bokken/build/output/unity/unity/Editor/Mono/Scripting/ScriptCompilation/EditorCompilation.cs:178 
  at UnityEditor.Scripting.ScriptCompilation.EditorCompilationInterface.SetAllScripts (System.String[] allScripts) [0x00001] in /Users/bokken/build/output/unity/unity/Editor/Mono/Scripting/ScriptCompilation/EditorCompilationInterface.cs:79 

(Filename: /Users/bokken/build/output/unity/unity/Editor/Mono/Scripting/ScriptCompilation/AssemblyGraphBuilder.cs Line: 85)

Refreshing native plugins compatible for Editor in 2.77 ms, found 1 plugins.
Native extension for iOS target not found
Native extension for Android target not found
Native extension for OSXStandalone target not found
Native extension for WebGL target not found
[Licensing::Client] Successfully resolved entitlement details
Folder 'Packages/com.unity.purchasing/Runtime/Apple/' contains multiple assembly definition files (Packages/com.unity.purchasing/Runtime/Apple/UnityEngine.Purchasing.Apple.asmdef)
Folder 'Packages/com.unity.purchasing/Runtime/Apple/' contains multiple assembly definition files (Packages/com.unity.purchasing/Runtime/Apple/Unity.Purchasing.Apple.asmdef)
Folder 'Packages/com.unity.purchasing/Runtime/SecurityStub/' contains multiple assembly definition files (Packages/com.unity.purchasing/Runtime/SecurityStub/UnityEngine.Purchasing.SecurityStub.asmdef)
Folder 'Packages/com.unity.purchasing/Runtime/SecurityStub/' contains multiple assembly definition files (Packages/com.unity.purchasing/Runtime/SecurityStub/Unity.Purchasing.SecurityStub.asmdef)
Folder 'Packages/com.unity.purchasing/Runtime/Security/' contains multiple assembly definition files (Packages/com.unity.purchasing/Runtime/Security/Unity.Purchasing.Security.asmdef)
Folder 'Packages/com.unity.purchasing/Runtime/Security/' contains multiple assembly definition files (Packages/com.unity.purchasing/Runtime/Security/UnityEngine.Purchasing.Security.asmdef)
Folder 'Packages/com.unity.purchasing/Runtime/Stores/' contains multiple assembly definition files (Packages/com.unity.purchasing/Runtime/Stores/UnityEngine.Purchasing.Stores.asmdef)
Folder 'Packages/com.unity.purchasing/Runtime/Stores/' contains multiple assembly definition files (Packages/com.unity.purchasing/Runtime/Stores/Unity.Purchasing.Stores.asmdef)
Folder 'Packages/com.unity.purchasing/Runtime/SecurityCore/' contains multiple assembly definition files (Packages/com.unity.purchasing/Runtime/SecurityCore/Unity.Purchasing.SecurityCore.asmdef)
Folder 'Packages/com.unity.purchasing/Runtime/SecurityCore/' contains multiple assembly definition files (Packages/com.unity.purchasing/Runtime/SecurityCore/UnityEngine.Purchasing.SecurityCore.asmdef)
Folder 'Packages/com.unity.purchasing/Runtime/Purchasing/' contains multiple assembly definition files (Packages/com.unity.purchasing/Runtime/Purchasing/UnityEngine.Purchasing.asmdef)
Folder 'Packages/com.unity.purchasing/Runtime/Purchasing/' contains multiple assembly definition files (Packages/com.unity.purchasing/Runtime/Purchasing/Unity.Purchasing.asmdef)
Folder 'Packages/com.unity.purchasing/Runtime/AppleMacosStub/' contains multiple assembly definition files (Packages/com.unity.purchasing/Runtime/AppleMacosStub/UnityEngine.Purchasing.AppleMacosStub.asmdef)
Folder 'Packages/com.unity.purchasing/Runtime/AppleMacosStub/' contains multiple assembly definition files (Packages/com.unity.purchasing/Runtime/AppleMacosStub/Unity.Purchasing.AppleMacosStub.asmdef)
Folder 'Packages/com.unity.purchasing/Runtime/AppleStub/' contains multiple assembly definition files (Packages/com.unity.purchasing/Runtime/AppleStub/Unity.Purchasing.AppleStub.asmdef)
Folder 'Packages/com.unity.purchasing/Runtime/AppleStub/' contains multiple assembly definition files (Packages/com.unity.purchasing/Runtime/AppleStub/UnityEngine.Purchasing.AppleStub.asmdef)
Folder 'Packages/com.unity.purchasing/Runtime/AppleMacos/' contains multiple assembly definition files (Packages/com.unity.purchasing/Runtime/AppleMacos/UnityEngine.Purchasing.AppleMacos.asmdef)
Folder 'Packages/com.unity.purchasing/Runtime/AppleMacos/' contains multiple assembly definition files (Packages/com.unity.purchasing/Runtime/AppleMacos/Unity.Purchasing.AppleMacos.asmdef)
Folder 'Packages/com.unity.purchasing/Runtime/Codeless/' contains multiple assembly definition files (Packages/com.unity.purchasing/Runtime/Codeless/Unity.Purchasing.Codeless.asmdef)
Folder 'Packages/com.unity.purchasing/Runtime/Codeless/' contains multiple assembly definition files (Packages/com.unity.purchasing/Runtime/Codeless/UnityEngine.Purchasing.Codeless.asmdef)
ArgumentException: An item with the same key has already been added. Key: 400f2260dd8d285419d1db99999109aa
  at System.Collections.Generic.Dictionary`2[TKey,TValue].TryInsert (TKey key, TValue value, System.Collections.Generic.InsertionBehavior behavior) [0x0015a] in <c5eeda5e65d44b388e164c6c5cfe0702>:0 
  at System.Collections.Generic.Dictionary`2[TKey,TValue].Add (TKey key, TValue value) [0x00000] in <c5eeda5e65d44b388e164c6c5cfe0702>:0 
  at System.Linq.Enumerable.ToDictionary[TSource,TKey,TElement] (TSource[] source, System.Func`2[T,TResult] keySelector, System.Func`2[T,TResult] elementSelector, System.Collections.Generic.IEqualityComparer`1[T] comparer) [0x00029] in <8203c5af529241e2a5cc4b3c5a3dc69a>:0 
  at System.Linq.Enumerable.ToDictionary[TSource,TKey,TElement] (System.Collections.Generic.IEnumerable`1[T] source, System.Func`2[T,TResult] keySelector, System.Func`2[T,TResult] elementSelector, System.Collections.Generic.IEqualityComparer`1[T] comparer) [0x00051] in <8203c5af529241e2a5cc4b3c5a3dc69a>:0 
  at System.Linq.Enumerable.ToDictionary[TSource,TKey,TElement] (System.Collections.Generic.IEnumerable`1[T] source, System.Func`2[T,TResult] keySelector, System.Func`2[T,TResult] elementSelector) [0x00000] in <8203c5af529241e2a5cc4b3c5a3dc69a>:0 
  at UnityEditor.Scripting.ScriptCompilation.AssemblyGraphBuilder.Initialize (System.Collections.Generic.IReadOnlyCollection`1[T] assemblies, System.Collections.Generic.IReadOnlyCollection`1[T] customScriptAssemblyReferences) [0x00046] in /Users/bokken/build/output/unity/unity/Editor/Mono/Scripting/ScriptCompilation/AssemblyGraphBuilder.cs:85 
  at UnityEditor.Scripting.ScriptCompilation.AssemblyGraphBuilderFactory.GetOrCreate (System.String projectPath, System.Collections.Generic.IReadOnlyCollection`1[T] assemblies, System.Collections.Generic.IReadOnlyCollection`1[T] customScriptAssemblyReferences) [0x00038] in /Users/bokken/build/output/unity/unity/Editor/Mono/Scripting/ScriptCompilation/AssemblyGraphBuilderFactory.cs:54 
  at UnityEditor.Scripting.ScriptCompilation.EditorCompilation.GetAssemblyGraphBuilder () [0x00001] in /Users/bokken/build/output/unity/unity/Editor/Mono/Scripting/ScriptCompilation/EditorCompilation.cs:170 
  at UnityEditor.Scripting.ScriptCompilation.EditorCompilation.SetAllScripts (System.String[] allScripts) [0x0000d] in /Users/bokken/build/output/unity/unity/Editor/Mono/Scripting/ScriptCompilation/EditorCompilation.cs:178 
  at UnityEditor.Scripting.ScriptCompilation.EditorCompilationInterface.SetAllScripts (System.String[] allScripts) [0x00001] in /Users/bokken/build/output/unity/unity/Editor/Mono/Scripting/ScriptCompilation/EditorCompilationInterface.cs:79 

(Filename: /Users/bokken/build/output/unity/unity/Editor/Mono/Scripting/ScriptCompilation/AssemblyGraphBuilder.cs Line: 85)

Refreshing native plugins compatible for Editor in 3.15 ms, found 1 plugins.
[Package Manager] Failed to launch server process. Reason: Unity was launched with the -noUpm command-line argument
[Package Manager] Unable to send message (not connected to server process).
[Package Manager] Cannot connect to Unity Package Manager local server
ScheduleIndexationOnStartup MainProcess:False IndexOnStartup:True
Mono: successfully reloaded assembly
- Finished resetting the current domain, in  0.972 seconds
Domain Reload Profiling: 1472ms
	BeginReloadAssembly (117ms)
		ExecutionOrderSort (0ms)
		DisableScriptedObjects (4ms)
		BackupInstance (0ms)
		ReleaseScriptingObjects (0ms)
		CreateAndSetChildDomain (35ms)
	RebuildCommonClasses (27ms)
	RebuildNativeTypeToScriptingClass (11ms)
	initialDomainReloadingComplete (15ms)
	LoadAllAssembliesAndSetupDomain (331ms)
		LoadAssemblies (237ms)
		RebuildTransferFunctionScriptingTraits (0ms)
		AnalyzeDomain (131ms)
			TypeCache.Refresh (11ms)
				TypeCache.ScanAssembly (1ms)
			BuildScriptInfoCaches (114ms)
			ResolveRequiredComponents (3ms)
	FinalizeReload (972ms)
		ReleaseScriptCaches (0ms)
		RebuildScriptCaches (0ms)
		SetupLoadedEditorAssemblies (869ms)
			LogAssemblyErrors (0ms)
			InitializePlatformSupportModulesInManaged (13ms)
			SetLoadedEditorAssemblies (4ms)
			BeforeProcessingInitializeOnLoad (107ms)
			ProcessInitializeOnLoadAttributes (690ms)
			ProcessInitializeOnLoadMethodAttributes (54ms)
			AfterProcessingInitializeOnLoad (1ms)
			EditorAssembliesLoaded (0ms)
		ExecutionOrderSort2 (0ms)
		AwakeInstancesAfterBackupRestoration (3ms)
Refreshing native plugins compatible for Editor in 3.71 ms, found 1 plugins.
Preloading 0 native plugins for Editor in 0.00 ms.
Unloading 29 Unused Serialized files (Serialized files now loaded: 0)
Unloading 6234 unused Assets / (4.3 MB). Loaded Objects now: 7042.
Memory consumption went from 142.6 MB to 138.4 MB.
Total: 20.037125 ms (FindLiveObjects: 0.339541 ms CreateObjectMapping: 0.177459 ms MarkObjects: 18.061584 ms  DeleteObjects: 1.458375 ms)

Prepare: number of updated asset objects reloaded= 0
