Unity Editor version:    6000.3.10f1 (e35f0c77bd8e)
Branch:                  6000.3/staging
Build type:              Release
Batch mode:              YES
macOS version:           Version 26.6.2 (Build 25G83)
Darwin version:          25.6.0
Architecture:            arm64
Running under Rosetta:   NO
Available memory:        65536 MB
Date:                    2026-09-26T19:31:49Z
[Licensing::Module] Trying to connect to existing licensing client channel...
[Licensing::IpcConnector] Successfully connected to: "LicenseClient-chriswilliams" at "2026-09-26T19:31:49.469614Z"

COMMAND LINE ARGUMENTS:
/Applications/Unity/Hub/Editor/6000.3.10f1/Unity.app/Contents/MacOS/Unity
-adb2
-batchMode
-noUpm
-name
AssetImportWorker1
-projectPath
/Users/chriswilliams/UnityRepo/GridSwatch/GridSwatch/GridSwatch
-logFile
Logs/AssetImportWorker1.log
-srvPort
63182
-licensingIpc
LicenseClient-chriswilliams
-job-worker-count
4
-background-job-worker-count
8
-gc-helper-count
1
-name AssetImport
Successfully changed project path to: /Users/chriswilliams/UnityRepo/GridSwatch/GridSwatch/GridSwatch
/Users/chriswilliams/UnityRepo/GridSwatch/GridSwatch/GridSwatch
[UnityMemory] Configuration Parameters - Can be set up in boot.config
    "memorysetup-allocator-temp-initial-block-size-main=262144"
    "memorysetup-allocator-temp-initial-block-size-worker=262144"
    "memorysetup-temp-allocator-size-background-worker=32768"
    "memorysetup-temp-allocator-size-job-worker=262144"
    "memorysetup-temp-allocator-size-preload-manager=33554432"
    "memorysetup-temp-allocator-size-nav-mesh-worker=65536"
    "memorysetup-temp-allocator-size-audio-worker=65536"
    "memorysetup-temp-allocator-size-cloud-worker=32768"
    "memorysetup-bucket-allocator-granularity=16"
    "memorysetup-bucket-allocator-bucket-count=8"
    "memorysetup-bucket-allocator-block-size=33554432"
    "memorysetup-bucket-allocator-block-count=8"
    "memorysetup-main-allocator-block-size=16777216"
    "memorysetup-thread-allocator-block-size=16777216"
    "memorysetup-gfx-main-allocator-block-size=16777216"
    "memorysetup-gfx-thread-allocator-block-size=16777216"
    "memorysetup-cache-allocator-block-size=4194304"
    "memorysetup-typetree-allocator-block-size=2097152"
    "memorysetup-profiler-bucket-allocator-granularity=16"
    "memorysetup-profiler-bucket-allocator-bucket-count=8"
    "memorysetup-profiler-bucket-allocator-block-size=33554432"
    "memorysetup-profiler-bucket-allocator-block-count=8"
    "memorysetup-profiler-allocator-block-size=16777216"
    "memorysetup-profiler-editor-allocator-block-size=1048576"
    "memorysetup-temp-allocator-size-main=16777216"
    "memorysetup-job-temp-allocator-block-size=2097152"
    "memorysetup-job-temp-allocator-block-size-background=1048576"
    "memorysetup-job-temp-allocator-reduction-small-platforms=262144"
    "memorysetup-temp-allocator-size-gi-baking-worker=262144"
    "memorysetup-temp-allocator-size-gi-baking-worker=262144"
    "memorysetup-temp-allocator-size-gi-baking-worker=262144"
    "memorysetup-temp-allocator-size-gi-baking-worker=262144"
    "memorysetup-temp-allocator-size-gi-baking-worker=262144"
    "memorysetup-temp-allocator-size-gfx=262144"
Player connection [8477041024]  Target information:

Player connection [8477041024]  * "[IP] 192.168.1.170 [Port] 0 [Flags] 2 [Guid] 2863703869 [EditorId] 2863703869 [Version] 1048832 [Id] OSXEditor(0,MacBookPro) [Debug] 1 [PackageName] OSXEditor [ProjectName] Editor" 

Player connection [8477041024] Host joined multi-casting on [225.0.0.222:54997]...
Player connection [8477041024] Host joined alternative multi-casting on [225.0.0.222:34997]...
JobSystem: Creating JobQueue using job-worker-count value 4
Input System module state changed to: Initialized.
[Physics::Module] Initialized fallback backend.
[Physics::Module] Id: 0xdecafbad
Library Redirect Path: Library/
[Physics::Module] Selected backend.
[Physics::Module] Name: PhysX
[Physics::Module] Id: 0xf2b8ea05
[Physics::Module] SDK Version: 4.1.2
[Physics::Module] Integration Version: 1.0.0
[Physics::Module] Threading Mode: Multi-Threaded
[Licensing::Module] Licensing is not yet initialized.
[Licensing::Client] Handshaking with LicensingClient:
  Version:                 1.17.4+4293ba1
  Session Id:              c0a7c5fe83b64f9ba7be6c468a90880f
  Correlation Id:          106a5096fe3acad75a03a779bc26dbb2
  External correlation Id: 8992755474697822557
  Machine Id:              KI/wy768VbMY4ESvw7p8npOdLmU=
[Licensing::Module] Successfully connected to LicensingClient on channel: "LicenseClient-chriswilliams" (connect: 0.00s, validation: 0.00s, handshake: 0.61s)
[Licensing::IpcConnector] Successfully connected to: "LicenseClient-chriswilliams-notifications" at "2026-09-26T19:31:50.079957Z"
[Licensing::Module] Licensing Background thread has ended after 0.61s
[Licensing::Module] Licensing is initialized (took 0.02s).
[Licensing::Client] Successfully resolved entitlement details
[Licensing::Module] License group:
  Id: 2475917943566-zac_unity393-UnitXXXX
  Product: Unity Pro
  Type: Assigned
  Expiration: 2026-11-09T00:00:00Z
Refreshing native plugins compatible for Editor in 1.57 ms, found 1 plugins.
Preloading 0 native plugins for Editor in 0.00 ms.
Initialize engine version: 6000.3.10f1 (e35f0c77bd8e)
[Subsystems] Discovering subsystems at path /Applications/Unity/Hub/Editor/6000.3.10f1/Unity.app/Contents/Resources/UnitySubsystems
[Subsystems] Discovering subsystems at path /Users/chriswilliams/UnityRepo/GridSwatch/GridSwatch/GridSwatch/Assets
GfxDevice: creating device client; kGfxThreadingModeNonThreaded
 preferred device: Apple M1 Max (high power)
Metal devices available: 1
0: Apple M1 Max (high power)
Forcing user selected device: Apple M1 Max (high power)
Initializing Metal device caps: Apple M1 Max
Mac GPU Family: 2
Apple GPU Family: 7
MSL Version: 3.0
Has Float MSAA: 1
Has Float Filtering: 1
ReadWrite Texture Tier: 2
Initialize mono
Mono path[0] = '/Applications/Unity/Hub/Editor/6000.3.10f1/Unity.app/Contents/Resources/Scripting/Managed'
Mono path[1] = '/Applications/Unity/Hub/Editor/6000.3.10f1/Unity.app/Contents/Resources/Scripting/MonoBleedingEdge/lib/mono/unityjit-macos'
Mono config path = '/Applications/Unity/Hub/Editor/6000.3.10f1/Unity.app/Contents/Resources/Scripting/MonoBleedingEdge/etc'
Using monoOptions --debugger-agent=transport=dt_socket,embedding=1,server=y,suspend=n,address=127.0.0.1:56453
Begin MonoManager ReloadAssembly
Registering precompiled unity dll's ...
Register platform support module: /Applications/Unity/Hub/Editor/6000.3.10f1/PlaybackEngines/WebGLSupport/UnityEditor.WebGL.Extensions.dll
Register platform support module: /Applications/Unity/Hub/Editor/6000.3.10f1/Unity.app/Contents/PlaybackEngines/MacStandaloneSupport/UnityEditor.OSXStandalone.Extensions.dll
[Licensing::Client] Successfully resolved entitlement details
Register platform support module: /Applications/Unity/Hub/Editor/6000.3.10f1/PlaybackEngines/AndroidPlayer/UnityEditor.Android.Extensions.dll
Register platform support module: /Applications/Unity/Hub/Editor/6000.3.10f1/PlaybackEngines/iOSSupport/UnityEditor.iOS.Extensions.dll
Registered in 0.001472 seconds.
- Loaded All Assemblies, in  0.249 seconds
[usbmuxd] Start listen thread
[usbmuxd] Listen thread started
[usbmuxd] Send listen message
Native extension for iOS target not found
Native extension for Android target not found
Android Extension - Scanning For ADB Devices 99 ms
Native extension for OSXStandalone target not found
Native extension for WebGL target not found
ScheduleIndexationOnStartup MainProcess:False IndexOnStartup:True
Mono: successfully reloaded assembly
- Finished resetting the current domain, in  0.502 seconds
Domain Reload Profiling: 752ms
	BeginReloadAssembly (56ms)
		ExecutionOrderSort (0ms)
		DisableScriptedObjects (0ms)
		BackupInstance (0ms)
		ReleaseScriptingObjects (0ms)
		CreateAndSetChildDomain (0ms)
	RebuildCommonClasses (26ms)
	RebuildNativeTypeToScriptingClass (10ms)
	initialDomainReloadingComplete (28ms)
	LoadAllAssembliesAndSetupDomain (130ms)
		LoadAssemblies (56ms)
		RebuildTransferFunctionScriptingTraits (0ms)
		AnalyzeDomain (127ms)
			TypeCache.Refresh (126ms)
				TypeCache.ScanAssembly (116ms)
			BuildScriptInfoCaches (0ms)
			ResolveRequiredComponents (0ms)
	FinalizeReload (503ms)
		ReleaseScriptCaches (0ms)
		RebuildScriptCaches (0ms)
		SetupLoadedEditorAssemblies (468ms)
			LogAssemblyErrors (0ms)
			InitializePlatformSupportModulesInManaged (197ms)
			SetLoadedEditorAssemblies (4ms)
			BeforeProcessingInitializeOnLoad (89ms)
			ProcessInitializeOnLoadAttributes (133ms)
			ProcessInitializeOnLoadMethodAttributes (46ms)
			AfterProcessingInitializeOnLoad (0ms)
			EditorAssembliesLoaded (0ms)
		ExecutionOrderSort2 (0ms)
		AwakeInstancesAfterBackupRestoration (0ms)
[CoreBusinessMetrics] Unexpected thread when updating session info.
========================================================================
Worker process is ready to serve import requests
Import Worker Mode flag is 0x00
Begin MonoManager ReloadAssembly
[Licensing::Client] Successfully resolved entitlement details
Symbol file LoadedFromMemory is not a mono symbol file
- Loaded All Assemblies, in  0.510 seconds
Refreshing native plugins compatible for Editor in 1.21 ms, found 1 plugins.
Native extension for iOS target not found
Native extension for Android target not found
Native extension for OSXStandalone target not found
Native extension for WebGL target not found
Refreshing native plugins compatible for Editor in 1.60 ms, found 1 plugins.
Package Manager log level set to [2]
[Package Manager] Failed to launch server process. Reason: Unity was launched with the -noUpm command-line argument
[Package Manager] Unable to send message (not connected to server process).
[Package Manager] Cannot connect to Unity Package Manager local server
ScheduleIndexationOnStartup MainProcess:False IndexOnStartup:True
Mono: successfully reloaded assembly
- Finished resetting the current domain, in  1.053 seconds
Domain Reload Profiling: 1562ms
	BeginReloadAssembly (90ms)
		ExecutionOrderSort (0ms)
		DisableScriptedObjects (3ms)
		BackupInstance (0ms)
		ReleaseScriptingObjects (0ms)
		CreateAndSetChildDomain (19ms)
	RebuildCommonClasses (27ms)
	RebuildNativeTypeToScriptingClass (11ms)
	initialDomainReloadingComplete (17ms)
	LoadAllAssembliesAndSetupDomain (365ms)
		LoadAssemblies (236ms)
		RebuildTransferFunctionScriptingTraits (0ms)
		AnalyzeDomain (169ms)
			TypeCache.Refresh (126ms)
				TypeCache.ScanAssembly (112ms)
			BuildScriptInfoCaches (38ms)
			ResolveRequiredComponents (3ms)
	FinalizeReload (1053ms)
		ReleaseScriptCaches (0ms)
		RebuildScriptCaches (0ms)
		SetupLoadedEditorAssemblies (965ms)
			LogAssemblyErrors (0ms)
			InitializePlatformSupportModulesInManaged (13ms)
			SetLoadedEditorAssemblies (3ms)
			BeforeProcessingInitializeOnLoad (133ms)
			ProcessInitializeOnLoadAttributes (695ms)
			ProcessInitializeOnLoadMethodAttributes (120ms)
			AfterProcessingInitializeOnLoad (1ms)
			EditorAssembliesLoaded (0ms)
		ExecutionOrderSort2 (0ms)
		AwakeInstancesAfterBackupRestoration (2ms)
Launching external process: /Applications/Unity/Hub/Editor/6000.3.10f1/Unity.app/Contents/Helpers/UnityShaderCompiler
Launched and connected shader compiler UnityShaderCompiler after 0.03 seconds
Refreshing native plugins compatible for Editor in 1.37 ms, found 1 plugins.
Preloading 0 native plugins for Editor in 0.00 ms.
Unloading 29 Unused Serialized files (Serialized files now loaded: 0)
Unloading 5465 unused Assets / (4.1 MB). Loaded Objects now: 6112.
Memory consumption went from 115.6 MB to 111.5 MB.
Total: 21.398958 ms (FindLiveObjects: 0.213000 ms CreateObjectMapping: 0.123209 ms MarkObjects: 19.844042 ms  DeleteObjects: 1.218125 ms)

========================================================================
Received Import Request.
  Time since last request: 849856.888790 seconds.
  path: Assets/Scenes/_Main.unity
  artifactKey: Guid(2fa84715f8fdb4c7bbc201a481412e24) Importer(2089858483,d624ce77472d68a35037170ec1d2d27e)
Start importing Assets/Scenes/_Main.unity using Guid(2fa84715f8fdb4c7bbc201a481412e24) Importer(2089858483,d624ce77472d68a35037170ec1d2d27e) (ScriptedImporter) -> (artifact id: 'a98b6146ee22274893084af6c97b5bbe') in 0.023073625 seconds
Number of updated asset objects reloaded before import = 0Number of asset objects unloaded after import = 1

========================================================================
Received Import Request.
  Time since last request: 0.000088 seconds.
  path: Assets/Scripts/Game Board/Tiles/Tile.cs
  artifactKey: Guid(3ea7e13f316f4455e8888f5a23be84cc) Importer(2089858483,d624ce77472d68a35037170ec1d2d27e)
Start importing Assets/Scripts/Game Board/Tiles/Tile.cs using Guid(3ea7e13f316f4455e8888f5a23be84cc) Importer(2089858483,d624ce77472d68a35037170ec1d2d27e) (ScriptedImporter) -> (artifact id: '0fed65dc69274dd3a73f004212838506') in 0.014872167 seconds
Number of updated asset objects reloaded before import = 0Number of asset objects unloaded after import = 0

========================================================================
Received Import Request.
  Time since last request: 0.000123 seconds.
  path: Assets/Resources/Prefabs/Map Page.prefab
  artifactKey: Guid(ff615fc93ad6f45cb8cc3719280a6bc1) Importer(2089858483,d624ce77472d68a35037170ec1d2d27e)
Start importing Assets/Resources/Prefabs/Map Page.prefab using Guid(ff615fc93ad6f45cb8cc3719280a6bc1) Importer(2089858483,d624ce77472d68a35037170ec1d2d27e) (ScriptedImporter) -> (artifact id: '0b3e3d30effa158a35237fb21102ed0b') in 0.034069709 seconds
Number of updated asset objects reloaded before import = 0Number of asset objects unloaded after import = 9

========================================================================
Received Prepare
Folder 'Packages/com.unity.purchasing/Runtime/Apple/' contains multiple assembly definition files (Packages/com.unity.purchasing/Runtime/Apple/UnityEngine.Purchasing.Apple.asmdef)
Folder 'Packages/com.unity.purchasing/Runtime/Apple/' contains multiple assembly definition files (Packages/com.unity.purchasing/Runtime/Apple/Unity.Purchasing.Apple.asmdef)
Folder 'Packages/com.unity.purchasing/Runtime/SecurityStub/' contains multiple assembly definition files (Packages/com.unity.purchasing/Runtime/SecurityStub/UnityEngine.Purchasing.SecurityStub.asmdef)
Folder 'Packages/com.unity.purchasing/Runtime/SecurityStub/' contains multiple assembly definition files (Packages/com.unity.purchasing/Runtime/SecurityStub/Unity.Purchasing.SecurityStub.asmdef)
Folder 'Packages/com.unity.purchasing/Runtime/Security/' contains multiple assembly definition files (Packages/com.unity.purchasing/Runtime/Security/Unity.Purchasing.Security.asmdef)
Folder 'Packages/com.unity.purchasing/Runtime/Security/' contains multiple assembly definition files (Packages/com.unity.purchasing/Runtime/Security/UnityEngine.Purchasing.Security.asmdef)
Folder 'Packages/com.unity.purchasing/Runtime/Stores/' contains multiple assembly definition files (Packages/com.unity.purchasing/Runtime/Stores/UnityEngine.Purchasing.Stores.asmdef)
Folder 'Packages/com.unity.purchasing/Runtime/Stores/' contains multiple assembly definition files (Packages/com.unity.purchasing/Runtime/Stores/Unity.Purchasing.Stores.asmdef)
Folder 'Packages/com.unity.purchasing/Runtime/SecurityCore/' contains multiple assembly definition files (Packages/com.unity.purchasing/Runtime/SecurityCore/Unity.Purchasing.SecurityCore.asmdef)
Folder 'Packages/com.unity.purchasing/Runtime/SecurityCore/' contains multiple assembly definition files (Packages/com.unity.purchasing/Runtime/SecurityCore/UnityEngine.Purchasing.SecurityCore.asmdef)
Folder 'Packages/com.unity.purchasing/Runtime/Purchasing/' contains multiple assembly definition files (Packages/com.unity.purchasing/Runtime/Purchasing/UnityEngine.Purchasing.asmdef)
Folder 'Packages/com.unity.purchasing/Runtime/Purchasing/' contains multiple assembly definition files (Packages/com.unity.purchasing/Runtime/Purchasing/Unity.Purchasing.asmdef)
Folder 'Packages/com.unity.purchasing/Runtime/AppleMacosStub/' contains multiple assembly definition files (Packages/com.unity.purchasing/Runtime/AppleMacosStub/UnityEngine.Purchasing.AppleMacosStub.asmdef)
Folder 'Packages/com.unity.purchasing/Runtime/AppleMacosStub/' contains multiple assembly definition files (Packages/com.unity.purchasing/Runtime/AppleMacosStub/Unity.Purchasing.AppleMacosStub.asmdef)
Folder 'Packages/com.unity.purchasing/Runtime/AppleStub/' contains multiple assembly definition files (Packages/com.unity.purchasing/Runtime/AppleStub/Unity.Purchasing.AppleStub.asmdef)
Folder 'Packages/com.unity.purchasing/Runtime/AppleStub/' contains multiple assembly definition files (Packages/com.unity.purchasing/Runtime/AppleStub/UnityEngine.Purchasing.AppleStub.asmdef)
Folder 'Packages/com.unity.purchasing/Runtime/AppleMacos/' contains multiple assembly definition files (Packages/com.unity.purchasing/Runtime/AppleMacos/UnityEngine.Purchasing.AppleMacos.asmdef)
Folder 'Packages/com.unity.purchasing/Runtime/AppleMacos/' contains multiple assembly definition files (Packages/com.unity.purchasing/Runtime/AppleMacos/Unity.Purchasing.AppleMacos.asmdef)
Folder 'Packages/com.unity.purchasing/Runtime/Codeless/' contains multiple assembly definition files (Packages/com.unity.purchasing/Runtime/Codeless/Unity.Purchasing.Codeless.asmdef)
Folder 'Packages/com.unity.purchasing/Runtime/Codeless/' contains multiple assembly definition files (Packages/com.unity.purchasing/Runtime/Codeless/UnityEngine.Purchasing.Codeless.asmdef)
ArgumentException: An item with the same key has already been added. Key: 400f2260dd8d285419d1db99999109aa
  at System.Collections.Generic.Dictionary`2[TKey,TValue].TryInsert (TKey key, TValue value, System.Collections.Generic.InsertionBehavior behavior) [0x0015a] in <c5eeda5e65d44b388e164c6c5cfe0702>:0 
  at System.Collections.Generic.Dictionary`2[TKey,TValue].Add (TKey key, TValue value) [0x00000] in <c5eeda5e65d44b388e164c6c5cfe0702>:0 
  at System.Linq.Enumerable.ToDictionary[TSource,TKey,TElement] (TSource[] source, System.Func`2[T,TResult] keySelector, System.Func`2[T,TResult] elementSelector, System.Collections.Generic.IEqualityComparer`1[T] comparer) [0x00029] in <8203c5af529241e2a5cc4b3c5a3dc69a>:0 
  at System.Linq.Enumerable.ToDictionary[TSource,TKey,TElement] (System.Collections.Generic.IEnumerable`1[T] source, System.Func`2[T,TResult] keySelector, System.Func`2[T,TResult] elementSelector, System.Collections.Generic.IEqualityComparer`1[T] comparer) [0x00051] in <8203c5af529241e2a5cc4b3c5a3dc69a>:0 
  at System.Linq.Enumerable.ToDictionary[TSource,TKey,TElement] (System.Collections.Generic.IEnumerable`1[T] source, System.Func`2[T,TResult] keySelector, System.Func`2[T,TResult] elementSelector) [0x00000] in <8203c5af529241e2a5cc4b3c5a3dc69a>:0 
  at UnityEditor.Scripting.ScriptCompilation.AssemblyGraphBuilder.Initialize (System.Collections.Generic.IReadOnlyCollection`1[T] assemblies, System.Collections.Generic.IReadOnlyCollection`1[T] customScriptAssemblyReferences) [0x00046] in /Users/bokken/build/output/unity/unity/Editor/Mono/Scripting/ScriptCompilation/AssemblyGraphBuilder.cs:85 
  at UnityEditor.Scripting.ScriptCompilation.AssemblyGraphBuilderFactory.GetOrCreate (System.String projectPath, System.Collections.Generic.IReadOnlyCollection`1[T] assemblies, System.Collections.Generic.IReadOnlyCollection`1[T] customScriptAssemblyReferences) [0x00038] in /Users/bokken/build/output/unity/unity/Editor/Mono/Scripting/ScriptCompilation/AssemblyGraphBuilderFactory.cs:54 
  at UnityEditor.Scripting.ScriptCompilation.EditorCompilation.GetAssemblyGraphBuilder () [0x00001] in /Users/bokken/build/output/unity/unity/Editor/Mono/Scripting/ScriptCompilation/EditorCompilation.cs:170 
  at UnityEditor.Scripting.ScriptCompilation.EditorCompilation.SetAllScripts (System.String[] allScripts) [0x0000d] in /Users/bokken/build/output/unity/unity/Editor/Mono/Scripting/ScriptCompilation/EditorCompilation.cs:178 
  at UnityEditor.Scripting.ScriptCompilation.EditorCompilationInterface.SetAllScripts (System.String[] allScripts) [0x00001] in /Users/bokken/build/output/unity/unity/Editor/Mono/Scripting/ScriptCompilation/EditorCompilationInterface.cs:79 

(Filename: /Users/bokken/build/output/unity/unity/Editor/Mono/Scripting/ScriptCompilation/AssemblyGraphBuilder.cs Line: 85)

Folder 'Packages/com.unity.purchasing/Runtime/Apple/' contains multiple assembly definition files (Packages/com.unity.purchasing/Runtime/Apple/UnityEngine.Purchasing.Apple.asmdef)
Folder 'Packages/com.unity.purchasing/Runtime/Apple/' contains multiple assembly definition files (Packages/com.unity.purchasing/Runtime/Apple/Unity.Purchasing.Apple.asmdef)
Folder 'Packages/com.unity.purchasing/Runtime/SecurityStub/' contains multiple assembly definition files (Packages/com.unity.purchasing/Runtime/SecurityStub/UnityEngine.Purchasing.SecurityStub.asmdef)
Folder 'Packages/com.unity.purchasing/Runtime/SecurityStub/' contains multiple assembly definition files (Packages/com.unity.purchasing/Runtime/SecurityStub/Unity.Purchasing.SecurityStub.asmdef)
Folder 'Packages/com.unity.purchasing/Runtime/Security/' contains multiple assembly definition files (Packages/com.unity.purchasing/Runtime/Security/Unity.Purchasing.Security.asmdef)
Folder 'Packages/com.unity.purchasing/Runtime/Security/' contains multiple assembly definition files (Packages/com.unity.purchasing/Runtime/Security/UnityEngine.Purchasing.Security.asmdef)
Folder 'Packages/com.unity.purchasing/Runtime/Stores/' contains multiple assembly definition files (Packages/com.unity.purchasing/Runtime/Stores/UnityEngine.Purchasing.Stores.asmdef)
Folder 'Packages/com.unity.purchasing/Runtime/Stores/' contains multiple assembly definition files (Packages/com.unity.purchasing/Runtime/Stores/Unity.Purchasing.Stores.asmdef)
Folder 'Packages/com.unity.purchasing/Runtime/SecurityCore/' contains multiple assembly definition files (Packages/com.unity.purchasing/Runtime/SecurityCore/Unity.Purchasing.SecurityCore.asmdef)
Folder 'Packages/com.unity.purchasing/Runtime/SecurityCore/' contains multiple assembly definition files (Packages/com.unity.purchasing/Runtime/SecurityCore/UnityEngine.Purchasing.SecurityCore.asmdef)
Folder 'Packages/com.unity.purchasing/Runtime/Purchasing/' contains multiple assembly definition files (Packages/com.unity.purchasing/Runtime/Purchasing/UnityEngine.Purchasing.asmdef)
Folder 'Packages/com.unity.purchasing/Runtime/Purchasing/' contains multiple assembly definition files (Packages/com.unity.purchasing/Runtime/Purchasing/Unity.Purchasing.asmdef)
Folder 'Packages/com.unity.purchasing/Runtime/AppleMacosStub/' contains multiple assembly definition files (Packages/com.unity.purchasing/Runtime/AppleMacosStub/UnityEngine.Purchasing.AppleMacosStub.asmdef)
Folder 'Packages/com.unity.purchasing/Runtime/AppleMacosStub/' contains multiple assembly definition files (Packages/com.unity.purchasing/Runtime/AppleMacosStub/Unity.Purchasing.AppleMacosStub.asmdef)
Folder 'Packages/com.unity.purchasing/Runtime/AppleStub/' contains multiple assembly definition files (Packages/com.unity.purchasing/Runtime/AppleStub/Unity.Purchasing.AppleStub.asmdef)
Folder 'Packages/com.unity.purchasing/Runtime/AppleStub/' contains multiple assembly definition files (Packages/com.unity.purchasing/Runtime/AppleStub/UnityEngine.Purchasing.AppleStub.asmdef)
Folder 'Packages/com.unity.purchasing/Runtime/AppleMacos/' contains multiple assembly definition files (Packages/com.unity.purchasing/Runtime/AppleMacos/UnityEngine.Purchasing.AppleMacos.asmdef)
Folder 'Packages/com.unity.purchasing/Runtime/AppleMacos/' contains multiple assembly definition files (Packages/com.unity.purchasing/Runtime/AppleMacos/Unity.Purchasing.AppleMacos.asmdef)
Folder 'Packages/com.unity.purchasing/Runtime/Codeless/' contains multiple assembly definition files (Packages/com.unity.purchasing/Runtime/Codeless/Unity.Purchasing.Codeless.asmdef)
Folder 'Packages/com.unity.purchasing/Runtime/Codeless/' contains multiple assembly definition files (Packages/com.unity.purchasing/Runtime/Codeless/UnityEngine.Purchasing.Codeless.asmdef)
ArgumentException: An item with the same key has already been added. Key: 400f2260dd8d285419d1db99999109aa
  at System.Collections.Generic.Dictionary`2[TKey,TValue].TryInsert (TKey key, TValue value, System.Collections.Generic.InsertionBehavior behavior) [0x0015a] in <c5eeda5e65d44b388e164c6c5cfe0702>:0 
  at System.Collections.Generic.Dictionary`2[TKey,TValue].Add (TKey key, TValue value) [0x00000] in <c5eeda5e65d44b388e164c6c5cfe0702>:0 
  at System.Linq.Enumerable.ToDictionary[TSource,TKey,TElement] (TSource[] source, System.Func`2[T,TResult] keySelector, System.Func`2[T,TResult] elementSelector, System.Collections.Generic.IEqualityComparer`1[T] comparer) [0x00029] in <8203c5af529241e2a5cc4b3c5a3dc69a>:0 
  at System.Linq.Enumerable.ToDictionary[TSource,TKey,TElement] (System.Collections.Generic.IEnumerable`1[T] source, System.Func`2[T,TResult] keySelector, System.Func`2[T,TResult] elementSelector, System.Collections.Generic.IEqualityComparer`1[T] comparer) [0x00051] in <8203c5af529241e2a5cc4b3c5a3dc69a>:0 
  at System.Linq.Enumerable.ToDictionary[TSource,TKey,TElement] (System.Collections.Generic.IEnumerable`1[T] source, System.Func`2[T,TResult] keySelector, System.Func`2[T,TResult] elementSelector) [0x00000] in <8203c5af529241e2a5cc4b3c5a3dc69a>:0 
  at UnityEditor.Scripting.ScriptCompilation.AssemblyGraphBuilder.Initialize (System.Collections.Generic.IReadOnlyCollection`1[T] assemblies, System.Collections.Generic.IReadOnlyCollection`1[T] customScriptAssemblyReferences) [0x00046] in /Users/bokken/build/output/unity/unity/Editor/Mono/Scripting/ScriptCompilation/AssemblyGraphBuilder.cs:85 
  at UnityEditor.Scripting.ScriptCompilation.AssemblyGraphBuilderFactory.GetOrCreate (System.String projectPath, System.Collections.Generic.IReadOnlyCollection`1[T] assemblies, System.Collections.Generic.IReadOnlyCollection`1[T] customScriptAssemblyReferences) [0x00038] in /Users/bokken/build/output/unity/unity/Editor/Mono/Scripting/ScriptCompilation/AssemblyGraphBuilderFactory.cs:54 
  at UnityEditor.Scripting.ScriptCompilation.EditorCompilation.GetAssemblyGraphBuilder () [0x00001] in /Users/bokken/build/output/unity/unity/Editor/Mono/Scripting/ScriptCompilation/EditorCompilation.cs:170 
  at UnityEditor.Scripting.ScriptCompilation.EditorCompilation.SetAllScripts (System.String[] allScripts) [0x0000d] in /Users/bokken/build/output/unity/unity/Editor/Mono/Scripting/ScriptCompilation/EditorCompilation.cs:178 
  at UnityEditor.Scripting.ScriptCompilation.EditorCompilationInterface.SetAllScripts (System.String[] allScripts) [0x00001] in /Users/bokken/build/output/unity/unity/Editor/Mono/Scripting/ScriptCompilation/EditorCompilationInterface.cs:79 

(Filename: /Users/bokken/build/output/unity/unity/Editor/Mono/Scripting/ScriptCompilation/AssemblyGraphBuilder.cs Line: 85)

Begin MonoManager ReloadAssembly
Thread 0x1703c7000 may have been prematurely finalized
Symbol file LoadedFromMemory is not a mono symbol file
- Loaded All Assemblies, in  0.480 seconds
Folder 'Packages/com.unity.purchasing/Runtime/Apple/' contains multiple assembly definition files (Packages/com.unity.purchasing/Runtime/Apple/UnityEngine.Purchasing.Apple.asmdef)
Folder 'Packages/com.unity.purchasing/Runtime/Apple/' contains multiple assembly definition files (Packages/com.unity.purchasing/Runtime/Apple/Unity.Purchasing.Apple.asmdef)
Folder 'Packages/com.unity.purchasing/Runtime/SecurityStub/' contains multiple assembly definition files (Packages/com.unity.purchasing/Runtime/SecurityStub/UnityEngine.Purchasing.SecurityStub.asmdef)
Folder 'Packages/com.unity.purchasing/Runtime/SecurityStub/' contains multiple assembly definition files (Packages/com.unity.purchasing/Runtime/SecurityStub/Unity.Purchasing.SecurityStub.asmdef)
Folder 'Packages/com.unity.purchasing/Runtime/Security/' contains multiple assembly definition files (Packages/com.unity.purchasing/Runtime/Security/Unity.Purchasing.Security.asmdef)
Folder 'Packages/com.unity.purchasing/Runtime/Security/' contains multiple assembly definition files (Packages/com.unity.purchasing/Runtime/Security/UnityEngine.Purchasing.Security.asmdef)
Folder 'Packages/com.unity.purchasing/Runtime/Stores/' contains multiple assembly definition files (Packages/com.unity.purchasing/Runtime/Stores/UnityEngine.Purchasing.Stores.asmdef)
Folder 'Packages/com.unity.purchasing/Runtime/Stores/' contains multiple assembly definition files (Packages/com.unity.purchasing/Runtime/Stores/Unity.Purchasing.Stores.asmdef)
Folder 'Packages/com.unity.purchasing/Runtime/SecurityCore/' contains multiple assembly definition files (Packages/com.unity.purchasing/Runtime/SecurityCore/Unity.Purchasing.SecurityCore.asmdef)
Folder 'Packages/com.unity.purchasing/Runtime/SecurityCore/' contains multiple assembly definition files (Packages/com.unity.purchasing/Runtime/SecurityCore/UnityEngine.Purchasing.SecurityCore.asmdef)
Folder 'Packages/com.unity.purchasing/Runtime/Purchasing/' contains multiple assembly definition files (Packages/com.unity.purchasing/Runtime/Purchasing/UnityEngine.Purchasing.asmdef)
Folder 'Packages/com.unity.purchasing/Runtime/Purchasing/' contains multiple assembly definition files (Packages/com.unity.purchasing/Runtime/Purchasing/Unity.Purchasing.asmdef)
Folder 'Packages/com.unity.purchasing/Runtime/AppleMacosStub/' contains multiple assembly definition files (Packages/com.unity.purchasing/Runtime/AppleMacosStub/UnityEngine.Purchasing.AppleMacosStub.asmdef)
Folder 'Packages/com.unity.purchasing/Runtime/AppleMacosStub/' contains multiple assembly definition files (Packages/com.unity.purchasing/Runtime/AppleMacosStub/Unity.Purchasing.AppleMacosStub.asmdef)
Folder 'Packages/com.unity.purchasing/Runtime/AppleStub/' contains multiple assembly definition files (Packages/com.unity.purchasing/Runtime/AppleStub/Unity.Purchasing.AppleStub.asmdef)
Folder 'Packages/com.unity.purchasing/Runtime/AppleStub/' contains multiple assembly definition files (Packages/com.unity.purchasing/Runtime/AppleStub/UnityEngine.Purchasing.AppleStub.asmdef)
Folder 'Packages/com.unity.purchasing/Runtime/AppleMacos/' contains multiple assembly definition files (Packages/com.unity.purchasing/Runtime/AppleMacos/UnityEngine.Purchasing.AppleMacos.asmdef)
Folder 'Packages/com.unity.purchasing/Runtime/AppleMacos/' contains multiple assembly definition files (Packages/com.unity.purchasing/Runtime/AppleMacos/Unity.Purchasing.AppleMacos.asmdef)
Folder 'Packages/com.unity.purchasing/Runtime/Codeless/' contains multiple assembly definition files (Packages/com.unity.purchasing/Runtime/Codeless/Unity.Purchasing.Codeless.asmdef)
Folder 'Packages/com.unity.purchasing/Runtime/Codeless/' contains multiple assembly definition files (Packages/com.unity.purchasing/Runtime/Codeless/UnityEngine.Purchasing.Codeless.asmdef)
ArgumentException: An item with the same key has already been added. Key: 400f2260dd8d285419d1db99999109aa
  at System.Collections.Generic.Dictionary`2[TKey,TValue].TryInsert (TKey key, TValue value, System.Collections.Generic.InsertionBehavior behavior) [0x0015a] in <c5eeda5e65d44b388e164c6c5cfe0702>:0 
  at System.Collections.Generic.Dictionary`2[TKey,TValue].Add (TKey key, TValue value) [0x00000] in <c5eeda5e65d44b388e164c6c5cfe0702>:0 
  at System.Linq.Enumerable.ToDictionary[TSource,TKey,TElement] (TSource[] source, System.Func`2[T,TResult] keySelector, System.Func`2[T,TResult] elementSelector, System.Collections.Generic.IEqualityComparer`1[T] comparer) [0x00029] in <8203c5af529241e2a5cc4b3c5a3dc69a>:0 
  at System.Linq.Enumerable.ToDictionary[TSource,TKey,TElement] (System.Collections.Generic.IEnumerable`1[T] source, System.Func`2[T,TResult] keySelector, System.Func`2[T,TResult] elementSelector, System.Collections.Generic.IEqualityComparer`1[T] comparer) [0x00051] in <8203c5af529241e2a5cc4b3c5a3dc69a>:0 
  at System.Linq.Enumerable.ToDictionary[TSource,TKey,TElement] (System.Collections.Generic.IEnumerable`1[T] source, System.Func`2[T,TResult] keySelector, System.Func`2[T,TResult] elementSelector) [0x00000] in <8203c5af529241e2a5cc4b3c5a3dc69a>:0 
  at UnityEditor.Scripting.ScriptCompilation.AssemblyGraphBuilder.Initialize (System.Collections.Generic.IReadOnlyCollection`1[T] assemblies, System.Collections.Generic.IReadOnlyCollection`1[T] customScriptAssemblyReferences) [0x00046] in /Users/bokken/build/output/unity/unity/Editor/Mono/Scripting/ScriptCompilation/AssemblyGraphBuilder.cs:85 
  at UnityEditor.Scripting.ScriptCompilation.AssemblyGraphBuilderFactory.GetOrCreate (System.String projectPath, System.Collections.Generic.IReadOnlyCollection`1[T] assemblies, System.Collections.Generic.IReadOnlyCollection`1[T] customScriptAssemblyReferences) [0x00038] in /Users/bokken/build/output/unity/unity/Editor/Mono/Scripting/ScriptCompilation/AssemblyGraphBuilderFactory.cs:54 
  at UnityEditor.Scripting.ScriptCompilation.EditorCompilation.GetAssemblyGraphBuilder () [0x00001] in /Users/bokken/build/output/unity/unity/Editor/Mono/Scripting/ScriptCompilation/EditorCompilation.cs:170 
  at UnityEditor.Scripting.ScriptCompilation.EditorCompilation.SetAllScripts (System.String[] allScripts) [0x0000d] in /Users/bokken/build/output/unity/unity/Editor/Mono/Scripting/ScriptCompilation/EditorCompilation.cs:178 
  at UnityEditor.Scripting.ScriptCompilation.EditorCompilationInterface.SetAllScripts (System.String[] allScripts) [0x00001] in /Users/bokken/build/output/unity/unity/Editor/Mono/Scripting/ScriptCompilation/EditorCompilationInterface.cs:79 

(Filename: /Users/bokken/build/output/unity/unity/Editor/Mono/Scripting/ScriptCompilation/AssemblyGraphBuilder.cs Line: 85)

Refreshing native plugins compatible for Editor in 3.12 ms, found 1 plugins.
Native extension for iOS target not found
Native extension for Android target not found
Native extension for OSXStandalone target not found
Native extension for WebGL target not found
Folder 'Packages/com.unity.purchasing/Runtime/Apple/' contains multiple assembly definition files (Packages/com.unity.purchasing/Runtime/Apple/UnityEngine.Purchasing.Apple.asmdef)
Folder 'Packages/com.unity.purchasing/Runtime/Apple/' contains multiple assembly definition files (Packages/com.unity.purchasing/Runtime/Apple/Unity.Purchasing.Apple.asmdef)
Folder 'Packages/com.unity.purchasing/Runtime/SecurityStub/' contains multiple assembly definition files (Packages/com.unity.purchasing/Runtime/SecurityStub/UnityEngine.Purchasing.SecurityStub.asmdef)
Folder 'Packages/com.unity.purchasing/Runtime/SecurityStub/' contains multiple assembly definition files (Packages/com.unity.purchasing/Runtime/SecurityStub/Unity.Purchasing.SecurityStub.asmdef)
Folder 'Packages/com.unity.purchasing/Runtime/Security/' contains multiple assembly definition files (Packages/com.unity.purchasing/Runtime/Security/Unity.Purchasing.Security.asmdef)
Folder 'Packages/com.unity.purchasing/Runtime/Security/' contains multiple assembly definition files (Packages/com.unity.purchasing/Runtime/Security/UnityEngine.Purchasing.Security.asmdef)
Folder 'Packages/com.unity.purchasing/Runtime/Stores/' contains multiple assembly definition files (Packages/com.unity.purchasing/Runtime/Stores/UnityEngine.Purchasing.Stores.asmdef)
Folder 'Packages/com.unity.purchasing/Runtime/Stores/' contains multiple assembly definition files (Packages/com.unity.purchasing/Runtime/Stores/Unity.Purchasing.Stores.asmdef)
Folder 'Packages/com.unity.purchasing/Runtime/SecurityCore/' contains multiple assembly definition files (Packages/com.unity.purchasing/Runtime/SecurityCore/Unity.Purchasing.SecurityCore.asmdef)
Folder 'Packages/com.unity.purchasing/Runtime/SecurityCore/' contains multiple assembly definition files (Packages/com.unity.purchasing/Runtime/SecurityCore/UnityEngine.Purchasing.SecurityCore.asmdef)
Folder 'Packages/com.unity.purchasing/Runtime/Purchasing/' contains multiple assembly definition files (Packages/com.unity.purchasing/Runtime/Purchasing/UnityEngine.Purchasing.asmdef)
Folder 'Packages/com.unity.purchasing/Runtime/Purchasing/' contains multiple assembly definition files (Packages/com.unity.purchasing/Runtime/Purchasing/Unity.Purchasing.asmdef)
Folder 'Packages/com.unity.purchasing/Runtime/AppleMacosStub/' contains multiple assembly definition files (Packages/com.unity.purchasing/Runtime/AppleMacosStub/UnityEngine.Purchasing.AppleMacosStub.asmdef)
Folder 'Packages/com.unity.purchasing/Runtime/AppleMacosStub/' contains multiple assembly definition files (Packages/com.unity.purchasing/Runtime/AppleMacosStub/Unity.Purchasing.AppleMacosStub.asmdef)
Folder 'Packages/com.unity.purchasing/Runtime/AppleStub/' contains multiple assembly definition files (Packages/com.unity.purchasing/Runtime/AppleStub/Unity.Purchasing.AppleStub.asmdef)
Folder 'Packages/com.unity.purchasing/Runtime/AppleStub/' contains multiple assembly definition files (Packages/com.unity.purchasing/Runtime/AppleStub/UnityEngine.Purchasing.AppleStub.asmdef)
Folder 'Packages/com.unity.purchasing/Runtime/AppleMacos/' contains multiple assembly definition files (Packages/com.unity.purchasing/Runtime/AppleMacos/UnityEngine.Purchasing.AppleMacos.asmdef)
Folder 'Packages/com.unity.purchasing/Runtime/AppleMacos/' contains multiple assembly definition files (Packages/com.unity.purchasing/Runtime/AppleMacos/Unity.Purchasing.AppleMacos.asmdef)
Folder 'Packages/com.unity.purchasing/Runtime/Codeless/' contains multiple assembly definition files (Packages/com.unity.purchasing/Runtime/Codeless/Unity.Purchasing.Codeless.asmdef)
Folder 'Packages/com.unity.purchasing/Runtime/Codeless/' contains multiple assembly definition files (Packages/com.unity.purchasing/Runtime/Codeless/UnityEngine.Purchasing.Codeless.asmdef)
ArgumentException: An item with the same key has already been added. Key: 400f2260dd8d285419d1db99999109aa
  at System.Collections.Generic.Dictionary`2[TKey,TValue].TryInsert (TKey key, TValue value, System.Collections.Generic.InsertionBehavior behavior) [0x0015a] in <c5eeda5e65d44b388e164c6c5cfe0702>:0 
  at System.Collections.Generic.Dictionary`2[TKey,TValue].Add (TKey key, TValue value) [0x00000] in <c5eeda5e65d44b388e164c6c5cfe0702>:0 
  at System.Linq.Enumerable.ToDictionary[TSource,TKey,TElement] (TSource[] source, System.Func`2[T,TResult] keySelector, System.Func`2[T,TResult] elementSelector, System.Collections.Generic.IEqualityComparer`1[T] comparer) [0x00029] in <8203c5af529241e2a5cc4b3c5a3dc69a>:0 
  at System.Linq.Enumerable.ToDictionary[TSource,TKey,TElement] (System.Collections.Generic.IEnumerable`1[T] source, System.Func`2[T,TResult] keySelector, System.Func`2[T,TResult] elementSelector, System.Collections.Generic.IEqualityComparer`1[T] comparer) [0x00051] in <8203c5af529241e2a5cc4b3c5a3dc69a>:0 
  at System.Linq.Enumerable.ToDictionary[TSource,TKey,TElement] (System.Collections.Generic.IEnumerable`1[T] source, System.Func`2[T,TResult] keySelector, System.Func`2[T,TResult] elementSelector) [0x00000] in <8203c5af529241e2a5cc4b3c5a3dc69a>:0 
  at UnityEditor.Scripting.ScriptCompilation.AssemblyGraphBuilder.Initialize (System.Collections.Generic.IReadOnlyCollection`1[T] assemblies, System.Collections.Generic.IReadOnlyCollection`1[T] customScriptAssemblyReferences) [0x00046] in /Users/bokken/build/output/unity/unity/Editor/Mono/Scripting/ScriptCompilation/AssemblyGraphBuilder.cs:85 
  at UnityEditor.Scripting.ScriptCompilation.AssemblyGraphBuilderFactory.GetOrCreate (System.String projectPath, System.Collections.Generic.IReadOnlyCollection`1[T] assemblies, System.Collections.Generic.IReadOnlyCollection`1[T] customScriptAssemblyReferences) [0x00038] in /Users/bokken/build/output/unity/unity/Editor/Mono/Scripting/ScriptCompilation/AssemblyGraphBuilderFactory.cs:54 
  at UnityEditor.Scripting.ScriptCompilation.EditorCompilation.GetAssemblyGraphBuilder () [0x00001] in /Users/bokken/build/output/unity/unity/Editor/Mono/Scripting/ScriptCompilation/EditorCompilation.cs:170 
  at UnityEditor.Scripting.ScriptCompilation.EditorCompilation.SetAllScripts (System.String[] allScripts) [0x0000d] in /Users/bokken/build/output/unity/unity/Editor/Mono/Scripting/ScriptCompilation/EditorCompilation.cs:178 
  at UnityEditor.Scripting.ScriptCompilation.EditorCompilationInterface.SetAllScripts (System.String[] allScripts) [0x00001] in /Users/bokken/build/output/unity/unity/Editor/Mono/Scripting/ScriptCompilation/EditorCompilationInterface.cs:79 

(Filename: /Users/bokken/build/output/unity/unity/Editor/Mono/Scripting/ScriptCompilation/AssemblyGraphBuilder.cs Line: 85)

Refreshing native plugins compatible for Editor in 2.99 ms, found 1 plugins.
[Package Manager] Failed to launch server process. Reason: Unity was launched with the -noUpm command-line argument
[Package Manager] Unable to send message (not connected to server process).
[Package Manager] Cannot connect to Unity Package Manager local server
ScheduleIndexationOnStartup MainProcess:False IndexOnStartup:True
Mono: successfully reloaded assembly
- Finished resetting the current domain, in  0.937 seconds
Domain Reload Profiling: 1418ms
	BeginReloadAssembly (116ms)
		ExecutionOrderSort (0ms)
		DisableScriptedObjects (3ms)
		BackupInstance (0ms)
		ReleaseScriptingObjects (0ms)
		CreateAndSetChildDomain (35ms)
	RebuildCommonClasses (24ms)
	RebuildNativeTypeToScriptingClass (10ms)
	initialDomainReloadingComplete (14ms)
	LoadAllAssembliesAndSetupDomain (316ms)
		LoadAssemblies (221ms)
		RebuildTransferFunctionScriptingTraits (0ms)
		AnalyzeDomain (131ms)
			TypeCache.Refresh (28ms)
				TypeCache.ScanAssembly (19ms)
			BuildScriptInfoCaches (98ms)
			ResolveRequiredComponents (3ms)
	FinalizeReload (937ms)
		ReleaseScriptCaches (0ms)
		RebuildScriptCaches (0ms)
		SetupLoadedEditorAssemblies (845ms)
			LogAssemblyErrors (0ms)
			InitializePlatformSupportModulesInManaged (13ms)
			SetLoadedEditorAssemblies (3ms)
			BeforeProcessingInitializeOnLoad (104ms)
			ProcessInitializeOnLoadAttributes (661ms)
			ProcessInitializeOnLoadMethodAttributes (60ms)
			AfterProcessingInitializeOnLoad (4ms)
			EditorAssembliesLoaded (0ms)
		ExecutionOrderSort2 (0ms)
		AwakeInstancesAfterBackupRestoration (3ms)
Refreshing native plugins compatible for Editor in 3.02 ms, found 1 plugins.
Preloading 0 native plugins for Editor in 0.00 ms.
Unloading 29 Unused Serialized files (Serialized files now loaded: 0)
Unloading 6234 unused Assets / (5.0 MB). Loaded Objects now: 6852.
Memory consumption went from 142.7 MB to 137.7 MB.
Total: 20.824834 ms (FindLiveObjects: 0.276750 ms CreateObjectMapping: 0.173000 ms MarkObjects: 19.009708 ms  DeleteObjects: 1.365083 ms)

Prepare: number of updated asset objects reloaded= 0
========================================================================
Received Prepare
[Licensing::Client] Successfully resolved entitlement details
Folder 'Packages/com.unity.purchasing/Runtime/Apple/' contains multiple assembly definition files (Packages/com.unity.purchasing/Runtime/Apple/UnityEngine.Purchasing.Apple.asmdef)
Folder 'Packages/com.unity.purchasing/Runtime/Apple/' contains multiple assembly definition files (Packages/com.unity.purchasing/Runtime/Apple/Unity.Purchasing.Apple.asmdef)
Folder 'Packages/com.unity.purchasing/Runtime/SecurityStub/' contains multiple assembly definition files (Packages/com.unity.purchasing/Runtime/SecurityStub/UnityEngine.Purchasing.SecurityStub.asmdef)
Folder 'Packages/com.unity.purchasing/Runtime/SecurityStub/' contains multiple assembly definition files (Packages/com.unity.purchasing/Runtime/SecurityStub/Unity.Purchasing.SecurityStub.asmdef)
Folder 'Packages/com.unity.purchasing/Runtime/Security/' contains multiple assembly definition files (Packages/com.unity.purchasing/Runtime/Security/Unity.Purchasing.Security.asmdef)
Folder 'Packages/com.unity.purchasing/Runtime/Security/' contains multiple assembly definition files (Packages/com.unity.purchasing/Runtime/Security/UnityEngine.Purchasing.Security.asmdef)
Folder 'Packages/com.unity.purchasing/Runtime/Stores/' contains multiple assembly definition files (Packages/com.unity.purchasing/Runtime/Stores/UnityEngine.Purchasing.Stores.asmdef)
Folder 'Packages/com.unity.purchasing/Runtime/Stores/' contains multiple assembly definition files (Packages/com.unity.purchasing/Runtime/Stores/Unity.Purchasing.Stores.asmdef)
Folder 'Packages/com.unity.purchasing/Runtime/SecurityCore/' contains multiple assembly definition files (Packages/com.unity.purchasing/Runtime/SecurityCore/Unity.Purchasing.SecurityCore.asmdef)
Folder 'Packages/com.unity.purchasing/Runtime/SecurityCore/' contains multiple assembly definition files (Packages/com.unity.purchasing/Runtime/SecurityCore/UnityEngine.Purchasing.SecurityCore.asmdef)
Folder 'Packages/com.unity.purchasing/Runtime/Purchasing/' contains multiple assembly definition files (Packages/com.unity.purchasing/Runtime/Purchasing/UnityEngine.Purchasing.asmdef)
Folder 'Packages/com.unity.purchasing/Runtime/Purchasing/' contains multiple assembly definition files (Packages/com.unity.purchasing/Runtime/Purchasing/Unity.Purchasing.asmdef)
Folder 'Packages/com.unity.purchasing/Runtime/AppleMacosStub/' contains multiple assembly definition files (Packages/com.unity.purchasing/Runtime/AppleMacosStub/UnityEngine.Purchasing.AppleMacosStub.asmdef)
Folder 'Packages/com.unity.purchasing/Runtime/AppleMacosStub/' contains multiple assembly definition files (Packages/com.unity.purchasing/Runtime/AppleMacosStub/Unity.Purchasing.AppleMacosStub.asmdef)
Folder 'Packages/com.unity.purchasing/Runtime/AppleStub/' contains multiple assembly definition files (Packages/com.unity.purchasing/Runtime/AppleStub/Unity.Purchasing.AppleStub.asmdef)
Folder 'Packages/com.unity.purchasing/Runtime/AppleStub/' contains multiple assembly definition files (Packages/com.unity.purchasing/Runtime/AppleStub/UnityEngine.Purchasing.AppleStub.asmdef)
Folder 'Packages/com.unity.purchasing/Runtime/AppleMacos/' contains multiple assembly definition files (Packages/com.unity.purchasing/Runtime/AppleMacos/UnityEngine.Purchasing.AppleMacos.asmdef)
Folder 'Packages/com.unity.purchasing/Runtime/AppleMacos/' contains multiple assembly definition files (Packages/com.unity.purchasing/Runtime/AppleMacos/Unity.Purchasing.AppleMacos.asmdef)
Folder 'Packages/com.unity.purchasing/Runtime/Codeless/' contains multiple assembly definition files (Packages/com.unity.purchasing/Runtime/Codeless/Unity.Purchasing.Codeless.asmdef)
Folder 'Packages/com.unity.purchasing/Runtime/Codeless/' contains multiple assembly definition files (Packages/com.unity.purchasing/Runtime/Codeless/UnityEngine.Purchasing.Codeless.asmdef)
ArgumentException: An item with the same key has already been added. Key: 400f2260dd8d285419d1db99999109aa
  at System.Collections.Generic.Dictionary`2[TKey,TValue].TryInsert (TKey key, TValue value, System.Collections.Generic.InsertionBehavior behavior) [0x0015a] in <c5eeda5e65d44b388e164c6c5cfe0702>:0 
  at System.Collections.Generic.Dictionary`2[TKey,TValue].Add (TKey key, TValue value) [0x00000] in <c5eeda5e65d44b388e164c6c5cfe0702>:0 
  at System.Linq.Enumerable.ToDictionary[TSource,TKey,TElement] (TSource[] source, System.Func`2[T,TResult] keySelector, System.Func`2[T,TResult] elementSelector, System.Collections.Generic.IEqualityComparer`1[T] comparer) [0x00029] in <8203c5af529241e2a5cc4b3c5a3dc69a>:0 
  at System.Linq.Enumerable.ToDictionary[TSource,TKey,TElement] (System.Collections.Generic.IEnumerable`1[T] source, System.Func`2[T,TResult] keySelector, System.Func`2[T,TResult] elementSelector, System.Collections.Generic.IEqualityComparer`1[T] comparer) [0x00051] in <8203c5af529241e2a5cc4b3c5a3dc69a>:0 
  at System.Linq.Enumerable.ToDictionary[TSource,TKey,TElement] (System.Collections.Generic.IEnumerable`1[T] source, System.Func`2[T,TResult] keySelector, System.Func`2[T,TResult] elementSelector) [0x00000] in <8203c5af529241e2a5cc4b3c5a3dc69a>:0 
  at UnityEditor.Scripting.ScriptCompilation.AssemblyGraphBuilder.Initialize (System.Collections.Generic.IReadOnlyCollection`1[T] assemblies, System.Collections.Generic.IReadOnlyCollection`1[T] customScriptAssemblyReferences) [0x00046] in /Users/bokken/build/output/unity/unity/Editor/Mono/Scripting/ScriptCompilation/AssemblyGraphBuilder.cs:85 
  at UnityEditor.Scripting.ScriptCompilation.AssemblyGraphBuilderFactory.GetOrCreate (System.String projectPath, System.Collections.Generic.IReadOnlyCollection`1[T] assemblies, System.Collections.Generic.IReadOnlyCollection`1[T] customScriptAssemblyReferences) [0x00038] in /Users/bokken/build/output/unity/unity/Editor/Mono/Scripting/ScriptCompilation/AssemblyGraphBuilderFactory.cs:54 
  at UnityEditor.Scripting.ScriptCompilation.EditorCompilation.GetAssemblyGraphBuilder () [0x00001] in /Users/bokken/build/output/unity/unity/Editor/Mono/Scripting/ScriptCompilation/EditorCompilation.cs:170 
  at UnityEditor.Scripting.ScriptCompilation.EditorCompilation.SetAllScripts (System.String[] allScripts) [0x0000d] in /Users/bokken/build/output/unity/unity/Editor/Mono/Scripting/ScriptCompilation/EditorCompilation.cs:178 
  at UnityEditor.Scripting.ScriptCompilation.EditorCompilationInterface.SetAllScripts (System.String[] allScripts) [0x00001] in /Users/bokken/build/output/unity/unity/Editor/Mono/Scripting/ScriptCompilation/EditorCompilationInterface.cs:79 

(Filename: /Users/bokken/build/output/unity/unity/Editor/Mono/Scripting/ScriptCompilation/AssemblyGraphBuilder.cs Line: 85)

Folder 'Packages/com.unity.purchasing/Runtime/Apple/' contains multiple assembly definition files (Packages/com.unity.purchasing/Runtime/Apple/UnityEngine.Purchasing.Apple.asmdef)
Folder 'Packages/com.unity.purchasing/Runtime/Apple/' contains multiple assembly definition files (Packages/com.unity.purchasing/Runtime/Apple/Unity.Purchasing.Apple.asmdef)
Folder 'Packages/com.unity.purchasing/Runtime/SecurityStub/' contains multiple assembly definition files (Packages/com.unity.purchasing/Runtime/SecurityStub/UnityEngine.Purchasing.SecurityStub.asmdef)
Folder 'Packages/com.unity.purchasing/Runtime/SecurityStub/' contains multiple assembly definition files (Packages/com.unity.purchasing/Runtime/SecurityStub/Unity.Purchasing.SecurityStub.asmdef)
Folder 'Packages/com.unity.purchasing/Runtime/Security/' contains multiple assembly definition files (Packages/com.unity.purchasing/Runtime/Security/Unity.Purchasing.Security.asmdef)
Folder 'Packages/com.unity.purchasing/Runtime/Security/' contains multiple assembly definition files (Packages/com.unity.purchasing/Runtime/Security/UnityEngine.Purchasing.Security.asmdef)
Folder 'Packages/com.unity.purchasing/Runtime/Stores/' contains multiple assembly definition files (Packages/com.unity.purchasing/Runtime/Stores/UnityEngine.Purchasing.Stores.asmdef)
Folder 'Packages/com.unity.purchasing/Runtime/Stores/' contains multiple assembly definition files (Packages/com.unity.purchasing/Runtime/Stores/Unity.Purchasing.Stores.asmdef)
Folder 'Packages/com.unity.purchasing/Runtime/SecurityCore/' contains multiple assembly definition files (Packages/com.unity.purchasing/Runtime/SecurityCore/Unity.Purchasing.SecurityCore.asmdef)
Folder 'Packages/com.unity.purchasing/Runtime/SecurityCore/' contains multiple assembly definition files (Packages/com.unity.purchasing/Runtime/SecurityCore/UnityEngine.Purchasing.SecurityCore.asmdef)
Folder 'Packages/com.unity.purchasing/Runtime/Purchasing/' contains multiple assembly definition files (Packages/com.unity.purchasing/Runtime/Purchasing/UnityEngine.Purchasing.asmdef)
Folder 'Packages/com.unity.purchasing/Runtime/Purchasing/' contains multiple assembly definition files (Packages/com.unity.purchasing/Runtime/Purchasing/Unity.Purchasing.asmdef)
Folder 'Packages/com.unity.purchasing/Runtime/AppleMacosStub/' contains multiple assembly definition files (Packages/com.unity.purchasing/Runtime/AppleMacosStub/UnityEngine.Purchasing.AppleMacosStub.asmdef)
Folder 'Packages/com.unity.purchasing/Runtime/AppleMacosStub/' contains multiple assembly definition files (Packages/com.unity.purchasing/Runtime/AppleMacosStub/Unity.Purchasing.AppleMacosStub.asmdef)
Folder 'Packages/com.unity.purchasing/Runtime/AppleStub/' contains multiple assembly definition files (Packages/com.unity.purchasing/Runtime/AppleStub/Unity.Purchasing.AppleStub.asmdef)
Folder 'Packages/com.unity.purchasing/Runtime/AppleStub/' contains multiple assembly definition files (Packages/com.unity.purchasing/Runtime/AppleStub/UnityEngine.Purchasing.AppleStub.asmdef)
Folder 'Packages/com.unity.purchasing/Runtime/AppleMacos/' contains multiple assembly definition files (Packages/com.unity.purchasing/Runtime/AppleMacos/UnityEngine.Purchasing.AppleMacos.asmdef)
Folder 'Packages/com.unity.purchasing/Runtime/AppleMacos/' contains multiple assembly definition files (Packages/com.unity.purchasing/Runtime/AppleMacos/Unity.Purchasing.AppleMacos.asmdef)
Folder 'Packages/com.unity.purchasing/Runtime/Codeless/' contains multiple assembly definition files (Packages/com.unity.purchasing/Runtime/Codeless/Unity.Purchasing.Codeless.asmdef)
Folder 'Packages/com.unity.purchasing/Runtime/Codeless/' contains multiple assembly definition files (Packages/com.unity.purchasing/Runtime/Codeless/UnityEngine.Purchasing.Codeless.asmdef)
ArgumentException: An item with the same key has already been added. Key: 400f2260dd8d285419d1db99999109aa
  at System.Collections.Generic.Dictionary`2[TKey,TValue].TryInsert (TKey key, TValue value, System.Collections.Generic.InsertionBehavior behavior) [0x0015a] in <c5eeda5e65d44b388e164c6c5cfe0702>:0 
  at System.Collections.Generic.Dictionary`2[TKey,TValue].Add (TKey key, TValue value) [0x00000] in <c5eeda5e65d44b388e164c6c5cfe0702>:0 
  at System.Linq.Enumerable.ToDictionary[TSource,TKey,TElement] (TSource[] source, System.Func`2[T,TResult] keySelector, System.Func`2[T,TResult] elementSelector, System.Collections.Generic.IEqualityComparer`1[T] comparer) [0x00029] in <8203c5af529241e2a5cc4b3c5a3dc69a>:0 
  at System.Linq.Enumerable.ToDictionary[TSource,TKey,TElement] (System.Collections.Generic.IEnumerable`1[T] source, System.Func`2[T,TResult] keySelector, System.Func`2[T,TResult] elementSelector, System.Collections.Generic.IEqualityComparer`1[T] comparer) [0x00051] in <8203c5af529241e2a5cc4b3c5a3dc69a>:0 
  at System.Linq.Enumerable.ToDictionary[TSource,TKey,TElement] (System.Collections.Generic.IEnumerable`1[T] source, System.Func`2[T,TResult] keySelector, System.Func`2[T,TResult] elementSelector) [0x00000] in <8203c5af529241e2a5cc4b3c5a3dc69a>:0 
  at UnityEditor.Scripting.ScriptCompilation.AssemblyGraphBuilder.Initialize (System.Collections.Generic.IReadOnlyCollection`1[T] assemblies, System.Collections.Generic.IReadOnlyCollection`1[T] customScriptAssemblyReferences) [0x00046] in /Users/bokken/build/output/unity/unity/Editor/Mono/Scripting/ScriptCompilation/AssemblyGraphBuilder.cs:85 
  at UnityEditor.Scripting.ScriptCompilation.AssemblyGraphBuilderFactory.GetOrCreate (System.String projectPath, System.Collections.Generic.IReadOnlyCollection`1[T] assemblies, System.Collections.Generic.IReadOnlyCollection`1[T] customScriptAssemblyReferences) [0x00038] in /Users/bokken/build/output/unity/unity/Editor/Mono/Scripting/ScriptCompilation/AssemblyGraphBuilderFactory.cs:54 
  at UnityEditor.Scripting.ScriptCompilation.EditorCompilation.GetAssemblyGraphBuilder () [0x00001] in /Users/bokken/build/output/unity/unity/Editor/Mono/Scripting/ScriptCompilation/EditorCompilation.cs:170 
  at UnityEditor.Scripting.ScriptCompilation.EditorCompilation.SetAllScripts (System.String[] allScripts) [0x0000d] in /Users/bokken/build/output/unity/unity/Editor/Mono/Scripting/ScriptCompilation/EditorCompilation.cs:178 
  at UnityEditor.Scripting.ScriptCompilation.EditorCompilationInterface.SetAllScripts (System.String[] allScripts) [0x00001] in /Users/bokken/build/output/unity/unity/Editor/Mono/Scripting/ScriptCompilation/EditorCompilationInterface.cs:79 

(Filename: /Users/bokken/build/output/unity/unity/Editor/Mono/Scripting/ScriptCompilation/AssemblyGraphBuilder.cs Line: 85)

Begin MonoManager ReloadAssembly
[Licensing::Client] Successfully resolved entitlement details
Thread 0x16b84b000 may have been prematurely finalized
Symbol file LoadedFromMemory is not a mono symbol file
- Loaded All Assemblies, in  0.485 seconds
Folder 'Packages/com.unity.purchasing/Runtime/Apple/' contains multiple assembly definition files (Packages/com.unity.purchasing/Runtime/Apple/UnityEngine.Purchasing.Apple.asmdef)
Folder 'Packages/com.unity.purchasing/Runtime/Apple/' contains multiple assembly definition files (Packages/com.unity.purchasing/Runtime/Apple/Unity.Purchasing.Apple.asmdef)
Folder 'Packages/com.unity.purchasing/Runtime/SecurityStub/' contains multiple assembly definition files (Packages/com.unity.purchasing/Runtime/SecurityStub/UnityEngine.Purchasing.SecurityStub.asmdef)
Folder 'Packages/com.unity.purchasing/Runtime/SecurityStub/' contains multiple assembly definition files (Packages/com.unity.purchasing/Runtime/SecurityStub/Unity.Purchasing.SecurityStub.asmdef)
Folder 'Packages/com.unity.purchasing/Runtime/Security/' contains multiple assembly definition files (Packages/com.unity.purchasing/Runtime/Security/Unity.Purchasing.Security.asmdef)
Folder 'Packages/com.unity.purchasing/Runtime/Security/' contains multiple assembly definition files (Packages/com.unity.purchasing/Runtime/Security/UnityEngine.Purchasing.Security.asmdef)
Folder 'Packages/com.unity.purchasing/Runtime/Stores/' contains multiple assembly definition files (Packages/com.unity.purchasing/Runtime/Stores/UnityEngine.Purchasing.Stores.asmdef)
Folder 'Packages/com.unity.purchasing/Runtime/Stores/' contains multiple assembly definition files (Packages/com.unity.purchasing/Runtime/Stores/Unity.Purchasing.Stores.asmdef)
Folder 'Packages/com.unity.purchasing/Runtime/SecurityCore/' contains multiple assembly definition files (Packages/com.unity.purchasing/Runtime/SecurityCore/Unity.Purchasing.SecurityCore.asmdef)
Folder 'Packages/com.unity.purchasing/Runtime/SecurityCore/' contains multiple assembly definition files (Packages/com.unity.purchasing/Runtime/SecurityCore/UnityEngine.Purchasing.SecurityCore.asmdef)
Folder 'Packages/com.unity.purchasing/Runtime/Purchasing/' contains multiple assembly definition files (Packages/com.unity.purchasing/Runtime/Purchasing/UnityEngine.Purchasing.asmdef)
Folder 'Packages/com.unity.purchasing/Runtime/Purchasing/' contains multiple assembly definition files (Packages/com.unity.purchasing/Runtime/Purchasing/Unity.Purchasing.asmdef)
Folder 'Packages/com.unity.purchasing/Runtime/AppleMacosStub/' contains multiple assembly definition files (Packages/com.unity.purchasing/Runtime/AppleMacosStub/UnityEngine.Purchasing.AppleMacosStub.asmdef)
Folder 'Packages/com.unity.purchasing/Runtime/AppleMacosStub/' contains multiple assembly definition files (Packages/com.unity.purchasing/Runtime/AppleMacosStub/Unity.Purchasing.AppleMacosStub.asmdef)
Folder 'Packages/com.unity.purchasing/Runtime/AppleStub/' contains multiple assembly definition files (Packages/com.unity.purchasing/Runtime/AppleStub/Unity.Purchasing.AppleStub.asmdef)
Folder 'Packages/com.unity.purchasing/Runtime/AppleStub/' contains multiple assembly definition files (Packages/com.unity.purchasing/Runtime/AppleStub/UnityEngine.Purchasing.AppleStub.asmdef)
Folder 'Packages/com.unity.purchasing/Runtime/AppleMacos/' contains multiple assembly definition files (Packages/com.unity.purchasing/Runtime/AppleMacos/UnityEngine.Purchasing.AppleMacos.asmdef)
Folder 'Packages/com.unity.purchasing/Runtime/AppleMacos/' contains multiple assembly definition files (Packages/com.unity.purchasing/Runtime/AppleMacos/Unity.Purchasing.AppleMacos.asmdef)
Folder 'Packages/com.unity.purchasing/Runtime/Codeless/' contains multiple assembly definition files (Packages/com.unity.purchasing/Runtime/Codeless/Unity.Purchasing.Codeless.asmdef)
Folder 'Packages/com.unity.purchasing/Runtime/Codeless/' contains multiple assembly definition files (Packages/com.unity.purchasing/Runtime/Codeless/UnityEngine.Purchasing.Codeless.asmdef)
ArgumentException: An item with the same key has already been added. Key: 400f2260dd8d285419d1db99999109aa
  at System.Collections.Generic.Dictionary`2[TKey,TValue].TryInsert (TKey key, TValue value, System.Collections.Generic.InsertionBehavior behavior) [0x0015a] in <c5eeda5e65d44b388e164c6c5cfe0702>:0 
  at System.Collections.Generic.Dictionary`2[TKey,TValue].Add (TKey key, TValue value) [0x00000] in <c5eeda5e65d44b388e164c6c5cfe0702>:0 
  at System.Linq.Enumerable.ToDictionary[TSource,TKey,TElement] (TSource[] source, System.Func`2[T,TResult] keySelector, System.Func`2[T,TResult] elementSelector, System.Collections.Generic.IEqualityComparer`1[T] comparer) [0x00029] in <8203c5af529241e2a5cc4b3c5a3dc69a>:0 
  at System.Linq.Enumerable.ToDictionary[TSource,TKey,TElement] (System.Collections.Generic.IEnumerable`1[T] source, System.Func`2[T,TResult] keySelector, System.Func`2[T,TResult] elementSelector, System.Collections.Generic.IEqualityComparer`1[T] comparer) [0x00051] in <8203c5af529241e2a5cc4b3c5a3dc69a>:0 
  at System.Linq.Enumerable.ToDictionary[TSource,TKey,TElement] (System.Collections.Generic.IEnumerable`1[T] source, System.Func`2[T,TResult] keySelector, System.Func`2[T,TResult] elementSelector) [0x00000] in <8203c5af529241e2a5cc4b3c5a3dc69a>:0 
  at UnityEditor.Scripting.ScriptCompilation.AssemblyGraphBuilder.Initialize (System.Collections.Generic.IReadOnlyCollection`1[T] assemblies, System.Collections.Generic.IReadOnlyCollection`1[T] customScriptAssemblyReferences) [0x00046] in /Users/bokken/build/output/unity/unity/Editor/Mono/Scripting/ScriptCompilation/AssemblyGraphBuilder.cs:85 
  at UnityEditor.Scripting.ScriptCompilation.AssemblyGraphBuilderFactory.GetOrCreate (System.String projectPath, System.Collections.Generic.IReadOnlyCollection`1[T] assemblies, System.Collections.Generic.IReadOnlyCollection`1[T] customScriptAssemblyReferences) [0x00038] in /Users/bokken/build/output/unity/unity/Editor/Mono/Scripting/ScriptCompilation/AssemblyGraphBuilderFactory.cs:54 
  at UnityEditor.Scripting.ScriptCompilation.EditorCompilation.GetAssemblyGraphBuilder () [0x00001] in /Users/bokken/build/output/unity/unity/Editor/Mono/Scripting/ScriptCompilation/EditorCompilation.cs:170 
  at UnityEditor.Scripting.ScriptCompilation.EditorCompilation.SetAllScripts (System.String[] allScripts) [0x0000d] in /Users/bokken/build/output/unity/unity/Editor/Mono/Scripting/ScriptCompilation/EditorCompilation.cs:178 
  at UnityEditor.Scripting.ScriptCompilation.EditorCompilationInterface.SetAllScripts (System.String[] allScripts) [0x00001] in /Users/bokken/build/output/unity/unity/Editor/Mono/Scripting/ScriptCompilation/EditorCompilationInterface.cs:79 

(Filename: /Users/bokken/build/output/unity/unity/Editor/Mono/Scripting/ScriptCompilation/AssemblyGraphBuilder.cs Line: 85)

Refreshing native plugins compatible for Editor in 3.00 ms, found 1 plugins.
Native extension for iOS target not found
Native extension for Android target not found
Native extension for OSXStandalone target not found
Native extension for WebGL target not found
Folder 'Packages/com.unity.purchasing/Runtime/Apple/' contains multiple assembly definition files (Packages/com.unity.purchasing/Runtime/Apple/UnityEngine.Purchasing.Apple.asmdef)
Folder 'Packages/com.unity.purchasing/Runtime/Apple/' contains multiple assembly definition files (Packages/com.unity.purchasing/Runtime/Apple/Unity.Purchasing.Apple.asmdef)
Folder 'Packages/com.unity.purchasing/Runtime/SecurityStub/' contains multiple assembly definition files (Packages/com.unity.purchasing/Runtime/SecurityStub/UnityEngine.Purchasing.SecurityStub.asmdef)
Folder 'Packages/com.unity.purchasing/Runtime/SecurityStub/' contains multiple assembly definition files (Packages/com.unity.purchasing/Runtime/SecurityStub/Unity.Purchasing.SecurityStub.asmdef)
Folder 'Packages/com.unity.purchasing/Runtime/Security/' contains multiple assembly definition files (Packages/com.unity.purchasing/Runtime/Security/Unity.Purchasing.Security.asmdef)
Folder 'Packages/com.unity.purchasing/Runtime/Security/' contains multiple assembly definition files (Packages/com.unity.purchasing/Runtime/Security/UnityEngine.Purchasing.Security.asmdef)
Folder 'Packages/com.unity.purchasing/Runtime/Stores/' contains multiple assembly definition files (Packages/com.unity.purchasing/Runtime/Stores/UnityEngine.Purchasing.Stores.asmdef)
Folder 'Packages/com.unity.purchasing/Runtime/Stores/' contains multiple assembly definition files (Packages/com.unity.purchasing/Runtime/Stores/Unity.Purchasing.Stores.asmdef)
Folder 'Packages/com.unity.purchasing/Runtime/SecurityCore/' contains multiple assembly definition files (Packages/com.unity.purchasing/Runtime/SecurityCore/Unity.Purchasing.SecurityCore.asmdef)
Folder 'Packages/com.unity.purchasing/Runtime/SecurityCore/' contains multiple assembly definition files (Packages/com.unity.purchasing/Runtime/SecurityCore/UnityEngine.Purchasing.SecurityCore.asmdef)
Folder 'Packages/com.unity.purchasing/Runtime/Purchasing/' contains multiple assembly definition files (Packages/com.unity.purchasing/Runtime/Purchasing/UnityEngine.Purchasing.asmdef)
Folder 'Packages/com.unity.purchasing/Runtime/Purchasing/' contains multiple assembly definition files (Packages/com.unity.purchasing/Runtime/Purchasing/Unity.Purchasing.asmdef)
Folder 'Packages/com.unity.purchasing/Runtime/AppleMacosStub/' contains multiple assembly definition files (Packages/com.unity.purchasing/Runtime/AppleMacosStub/UnityEngine.Purchasing.AppleMacosStub.asmdef)
Folder 'Packages/com.unity.purchasing/Runtime/AppleMacosStub/' contains multiple assembly definition files (Packages/com.unity.purchasing/Runtime/AppleMacosStub/Unity.Purchasing.AppleMacosStub.asmdef)
Folder 'Packages/com.unity.purchasing/Runtime/AppleStub/' contains multiple assembly definition files (Packages/com.unity.purchasing/Runtime/AppleStub/Unity.Purchasing.AppleStub.asmdef)
Folder 'Packages/com.unity.purchasing/Runtime/AppleStub/' contains multiple assembly definition files (Packages/com.unity.purchasing/Runtime/AppleStub/UnityEngine.Purchasing.AppleStub.asmdef)
Folder 'Packages/com.unity.purchasing/Runtime/AppleMacos/' contains multiple assembly definition files (Packages/com.unity.purchasing/Runtime/AppleMacos/UnityEngine.Purchasing.AppleMacos.asmdef)
Folder 'Packages/com.unity.purchasing/Runtime/AppleMacos/' contains multiple assembly definition files (Packages/com.unity.purchasing/Runtime/AppleMacos/Unity.Purchasing.AppleMacos.asmdef)
Folder 'Packages/com.unity.purchasing/Runtime/Codeless/' contains multiple assembly definition files (Packages/com.unity.purchasing/Runtime/Codeless/Unity.Purchasing.Codeless.asmdef)
Folder 'Packages/com.unity.purchasing/Runtime/Codeless/' contains multiple assembly definition files (Packages/com.unity.purchasing/Runtime/Codeless/UnityEngine.Purchasing.Codeless.asmdef)
ArgumentException: An item with the same key has already been added. Key: 400f2260dd8d285419d1db99999109aa
  at System.Collections.Generic.Dictionary`2[TKey,TValue].TryInsert (TKey key, TValue value, System.Collections.Generic.InsertionBehavior behavior) [0x0015a] in <c5eeda5e65d44b388e164c6c5cfe0702>:0 
  at System.Collections.Generic.Dictionary`2[TKey,TValue].Add (TKey key, TValue value) [0x00000] in <c5eeda5e65d44b388e164c6c5cfe0702>:0 
  at System.Linq.Enumerable.ToDictionary[TSource,TKey,TElement] (TSource[] source, System.Func`2[T,TResult] keySelector, System.Func`2[T,TResult] elementSelector, System.Collections.Generic.IEqualityComparer`1[T] comparer) [0x00029] in <8203c5af529241e2a5cc4b3c5a3dc69a>:0 
  at System.Linq.Enumerable.ToDictionary[TSource,TKey,TElement] (System.Collections.Generic.IEnumerable`1[T] source, System.Func`2[T,TResult] keySelector, System.Func`2[T,TResult] elementSelector, System.Collections.Generic.IEqualityComparer`1[T] comparer) [0x00051] in <8203c5af529241e2a5cc4b3c5a3dc69a>:0 
  at System.Linq.Enumerable.ToDictionary[TSource,TKey,TElement] (System.Collections.Generic.IEnumerable`1[T] source, System.Func`2[T,TResult] keySelector, System.Func`2[T,TResult] elementSelector) [0x00000] in <8203c5af529241e2a5cc4b3c5a3dc69a>:0 
  at UnityEditor.Scripting.ScriptCompilation.AssemblyGraphBuilder.Initialize (System.Collections.Generic.IReadOnlyCollection`1[T] assemblies, System.Collections.Generic.IReadOnlyCollection`1[T] customScriptAssemblyReferences) [0x00046] in /Users/bokken/build/output/unity/unity/Editor/Mono/Scripting/ScriptCompilation/AssemblyGraphBuilder.cs:85 
  at UnityEditor.Scripting.ScriptCompilation.AssemblyGraphBuilderFactory.GetOrCreate (System.String projectPath, System.Collections.Generic.IReadOnlyCollection`1[T] assemblies, System.Collections.Generic.IReadOnlyCollection`1[T] customScriptAssemblyReferences) [0x00038] in /Users/bokken/build/output/unity/unity/Editor/Mono/Scripting/ScriptCompilation/AssemblyGraphBuilderFactory.cs:54 
  at UnityEditor.Scripting.ScriptCompilation.EditorCompilation.GetAssemblyGraphBuilder () [0x00001] in /Users/bokken/build/output/unity/unity/Editor/Mono/Scripting/ScriptCompilation/EditorCompilation.cs:170 
  at UnityEditor.Scripting.ScriptCompilation.EditorCompilation.SetAllScripts (System.String[] allScripts) [0x0000d] in /Users/bokken/build/output/unity/unity/Editor/Mono/Scripting/ScriptCompilation/EditorCompilation.cs:178 
  at UnityEditor.Scripting.ScriptCompilation.EditorCompilationInterface.SetAllScripts (System.String[] allScripts) [0x00001] in /Users/bokken/build/output/unity/unity/Editor/Mono/Scripting/ScriptCompilation/EditorCompilationInterface.cs:79 

(Filename: /Users/bokken/build/output/unity/unity/Editor/Mono/Scripting/ScriptCompilation/AssemblyGraphBuilder.cs Line: 85)

Refreshing native plugins compatible for Editor in 2.93 ms, found 1 plugins.
[Package Manager] Failed to launch server process. Reason: Unity was launched with the -noUpm command-line argument
[Package Manager] Unable to send message (not connected to server process).
[Package Manager] Cannot connect to Unity Package Manager local server
ScheduleIndexationOnStartup MainProcess:False IndexOnStartup:True
Mono: successfully reloaded assembly
- Finished resetting the current domain, in  0.945 seconds
Domain Reload Profiling: 1432ms
	BeginReloadAssembly (112ms)
		ExecutionOrderSort (0ms)
		DisableScriptedObjects (4ms)
		BackupInstance (0ms)
		ReleaseScriptingObjects (0ms)
		CreateAndSetChildDomain (35ms)
	RebuildCommonClasses (27ms)
	RebuildNativeTypeToScriptingClass (11ms)
	initialDomainReloadingComplete (16ms)
	LoadAllAssembliesAndSetupDomain (321ms)
		LoadAssemblies (228ms)
		RebuildTransferFunctionScriptingTraits (0ms)
		AnalyzeDomain (127ms)
			TypeCache.Refresh (7ms)
				TypeCache.ScanAssembly (0ms)
			BuildScriptInfoCaches (115ms)
			ResolveRequiredComponents (3ms)
	FinalizeReload (946ms)
		ReleaseScriptCaches (0ms)
		RebuildScriptCaches (0ms)
		SetupLoadedEditorAssemblies (843ms)
			LogAssemblyErrors (0ms)
			InitializePlatformSupportModulesInManaged (13ms)
			SetLoadedEditorAssemblies (3ms)
			BeforeProcessingInitializeOnLoad (102ms)
			ProcessInitializeOnLoadAttributes (669ms)
			ProcessInitializeOnLoadMethodAttributes (53ms)
			AfterProcessingInitializeOnLoad (1ms)
			EditorAssembliesLoaded (0ms)
		ExecutionOrderSort2 (0ms)
		AwakeInstancesAfterBackupRestoration (3ms)
Refreshing native plugins compatible for Editor in 2.68 ms, found 1 plugins.
Preloading 0 native plugins for Editor in 0.00 ms.
Unloading 29 Unused Serialized files (Serialized files now loaded: 0)
Unloading 6234 unused Assets / (4.6 MB). Loaded Objects now: 6858.
Memory consumption went from 141.5 MB to 136.9 MB.
Total: 20.994583 ms (FindLiveObjects: 0.358458 ms CreateObjectMapping: 0.169500 ms MarkObjects: 19.035084 ms  DeleteObjects: 1.431000 ms)

Prepare: number of updated asset objects reloaded= 0
========================================================================
Received Prepare
[Licensing::Client] Successfully resolved entitlement details
Folder 'Packages/com.unity.purchasing/Runtime/Apple/' contains multiple assembly definition files (Packages/com.unity.purchasing/Runtime/Apple/UnityEngine.Purchasing.Apple.asmdef)
Folder 'Packages/com.unity.purchasing/Runtime/Apple/' contains multiple assembly definition files (Packages/com.unity.purchasing/Runtime/Apple/Unity.Purchasing.Apple.asmdef)
Folder 'Packages/com.unity.purchasing/Runtime/SecurityStub/' contains multiple assembly definition files (Packages/com.unity.purchasing/Runtime/SecurityStub/UnityEngine.Purchasing.SecurityStub.asmdef)
Folder 'Packages/com.unity.purchasing/Runtime/SecurityStub/' contains multiple assembly definition files (Packages/com.unity.purchasing/Runtime/SecurityStub/Unity.Purchasing.SecurityStub.asmdef)
Folder 'Packages/com.unity.purchasing/Runtime/Security/' contains multiple assembly definition files (Packages/com.unity.purchasing/Runtime/Security/Unity.Purchasing.Security.asmdef)
Folder 'Packages/com.unity.purchasing/Runtime/Security/' contains multiple assembly definition files (Packages/com.unity.purchasing/Runtime/Security/UnityEngine.Purchasing.Security.asmdef)
Folder 'Packages/com.unity.purchasing/Runtime/Stores/' contains multiple assembly definition files (Packages/com.unity.purchasing/Runtime/Stores/UnityEngine.Purchasing.Stores.asmdef)
Folder 'Packages/com.unity.purchasing/Runtime/Stores/' contains multiple assembly definition files (Packages/com.unity.purchasing/Runtime/Stores/Unity.Purchasing.Stores.asmdef)
Folder 'Packages/com.unity.purchasing/Runtime/SecurityCore/' contains multiple assembly definition files (Packages/com.unity.purchasing/Runtime/SecurityCore/Unity.Purchasing.SecurityCore.asmdef)
Folder 'Packages/com.unity.purchasing/Runtime/SecurityCore/' contains multiple assembly definition files (Packages/com.unity.purchasing/Runtime/SecurityCore/UnityEngine.Purchasing.SecurityCore.asmdef)
Folder 'Packages/com.unity.purchasing/Runtime/Purchasing/' contains multiple assembly definition files (Packages/com.unity.purchasing/Runtime/Purchasing/UnityEngine.Purchasing.asmdef)
Folder 'Packages/com.unity.purchasing/Runtime/Purchasing/' contains multiple assembly definition files (Packages/com.unity.purchasing/Runtime/Purchasing/Unity.Purchasing.asmdef)
Folder 'Packages/com.unity.purchasing/Runtime/AppleMacosStub/' contains multiple assembly definition files (Packages/com.unity.purchasing/Runtime/AppleMacosStub/UnityEngine.Purchasing.AppleMacosStub.asmdef)
Folder 'Packages/com.unity.purchasing/Runtime/AppleMacosStub/' contains multiple assembly definition files (Packages/com.unity.purchasing/Runtime/AppleMacosStub/Unity.Purchasing.AppleMacosStub.asmdef)
Folder 'Packages/com.unity.purchasing/Runtime/AppleStub/' contains multiple assembly definition files (Packages/com.unity.purchasing/Runtime/AppleStub/Unity.Purchasing.AppleStub.asmdef)
Folder 'Packages/com.unity.purchasing/Runtime/AppleStub/' contains multiple assembly definition files (Packages/com.unity.purchasing/Runtime/AppleStub/UnityEngine.Purchasing.AppleStub.asmdef)
Folder 'Packages/com.unity.purchasing/Runtime/AppleMacos/' contains multiple assembly definition files (Packages/com.unity.purchasing/Runtime/AppleMacos/UnityEngine.Purchasing.AppleMacos.asmdef)
Folder 'Packages/com.unity.purchasing/Runtime/AppleMacos/' contains multiple assembly definition files (Packages/com.unity.purchasing/Runtime/AppleMacos/Unity.Purchasing.AppleMacos.asmdef)
Folder 'Packages/com.unity.purchasing/Runtime/Codeless/' contains multiple assembly definition files (Packages/com.unity.purchasing/Runtime/Codeless/Unity.Purchasing.Codeless.asmdef)
Folder 'Packages/com.unity.purchasing/Runtime/Codeless/' contains multiple assembly definition files (Packages/com.unity.purchasing/Runtime/Codeless/UnityEngine.Purchasing.Codeless.asmdef)
ArgumentException: An item with the same key has already been added. Key: 400f2260dd8d285419d1db99999109aa
  at System.Collections.Generic.Dictionary`2[TKey,TValue].TryInsert (TKey key, TValue value, System.Collections.Generic.InsertionBehavior behavior) [0x0015a] in <c5eeda5e65d44b388e164c6c5cfe0702>:0 
  at System.Collections.Generic.Dictionary`2[TKey,TValue].Add (TKey key, TValue value) [0x00000] in <c5eeda5e65d44b388e164c6c5cfe0702>:0 
  at System.Linq.Enumerable.ToDictionary[TSource,TKey,TElement] (TSource[] source, System.Func`2[T,TResult] keySelector, System.Func`2[T,TResult] elementSelector, System.Collections.Generic.IEqualityComparer`1[T] comparer) [0x00029] in <8203c5af529241e2a5cc4b3c5a3dc69a>:0 
  at System.Linq.Enumerable.ToDictionary[TSource,TKey,TElement] (System.Collections.Generic.IEnumerable`1[T] source, System.Func`2[T,TResult] keySelector, System.Func`2[T,TResult] elementSelector, System.Collections.Generic.IEqualityComparer`1[T] comparer) [0x00051] in <8203c5af529241e2a5cc4b3c5a3dc69a>:0 
  at System.Linq.Enumerable.ToDictionary[TSource,TKey,TElement] (System.Collections.Generic.IEnumerable`1[T] source, System.Func`2[T,TResult] keySelector, System.Func`2[T,TResult] elementSelector) [0x00000] in <8203c5af529241e2a5cc4b3c5a3dc69a>:0 
  at UnityEditor.Scripting.ScriptCompilation.AssemblyGraphBuilder.Initialize (System.Collections.Generic.IReadOnlyCollection`1[T] assemblies, System.Collections.Generic.IReadOnlyCollection`1[T] customScriptAssemblyReferences) [0x00046] in /Users/bokken/build/output/unity/unity/Editor/Mono/Scripting/ScriptCompilation/AssemblyGraphBuilder.cs:85 
  at UnityEditor.Scripting.ScriptCompilation.AssemblyGraphBuilderFactory.GetOrCreate (System.String projectPath, System.Collections.Generic.IReadOnlyCollection`1[T] assemblies, System.Collections.Generic.IReadOnlyCollection`1[T] customScriptAssemblyReferences) [0x00038] in /Users/bokken/build/output/unity/unity/Editor/Mono/Scripting/ScriptCompilation/AssemblyGraphBuilderFactory.cs:54 
  at UnityEditor.Scripting.ScriptCompilation.EditorCompilation.GetAssemblyGraphBuilder () [0x00001] in /Users/bokken/build/output/unity/unity/Editor/Mono/Scripting/ScriptCompilation/EditorCompilation.cs:170 
  at UnityEditor.Scripting.ScriptCompilation.EditorCompilation.SetAllScripts (System.String[] allScripts) [0x0000d] in /Users/bokken/build/output/unity/unity/Editor/Mono/Scripting/ScriptCompilation/EditorCompilation.cs:178 
  at UnityEditor.Scripting.ScriptCompilation.EditorCompilationInterface.SetAllScripts (System.String[] allScripts) [0x00001] in /Users/bokken/build/output/unity/unity/Editor/Mono/Scripting/ScriptCompilation/EditorCompilationInterface.cs:79 

(Filename: /Users/bokken/build/output/unity/unity/Editor/Mono/Scripting/ScriptCompilation/AssemblyGraphBuilder.cs Line: 85)

Folder 'Packages/com.unity.purchasing/Runtime/Apple/' contains multiple assembly definition files (Packages/com.unity.purchasing/Runtime/Apple/UnityEngine.Purchasing.Apple.asmdef)
Folder 'Packages/com.unity.purchasing/Runtime/Apple/' contains multiple assembly definition files (Packages/com.unity.purchasing/Runtime/Apple/Unity.Purchasing.Apple.asmdef)
Folder 'Packages/com.unity.purchasing/Runtime/SecurityStub/' contains multiple assembly definition files (Packages/com.unity.purchasing/Runtime/SecurityStub/UnityEngine.Purchasing.SecurityStub.asmdef)
Folder 'Packages/com.unity.purchasing/Runtime/SecurityStub/' contains multiple assembly definition files (Packages/com.unity.purchasing/Runtime/SecurityStub/Unity.Purchasing.SecurityStub.asmdef)
Folder 'Packages/com.unity.purchasing/Runtime/Security/' contains multiple assembly definition files (Packages/com.unity.purchasing/Runtime/Security/Unity.Purchasing.Security.asmdef)
Folder 'Packages/com.unity.purchasing/Runtime/Security/' contains multiple assembly definition files (Packages/com.unity.purchasing/Runtime/Security/UnityEngine.Purchasing.Security.asmdef)
Folder 'Packages/com.unity.purchasing/Runtime/Stores/' contains multiple assembly definition files (Packages/com.unity.purchasing/Runtime/Stores/UnityEngine.Purchasing.Stores.asmdef)
Folder 'Packages/com.unity.purchasing/Runtime/Stores/' contains multiple assembly definition files (Packages/com.unity.purchasing/Runtime/Stores/Unity.Purchasing.Stores.asmdef)
Folder 'Packages/com.unity.purchasing/Runtime/SecurityCore/' contains multiple assembly definition files (Packages/com.unity.purchasing/Runtime/SecurityCore/Unity.Purchasing.SecurityCore.asmdef)
Folder 'Packages/com.unity.purchasing/Runtime/SecurityCore/' contains multiple assembly definition files (Packages/com.unity.purchasing/Runtime/SecurityCore/UnityEngine.Purchasing.SecurityCore.asmdef)
Folder 'Packages/com.unity.purchasing/Runtime/Purchasing/' contains multiple assembly definition files (Packages/com.unity.purchasing/Runtime/Purchasing/UnityEngine.Purchasing.asmdef)
Folder 'Packages/com.unity.purchasing/Runtime/Purchasing/' contains multiple assembly definition files (Packages/com.unity.purchasing/Runtime/Purchasing/Unity.Purchasing.asmdef)
Folder 'Packages/com.unity.purchasing/Runtime/AppleMacosStub/' contains multiple assembly definition files (Packages/com.unity.purchasing/Runtime/AppleMacosStub/UnityEngine.Purchasing.AppleMacosStub.asmdef)
Folder 'Packages/com.unity.purchasing/Runtime/AppleMacosStub/' contains multiple assembly definition files (Packages/com.unity.purchasing/Runtime/AppleMacosStub/Unity.Purchasing.AppleMacosStub.asmdef)
Folder 'Packages/com.unity.purchasing/Runtime/AppleStub/' contains multiple assembly definition files (Packages/com.unity.purchasing/Runtime/AppleStub/Unity.Purchasing.AppleStub.asmdef)
Folder 'Packages/com.unity.purchasing/Runtime/AppleStub/' contains multiple assembly definition files (Packages/com.unity.purchasing/Runtime/AppleStub/UnityEngine.Purchasing.AppleStub.asmdef)
Folder 'Packages/com.unity.purchasing/Runtime/AppleMacos/' contains multiple assembly definition files (Packages/com.unity.purchasing/Runtime/AppleMacos/UnityEngine.Purchasing.AppleMacos.asmdef)
Folder 'Packages/com.unity.purchasing/Runtime/AppleMacos/' contains multiple assembly definition files (Packages/com.unity.purchasing/Runtime/AppleMacos/Unity.Purchasing.AppleMacos.asmdef)
Folder 'Packages/com.unity.purchasing/Runtime/Codeless/' contains multiple assembly definition files (Packages/com.unity.purchasing/Runtime/Codeless/Unity.Purchasing.Codeless.asmdef)
Folder 'Packages/com.unity.purchasing/Runtime/Codeless/' contains multiple assembly definition files (Packages/com.unity.purchasing/Runtime/Codeless/UnityEngine.Purchasing.Codeless.asmdef)
ArgumentException: An item with the same key has already been added. Key: 400f2260dd8d285419d1db99999109aa
  at System.Collections.Generic.Dictionary`2[TKey,TValue].TryInsert (TKey key, TValue value, System.Collections.Generic.InsertionBehavior behavior) [0x0015a] in <c5eeda5e65d44b388e164c6c5cfe0702>:0 
  at System.Collections.Generic.Dictionary`2[TKey,TValue].Add (TKey key, TValue value) [0x00000] in <c5eeda5e65d44b388e164c6c5cfe0702>:0 
  at System.Linq.Enumerable.ToDictionary[TSource,TKey,TElement] (TSource[] source, System.Func`2[T,TResult] keySelector, System.Func`2[T,TResult] elementSelector, System.Collections.Generic.IEqualityComparer`1[T] comparer) [0x00029] in <8203c5af529241e2a5cc4b3c5a3dc69a>:0 
  at System.Linq.Enumerable.ToDictionary[TSource,TKey,TElement] (System.Collections.Generic.IEnumerable`1[T] source, System.Func`2[T,TResult] keySelector, System.Func`2[T,TResult] elementSelector, System.Collections.Generic.IEqualityComparer`1[T] comparer) [0x00051] in <8203c5af529241e2a5cc4b3c5a3dc69a>:0 
  at System.Linq.Enumerable.ToDictionary[TSource,TKey,TElement] (System.Collections.Generic.IEnumerable`1[T] source, System.Func`2[T,TResult] keySelector, System.Func`2[T,TResult] elementSelector) [0x00000] in <8203c5af529241e2a5cc4b3c5a3dc69a>:0 
  at UnityEditor.Scripting.ScriptCompilation.AssemblyGraphBuilder.Initialize (System.Collections.Generic.IReadOnlyCollection`1[T] assemblies, System.Collections.Generic.IReadOnlyCollection`1[T] customScriptAssemblyReferences) [0x00046] in /Users/bokken/build/output/unity/unity/Editor/Mono/Scripting/ScriptCompilation/AssemblyGraphBuilder.cs:85 
  at UnityEditor.Scripting.ScriptCompilation.AssemblyGraphBuilderFactory.GetOrCreate (System.String projectPath, System.Collections.Generic.IReadOnlyCollection`1[T] assemblies, System.Collections.Generic.IReadOnlyCollection`1[T] customScriptAssemblyReferences) [0x00038] in /Users/bokken/build/output/unity/unity/Editor/Mono/Scripting/ScriptCompilation/AssemblyGraphBuilderFactory.cs:54 
  at UnityEditor.Scripting.ScriptCompilation.EditorCompilation.GetAssemblyGraphBuilder () [0x00001] in /Users/bokken/build/output/unity/unity/Editor/Mono/Scripting/ScriptCompilation/EditorCompilation.cs:170 
  at UnityEditor.Scripting.ScriptCompilation.EditorCompilation.SetAllScripts (System.String[] allScripts) [0x0000d] in /Users/bokken/build/output/unity/unity/Editor/Mono/Scripting/ScriptCompilation/EditorCompilation.cs:178 
  at UnityEditor.Scripting.ScriptCompilation.EditorCompilationInterface.SetAllScripts (System.String[] allScripts) [0x00001] in /Users/bokken/build/output/unity/unity/Editor/Mono/Scripting/ScriptCompilation/EditorCompilationInterface.cs:79 

(Filename: /Users/bokken/build/output/unity/unity/Editor/Mono/Scripting/ScriptCompilation/AssemblyGraphBuilder.cs Line: 85)

Begin MonoManager ReloadAssembly
[Licensing::Client] Successfully resolved entitlement details
Thread 0x16b977000 may have been prematurely finalized
Symbol file LoadedFromMemory is not a mono symbol file
- Loaded All Assemblies, in  0.459 seconds
Folder 'Packages/com.unity.purchasing/Runtime/Apple/' contains multiple assembly definition files (Packages/com.unity.purchasing/Runtime/Apple/UnityEngine.Purchasing.Apple.asmdef)
Folder 'Packages/com.unity.purchasing/Runtime/Apple/' contains multiple assembly definition files (Packages/com.unity.purchasing/Runtime/Apple/Unity.Purchasing.Apple.asmdef)
Folder 'Packages/com.unity.purchasing/Runtime/SecurityStub/' contains multiple assembly definition files (Packages/com.unity.purchasing/Runtime/SecurityStub/UnityEngine.Purchasing.SecurityStub.asmdef)
Folder 'Packages/com.unity.purchasing/Runtime/SecurityStub/' contains multiple assembly definition files (Packages/com.unity.purchasing/Runtime/SecurityStub/Unity.Purchasing.SecurityStub.asmdef)
Folder 'Packages/com.unity.purchasing/Runtime/Security/' contains multiple assembly definition files (Packages/com.unity.purchasing/Runtime/Security/Unity.Purchasing.Security.asmdef)
Folder 'Packages/com.unity.purchasing/Runtime/Security/' contains multiple assembly definition files (Packages/com.unity.purchasing/Runtime/Security/UnityEngine.Purchasing.Security.asmdef)
Folder 'Packages/com.unity.purchasing/Runtime/Stores/' contains multiple assembly definition files (Packages/com.unity.purchasing/Runtime/Stores/UnityEngine.Purchasing.Stores.asmdef)
Folder 'Packages/com.unity.purchasing/Runtime/Stores/' contains multiple assembly definition files (Packages/com.unity.purchasing/Runtime/Stores/Unity.Purchasing.Stores.asmdef)
Folder 'Packages/com.unity.purchasing/Runtime/SecurityCore/' contains multiple assembly definition files (Packages/com.unity.purchasing/Runtime/SecurityCore/Unity.Purchasing.SecurityCore.asmdef)
Folder 'Packages/com.unity.purchasing/Runtime/SecurityCore/' contains multiple assembly definition files (Packages/com.unity.purchasing/Runtime/SecurityCore/UnityEngine.Purchasing.SecurityCore.asmdef)
Folder 'Packages/com.unity.purchasing/Runtime/Purchasing/' contains multiple assembly definition files (Packages/com.unity.purchasing/Runtime/Purchasing/UnityEngine.Purchasing.asmdef)
Folder 'Packages/com.unity.purchasing/Runtime/Purchasing/' contains multiple assembly definition files (Packages/com.unity.purchasing/Runtime/Purchasing/Unity.Purchasing.asmdef)
Folder 'Packages/com.unity.purchasing/Runtime/AppleMacosStub/' contains multiple assembly definition files (Packages/com.unity.purchasing/Runtime/AppleMacosStub/UnityEngine.Purchasing.AppleMacosStub.asmdef)
Folder 'Packages/com.unity.purchasing/Runtime/AppleMacosStub/' contains multiple assembly definition files (Packages/com.unity.purchasing/Runtime/AppleMacosStub/Unity.Purchasing.AppleMacosStub.asmdef)
Folder 'Packages/com.unity.purchasing/Runtime/AppleStub/' contains multiple assembly definition files (Packages/com.unity.purchasing/Runtime/AppleStub/Unity.Purchasing.AppleStub.asmdef)
Folder 'Packages/com.unity.purchasing/Runtime/AppleStub/' contains multiple assembly definition files (Packages/com.unity.purchasing/Runtime/AppleStub/UnityEngine.Purchasing.AppleStub.asmdef)
Folder 'Packages/com.unity.purchasing/Runtime/AppleMacos/' contains multiple assembly definition files (Packages/com.unity.purchasing/Runtime/AppleMacos/UnityEngine.Purchasing.AppleMacos.asmdef)
Folder 'Packages/com.unity.purchasing/Runtime/AppleMacos/' contains multiple assembly definition files (Packages/com.unity.purchasing/Runtime/AppleMacos/Unity.Purchasing.AppleMacos.asmdef)
Folder 'Packages/com.unity.purchasing/Runtime/Codeless/' contains multiple assembly definition files (Packages/com.unity.purchasing/Runtime/Codeless/Unity.Purchasing.Codeless.asmdef)
Folder 'Packages/com.unity.purchasing/Runtime/Codeless/' contains multiple assembly definition files (Packages/com.unity.purchasing/Runtime/Codeless/UnityEngine.Purchasing.Codeless.asmdef)
ArgumentException: An item with the same key has already been added. Key: 400f2260dd8d285419d1db99999109aa
  at System.Collections.Generic.Dictionary`2[TKey,TValue].TryInsert (TKey key, TValue value, System.Collections.Generic.InsertionBehavior behavior) [0x0015a] in <c5eeda5e65d44b388e164c6c5cfe0702>:0 
  at System.Collections.Generic.Dictionary`2[TKey,TValue].Add (TKey key, TValue value) [0x00000] in <c5eeda5e65d44b388e164c6c5cfe0702>:0 
  at System.Linq.Enumerable.ToDictionary[TSource,TKey,TElement] (TSource[] source, System.Func`2[T,TResult] keySelector, System.Func`2[T,TResult] elementSelector, System.Collections.Generic.IEqualityComparer`1[T] comparer) [0x00029] in <8203c5af529241e2a5cc4b3c5a3dc69a>:0 
  at System.Linq.Enumerable.ToDictionary[TSource,TKey,TElement] (System.Collections.Generic.IEnumerable`1[T] source, System.Func`2[T,TResult] keySelector, System.Func`2[T,TResult] elementSelector, System.Collections.Generic.IEqualityComparer`1[T] comparer) [0x00051] in <8203c5af529241e2a5cc4b3c5a3dc69a>:0 
  at System.Linq.Enumerable.ToDictionary[TSource,TKey,TElement] (System.Collections.Generic.IEnumerable`1[T] source, System.Func`2[T,TResult] keySelector, System.Func`2[T,TResult] elementSelector) [0x00000] in <8203c5af529241e2a5cc4b3c5a3dc69a>:0 
  at UnityEditor.Scripting.ScriptCompilation.AssemblyGraphBuilder.Initialize (System.Collections.Generic.IReadOnlyCollection`1[T] assemblies, System.Collections.Generic.IReadOnlyCollection`1[T] customScriptAssemblyReferences) [0x00046] in /Users/bokken/build/output/unity/unity/Editor/Mono/Scripting/ScriptCompilation/AssemblyGraphBuilder.cs:85 
  at UnityEditor.Scripting.ScriptCompilation.AssemblyGraphBuilderFactory.GetOrCreate (System.String projectPath, System.Collections.Generic.IReadOnlyCollection`1[T] assemblies, System.Collections.Generic.IReadOnlyCollection`1[T] customScriptAssemblyReferences) [0x00038] in /Users/bokken/build/output/unity/unity/Editor/Mono/Scripting/ScriptCompilation/AssemblyGraphBuilderFactory.cs:54 
  at UnityEditor.Scripting.ScriptCompilation.EditorCompilation.GetAssemblyGraphBuilder () [0x00001] in /Users/bokken/build/output/unity/unity/Editor/Mono/Scripting/ScriptCompilation/EditorCompilation.cs:170 
  at UnityEditor.Scripting.ScriptCompilation.EditorCompilation.SetAllScripts (System.String[] allScripts) [0x0000d] in /Users/bokken/build/output/unity/unity/Editor/Mono/Scripting/ScriptCompilation/EditorCompilation.cs:178 
  at UnityEditor.Scripting.ScriptCompilation.EditorCompilationInterface.SetAllScripts (System.String[] allScripts) [0x00001] in /Users/bokken/build/output/unity/unity/Editor/Mono/Scripting/ScriptCompilation/EditorCompilationInterface.cs:79 

(Filename: /Users/bokken/build/output/unity/unity/Editor/Mono/Scripting/ScriptCompilation/AssemblyGraphBuilder.cs Line: 85)

Refreshing native plugins compatible for Editor in 2.69 ms, found 1 plugins.
Native extension for iOS target not found
Native extension for Android target not found
Native extension for OSXStandalone target not found
Native extension for WebGL target not found
Folder 'Packages/com.unity.purchasing/Runtime/Apple/' contains multiple assembly definition files (Packages/com.unity.purchasing/Runtime/Apple/UnityEngine.Purchasing.Apple.asmdef)
Folder 'Packages/com.unity.purchasing/Runtime/Apple/' contains multiple assembly definition files (Packages/com.unity.purchasing/Runtime/Apple/Unity.Purchasing.Apple.asmdef)
Folder 'Packages/com.unity.purchasing/Runtime/SecurityStub/' contains multiple assembly definition files (Packages/com.unity.purchasing/Runtime/SecurityStub/UnityEngine.Purchasing.SecurityStub.asmdef)
Folder 'Packages/com.unity.purchasing/Runtime/SecurityStub/' contains multiple assembly definition files (Packages/com.unity.purchasing/Runtime/SecurityStub/Unity.Purchasing.SecurityStub.asmdef)
Folder 'Packages/com.unity.purchasing/Runtime/Security/' contains multiple assembly definition files (Packages/com.unity.purchasing/Runtime/Security/Unity.Purchasing.Security.asmdef)
Folder 'Packages/com.unity.purchasing/Runtime/Security/' contains multiple assembly definition files (Packages/com.unity.purchasing/Runtime/Security/UnityEngine.Purchasing.Security.asmdef)
Folder 'Packages/com.unity.purchasing/Runtime/Stores/' contains multiple assembly definition files (Packages/com.unity.purchasing/Runtime/Stores/UnityEngine.Purchasing.Stores.asmdef)
Folder 'Packages/com.unity.purchasing/Runtime/Stores/' contains multiple assembly definition files (Packages/com.unity.purchasing/Runtime/Stores/Unity.Purchasing.Stores.asmdef)
Folder 'Packages/com.unity.purchasing/Runtime/SecurityCore/' contains multiple assembly definition files (Packages/com.unity.purchasing/Runtime/SecurityCore/Unity.Purchasing.SecurityCore.asmdef)
Folder 'Packages/com.unity.purchasing/Runtime/SecurityCore/' contains multiple assembly definition files (Packages/com.unity.purchasing/Runtime/SecurityCore/UnityEngine.Purchasing.SecurityCore.asmdef)
Folder 'Packages/com.unity.purchasing/Runtime/Purchasing/' contains multiple assembly definition files (Packages/com.unity.purchasing/Runtime/Purchasing/UnityEngine.Purchasing.asmdef)
Folder 'Packages/com.unity.purchasing/Runtime/Purchasing/' contains multiple assembly definition files (Packages/com.unity.purchasing/Runtime/Purchasing/Unity.Purchasing.asmdef)
Folder 'Packages/com.unity.purchasing/Runtime/AppleMacosStub/' contains multiple assembly definition files (Packages/com.unity.purchasing/Runtime/AppleMacosStub/UnityEngine.Purchasing.AppleMacosStub.asmdef)
Folder 'Packages/com.unity.purchasing/Runtime/AppleMacosStub/' contains multiple assembly definition files (Packages/com.unity.purchasing/Runtime/AppleMacosStub/Unity.Purchasing.AppleMacosStub.asmdef)
Folder 'Packages/com.unity.purchasing/Runtime/AppleStub/' contains multiple assembly definition files (Packages/com.unity.purchasing/Runtime/AppleStub/Unity.Purchasing.AppleStub.asmdef)
Folder 'Packages/com.unity.purchasing/Runtime/AppleStub/' contains multiple assembly definition files (Packages/com.unity.purchasing/Runtime/AppleStub/UnityEngine.Purchasing.AppleStub.asmdef)
Folder 'Packages/com.unity.purchasing/Runtime/AppleMacos/' contains multiple assembly definition files (Packages/com.unity.purchasing/Runtime/AppleMacos/UnityEngine.Purchasing.AppleMacos.asmdef)
Folder 'Packages/com.unity.purchasing/Runtime/AppleMacos/' contains multiple assembly definition files (Packages/com.unity.purchasing/Runtime/AppleMacos/Unity.Purchasing.AppleMacos.asmdef)
Folder 'Packages/com.unity.purchasing/Runtime/Codeless/' contains multiple assembly definition files (Packages/com.unity.purchasing/Runtime/Codeless/Unity.Purchasing.Codeless.asmdef)
Folder 'Packages/com.unity.purchasing/Runtime/Codeless/' contains multiple assembly definition files (Packages/com.unity.purchasing/Runtime/Codeless/UnityEngine.Purchasing.Codeless.asmdef)
ArgumentException: An item with the same key has already been added. Key: 400f2260dd8d285419d1db99999109aa
  at System.Collections.Generic.Dictionary`2[TKey,TValue].TryInsert (TKey key, TValue value, System.Collections.Generic.InsertionBehavior behavior) [0x0015a] in <c5eeda5e65d44b388e164c6c5cfe0702>:0 
  at System.Collections.Generic.Dictionary`2[TKey,TValue].Add (TKey key, TValue value) [0x00000] in <c5eeda5e65d44b388e164c6c5cfe0702>:0 
  at System.Linq.Enumerable.ToDictionary[TSource,TKey,TElement] (TSource[] source, System.Func`2[T,TResult] keySelector, System.Func`2[T,TResult] elementSelector, System.Collections.Generic.IEqualityComparer`1[T] comparer) [0x00029] in <8203c5af529241e2a5cc4b3c5a3dc69a>:0 
  at System.Linq.Enumerable.ToDictionary[TSource,TKey,TElement] (System.Collections.Generic.IEnumerable`1[T] source, System.Func`2[T,TResult] keySelector, System.Func`2[T,TResult] elementSelector, System.Collections.Generic.IEqualityComparer`1[T] comparer) [0x00051] in <8203c5af529241e2a5cc4b3c5a3dc69a>:0 
  at System.Linq.Enumerable.ToDictionary[TSource,TKey,TElement] (System.Collections.Generic.IEnumerable`1[T] source, System.Func`2[T,TResult] keySelector, System.Func`2[T,TResult] elementSelector) [0x00000] in <8203c5af529241e2a5cc4b3c5a3dc69a>:0 
  at UnityEditor.Scripting.ScriptCompilation.AssemblyGraphBuilder.Initialize (System.Collections.Generic.IReadOnlyCollection`1[T] assemblies, System.Collections.Generic.IReadOnlyCollection`1[T] customScriptAssemblyReferences) [0x00046] in /Users/bokken/build/output/unity/unity/Editor/Mono/Scripting/ScriptCompilation/AssemblyGraphBuilder.cs:85 
  at UnityEditor.Scripting.ScriptCompilation.AssemblyGraphBuilderFactory.GetOrCreate (System.String projectPath, System.Collections.Generic.IReadOnlyCollection`1[T] assemblies, System.Collections.Generic.IReadOnlyCollection`1[T] customScriptAssemblyReferences) [0x00038] in /Users/bokken/build/output/unity/unity/Editor/Mono/Scripting/ScriptCompilation/AssemblyGraphBuilderFactory.cs:54 
  at UnityEditor.Scripting.ScriptCompilation.EditorCompilation.GetAssemblyGraphBuilder () [0x00001] in /Users/bokken/build/output/unity/unity/Editor/Mono/Scripting/ScriptCompilation/EditorCompilation.cs:170 
  at UnityEditor.Scripting.ScriptCompilation.EditorCompilation.SetAllScripts (System.String[] allScripts) [0x0000d] in /Users/bokken/build/output/unity/unity/Editor/Mono/Scripting/ScriptCompilation/EditorCompilation.cs:178 
  at UnityEditor.Scripting.ScriptCompilation.EditorCompilationInterface.SetAllScripts (System.String[] allScripts) [0x00001] in /Users/bokken/build/output/unity/unity/Editor/Mono/Scripting/ScriptCompilation/EditorCompilationInterface.cs:79 

(Filename: /Users/bokken/build/output/unity/unity/Editor/Mono/Scripting/ScriptCompilation/AssemblyGraphBuilder.cs Line: 85)

Refreshing native plugins compatible for Editor in 3.34 ms, found 1 plugins.
[Package Manager] Failed to launch server process. Reason: Unity was launched with the -noUpm command-line argument
[Package Manager] Unable to send message (not connected to server process).
[Package Manager] Cannot connect to Unity Package Manager local server
ScheduleIndexationOnStartup MainProcess:False IndexOnStartup:True
Mono: successfully reloaded assembly
- Finished resetting the current domain, in  0.981 seconds
Domain Reload Profiling: 1442ms
	BeginReloadAssembly (106ms)
		ExecutionOrderSort (0ms)
		DisableScriptedObjects (3ms)
		BackupInstance (0ms)
		ReleaseScriptingObjects (0ms)
		CreateAndSetChildDomain (35ms)
	RebuildCommonClasses (24ms)
	RebuildNativeTypeToScriptingClass (10ms)
	initialDomainReloadingComplete (14ms)
	LoadAllAssembliesAndSetupDomain (305ms)
		LoadAssemblies (215ms)
		RebuildTransferFunctionScriptingTraits (0ms)
		AnalyzeDomain (120ms)
			TypeCache.Refresh (7ms)
				TypeCache.ScanAssembly (0ms)
			BuildScriptInfoCaches (108ms)
			ResolveRequiredComponents (3ms)
	FinalizeReload (982ms)
		ReleaseScriptCaches (0ms)
		RebuildScriptCaches (0ms)
		SetupLoadedEditorAssemblies (887ms)
			LogAssemblyErrors (0ms)
			InitializePlatformSupportModulesInManaged (13ms)
			SetLoadedEditorAssemblies (3ms)
			BeforeProcessingInitializeOnLoad (106ms)
			ProcessInitializeOnLoadAttributes (711ms)
			ProcessInitializeOnLoadMethodAttributes (54ms)
			AfterProcessingInitializeOnLoad (1ms)
			EditorAssembliesLoaded (0ms)
		ExecutionOrderSort2 (0ms)
		AwakeInstancesAfterBackupRestoration (3ms)
Refreshing native plugins compatible for Editor in 2.83 ms, found 1 plugins.
Preloading 0 native plugins for Editor in 0.00 ms.
Unloading 29 Unused Serialized files (Serialized files now loaded: 0)
Unloading 6234 unused Assets / (4.1 MB). Loaded Objects now: 6864.
Memory consumption went from 141.5 MB to 137.4 MB.
Total: 20.310208 ms (FindLiveObjects: 0.337791 ms CreateObjectMapping: 0.162042 ms MarkObjects: 18.473291 ms  DeleteObjects: 1.336834 ms)

Prepare: number of updated asset objects reloaded= 0
========================================================================
Received Import Request.
  Time since last request: 416.512612 seconds.
  path: Packages/com.unity.purchasing/Runtime/Purchasing/PaymentOption/Resources/com.unity.purchasing/Brands/Webshop.png
  artifactKey: Guid(fed1ba06f53f4dab991477d48e1d670a) Importer(815301076,1909f56bfc062723c751e8b465ee728b)
Start importing Packages/com.unity.purchasing/Runtime/Purchasing/PaymentOption/Resources/com.unity.purchasing/Brands/Webshop.png using Guid(fed1ba06f53f4dab991477d48e1d670a) Importer(815301076,1909f56bfc062723c751e8b465ee728b) (PreviewImporter)[Licensing::Client] Successfully resolved entitlement details
[Licensing::Client] Successfully resolved entitlement details
 -> (artifact id: '276f16bc0e66115bcd8b81b73eb407b1') in 0.053405833 seconds
Number of updated asset objects reloaded before import = 0Number of asset objects unloaded after import = 3

========================================================================
Received Import Request.
  Time since last request: 82.601150 seconds.
  path: Assets/Resources/Fonts/Exo-Medium SDF.asset
  artifactKey: Guid(5412cd2e211ce4f95864806f046e3ae4) Importer(815301076,1909f56bfc062723c751e8b465ee728b)
Start importing Assets/Resources/Fonts/Exo-Medium SDF.asset using Guid(5412cd2e211ce4f95864806f046e3ae4) Importer(815301076,1909f56bfc062723c751e8b465ee728b) (PreviewImporter) -> (artifact id: 'fc26b928c984ac8c826a56afff657c92') in 0.063012167 seconds
Number of updated asset objects reloaded before import = 0Number of asset objects unloaded after import = 6

========================================================================
Received Prepare
[Licensing::Client] Successfully resolved entitlement details
Folder 'Packages/com.unity.purchasing/Runtime/Apple/' contains multiple assembly definition files (Packages/com.unity.purchasing/Runtime/Apple/UnityEngine.Purchasing.Apple.asmdef)
Folder 'Packages/com.unity.purchasing/Runtime/Apple/' contains multiple assembly definition files (Packages/com.unity.purchasing/Runtime/Apple/Unity.Purchasing.Apple.asmdef)
Folder 'Packages/com.unity.purchasing/Runtime/SecurityStub/' contains multiple assembly definition files (Packages/com.unity.purchasing/Runtime/SecurityStub/UnityEngine.Purchasing.SecurityStub.asmdef)
Folder 'Packages/com.unity.purchasing/Runtime/SecurityStub/' contains multiple assembly definition files (Packages/com.unity.purchasing/Runtime/SecurityStub/Unity.Purchasing.SecurityStub.asmdef)
Folder 'Packages/com.unity.purchasing/Runtime/Security/' contains multiple assembly definition files (Packages/com.unity.purchasing/Runtime/Security/Unity.Purchasing.Security.asmdef)
Folder 'Packages/com.unity.purchasing/Runtime/Security/' contains multiple assembly definition files (Packages/com.unity.purchasing/Runtime/Security/UnityEngine.Purchasing.Security.asmdef)
Folder 'Packages/com.unity.purchasing/Runtime/Stores/' contains multiple assembly definition files (Packages/com.unity.purchasing/Runtime/Stores/UnityEngine.Purchasing.Stores.asmdef)
Folder 'Packages/com.unity.purchasing/Runtime/Stores/' contains multiple assembly definition files (Packages/com.unity.purchasing/Runtime/Stores/Unity.Purchasing.Stores.asmdef)
Folder 'Packages/com.unity.purchasing/Runtime/SecurityCore/' contains multiple assembly definition files (Packages/com.unity.purchasing/Runtime/SecurityCore/Unity.Purchasing.SecurityCore.asmdef)
Folder 'Packages/com.unity.purchasing/Runtime/SecurityCore/' contains multiple assembly definition files (Packages/com.unity.purchasing/Runtime/SecurityCore/UnityEngine.Purchasing.SecurityCore.asmdef)
Folder 'Packages/com.unity.purchasing/Runtime/Purchasing/' contains multiple assembly definition files (Packages/com.unity.purchasing/Runtime/Purchasing/UnityEngine.Purchasing.asmdef)
Folder 'Packages/com.unity.purchasing/Runtime/Purchasing/' contains multiple assembly definition files (Packages/com.unity.purchasing/Runtime/Purchasing/Unity.Purchasing.asmdef)
Folder 'Packages/com.unity.purchasing/Runtime/AppleMacosStub/' contains multiple assembly definition files (Packages/com.unity.purchasing/Runtime/AppleMacosStub/UnityEngine.Purchasing.AppleMacosStub.asmdef)
Folder 'Packages/com.unity.purchasing/Runtime/AppleMacosStub/' contains multiple assembly definition files (Packages/com.unity.purchasing/Runtime/AppleMacosStub/Unity.Purchasing.AppleMacosStub.asmdef)
Folder 'Packages/com.unity.purchasing/Runtime/AppleStub/' contains multiple assembly definition files (Packages/com.unity.purchasing/Runtime/AppleStub/Unity.Purchasing.AppleStub.asmdef)
Folder 'Packages/com.unity.purchasing/Runtime/AppleStub/' contains multiple assembly definition files (Packages/com.unity.purchasing/Runtime/AppleStub/UnityEngine.Purchasing.AppleStub.asmdef)
Folder 'Packages/com.unity.purchasing/Runtime/AppleMacos/' contains multiple assembly definition files (Packages/com.unity.purchasing/Runtime/AppleMacos/UnityEngine.Purchasing.AppleMacos.asmdef)
Folder 'Packages/com.unity.purchasing/Runtime/AppleMacos/' contains multiple assembly definition files (Packages/com.unity.purchasing/Runtime/AppleMacos/Unity.Purchasing.AppleMacos.asmdef)
Folder 'Packages/com.unity.purchasing/Runtime/Codeless/' contains multiple assembly definition files (Packages/com.unity.purchasing/Runtime/Codeless/Unity.Purchasing.Codeless.asmdef)
Folder 'Packages/com.unity.purchasing/Runtime/Codeless/' contains multiple assembly definition files (Packages/com.unity.purchasing/Runtime/Codeless/UnityEngine.Purchasing.Codeless.asmdef)
ArgumentException: An item with the same key has already been added. Key: 400f2260dd8d285419d1db99999109aa
  at System.Collections.Generic.Dictionary`2[TKey,TValue].TryInsert (TKey key, TValue value, System.Collections.Generic.InsertionBehavior behavior) [0x0015a] in <c5eeda5e65d44b388e164c6c5cfe0702>:0 
  at System.Collections.Generic.Dictionary`2[TKey,TValue].Add (TKey key, TValue value) [0x00000] in <c5eeda5e65d44b388e164c6c5cfe0702>:0 
  at System.Linq.Enumerable.ToDictionary[TSource,TKey,TElement] (TSource[] source, System.Func`2[T,TResult] keySelector, System.Func`2[T,TResult] elementSelector, System.Collections.Generic.IEqualityComparer`1[T] comparer) [0x00029] in <8203c5af529241e2a5cc4b3c5a3dc69a>:0 
  at System.Linq.Enumerable.ToDictionary[TSource,TKey,TElement] (System.Collections.Generic.IEnumerable`1[T] source, System.Func`2[T,TResult] keySelector, System.Func`2[T,TResult] elementSelector, System.Collections.Generic.IEqualityComparer`1[T] comparer) [0x00051] in <8203c5af529241e2a5cc4b3c5a3dc69a>:0 
  at System.Linq.Enumerable.ToDictionary[TSource,TKey,TElement] (System.Collections.Generic.IEnumerable`1[T] source, System.Func`2[T,TResult] keySelector, System.Func`2[T,TResult] elementSelector) [0x00000] in <8203c5af529241e2a5cc4b3c5a3dc69a>:0 
  at UnityEditor.Scripting.ScriptCompilation.AssemblyGraphBuilder.Initialize (System.Collections.Generic.IReadOnlyCollection`1[T] assemblies, System.Collections.Generic.IReadOnlyCollection`1[T] customScriptAssemblyReferences) [0x00046] in /Users/bokken/build/output/unity/unity/Editor/Mono/Scripting/ScriptCompilation/AssemblyGraphBuilder.cs:85 
  at UnityEditor.Scripting.ScriptCompilation.AssemblyGraphBuilderFactory.GetOrCreate (System.String projectPath, System.Collections.Generic.IReadOnlyCollection`1[T] assemblies, System.Collections.Generic.IReadOnlyCollection`1[T] customScriptAssemblyReferences) [0x00038] in /Users/bokken/build/output/unity/unity/Editor/Mono/Scripting/ScriptCompilation/AssemblyGraphBuilderFactory.cs:54 
  at UnityEditor.Scripting.ScriptCompilation.EditorCompilation.GetAssemblyGraphBuilder () [0x00001] in /Users/bokken/build/output/unity/unity/Editor/Mono/Scripting/ScriptCompilation/EditorCompilation.cs:170 
  at UnityEditor.Scripting.ScriptCompilation.EditorCompilation.SetAllScripts (System.String[] allScripts) [0x0000d] in /Users/bokken/build/output/unity/unity/Editor/Mono/Scripting/ScriptCompilation/EditorCompilation.cs:178 
  at UnityEditor.Scripting.ScriptCompilation.EditorCompilationInterface.SetAllScripts (System.String[] allScripts) [0x00001] in /Users/bokken/build/output/unity/unity/Editor/Mono/Scripting/ScriptCompilation/EditorCompilationInterface.cs:79 

(Filename: /Users/bokken/build/output/unity/unity/Editor/Mono/Scripting/ScriptCompilation/AssemblyGraphBuilder.cs Line: 85)

Folder 'Packages/com.unity.purchasing/Runtime/Apple/' contains multiple assembly definition files (Packages/com.unity.purchasing/Runtime/Apple/UnityEngine.Purchasing.Apple.asmdef)
Folder 'Packages/com.unity.purchasing/Runtime/Apple/' contains multiple assembly definition files (Packages/com.unity.purchasing/Runtime/Apple/Unity.Purchasing.Apple.asmdef)
Folder 'Packages/com.unity.purchasing/Runtime/SecurityStub/' contains multiple assembly definition files (Packages/com.unity.purchasing/Runtime/SecurityStub/UnityEngine.Purchasing.SecurityStub.asmdef)
Folder 'Packages/com.unity.purchasing/Runtime/SecurityStub/' contains multiple assembly definition files (Packages/com.unity.purchasing/Runtime/SecurityStub/Unity.Purchasing.SecurityStub.asmdef)
Folder 'Packages/com.unity.purchasing/Runtime/Security/' contains multiple assembly definition files (Packages/com.unity.purchasing/Runtime/Security/Unity.Purchasing.Security.asmdef)
Folder 'Packages/com.unity.purchasing/Runtime/Security/' contains multiple assembly definition files (Packages/com.unity.purchasing/Runtime/Security/UnityEngine.Purchasing.Security.asmdef)
Folder 'Packages/com.unity.purchasing/Runtime/Stores/' contains multiple assembly definition files (Packages/com.unity.purchasing/Runtime/Stores/UnityEngine.Purchasing.Stores.asmdef)
Folder 'Packages/com.unity.purchasing/Runtime/Stores/' contains multiple assembly definition files (Packages/com.unity.purchasing/Runtime/Stores/Unity.Purchasing.Stores.asmdef)
Folder 'Packages/com.unity.purchasing/Runtime/SecurityCore/' contains multiple assembly definition files (Packages/com.unity.purchasing/Runtime/SecurityCore/Unity.Purchasing.SecurityCore.asmdef)
Folder 'Packages/com.unity.purchasing/Runtime/SecurityCore/' contains multiple assembly definition files (Packages/com.unity.purchasing/Runtime/SecurityCore/UnityEngine.Purchasing.SecurityCore.asmdef)
Folder 'Packages/com.unity.purchasing/Runtime/Purchasing/' contains multiple assembly definition files (Packages/com.unity.purchasing/Runtime/Purchasing/UnityEngine.Purchasing.asmdef)
Folder 'Packages/com.unity.purchasing/Runtime/Purchasing/' contains multiple assembly definition files (Packages/com.unity.purchasing/Runtime/Purchasing/Unity.Purchasing.asmdef)
Folder 'Packages/com.unity.purchasing/Runtime/AppleMacosStub/' contains multiple assembly definition files (Packages/com.unity.purchasing/Runtime/AppleMacosStub/UnityEngine.Purchasing.AppleMacosStub.asmdef)
Folder 'Packages/com.unity.purchasing/Runtime/AppleMacosStub/' contains multiple assembly definition files (Packages/com.unity.purchasing/Runtime/AppleMacosStub/Unity.Purchasing.AppleMacosStub.asmdef)
Folder 'Packages/com.unity.purchasing/Runtime/AppleStub/' contains multiple assembly definition files (Packages/com.unity.purchasing/Runtime/AppleStub/Unity.Purchasing.AppleStub.asmdef)
Folder 'Packages/com.unity.purchasing/Runtime/AppleStub/' contains multiple assembly definition files (Packages/com.unity.purchasing/Runtime/AppleStub/UnityEngine.Purchasing.AppleStub.asmdef)
Folder 'Packages/com.unity.purchasing/Runtime/AppleMacos/' contains multiple assembly definition files (Packages/com.unity.purchasing/Runtime/AppleMacos/UnityEngine.Purchasing.AppleMacos.asmdef)
Folder 'Packages/com.unity.purchasing/Runtime/AppleMacos/' contains multiple assembly definition files (Packages/com.unity.purchasing/Runtime/AppleMacos/Unity.Purchasing.AppleMacos.asmdef)
Folder 'Packages/com.unity.purchasing/Runtime/Codeless/' contains multiple assembly definition files (Packages/com.unity.purchasing/Runtime/Codeless/Unity.Purchasing.Codeless.asmdef)
Folder 'Packages/com.unity.purchasing/Runtime/Codeless/' contains multiple assembly definition files (Packages/com.unity.purchasing/Runtime/Codeless/UnityEngine.Purchasing.Codeless.asmdef)
ArgumentException: An item with the same key has already been added. Key: 400f2260dd8d285419d1db99999109aa
  at System.Collections.Generic.Dictionary`2[TKey,TValue].TryInsert (TKey key, TValue value, System.Collections.Generic.InsertionBehavior behavior) [0x0015a] in <c5eeda5e65d44b388e164c6c5cfe0702>:0 
  at System.Collections.Generic.Dictionary`2[TKey,TValue].Add (TKey key, TValue value) [0x00000] in <c5eeda5e65d44b388e164c6c5cfe0702>:0 
  at System.Linq.Enumerable.ToDictionary[TSource,TKey,TElement] (TSource[] source, System.Func`2[T,TResult] keySelector, System.Func`2[T,TResult] elementSelector, System.Collections.Generic.IEqualityComparer`1[T] comparer) [0x00029] in <8203c5af529241e2a5cc4b3c5a3dc69a>:0 
  at System.Linq.Enumerable.ToDictionary[TSource,TKey,TElement] (System.Collections.Generic.IEnumerable`1[T] source, System.Func`2[T,TResult] keySelector, System.Func`2[T,TResult] elementSelector, System.Collections.Generic.IEqualityComparer`1[T] comparer) [0x00051] in <8203c5af529241e2a5cc4b3c5a3dc69a>:0 
  at System.Linq.Enumerable.ToDictionary[TSource,TKey,TElement] (System.Collections.Generic.IEnumerable`1[T] source, System.Func`2[T,TResult] keySelector, System.Func`2[T,TResult] elementSelector) [0x00000] in <8203c5af529241e2a5cc4b3c5a3dc69a>:0 
  at UnityEditor.Scripting.ScriptCompilation.AssemblyGraphBuilder.Initialize (System.Collections.Generic.IReadOnlyCollection`1[T] assemblies, System.Collections.Generic.IReadOnlyCollection`1[T] customScriptAssemblyReferences) [0x00046] in /Users/bokken/build/output/unity/unity/Editor/Mono/Scripting/ScriptCompilation/AssemblyGraphBuilder.cs:85 
  at UnityEditor.Scripting.ScriptCompilation.AssemblyGraphBuilderFactory.GetOrCreate (System.String projectPath, System.Collections.Generic.IReadOnlyCollection`1[T] assemblies, System.Collections.Generic.IReadOnlyCollection`1[T] customScriptAssemblyReferences) [0x00038] in /Users/bokken/build/output/unity/unity/Editor/Mono/Scripting/ScriptCompilation/AssemblyGraphBuilderFactory.cs:54 
  at UnityEditor.Scripting.ScriptCompilation.EditorCompilation.GetAssemblyGraphBuilder () [0x00001] in /Users/bokken/build/output/unity/unity/Editor/Mono/Scripting/ScriptCompilation/EditorCompilation.cs:170 
  at UnityEditor.Scripting.ScriptCompilation.EditorCompilation.SetAllScripts (System.String[] allScripts) [0x0000d] in /Users/bokken/build/output/unity/unity/Editor/Mono/Scripting/ScriptCompilation/EditorCompilation.cs:178 
  at UnityEditor.Scripting.ScriptCompilation.EditorCompilationInterface.SetAllScripts (System.String[] allScripts) [0x00001] in /Users/bokken/build/output/unity/unity/Editor/Mono/Scripting/ScriptCompilation/EditorCompilationInterface.cs:79 

(Filename: /Users/bokken/build/output/unity/unity/Editor/Mono/Scripting/ScriptCompilation/AssemblyGraphBuilder.cs Line: 85)

Begin MonoManager ReloadAssembly
[Licensing::Client] Successfully resolved entitlement details
Thread 0x16b977000 may have been prematurely finalized
Symbol file LoadedFromMemory is not a mono symbol file
- Loaded All Assemblies, in  0.473 seconds
Folder 'Packages/com.unity.purchasing/Runtime/Apple/' contains multiple assembly definition files (Packages/com.unity.purchasing/Runtime/Apple/UnityEngine.Purchasing.Apple.asmdef)
Folder 'Packages/com.unity.purchasing/Runtime/Apple/' contains multiple assembly definition files (Packages/com.unity.purchasing/Runtime/Apple/Unity.Purchasing.Apple.asmdef)
Folder 'Packages/com.unity.purchasing/Runtime/SecurityStub/' contains multiple assembly definition files (Packages/com.unity.purchasing/Runtime/SecurityStub/UnityEngine.Purchasing.SecurityStub.asmdef)
Folder 'Packages/com.unity.purchasing/Runtime/SecurityStub/' contains multiple assembly definition files (Packages/com.unity.purchasing/Runtime/SecurityStub/Unity.Purchasing.SecurityStub.asmdef)
Folder 'Packages/com.unity.purchasing/Runtime/Security/' contains multiple assembly definition files (Packages/com.unity.purchasing/Runtime/Security/Unity.Purchasing.Security.asmdef)
Folder 'Packages/com.unity.purchasing/Runtime/Security/' contains multiple assembly definition files (Packages/com.unity.purchasing/Runtime/Security/UnityEngine.Purchasing.Security.asmdef)
Folder 'Packages/com.unity.purchasing/Runtime/Stores/' contains multiple assembly definition files (Packages/com.unity.purchasing/Runtime/Stores/UnityEngine.Purchasing.Stores.asmdef)
Folder 'Packages/com.unity.purchasing/Runtime/Stores/' contains multiple assembly definition files (Packages/com.unity.purchasing/Runtime/Stores/Unity.Purchasing.Stores.asmdef)
Folder 'Packages/com.unity.purchasing/Runtime/SecurityCore/' contains multiple assembly definition files (Packages/com.unity.purchasing/Runtime/SecurityCore/Unity.Purchasing.SecurityCore.asmdef)
Folder 'Packages/com.unity.purchasing/Runtime/SecurityCore/' contains multiple assembly definition files (Packages/com.unity.purchasing/Runtime/SecurityCore/UnityEngine.Purchasing.SecurityCore.asmdef)
Folder 'Packages/com.unity.purchasing/Runtime/Purchasing/' contains multiple assembly definition files (Packages/com.unity.purchasing/Runtime/Purchasing/UnityEngine.Purchasing.asmdef)
Folder 'Packages/com.unity.purchasing/Runtime/Purchasing/' contains multiple assembly definition files (Packages/com.unity.purchasing/Runtime/Purchasing/Unity.Purchasing.asmdef)
Folder 'Packages/com.unity.purchasing/Runtime/AppleMacosStub/' contains multiple assembly definition files (Packages/com.unity.purchasing/Runtime/AppleMacosStub/UnityEngine.Purchasing.AppleMacosStub.asmdef)
Folder 'Packages/com.unity.purchasing/Runtime/AppleMacosStub/' contains multiple assembly definition files (Packages/com.unity.purchasing/Runtime/AppleMacosStub/Unity.Purchasing.AppleMacosStub.asmdef)
Folder 'Packages/com.unity.purchasing/Runtime/AppleStub/' contains multiple assembly definition files (Packages/com.unity.purchasing/Runtime/AppleStub/Unity.Purchasing.AppleStub.asmdef)
Folder 'Packages/com.unity.purchasing/Runtime/AppleStub/' contains multiple assembly definition files (Packages/com.unity.purchasing/Runtime/AppleStub/UnityEngine.Purchasing.AppleStub.asmdef)
Folder 'Packages/com.unity.purchasing/Runtime/AppleMacos/' contains multiple assembly definition files (Packages/com.unity.purchasing/Runtime/AppleMacos/UnityEngine.Purchasing.AppleMacos.asmdef)
Folder 'Packages/com.unity.purchasing/Runtime/AppleMacos/' contains multiple assembly definition files (Packages/com.unity.purchasing/Runtime/AppleMacos/Unity.Purchasing.AppleMacos.asmdef)
Folder 'Packages/com.unity.purchasing/Runtime/Codeless/' contains multiple assembly definition files (Packages/com.unity.purchasing/Runtime/Codeless/Unity.Purchasing.Codeless.asmdef)
Folder 'Packages/com.unity.purchasing/Runtime/Codeless/' contains multiple assembly definition files (Packages/com.unity.purchasing/Runtime/Codeless/UnityEngine.Purchasing.Codeless.asmdef)
ArgumentException: An item with the same key has already been added. Key: 400f2260dd8d285419d1db99999109aa
  at System.Collections.Generic.Dictionary`2[TKey,TValue].TryInsert (TKey key, TValue value, System.Collections.Generic.InsertionBehavior behavior) [0x0015a] in <c5eeda5e65d44b388e164c6c5cfe0702>:0 
  at System.Collections.Generic.Dictionary`2[TKey,TValue].Add (TKey key, TValue value) [0x00000] in <c5eeda5e65d44b388e164c6c5cfe0702>:0 
  at System.Linq.Enumerable.ToDictionary[TSource,TKey,TElement] (TSource[] source, System.Func`2[T,TResult] keySelector, System.Func`2[T,TResult] elementSelector, System.Collections.Generic.IEqualityComparer`1[T] comparer) [0x00029] in <8203c5af529241e2a5cc4b3c5a3dc69a>:0 
  at System.Linq.Enumerable.ToDictionary[TSource,TKey,TElement] (System.Collections.Generic.IEnumerable`1[T] source, System.Func`2[T,TResult] keySelector, System.Func`2[T,TResult] elementSelector, System.Collections.Generic.IEqualityComparer`1[T] comparer) [0x00051] in <8203c5af529241e2a5cc4b3c5a3dc69a>:0 
  at System.Linq.Enumerable.ToDictionary[TSource,TKey,TElement] (System.Collections.Generic.IEnumerable`1[T] source, System.Func`2[T,TResult] keySelector, System.Func`2[T,TResult] elementSelector) [0x00000] in <8203c5af529241e2a5cc4b3c5a3dc69a>:0 
  at UnityEditor.Scripting.ScriptCompilation.AssemblyGraphBuilder.Initialize (System.Collections.Generic.IReadOnlyCollection`1[T] assemblies, System.Collections.Generic.IReadOnlyCollection`1[T] customScriptAssemblyReferences) [0x00046] in /Users/bokken/build/output/unity/unity/Editor/Mono/Scripting/ScriptCompilation/AssemblyGraphBuilder.cs:85 
  at UnityEditor.Scripting.ScriptCompilation.AssemblyGraphBuilderFactory.GetOrCreate (System.String projectPath, System.Collections.Generic.IReadOnlyCollection`1[T] assemblies, System.Collections.Generic.IReadOnlyCollection`1[T] customScriptAssemblyReferences) [0x00038] in /Users/bokken/build/output/unity/unity/Editor/Mono/Scripting/ScriptCompilation/AssemblyGraphBuilderFactory.cs:54 
  at UnityEditor.Scripting.ScriptCompilation.EditorCompilation.GetAssemblyGraphBuilder () [0x00001] in /Users/bokken/build/output/unity/unity/Editor/Mono/Scripting/ScriptCompilation/EditorCompilation.cs:170 
  at UnityEditor.Scripting.ScriptCompilation.EditorCompilation.SetAllScripts (System.String[] allScripts) [0x0000d] in /Users/bokken/build/output/unity/unity/Editor/Mono/Scripting/ScriptCompilation/EditorCompilation.cs:178 
  at UnityEditor.Scripting.ScriptCompilation.EditorCompilationInterface.SetAllScripts (System.String[] allScripts) [0x00001] in /Users/bokken/build/output/unity/unity/Editor/Mono/Scripting/ScriptCompilation/EditorCompilationInterface.cs:79 

(Filename: /Users/bokken/build/output/unity/unity/Editor/Mono/Scripting/ScriptCompilation/AssemblyGraphBuilder.cs Line: 85)

Refreshing native plugins compatible for Editor in 2.77 ms, found 1 plugins.
Native extension for iOS target not found
Native extension for Android target not found
Native extension for OSXStandalone target not found
Native extension for WebGL target not found
Folder 'Packages/com.unity.purchasing/Runtime/Apple/' contains multiple assembly definition files (Packages/com.unity.purchasing/Runtime/Apple/UnityEngine.Purchasing.Apple.asmdef)
Folder 'Packages/com.unity.purchasing/Runtime/Apple/' contains multiple assembly definition files (Packages/com.unity.purchasing/Runtime/Apple/Unity.Purchasing.Apple.asmdef)
Folder 'Packages/com.unity.purchasing/Runtime/SecurityStub/' contains multiple assembly definition files (Packages/com.unity.purchasing/Runtime/SecurityStub/UnityEngine.Purchasing.SecurityStub.asmdef)
Folder 'Packages/com.unity.purchasing/Runtime/SecurityStub/' contains multiple assembly definition files (Packages/com.unity.purchasing/Runtime/SecurityStub/Unity.Purchasing.SecurityStub.asmdef)
Folder 'Packages/com.unity.purchasing/Runtime/Security/' contains multiple assembly definition files (Packages/com.unity.purchasing/Runtime/Security/Unity.Purchasing.Security.asmdef)
Folder 'Packages/com.unity.purchasing/Runtime/Security/' contains multiple assembly definition files (Packages/com.unity.purchasing/Runtime/Security/UnityEngine.Purchasing.Security.asmdef)
Folder 'Packages/com.unity.purchasing/Runtime/Stores/' contains multiple assembly definition files (Packages/com.unity.purchasing/Runtime/Stores/UnityEngine.Purchasing.Stores.asmdef)
Folder 'Packages/com.unity.purchasing/Runtime/Stores/' contains multiple assembly definition files (Packages/com.unity.purchasing/Runtime/Stores/Unity.Purchasing.Stores.asmdef)
Folder 'Packages/com.unity.purchasing/Runtime/SecurityCore/' contains multiple assembly definition files (Packages/com.unity.purchasing/Runtime/SecurityCore/Unity.Purchasing.SecurityCore.asmdef)
Folder 'Packages/com.unity.purchasing/Runtime/SecurityCore/' contains multiple assembly definition files (Packages/com.unity.purchasing/Runtime/SecurityCore/UnityEngine.Purchasing.SecurityCore.asmdef)
Folder 'Packages/com.unity.purchasing/Runtime/Purchasing/' contains multiple assembly definition files (Packages/com.unity.purchasing/Runtime/Purchasing/UnityEngine.Purchasing.asmdef)
Folder 'Packages/com.unity.purchasing/Runtime/Purchasing/' contains multiple assembly definition files (Packages/com.unity.purchasing/Runtime/Purchasing/Unity.Purchasing.asmdef)
Folder 'Packages/com.unity.purchasing/Runtime/AppleMacosStub/' contains multiple assembly definition files (Packages/com.unity.purchasing/Runtime/AppleMacosStub/UnityEngine.Purchasing.AppleMacosStub.asmdef)
Folder 'Packages/com.unity.purchasing/Runtime/AppleMacosStub/' contains multiple assembly definition files (Packages/com.unity.purchasing/Runtime/AppleMacosStub/Unity.Purchasing.AppleMacosStub.asmdef)
Folder 'Packages/com.unity.purchasing/Runtime/AppleStub/' contains multiple assembly definition files (Packages/com.unity.purchasing/Runtime/AppleStub/Unity.Purchasing.AppleStub.asmdef)
Folder 'Packages/com.unity.purchasing/Runtime/AppleStub/' contains multiple assembly definition files (Packages/com.unity.purchasing/Runtime/AppleStub/UnityEngine.Purchasing.AppleStub.asmdef)
Folder 'Packages/com.unity.purchasing/Runtime/AppleMacos/' contains multiple assembly definition files (Packages/com.unity.purchasing/Runtime/AppleMacos/UnityEngine.Purchasing.AppleMacos.asmdef)
Folder 'Packages/com.unity.purchasing/Runtime/AppleMacos/' contains multiple assembly definition files (Packages/com.unity.purchasing/Runtime/AppleMacos/Unity.Purchasing.AppleMacos.asmdef)
Folder 'Packages/com.unity.purchasing/Runtime/Codeless/' contains multiple assembly definition files (Packages/com.unity.purchasing/Runtime/Codeless/Unity.Purchasing.Codeless.asmdef)
Folder 'Packages/com.unity.purchasing/Runtime/Codeless/' contains multiple assembly definition files (Packages/com.unity.purchasing/Runtime/Codeless/UnityEngine.Purchasing.Codeless.asmdef)
ArgumentException: An item with the same key has already been added. Key: 400f2260dd8d285419d1db99999109aa
  at System.Collections.Generic.Dictionary`2[TKey,TValue].TryInsert (TKey key, TValue value, System.Collections.Generic.InsertionBehavior behavior) [0x0015a] in <c5eeda5e65d44b388e164c6c5cfe0702>:0 
  at System.Collections.Generic.Dictionary`2[TKey,TValue].Add (TKey key, TValue value) [0x00000] in <c5eeda5e65d44b388e164c6c5cfe0702>:0 
  at System.Linq.Enumerable.ToDictionary[TSource,TKey,TElement] (TSource[] source, System.Func`2[T,TResult] keySelector, System.Func`2[T,TResult] elementSelector, System.Collections.Generic.IEqualityComparer`1[T] comparer) [0x00029] in <8203c5af529241e2a5cc4b3c5a3dc69a>:0 
  at System.Linq.Enumerable.ToDictionary[TSource,TKey,TElement] (System.Collections.Generic.IEnumerable`1[T] source, System.Func`2[T,TResult] keySelector, System.Func`2[T,TResult] elementSelector, System.Collections.Generic.IEqualityComparer`1[T] comparer) [0x00051] in <8203c5af529241e2a5cc4b3c5a3dc69a>:0 
  at System.Linq.Enumerable.ToDictionary[TSource,TKey,TElement] (System.Collections.Generic.IEnumerable`1[T] source, System.Func`2[T,TResult] keySelector, System.Func`2[T,TResult] elementSelector) [0x00000] in <8203c5af529241e2a5cc4b3c5a3dc69a>:0 
  at UnityEditor.Scripting.ScriptCompilation.AssemblyGraphBuilder.Initialize (System.Collections.Generic.IReadOnlyCollection`1[T] assemblies, System.Collections.Generic.IReadOnlyCollection`1[T] customScriptAssemblyReferences) [0x00046] in /Users/bokken/build/output/unity/unity/Editor/Mono/Scripting/ScriptCompilation/AssemblyGraphBuilder.cs:85 
  at UnityEditor.Scripting.ScriptCompilation.AssemblyGraphBuilderFactory.GetOrCreate (System.String projectPath, System.Collections.Generic.IReadOnlyCollection`1[T] assemblies, System.Collections.Generic.IReadOnlyCollection`1[T] customScriptAssemblyReferences) [0x00038] in /Users/bokken/build/output/unity/unity/Editor/Mono/Scripting/ScriptCompilation/AssemblyGraphBuilderFactory.cs:54 
  at UnityEditor.Scripting.ScriptCompilation.EditorCompilation.GetAssemblyGraphBuilder () [0x00001] in /Users/bokken/build/output/unity/unity/Editor/Mono/Scripting/ScriptCompilation/EditorCompilation.cs:170 
  at UnityEditor.Scripting.ScriptCompilation.EditorCompilation.SetAllScripts (System.String[] allScripts) [0x0000d] in /Users/bokken/build/output/unity/unity/Editor/Mono/Scripting/ScriptCompilation/EditorCompilation.cs:178 
  at UnityEditor.Scripting.ScriptCompilation.EditorCompilationInterface.SetAllScripts (System.String[] allScripts) [0x00001] in /Users/bokken/build/output/unity/unity/Editor/Mono/Scripting/ScriptCompilation/EditorCompilationInterface.cs:79 

(Filename: /Users/bokken/build/output/unity/unity/Editor/Mono/Scripting/ScriptCompilation/AssemblyGraphBuilder.cs Line: 85)

Refreshing native plugins compatible for Editor in 3.45 ms, found 1 plugins.
[Package Manager] Failed to launch server process. Reason: Unity was launched with the -noUpm command-line argument
[Package Manager] Unable to send message (not connected to server process).
[Package Manager] Cannot connect to Unity Package Manager local server
ScheduleIndexationOnStartup MainProcess:False IndexOnStartup:True
Mono: successfully reloaded assembly
- Finished resetting the current domain, in  0.954 seconds
Domain Reload Profiling: 1429ms
	BeginReloadAssembly (109ms)
		ExecutionOrderSort (0ms)
		DisableScriptedObjects (4ms)
		BackupInstance (0ms)
		ReleaseScriptingObjects (0ms)
		CreateAndSetChildDomain (37ms)
	RebuildCommonClasses (26ms)
	RebuildNativeTypeToScriptingClass (10ms)
	initialDomainReloadingComplete (15ms)
	LoadAllAssembliesAndSetupDomain (315ms)
		LoadAssemblies (221ms)
		RebuildTransferFunctionScriptingTraits (0ms)
		AnalyzeDomain (125ms)
			TypeCache.Refresh (7ms)
				TypeCache.ScanAssembly (0ms)
			BuildScriptInfoCaches (112ms)
			ResolveRequiredComponents (3ms)
	FinalizeReload (954ms)
		ReleaseScriptCaches (0ms)
		RebuildScriptCaches (0ms)
		SetupLoadedEditorAssemblies (859ms)
			LogAssemblyErrors (0ms)
			InitializePlatformSupportModulesInManaged (14ms)
			SetLoadedEditorAssemblies (4ms)
			BeforeProcessingInitializeOnLoad (105ms)
			ProcessInitializeOnLoadAttributes (679ms)
			ProcessInitializeOnLoadMethodAttributes (55ms)
			AfterProcessingInitializeOnLoad (1ms)
			EditorAssembliesLoaded (0ms)
		ExecutionOrderSort2 (0ms)
		AwakeInstancesAfterBackupRestoration (3ms)
Refreshing native plugins compatible for Editor in 3.87 ms, found 1 plugins.
Preloading 0 native plugins for Editor in 0.00 ms.
Unloading 29 Unused Serialized files (Serialized files now loaded: 0)
Unloading 6234 unused Assets / (4.7 MB). Loaded Objects now: 6917.
Memory consumption went from 142.3 MB to 137.6 MB.
Total: 21.938583 ms (FindLiveObjects: 0.327584 ms CreateObjectMapping: 0.217125 ms MarkObjects: 19.787709 ms  DeleteObjects: 1.605625 ms)

Prepare: number of updated asset objects reloaded= 0
========================================================================
Received Prepare
Refreshing native plugins compatible for Editor in 2.93 ms, found 1 plugins.
Preloading 0 native plugins for Editor in 0.00 ms.
Unloading 29 Unused Serialized files (Serialized files now loaded: 0)
Unloading 6162 unused Assets / (3.1 MB). Loaded Objects now: 6917.
Memory consumption went from 124.8 MB to 121.7 MB.
Total: 21.045250 ms (FindLiveObjects: 0.362125 ms CreateObjectMapping: 0.164666 ms MarkObjects: 19.163500 ms  DeleteObjects: 1.354000 ms)

Prepare: number of updated asset objects reloaded= 0
========================================================================
Received Prepare
[Licensing::Client] Successfully resolved entitlement details
Folder 'Packages/com.unity.purchasing/Runtime/Apple/' contains multiple assembly definition files (Packages/com.unity.purchasing/Runtime/Apple/UnityEngine.Purchasing.Apple.asmdef)
Folder 'Packages/com.unity.purchasing/Runtime/Apple/' contains multiple assembly definition files (Packages/com.unity.purchasing/Runtime/Apple/Unity.Purchasing.Apple.asmdef)
Folder 'Packages/com.unity.purchasing/Runtime/SecurityStub/' contains multiple assembly definition files (Packages/com.unity.purchasing/Runtime/SecurityStub/UnityEngine.Purchasing.SecurityStub.asmdef)
Folder 'Packages/com.unity.purchasing/Runtime/SecurityStub/' contains multiple assembly definition files (Packages/com.unity.purchasing/Runtime/SecurityStub/Unity.Purchasing.SecurityStub.asmdef)
Folder 'Packages/com.unity.purchasing/Runtime/Security/' contains multiple assembly definition files (Packages/com.unity.purchasing/Runtime/Security/Unity.Purchasing.Security.asmdef)
Folder 'Packages/com.unity.purchasing/Runtime/Security/' contains multiple assembly definition files (Packages/com.unity.purchasing/Runtime/Security/UnityEngine.Purchasing.Security.asmdef)
Folder 'Packages/com.unity.purchasing/Runtime/Stores/' contains multiple assembly definition files (Packages/com.unity.purchasing/Runtime/Stores/UnityEngine.Purchasing.Stores.asmdef)
Folder 'Packages/com.unity.purchasing/Runtime/Stores/' contains multiple assembly definition files (Packages/com.unity.purchasing/Runtime/Stores/Unity.Purchasing.Stores.asmdef)
Folder 'Packages/com.unity.purchasing/Runtime/SecurityCore/' contains multiple assembly definition files (Packages/com.unity.purchasing/Runtime/SecurityCore/Unity.Purchasing.SecurityCore.asmdef)
Folder 'Packages/com.unity.purchasing/Runtime/SecurityCore/' contains multiple assembly definition files (Packages/com.unity.purchasing/Runtime/SecurityCore/UnityEngine.Purchasing.SecurityCore.asmdef)
Folder 'Packages/com.unity.purchasing/Runtime/Purchasing/' contains multiple assembly definition files (Packages/com.unity.purchasing/Runtime/Purchasing/UnityEngine.Purchasing.asmdef)
Folder 'Packages/com.unity.purchasing/Runtime/Purchasing/' contains multiple assembly definition files (Packages/com.unity.purchasing/Runtime/Purchasing/Unity.Purchasing.asmdef)
Folder 'Packages/com.unity.purchasing/Runtime/AppleMacosStub/' contains multiple assembly definition files (Packages/com.unity.purchasing/Runtime/AppleMacosStub/UnityEngine.Purchasing.AppleMacosStub.asmdef)
Folder 'Packages/com.unity.purchasing/Runtime/AppleMacosStub/' contains multiple assembly definition files (Packages/com.unity.purchasing/Runtime/AppleMacosStub/Unity.Purchasing.AppleMacosStub.asmdef)
Folder 'Packages/com.unity.purchasing/Runtime/AppleStub/' contains multiple assembly definition files (Packages/com.unity.purchasing/Runtime/AppleStub/Unity.Purchasing.AppleStub.asmdef)
Folder 'Packages/com.unity.purchasing/Runtime/AppleStub/' contains multiple assembly definition files (Packages/com.unity.purchasing/Runtime/AppleStub/UnityEngine.Purchasing.AppleStub.asmdef)
Folder 'Packages/com.unity.purchasing/Runtime/AppleMacos/' contains multiple assembly definition files (Packages/com.unity.purchasing/Runtime/AppleMacos/UnityEngine.Purchasing.AppleMacos.asmdef)
Folder 'Packages/com.unity.purchasing/Runtime/AppleMacos/' contains multiple assembly definition files (Packages/com.unity.purchasing/Runtime/AppleMacos/Unity.Purchasing.AppleMacos.asmdef)
Folder 'Packages/com.unity.purchasing/Runtime/Codeless/' contains multiple assembly definition files (Packages/com.unity.purchasing/Runtime/Codeless/Unity.Purchasing.Codeless.asmdef)
Folder 'Packages/com.unity.purchasing/Runtime/Codeless/' contains multiple assembly definition files (Packages/com.unity.purchasing/Runtime/Codeless/UnityEngine.Purchasing.Codeless.asmdef)
ArgumentException: An item with the same key has already been added. Key: 400f2260dd8d285419d1db99999109aa
  at System.Collections.Generic.Dictionary`2[TKey,TValue].TryInsert (TKey key, TValue value, System.Collections.Generic.InsertionBehavior behavior) [0x0015a] in <c5eeda5e65d44b388e164c6c5cfe0702>:0 
  at System.Collections.Generic.Dictionary`2[TKey,TValue].Add (TKey key, TValue value) [0x00000] in <c5eeda5e65d44b388e164c6c5cfe0702>:0 
  at System.Linq.Enumerable.ToDictionary[TSource,TKey,TElement] (TSource[] source, System.Func`2[T,TResult] keySelector, System.Func`2[T,TResult] elementSelector, System.Collections.Generic.IEqualityComparer`1[T] comparer) [0x00029] in <8203c5af529241e2a5cc4b3c5a3dc69a>:0 
  at System.Linq.Enumerable.ToDictionary[TSource,TKey,TElement] (System.Collections.Generic.IEnumerable`1[T] source, System.Func`2[T,TResult] keySelector, System.Func`2[T,TResult] elementSelector, System.Collections.Generic.IEqualityComparer`1[T] comparer) [0x00051] in <8203c5af529241e2a5cc4b3c5a3dc69a>:0 
  at System.Linq.Enumerable.ToDictionary[TSource,TKey,TElement] (System.Collections.Generic.IEnumerable`1[T] source, System.Func`2[T,TResult] keySelector, System.Func`2[T,TResult] elementSelector) [0x00000] in <8203c5af529241e2a5cc4b3c5a3dc69a>:0 
  at UnityEditor.Scripting.ScriptCompilation.AssemblyGraphBuilder.Initialize (System.Collections.Generic.IReadOnlyCollection`1[T] assemblies, System.Collections.Generic.IReadOnlyCollection`1[T] customScriptAssemblyReferences) [0x00046] in /Users/bokken/build/output/unity/unity/Editor/Mono/Scripting/ScriptCompilation/AssemblyGraphBuilder.cs:85 
  at UnityEditor.Scripting.ScriptCompilation.AssemblyGraphBuilderFactory.GetOrCreate (System.String projectPath, System.Collections.Generic.IReadOnlyCollection`1[T] assemblies, System.Collections.Generic.IReadOnlyCollection`1[T] customScriptAssemblyReferences) [0x00038] in /Users/bokken/build/output/unity/unity/Editor/Mono/Scripting/ScriptCompilation/AssemblyGraphBuilderFactory.cs:54 
  at UnityEditor.Scripting.ScriptCompilation.EditorCompilation.GetAssemblyGraphBuilder () [0x00001] in /Users/bokken/build/output/unity/unity/Editor/Mono/Scripting/ScriptCompilation/EditorCompilation.cs:170 
  at UnityEditor.Scripting.ScriptCompilation.EditorCompilation.SetAllScripts (System.String[] allScripts) [0x0000d] in /Users/bokken/build/output/unity/unity/Editor/Mono/Scripting/ScriptCompilation/EditorCompilation.cs:178 
  at UnityEditor.Scripting.ScriptCompilation.EditorCompilationInterface.SetAllScripts (System.String[] allScripts) [0x00001] in /Users/bokken/build/output/unity/unity/Editor/Mono/Scripting/ScriptCompilation/EditorCompilationInterface.cs:79 

(Filename: /Users/bokken/build/output/unity/unity/Editor/Mono/Scripting/ScriptCompilation/AssemblyGraphBuilder.cs Line: 85)

Folder 'Packages/com.unity.purchasing/Runtime/Apple/' contains multiple assembly definition files (Packages/com.unity.purchasing/Runtime/Apple/UnityEngine.Purchasing.Apple.asmdef)
Folder 'Packages/com.unity.purchasing/Runtime/Apple/' contains multiple assembly definition files (Packages/com.unity.purchasing/Runtime/Apple/Unity.Purchasing.Apple.asmdef)
Folder 'Packages/com.unity.purchasing/Runtime/SecurityStub/' contains multiple assembly definition files (Packages/com.unity.purchasing/Runtime/SecurityStub/UnityEngine.Purchasing.SecurityStub.asmdef)
Folder 'Packages/com.unity.purchasing/Runtime/SecurityStub/' contains multiple assembly definition files (Packages/com.unity.purchasing/Runtime/SecurityStub/Unity.Purchasing.SecurityStub.asmdef)
Folder 'Packages/com.unity.purchasing/Runtime/Security/' contains multiple assembly definition files (Packages/com.unity.purchasing/Runtime/Security/Unity.Purchasing.Security.asmdef)
Folder 'Packages/com.unity.purchasing/Runtime/Security/' contains multiple assembly definition files (Packages/com.unity.purchasing/Runtime/Security/UnityEngine.Purchasing.Security.asmdef)
Folder 'Packages/com.unity.purchasing/Runtime/Stores/' contains multiple assembly definition files (Packages/com.unity.purchasing/Runtime/Stores/UnityEngine.Purchasing.Stores.asmdef)
Folder 'Packages/com.unity.purchasing/Runtime/Stores/' contains multiple assembly definition files (Packages/com.unity.purchasing/Runtime/Stores/Unity.Purchasing.Stores.asmdef)
Folder 'Packages/com.unity.purchasing/Runtime/SecurityCore/' contains multiple assembly definition files (Packages/com.unity.purchasing/Runtime/SecurityCore/Unity.Purchasing.SecurityCore.asmdef)
Folder 'Packages/com.unity.purchasing/Runtime/SecurityCore/' contains multiple assembly definition files (Packages/com.unity.purchasing/Runtime/SecurityCore/UnityEngine.Purchasing.SecurityCore.asmdef)
Folder 'Packages/com.unity.purchasing/Runtime/Purchasing/' contains multiple assembly definition files (Packages/com.unity.purchasing/Runtime/Purchasing/UnityEngine.Purchasing.asmdef)
Folder 'Packages/com.unity.purchasing/Runtime/Purchasing/' contains multiple assembly definition files (Packages/com.unity.purchasing/Runtime/Purchasing/Unity.Purchasing.asmdef)
Folder 'Packages/com.unity.purchasing/Runtime/AppleMacosStub/' contains multiple assembly definition files (Packages/com.unity.purchasing/Runtime/AppleMacosStub/UnityEngine.Purchasing.AppleMacosStub.asmdef)
Folder 'Packages/com.unity.purchasing/Runtime/AppleMacosStub/' contains multiple assembly definition files (Packages/com.unity.purchasing/Runtime/AppleMacosStub/Unity.Purchasing.AppleMacosStub.asmdef)
Folder 'Packages/com.unity.purchasing/Runtime/AppleStub/' contains multiple assembly definition files (Packages/com.unity.purchasing/Runtime/AppleStub/Unity.Purchasing.AppleStub.asmdef)
Folder 'Packages/com.unity.purchasing/Runtime/AppleStub/' contains multiple assembly definition files (Packages/com.unity.purchasing/Runtime/AppleStub/UnityEngine.Purchasing.AppleStub.asmdef)
Folder 'Packages/com.unity.purchasing/Runtime/AppleMacos/' contains multiple assembly definition files (Packages/com.unity.purchasing/Runtime/AppleMacos/UnityEngine.Purchasing.AppleMacos.asmdef)
Folder 'Packages/com.unity.purchasing/Runtime/AppleMacos/' contains multiple assembly definition files (Packages/com.unity.purchasing/Runtime/AppleMacos/Unity.Purchasing.AppleMacos.asmdef)
Folder 'Packages/com.unity.purchasing/Runtime/Codeless/' contains multiple assembly definition files (Packages/com.unity.purchasing/Runtime/Codeless/Unity.Purchasing.Codeless.asmdef)
Folder 'Packages/com.unity.purchasing/Runtime/Codeless/' contains multiple assembly definition files (Packages/com.unity.purchasing/Runtime/Codeless/UnityEngine.Purchasing.Codeless.asmdef)
ArgumentException: An item with the same key has already been added. Key: 400f2260dd8d285419d1db99999109aa
  at System.Collections.Generic.Dictionary`2[TKey,TValue].TryInsert (TKey key, TValue value, System.Collections.Generic.InsertionBehavior behavior) [0x0015a] in <c5eeda5e65d44b388e164c6c5cfe0702>:0 
  at System.Collections.Generic.Dictionary`2[TKey,TValue].Add (TKey key, TValue value) [0x00000] in <c5eeda5e65d44b388e164c6c5cfe0702>:0 
  at System.Linq.Enumerable.ToDictionary[TSource,TKey,TElement] (TSource[] source, System.Func`2[T,TResult] keySelector, System.Func`2[T,TResult] elementSelector, System.Collections.Generic.IEqualityComparer`1[T] comparer) [0x00029] in <8203c5af529241e2a5cc4b3c5a3dc69a>:0 
  at System.Linq.Enumerable.ToDictionary[TSource,TKey,TElement] (System.Collections.Generic.IEnumerable`1[T] source, System.Func`2[T,TResult] keySelector, System.Func`2[T,TResult] elementSelector, System.Collections.Generic.IEqualityComparer`1[T] comparer) [0x00051] in <8203c5af529241e2a5cc4b3c5a3dc69a>:0 
  at System.Linq.Enumerable.ToDictionary[TSource,TKey,TElement] (System.Collections.Generic.IEnumerable`1[T] source, System.Func`2[T,TResult] keySelector, System.Func`2[T,TResult] elementSelector) [0x00000] in <8203c5af529241e2a5cc4b3c5a3dc69a>:0 
  at UnityEditor.Scripting.ScriptCompilation.AssemblyGraphBuilder.Initialize (System.Collections.Generic.IReadOnlyCollection`1[T] assemblies, System.Collections.Generic.IReadOnlyCollection`1[T] customScriptAssemblyReferences) [0x00046] in /Users/bokken/build/output/unity/unity/Editor/Mono/Scripting/ScriptCompilation/AssemblyGraphBuilder.cs:85 
  at UnityEditor.Scripting.ScriptCompilation.AssemblyGraphBuilderFactory.GetOrCreate (System.String projectPath, System.Collections.Generic.IReadOnlyCollection`1[T] assemblies, System.Collections.Generic.IReadOnlyCollection`1[T] customScriptAssemblyReferences) [0x00038] in /Users/bokken/build/output/unity/unity/Editor/Mono/Scripting/ScriptCompilation/AssemblyGraphBuilderFactory.cs:54 
  at UnityEditor.Scripting.ScriptCompilation.EditorCompilation.GetAssemblyGraphBuilder () [0x00001] in /Users/bokken/build/output/unity/unity/Editor/Mono/Scripting/ScriptCompilation/EditorCompilation.cs:170 
  at UnityEditor.Scripting.ScriptCompilation.EditorCompilation.SetAllScripts (System.String[] allScripts) [0x0000d] in /Users/bokken/build/output/unity/unity/Editor/Mono/Scripting/ScriptCompilation/EditorCompilation.cs:178 
  at UnityEditor.Scripting.ScriptCompilation.EditorCompilationInterface.SetAllScripts (System.String[] allScripts) [0x00001] in /Users/bokken/build/output/unity/unity/Editor/Mono/Scripting/ScriptCompilation/EditorCompilationInterface.cs:79 

(Filename: /Users/bokken/build/output/unity/unity/Editor/Mono/Scripting/ScriptCompilation/AssemblyGraphBuilder.cs Line: 85)

Begin MonoManager ReloadAssembly
[Licensing::Client] Successfully resolved entitlement details
Thread 0x16b977000 may have been prematurely finalized
Symbol file LoadedFromMemory is not a mono symbol file
- Loaded All Assemblies, in  0.525 seconds
Folder 'Packages/com.unity.purchasing/Runtime/Apple/' contains multiple assembly definition files (Packages/com.unity.purchasing/Runtime/Apple/UnityEngine.Purchasing.Apple.asmdef)
Folder 'Packages/com.unity.purchasing/Runtime/Apple/' contains multiple assembly definition files (Packages/com.unity.purchasing/Runtime/Apple/Unity.Purchasing.Apple.asmdef)
Folder 'Packages/com.unity.purchasing/Runtime/SecurityStub/' contains multiple assembly definition files (Packages/com.unity.purchasing/Runtime/SecurityStub/UnityEngine.Purchasing.SecurityStub.asmdef)
Folder 'Packages/com.unity.purchasing/Runtime/SecurityStub/' contains multiple assembly definition files (Packages/com.unity.purchasing/Runtime/SecurityStub/Unity.Purchasing.SecurityStub.asmdef)
Folder 'Packages/com.unity.purchasing/Runtime/Security/' contains multiple assembly definition files (Packages/com.unity.purchasing/Runtime/Security/Unity.Purchasing.Security.asmdef)
Folder 'Packages/com.unity.purchasing/Runtime/Security/' contains multiple assembly definition files (Packages/com.unity.purchasing/Runtime/Security/UnityEngine.Purchasing.Security.asmdef)
Folder 'Packages/com.unity.purchasing/Runtime/Stores/' contains multiple assembly definition files (Packages/com.unity.purchasing/Runtime/Stores/UnityEngine.Purchasing.Stores.asmdef)
Folder 'Packages/com.unity.purchasing/Runtime/Stores/' contains multiple assembly definition files (Packages/com.unity.purchasing/Runtime/Stores/Unity.Purchasing.Stores.asmdef)
Folder 'Packages/com.unity.purchasing/Runtime/SecurityCore/' contains multiple assembly definition files (Packages/com.unity.purchasing/Runtime/SecurityCore/Unity.Purchasing.SecurityCore.asmdef)
Folder 'Packages/com.unity.purchasing/Runtime/SecurityCore/' contains multiple assembly definition files (Packages/com.unity.purchasing/Runtime/SecurityCore/UnityEngine.Purchasing.SecurityCore.asmdef)
Folder 'Packages/com.unity.purchasing/Runtime/Purchasing/' contains multiple assembly definition files (Packages/com.unity.purchasing/Runtime/Purchasing/UnityEngine.Purchasing.asmdef)
Folder 'Packages/com.unity.purchasing/Runtime/Purchasing/' contains multiple assembly definition files (Packages/com.unity.purchasing/Runtime/Purchasing/Unity.Purchasing.asmdef)
Folder 'Packages/com.unity.purchasing/Runtime/AppleMacosStub/' contains multiple assembly definition files (Packages/com.unity.purchasing/Runtime/AppleMacosStub/UnityEngine.Purchasing.AppleMacosStub.asmdef)
Folder 'Packages/com.unity.purchasing/Runtime/AppleMacosStub/' contains multiple assembly definition files (Packages/com.unity.purchasing/Runtime/AppleMacosStub/Unity.Purchasing.AppleMacosStub.asmdef)
Folder 'Packages/com.unity.purchasing/Runtime/AppleStub/' contains multiple assembly definition files (Packages/com.unity.purchasing/Runtime/AppleStub/Unity.Purchasing.AppleStub.asmdef)
Folder 'Packages/com.unity.purchasing/Runtime/AppleStub/' contains multiple assembly definition files (Packages/com.unity.purchasing/Runtime/AppleStub/UnityEngine.Purchasing.AppleStub.asmdef)
Folder 'Packages/com.unity.purchasing/Runtime/AppleMacos/' contains multiple assembly definition files (Packages/com.unity.purchasing/Runtime/AppleMacos/UnityEngine.Purchasing.AppleMacos.asmdef)
Folder 'Packages/com.unity.purchasing/Runtime/AppleMacos/' contains multiple assembly definition files (Packages/com.unity.purchasing/Runtime/AppleMacos/Unity.Purchasing.AppleMacos.asmdef)
Folder 'Packages/com.unity.purchasing/Runtime/Codeless/' contains multiple assembly definition files (Packages/com.unity.purchasing/Runtime/Codeless/Unity.Purchasing.Codeless.asmdef)
Folder 'Packages/com.unity.purchasing/Runtime/Codeless/' contains multiple assembly definition files (Packages/com.unity.purchasing/Runtime/Codeless/UnityEngine.Purchasing.Codeless.asmdef)
ArgumentException: An item with the same key has already been added. Key: 400f2260dd8d285419d1db99999109aa
  at System.Collections.Generic.Dictionary`2[TKey,TValue].TryInsert (TKey key, TValue value, System.Collections.Generic.InsertionBehavior behavior) [0x0015a] in <c5eeda5e65d44b388e164c6c5cfe0702>:0 
  at System.Collections.Generic.Dictionary`2[TKey,TValue].Add (TKey key, TValue value) [0x00000] in <c5eeda5e65d44b388e164c6c5cfe0702>:0 
  at System.Linq.Enumerable.ToDictionary[TSource,TKey,TElement] (TSource[] source, System.Func`2[T,TResult] keySelector, System.Func`2[T,TResult] elementSelector, System.Collections.Generic.IEqualityComparer`1[T] comparer) [0x00029] in <8203c5af529241e2a5cc4b3c5a3dc69a>:0 
  at System.Linq.Enumerable.ToDictionary[TSource,TKey,TElement] (System.Collections.Generic.IEnumerable`1[T] source, System.Func`2[T,TResult] keySelector, System.Func`2[T,TResult] elementSelector, System.Collections.Generic.IEqualityComparer`1[T] comparer) [0x00051] in <8203c5af529241e2a5cc4b3c5a3dc69a>:0 
  at System.Linq.Enumerable.ToDictionary[TSource,TKey,TElement] (System.Collections.Generic.IEnumerable`1[T] source, System.Func`2[T,TResult] keySelector, System.Func`2[T,TResult] elementSelector) [0x00000] in <8203c5af529241e2a5cc4b3c5a3dc69a>:0 
  at UnityEditor.Scripting.ScriptCompilation.AssemblyGraphBuilder.Initialize (System.Collections.Generic.IReadOnlyCollection`1[T] assemblies, System.Collections.Generic.IReadOnlyCollection`1[T] customScriptAssemblyReferences) [0x00046] in /Users/bokken/build/output/unity/unity/Editor/Mono/Scripting/ScriptCompilation/AssemblyGraphBuilder.cs:85 
  at UnityEditor.Scripting.ScriptCompilation.AssemblyGraphBuilderFactory.GetOrCreate (System.String projectPath, System.Collections.Generic.IReadOnlyCollection`1[T] assemblies, System.Collections.Generic.IReadOnlyCollection`1[T] customScriptAssemblyReferences) [0x00038] in /Users/bokken/build/output/unity/unity/Editor/Mono/Scripting/ScriptCompilation/AssemblyGraphBuilderFactory.cs:54 
  at UnityEditor.Scripting.ScriptCompilation.EditorCompilation.GetAssemblyGraphBuilder () [0x00001] in /Users/bokken/build/output/unity/unity/Editor/Mono/Scripting/ScriptCompilation/EditorCompilation.cs:170 
  at UnityEditor.Scripting.ScriptCompilation.EditorCompilation.SetAllScripts (System.String[] allScripts) [0x0000d] in /Users/bokken/build/output/unity/unity/Editor/Mono/Scripting/ScriptCompilation/EditorCompilation.cs:178 
  at UnityEditor.Scripting.ScriptCompilation.EditorCompilationInterface.SetAllScripts (System.String[] allScripts) [0x00001] in /Users/bokken/build/output/unity/unity/Editor/Mono/Scripting/ScriptCompilation/EditorCompilationInterface.cs:79 

(Filename: /Users/bokken/build/output/unity/unity/Editor/Mono/Scripting/ScriptCompilation/AssemblyGraphBuilder.cs Line: 85)

Refreshing native plugins compatible for Editor in 3.38 ms, found 1 plugins.
Native extension for iOS target not found
Native extension for Android target not found
Native extension for OSXStandalone target not found
Native extension for WebGL target not found
Folder 'Packages/com.unity.purchasing/Runtime/Apple/' contains multiple assembly definition files (Packages/com.unity.purchasing/Runtime/Apple/UnityEngine.Purchasing.Apple.asmdef)
Folder 'Packages/com.unity.purchasing/Runtime/Apple/' contains multiple assembly definition files (Packages/com.unity.purchasing/Runtime/Apple/Unity.Purchasing.Apple.asmdef)
Folder 'Packages/com.unity.purchasing/Runtime/SecurityStub/' contains multiple assembly definition files (Packages/com.unity.purchasing/Runtime/SecurityStub/UnityEngine.Purchasing.SecurityStub.asmdef)
Folder 'Packages/com.unity.purchasing/Runtime/SecurityStub/' contains multiple assembly definition files (Packages/com.unity.purchasing/Runtime/SecurityStub/Unity.Purchasing.SecurityStub.asmdef)
Folder 'Packages/com.unity.purchasing/Runtime/Security/' contains multiple assembly definition files (Packages/com.unity.purchasing/Runtime/Security/Unity.Purchasing.Security.asmdef)
Folder 'Packages/com.unity.purchasing/Runtime/Security/' contains multiple assembly definition files (Packages/com.unity.purchasing/Runtime/Security/UnityEngine.Purchasing.Security.asmdef)
Folder 'Packages/com.unity.purchasing/Runtime/Stores/' contains multiple assembly definition files (Packages/com.unity.purchasing/Runtime/Stores/UnityEngine.Purchasing.Stores.asmdef)
Folder 'Packages/com.unity.purchasing/Runtime/Stores/' contains multiple assembly definition files (Packages/com.unity.purchasing/Runtime/Stores/Unity.Purchasing.Stores.asmdef)
Folder 'Packages/com.unity.purchasing/Runtime/SecurityCore/' contains multiple assembly definition files (Packages/com.unity.purchasing/Runtime/SecurityCore/Unity.Purchasing.SecurityCore.asmdef)
Folder 'Packages/com.unity.purchasing/Runtime/SecurityCore/' contains multiple assembly definition files (Packages/com.unity.purchasing/Runtime/SecurityCore/UnityEngine.Purchasing.SecurityCore.asmdef)
Folder 'Packages/com.unity.purchasing/Runtime/Purchasing/' contains multiple assembly definition files (Packages/com.unity.purchasing/Runtime/Purchasing/UnityEngine.Purchasing.asmdef)
Folder 'Packages/com.unity.purchasing/Runtime/Purchasing/' contains multiple assembly definition files (Packages/com.unity.purchasing/Runtime/Purchasing/Unity.Purchasing.asmdef)
Folder 'Packages/com.unity.purchasing/Runtime/AppleMacosStub/' contains multiple assembly definition files (Packages/com.unity.purchasing/Runtime/AppleMacosStub/UnityEngine.Purchasing.AppleMacosStub.asmdef)
Folder 'Packages/com.unity.purchasing/Runtime/AppleMacosStub/' contains multiple assembly definition files (Packages/com.unity.purchasing/Runtime/AppleMacosStub/Unity.Purchasing.AppleMacosStub.asmdef)
Folder 'Packages/com.unity.purchasing/Runtime/AppleStub/' contains multiple assembly definition files (Packages/com.unity.purchasing/Runtime/AppleStub/Unity.Purchasing.AppleStub.asmdef)
Folder 'Packages/com.unity.purchasing/Runtime/AppleStub/' contains multiple assembly definition files (Packages/com.unity.purchasing/Runtime/AppleStub/UnityEngine.Purchasing.AppleStub.asmdef)
Folder 'Packages/com.unity.purchasing/Runtime/AppleMacos/' contains multiple assembly definition files (Packages/com.unity.purchasing/Runtime/AppleMacos/UnityEngine.Purchasing.AppleMacos.asmdef)
Folder 'Packages/com.unity.purchasing/Runtime/AppleMacos/' contains multiple assembly definition files (Packages/com.unity.purchasing/Runtime/AppleMacos/Unity.Purchasing.AppleMacos.asmdef)
Folder 'Packages/com.unity.purchasing/Runtime/Codeless/' contains multiple assembly definition files (Packages/com.unity.purchasing/Runtime/Codeless/Unity.Purchasing.Codeless.asmdef)
Folder 'Packages/com.unity.purchasing/Runtime/Codeless/' contains multiple assembly definition files (Packages/com.unity.purchasing/Runtime/Codeless/UnityEngine.Purchasing.Codeless.asmdef)
ArgumentException: An item with the same key has already been added. Key: 400f2260dd8d285419d1db99999109aa
  at System.Collections.Generic.Dictionary`2[TKey,TValue].TryInsert (TKey key, TValue value, System.Collections.Generic.InsertionBehavior behavior) [0x0015a] in <c5eeda5e65d44b388e164c6c5cfe0702>:0 
  at System.Collections.Generic.Dictionary`2[TKey,TValue].Add (TKey key, TValue value) [0x00000] in <c5eeda5e65d44b388e164c6c5cfe0702>:0 
  at System.Linq.Enumerable.ToDictionary[TSource,TKey,TElement] (TSource[] source, System.Func`2[T,TResult] keySelector, System.Func`2[T,TResult] elementSelector, System.Collections.Generic.IEqualityComparer`1[T] comparer) [0x00029] in <8203c5af529241e2a5cc4b3c5a3dc69a>:0 
  at System.Linq.Enumerable.ToDictionary[TSource,TKey,TElement] (System.Collections.Generic.IEnumerable`1[T] source, System.Func`2[T,TResult] keySelector, System.Func`2[T,TResult] elementSelector, System.Collections.Generic.IEqualityComparer`1[T] comparer) [0x00051] in <8203c5af529241e2a5cc4b3c5a3dc69a>:0 
  at System.Linq.Enumerable.ToDictionary[TSource,TKey,TElement] (System.Collections.Generic.IEnumerable`1[T] source, System.Func`2[T,TResult] keySelector, System.Func`2[T,TResult] elementSelector) [0x00000] in <8203c5af529241e2a5cc4b3c5a3dc69a>:0 
  at UnityEditor.Scripting.ScriptCompilation.AssemblyGraphBuilder.Initialize (System.Collections.Generic.IReadOnlyCollection`1[T] assemblies, System.Collections.Generic.IReadOnlyCollection`1[T] customScriptAssemblyReferences) [0x00046] in /Users/bokken/build/output/unity/unity/Editor/Mono/Scripting/ScriptCompilation/AssemblyGraphBuilder.cs:85 
  at UnityEditor.Scripting.ScriptCompilation.AssemblyGraphBuilderFactory.GetOrCreate (System.String projectPath, System.Collections.Generic.IReadOnlyCollection`1[T] assemblies, System.Collections.Generic.IReadOnlyCollection`1[T] customScriptAssemblyReferences) [0x00038] in /Users/bokken/build/output/unity/unity/Editor/Mono/Scripting/ScriptCompilation/AssemblyGraphBuilderFactory.cs:54 
  at UnityEditor.Scripting.ScriptCompilation.EditorCompilation.GetAssemblyGraphBuilder () [0x00001] in /Users/bokken/build/output/unity/unity/Editor/Mono/Scripting/ScriptCompilation/EditorCompilation.cs:170 
  at UnityEditor.Scripting.ScriptCompilation.EditorCompilation.SetAllScripts (System.String[] allScripts) [0x0000d] in /Users/bokken/build/output/unity/unity/Editor/Mono/Scripting/ScriptCompilation/EditorCompilation.cs:178 
  at UnityEditor.Scripting.ScriptCompilation.EditorCompilationInterface.SetAllScripts (System.String[] allScripts) [0x00001] in /Users/bokken/build/output/unity/unity/Editor/Mono/Scripting/ScriptCompilation/EditorCompilationInterface.cs:79 

(Filename: /Users/bokken/build/output/unity/unity/Editor/Mono/Scripting/ScriptCompilation/AssemblyGraphBuilder.cs Line: 85)

Refreshing native plugins compatible for Editor in 2.92 ms, found 1 plugins.
[Package Manager] Failed to launch server process. Reason: Unity was launched with the -noUpm command-line argument
[Package Manager] Unable to send message (not connected to server process).
[Package Manager] Cannot connect to Unity Package Manager local server
ScheduleIndexationOnStartup MainProcess:False IndexOnStartup:True
Mono: successfully reloaded assembly
- Finished resetting the current domain, in  1.037 seconds
Domain Reload Profiling: 1565ms
	BeginReloadAssembly (122ms)
		ExecutionOrderSort (0ms)
		DisableScriptedObjects (4ms)
		BackupInstance (0ms)
		ReleaseScriptingObjects (0ms)
		CreateAndSetChildDomain (38ms)
	RebuildCommonClasses (26ms)
	RebuildNativeTypeToScriptingClass (11ms)
	initialDomainReloadingComplete (16ms)
	LoadAllAssembliesAndSetupDomain (353ms)
		LoadAssemblies (257ms)
		RebuildTransferFunctionScriptingTraits (0ms)
		AnalyzeDomain (134ms)
			TypeCache.Refresh (11ms)
				TypeCache.ScanAssembly (1ms)
			BuildScriptInfoCaches (118ms)
			ResolveRequiredComponents (3ms)
	FinalizeReload (1037ms)
		ReleaseScriptCaches (0ms)
		RebuildScriptCaches (0ms)
		SetupLoadedEditorAssemblies (933ms)
			LogAssemblyErrors (0ms)
			InitializePlatformSupportModulesInManaged (13ms)
			SetLoadedEditorAssemblies (4ms)
			BeforeProcessingInitializeOnLoad (112ms)
			ProcessInitializeOnLoadAttributes (741ms)
			ProcessInitializeOnLoadMethodAttributes (62ms)
			AfterProcessingInitializeOnLoad (1ms)
			EditorAssembliesLoaded (0ms)
		ExecutionOrderSort2 (0ms)
		AwakeInstancesAfterBackupRestoration (3ms)
Refreshing native plugins compatible for Editor in 2.94 ms, found 1 plugins.
Preloading 0 native plugins for Editor in 0.00 ms.
Unloading 29 Unused Serialized files (Serialized files now loaded: 0)
Unloading 6234 unused Assets / (4.2 MB). Loaded Objects now: 6923.
Memory consumption went from 142.2 MB to 138.0 MB.
Total: 20.647708 ms (FindLiveObjects: 0.293458 ms CreateObjectMapping: 0.176292 ms MarkObjects: 18.770208 ms  DeleteObjects: 1.407083 ms)

Prepare: number of updated asset objects reloaded= 0
========================================================================
Received Prepare
Folder 'Packages/com.unity.purchasing/Runtime/Apple/' contains multiple assembly definition files (Packages/com.unity.purchasing/Runtime/Apple/UnityEngine.Purchasing.Apple.asmdef)
Folder 'Packages/com.unity.purchasing/Runtime/Apple/' contains multiple assembly definition files (Packages/com.unity.purchasing/Runtime/Apple/Unity.Purchasing.Apple.asmdef)
Folder 'Packages/com.unity.purchasing/Runtime/SecurityStub/' contains multiple assembly definition files (Packages/com.unity.purchasing/Runtime/SecurityStub/UnityEngine.Purchasing.SecurityStub.asmdef)
Folder 'Packages/com.unity.purchasing/Runtime/SecurityStub/' contains multiple assembly definition files (Packages/com.unity.purchasing/Runtime/SecurityStub/Unity.Purchasing.SecurityStub.asmdef)
Folder 'Packages/com.unity.purchasing/Runtime/Security/' contains multiple assembly definition files (Packages/com.unity.purchasing/Runtime/Security/Unity.Purchasing.Security.asmdef)
Folder 'Packages/com.unity.purchasing/Runtime/Security/' contains multiple assembly definition files (Packages/com.unity.purchasing/Runtime/Security/UnityEngine.Purchasing.Security.asmdef)
Folder 'Packages/com.unity.purchasing/Runtime/Stores/' contains multiple assembly definition files (Packages/com.unity.purchasing/Runtime/Stores/UnityEngine.Purchasing.Stores.asmdef)
Folder 'Packages/com.unity.purchasing/Runtime/Stores/' contains multiple assembly definition files (Packages/com.unity.purchasing/Runtime/Stores/Unity.Purchasing.Stores.asmdef)
Folder 'Packages/com.unity.purchasing/Runtime/SecurityCore/' contains multiple assembly definition files (Packages/com.unity.purchasing/Runtime/SecurityCore/Unity.Purchasing.SecurityCore.asmdef)
Folder 'Packages/com.unity.purchasing/Runtime/SecurityCore/' contains multiple assembly definition files (Packages/com.unity.purchasing/Runtime/SecurityCore/UnityEngine.Purchasing.SecurityCore.asmdef)
Folder 'Packages/com.unity.purchasing/Runtime/Purchasing/' contains multiple assembly definition files (Packages/com.unity.purchasing/Runtime/Purchasing/UnityEngine.Purchasing.asmdef)
Folder 'Packages/com.unity.purchasing/Runtime/Purchasing/' contains multiple assembly definition files (Packages/com.unity.purchasing/Runtime/Purchasing/Unity.Purchasing.asmdef)
Folder 'Packages/com.unity.purchasing/Runtime/AppleMacosStub/' contains multiple assembly definition files (Packages/com.unity.purchasing/Runtime/AppleMacosStub/UnityEngine.Purchasing.AppleMacosStub.asmdef)
Folder 'Packages/com.unity.purchasing/Runtime/AppleMacosStub/' contains multiple assembly definition files (Packages/com.unity.purchasing/Runtime/AppleMacosStub/Unity.Purchasing.AppleMacosStub.asmdef)
Folder 'Packages/com.unity.purchasing/Runtime/AppleStub/' contains multiple assembly definition files (Packages/com.unity.purchasing/Runtime/AppleStub/Unity.Purchasing.AppleStub.asmdef)
Folder 'Packages/com.unity.purchasing/Runtime/AppleStub/' contains multiple assembly definition files (Packages/com.unity.purchasing/Runtime/AppleStub/UnityEngine.Purchasing.AppleStub.asmdef)
Folder 'Packages/com.unity.purchasing/Runtime/AppleMacos/' contains multiple assembly definition files (Packages/com.unity.purchasing/Runtime/AppleMacos/UnityEngine.Purchasing.AppleMacos.asmdef)
Folder 'Packages/com.unity.purchasing/Runtime/AppleMacos/' contains multiple assembly definition files (Packages/com.unity.purchasing/Runtime/AppleMacos/Unity.Purchasing.AppleMacos.asmdef)
Folder 'Packages/com.unity.purchasing/Runtime/Codeless/' contains multiple assembly definition files (Packages/com.unity.purchasing/Runtime/Codeless/Unity.Purchasing.Codeless.asmdef)
Folder 'Packages/com.unity.purchasing/Runtime/Codeless/' contains multiple assembly definition files (Packages/com.unity.purchasing/Runtime/Codeless/UnityEngine.Purchasing.Codeless.asmdef)
ArgumentException: An item with the same key has already been added. Key: 400f2260dd8d285419d1db99999109aa
  at System.Collections.Generic.Dictionary`2[TKey,TValue].TryInsert (TKey key, TValue value, System.Collections.Generic.InsertionBehavior behavior) [0x0015a] in <c5eeda5e65d44b388e164c6c5cfe0702>:0 
  at System.Collections.Generic.Dictionary`2[TKey,TValue].Add (TKey key, TValue value) [0x00000] in <c5eeda5e65d44b388e164c6c5cfe0702>:0 
  at System.Linq.Enumerable.ToDictionary[TSource,TKey,TElement] (TSource[] source, System.Func`2[T,TResult] keySelector, System.Func`2[T,TResult] elementSelector, System.Collections.Generic.IEqualityComparer`1[T] comparer) [0x00029] in <8203c5af529241e2a5cc4b3c5a3dc69a>:0 
  at System.Linq.Enumerable.ToDictionary[TSource,TKey,TElement] (System.Collections.Generic.IEnumerable`1[T] source, System.Func`2[T,TResult] keySelector, System.Func`2[T,TResult] elementSelector, System.Collections.Generic.IEqualityComparer`1[T] comparer) [0x00051] in <8203c5af529241e2a5cc4b3c5a3dc69a>:0 
  at System.Linq.Enumerable.ToDictionary[TSource,TKey,TElement] (System.Collections.Generic.IEnumerable`1[T] source, System.Func`2[T,TResult] keySelector, System.Func`2[T,TResult] elementSelector) [0x00000] in <8203c5af529241e2a5cc4b3c5a3dc69a>:0 
  at UnityEditor.Scripting.ScriptCompilation.AssemblyGraphBuilder.Initialize (System.Collections.Generic.IReadOnlyCollection`1[T] assemblies, System.Collections.Generic.IReadOnlyCollection`1[T] customScriptAssemblyReferences) [0x00046] in /Users/bokken/build/output/unity/unity/Editor/Mono/Scripting/ScriptCompilation/AssemblyGraphBuilder.cs:85 
  at UnityEditor.Scripting.ScriptCompilation.AssemblyGraphBuilderFactory.GetOrCreate (System.String projectPath, System.Collections.Generic.IReadOnlyCollection`1[T] assemblies, System.Collections.Generic.IReadOnlyCollection`1[T] customScriptAssemblyReferences) [0x00038] in /Users/bokken/build/output/unity/unity/Editor/Mono/Scripting/ScriptCompilation/AssemblyGraphBuilderFactory.cs:54 
  at UnityEditor.Scripting.ScriptCompilation.EditorCompilation.GetAssemblyGraphBuilder () [0x00001] in /Users/bokken/build/output/unity/unity/Editor/Mono/Scripting/ScriptCompilation/EditorCompilation.cs:170 
  at UnityEditor.Scripting.ScriptCompilation.EditorCompilation.SetAllScripts (System.String[] allScripts) [0x0000d] in /Users/bokken/build/output/unity/unity/Editor/Mono/Scripting/ScriptCompilation/EditorCompilation.cs:178 
  at UnityEditor.Scripting.ScriptCompilation.EditorCompilationInterface.SetAllScripts (System.String[] allScripts) [0x00001] in /Users/bokken/build/output/unity/unity/Editor/Mono/Scripting/ScriptCompilation/EditorCompilationInterface.cs:79 

(Filename: /Users/bokken/build/output/unity/unity/Editor/Mono/Scripting/ScriptCompilation/AssemblyGraphBuilder.cs Line: 85)

Folder 'Packages/com.unity.purchasing/Runtime/Apple/' contains multiple assembly definition files (Packages/com.unity.purchasing/Runtime/Apple/UnityEngine.Purchasing.Apple.asmdef)
Folder 'Packages/com.unity.purchasing/Runtime/Apple/' contains multiple assembly definition files (Packages/com.unity.purchasing/Runtime/Apple/Unity.Purchasing.Apple.asmdef)
Folder 'Packages/com.unity.purchasing/Runtime/SecurityStub/' contains multiple assembly definition files (Packages/com.unity.purchasing/Runtime/SecurityStub/UnityEngine.Purchasing.SecurityStub.asmdef)
Folder 'Packages/com.unity.purchasing/Runtime/SecurityStub/' contains multiple assembly definition files (Packages/com.unity.purchasing/Runtime/SecurityStub/Unity.Purchasing.SecurityStub.asmdef)
Folder 'Packages/com.unity.purchasing/Runtime/Security/' contains multiple assembly definition files (Packages/com.unity.purchasing/Runtime/Security/Unity.Purchasing.Security.asmdef)
Folder 'Packages/com.unity.purchasing/Runtime/Security/' contains multiple assembly definition files (Packages/com.unity.purchasing/Runtime/Security/UnityEngine.Purchasing.Security.asmdef)
Folder 'Packages/com.unity.purchasing/Runtime/Stores/' contains multiple assembly definition files (Packages/com.unity.purchasing/Runtime/Stores/UnityEngine.Purchasing.Stores.asmdef)
Folder 'Packages/com.unity.purchasing/Runtime/Stores/' contains multiple assembly definition files (Packages/com.unity.purchasing/Runtime/Stores/Unity.Purchasing.Stores.asmdef)
Folder 'Packages/com.unity.purchasing/Runtime/SecurityCore/' contains multiple assembly definition files (Packages/com.unity.purchasing/Runtime/SecurityCore/Unity.Purchasing.SecurityCore.asmdef)
Folder 'Packages/com.unity.purchasing/Runtime/SecurityCore/' contains multiple assembly definition files (Packages/com.unity.purchasing/Runtime/SecurityCore/UnityEngine.Purchasing.SecurityCore.asmdef)
Folder 'Packages/com.unity.purchasing/Runtime/Purchasing/' contains multiple assembly definition files (Packages/com.unity.purchasing/Runtime/Purchasing/UnityEngine.Purchasing.asmdef)
Folder 'Packages/com.unity.purchasing/Runtime/Purchasing/' contains multiple assembly definition files (Packages/com.unity.purchasing/Runtime/Purchasing/Unity.Purchasing.asmdef)
Folder 'Packages/com.unity.purchasing/Runtime/AppleMacosStub/' contains multiple assembly definition files (Packages/com.unity.purchasing/Runtime/AppleMacosStub/UnityEngine.Purchasing.AppleMacosStub.asmdef)
Folder 'Packages/com.unity.purchasing/Runtime/AppleMacosStub/' contains multiple assembly definition files (Packages/com.unity.purchasing/Runtime/AppleMacosStub/Unity.Purchasing.AppleMacosStub.asmdef)
Folder 'Packages/com.unity.purchasing/Runtime/AppleStub/' contains multiple assembly definition files (Packages/com.unity.purchasing/Runtime/AppleStub/Unity.Purchasing.AppleStub.asmdef)
Folder 'Packages/com.unity.purchasing/Runtime/AppleStub/' contains multiple assembly definition files (Packages/com.unity.purchasing/Runtime/AppleStub/UnityEngine.Purchasing.AppleStub.asmdef)
Folder 'Packages/com.unity.purchasing/Runtime/AppleMacos/' contains multiple assembly definition files (Packages/com.unity.purchasing/Runtime/AppleMacos/UnityEngine.Purchasing.AppleMacos.asmdef)
Folder 'Packages/com.unity.purchasing/Runtime/AppleMacos/' contains multiple assembly definition files (Packages/com.unity.purchasing/Runtime/AppleMacos/Unity.Purchasing.AppleMacos.asmdef)
Folder 'Packages/com.unity.purchasing/Runtime/Codeless/' contains multiple assembly definition files (Packages/com.unity.purchasing/Runtime/Codeless/Unity.Purchasing.Codeless.asmdef)
Folder 'Packages/com.unity.purchasing/Runtime/Codeless/' contains multiple assembly definition files (Packages/com.unity.purchasing/Runtime/Codeless/UnityEngine.Purchasing.Codeless.asmdef)
ArgumentException: An item with the same key has already been added. Key: 400f2260dd8d285419d1db99999109aa
  at System.Collections.Generic.Dictionary`2[TKey,TValue].TryInsert (TKey key, TValue value, System.Collections.Generic.InsertionBehavior behavior) [0x0015a] in <c5eeda5e65d44b388e164c6c5cfe0702>:0 
  at System.Collections.Generic.Dictionary`2[TKey,TValue].Add (TKey key, TValue value) [0x00000] in <c5eeda5e65d44b388e164c6c5cfe0702>:0 
  at System.Linq.Enumerable.ToDictionary[TSource,TKey,TElement] (TSource[] source, System.Func`2[T,TResult] keySelector, System.Func`2[T,TResult] elementSelector, System.Collections.Generic.IEqualityComparer`1[T] comparer) [0x00029] in <8203c5af529241e2a5cc4b3c5a3dc69a>:0 
  at System.Linq.Enumerable.ToDictionary[TSource,TKey,TElement] (System.Collections.Generic.IEnumerable`1[T] source, System.Func`2[T,TResult] keySelector, System.Func`2[T,TResult] elementSelector, System.Collections.Generic.IEqualityComparer`1[T] comparer) [0x00051] in <8203c5af529241e2a5cc4b3c5a3dc69a>:0 
  at System.Linq.Enumerable.ToDictionary[TSource,TKey,TElement] (System.Collections.Generic.IEnumerable`1[T] source, System.Func`2[T,TResult] keySelector, System.Func`2[T,TResult] elementSelector) [0x00000] in <8203c5af529241e2a5cc4b3c5a3dc69a>:0 
  at UnityEditor.Scripting.ScriptCompilation.AssemblyGraphBuilder.Initialize (System.Collections.Generic.IReadOnlyCollection`1[T] assemblies, System.Collections.Generic.IReadOnlyCollection`1[T] customScriptAssemblyReferences) [0x00046] in /Users/bokken/build/output/unity/unity/Editor/Mono/Scripting/ScriptCompilation/AssemblyGraphBuilder.cs:85 
  at UnityEditor.Scripting.ScriptCompilation.AssemblyGraphBuilderFactory.GetOrCreate (System.String projectPath, System.Collections.Generic.IReadOnlyCollection`1[T] assemblies, System.Collections.Generic.IReadOnlyCollection`1[T] customScriptAssemblyReferences) [0x00038] in /Users/bokken/build/output/unity/unity/Editor/Mono/Scripting/ScriptCompilation/AssemblyGraphBuilderFactory.cs:54 
  at UnityEditor.Scripting.ScriptCompilation.EditorCompilation.GetAssemblyGraphBuilder () [0x00001] in /Users/bokken/build/output/unity/unity/Editor/Mono/Scripting/ScriptCompilation/EditorCompilation.cs:170 
  at UnityEditor.Scripting.ScriptCompilation.EditorCompilation.SetAllScripts (System.String[] allScripts) [0x0000d] in /Users/bokken/build/output/unity/unity/Editor/Mono/Scripting/ScriptCompilation/EditorCompilation.cs:178 
  at UnityEditor.Scripting.ScriptCompilation.EditorCompilationInterface.SetAllScripts (System.String[] allScripts) [0x00001] in /Users/bokken/build/output/unity/unity/Editor/Mono/Scripting/ScriptCompilation/EditorCompilationInterface.cs:79 

(Filename: /Users/bokken/build/output/unity/unity/Editor/Mono/Scripting/ScriptCompilation/AssemblyGraphBuilder.cs Line: 85)

Begin MonoManager ReloadAssembly
Thread 0x16b977000 may have been prematurely finalized
Symbol file LoadedFromMemory is not a mono symbol file
- Loaded All Assemblies, in  0.525 seconds
Folder 'Packages/com.unity.purchasing/Runtime/Apple/' contains multiple assembly definition files (Packages/com.unity.purchasing/Runtime/Apple/UnityEngine.Purchasing.Apple.asmdef)
Folder 'Packages/com.unity.purchasing/Runtime/Apple/' contains multiple assembly definition files (Packages/com.unity.purchasing/Runtime/Apple/Unity.Purchasing.Apple.asmdef)
Folder 'Packages/com.unity.purchasing/Runtime/SecurityStub/' contains multiple assembly definition files (Packages/com.unity.purchasing/Runtime/SecurityStub/UnityEngine.Purchasing.SecurityStub.asmdef)
Folder 'Packages/com.unity.purchasing/Runtime/SecurityStub/' contains multiple assembly definition files (Packages/com.unity.purchasing/Runtime/SecurityStub/Unity.Purchasing.SecurityStub.asmdef)
Folder 'Packages/com.unity.purchasing/Runtime/Security/' contains multiple assembly definition files (Packages/com.unity.purchasing/Runtime/Security/Unity.Purchasing.Security.asmdef)
Folder 'Packages/com.unity.purchasing/Runtime/Security/' contains multiple assembly definition files (Packages/com.unity.purchasing/Runtime/Security/UnityEngine.Purchasing.Security.asmdef)
Folder 'Packages/com.unity.purchasing/Runtime/Stores/' contains multiple assembly definition files (Packages/com.unity.purchasing/Runtime/Stores/UnityEngine.Purchasing.Stores.asmdef)
Folder 'Packages/com.unity.purchasing/Runtime/Stores/' contains multiple assembly definition files (Packages/com.unity.purchasing/Runtime/Stores/Unity.Purchasing.Stores.asmdef)
Folder 'Packages/com.unity.purchasing/Runtime/SecurityCore/' contains multiple assembly definition files (Packages/com.unity.purchasing/Runtime/SecurityCore/Unity.Purchasing.SecurityCore.asmdef)
Folder 'Packages/com.unity.purchasing/Runtime/SecurityCore/' contains multiple assembly definition files (Packages/com.unity.purchasing/Runtime/SecurityCore/UnityEngine.Purchasing.SecurityCore.asmdef)
Folder 'Packages/com.unity.purchasing/Runtime/Purchasing/' contains multiple assembly definition files (Packages/com.unity.purchasing/Runtime/Purchasing/UnityEngine.Purchasing.asmdef)
Folder 'Packages/com.unity.purchasing/Runtime/Purchasing/' contains multiple assembly definition files (Packages/com.unity.purchasing/Runtime/Purchasing/Unity.Purchasing.asmdef)
Folder 'Packages/com.unity.purchasing/Runtime/AppleMacosStub/' contains multiple assembly definition files (Packages/com.unity.purchasing/Runtime/AppleMacosStub/UnityEngine.Purchasing.AppleMacosStub.asmdef)
Folder 'Packages/com.unity.purchasing/Runtime/AppleMacosStub/' contains multiple assembly definition files (Packages/com.unity.purchasing/Runtime/AppleMacosStub/Unity.Purchasing.AppleMacosStub.asmdef)
Folder 'Packages/com.unity.purchasing/Runtime/AppleStub/' contains multiple assembly definition files (Packages/com.unity.purchasing/Runtime/AppleStub/Unity.Purchasing.AppleStub.asmdef)
Folder 'Packages/com.unity.purchasing/Runtime/AppleStub/' contains multiple assembly definition files (Packages/com.unity.purchasing/Runtime/AppleStub/UnityEngine.Purchasing.AppleStub.asmdef)
Folder 'Packages/com.unity.purchasing/Runtime/AppleMacos/' contains multiple assembly definition files (Packages/com.unity.purchasing/Runtime/AppleMacos/UnityEngine.Purchasing.AppleMacos.asmdef)
Folder 'Packages/com.unity.purchasing/Runtime/AppleMacos/' contains multiple assembly definition files (Packages/com.unity.purchasing/Runtime/AppleMacos/Unity.Purchasing.AppleMacos.asmdef)
Folder 'Packages/com.unity.purchasing/Runtime/Codeless/' contains multiple assembly definition files (Packages/com.unity.purchasing/Runtime/Codeless/Unity.Purchasing.Codeless.asmdef)
Folder 'Packages/com.unity.purchasing/Runtime/Codeless/' contains multiple assembly definition files (Packages/com.unity.purchasing/Runtime/Codeless/UnityEngine.Purchasing.Codeless.asmdef)
ArgumentException: An item with the same key has already been added. Key: 400f2260dd8d285419d1db99999109aa
  at System.Collections.Generic.Dictionary`2[TKey,TValue].TryInsert (TKey key, TValue value, System.Collections.Generic.InsertionBehavior behavior) [0x0015a] in <c5eeda5e65d44b388e164c6c5cfe0702>:0 
  at System.Collections.Generic.Dictionary`2[TKey,TValue].Add (TKey key, TValue value) [0x00000] in <c5eeda5e65d44b388e164c6c5cfe0702>:0 
  at System.Linq.Enumerable.ToDictionary[TSource,TKey,TElement] (TSource[] source, System.Func`2[T,TResult] keySelector, System.Func`2[T,TResult] elementSelector, System.Collections.Generic.IEqualityComparer`1[T] comparer) [0x00029] in <8203c5af529241e2a5cc4b3c5a3dc69a>:0 
  at System.Linq.Enumerable.ToDictionary[TSource,TKey,TElement] (System.Collections.Generic.IEnumerable`1[T] source, System.Func`2[T,TResult] keySelector, System.Func`2[T,TResult] elementSelector, System.Collections.Generic.IEqualityComparer`1[T] comparer) [0x00051] in <8203c5af529241e2a5cc4b3c5a3dc69a>:0 
  at System.Linq.Enumerable.ToDictionary[TSource,TKey,TElement] (System.Collections.Generic.IEnumerable`1[T] source, System.Func`2[T,TResult] keySelector, System.Func`2[T,TResult] elementSelector) [0x00000] in <8203c5af529241e2a5cc4b3c5a3dc69a>:0 
  at UnityEditor.Scripting.ScriptCompilation.AssemblyGraphBuilder.Initialize (System.Collections.Generic.IReadOnlyCollection`1[T] assemblies, System.Collections.Generic.IReadOnlyCollection`1[T] customScriptAssemblyReferences) [0x00046] in /Users/bokken/build/output/unity/unity/Editor/Mono/Scripting/ScriptCompilation/AssemblyGraphBuilder.cs:85 
  at UnityEditor.Scripting.ScriptCompilation.AssemblyGraphBuilderFactory.GetOrCreate (System.String projectPath, System.Collections.Generic.IReadOnlyCollection`1[T] assemblies, System.Collections.Generic.IReadOnlyCollection`1[T] customScriptAssemblyReferences) [0x00038] in /Users/bokken/build/output/unity/unity/Editor/Mono/Scripting/ScriptCompilation/AssemblyGraphBuilderFactory.cs:54 
  at UnityEditor.Scripting.ScriptCompilation.EditorCompilation.GetAssemblyGraphBuilder () [0x00001] in /Users/bokken/build/output/unity/unity/Editor/Mono/Scripting/ScriptCompilation/EditorCompilation.cs:170 
  at UnityEditor.Scripting.ScriptCompilation.EditorCompilation.SetAllScripts (System.String[] allScripts) [0x0000d] in /Users/bokken/build/output/unity/unity/Editor/Mono/Scripting/ScriptCompilation/EditorCompilation.cs:178 
  at UnityEditor.Scripting.ScriptCompilation.EditorCompilationInterface.SetAllScripts (System.String[] allScripts) [0x00001] in /Users/bokken/build/output/unity/unity/Editor/Mono/Scripting/ScriptCompilation/EditorCompilationInterface.cs:79 

(Filename: /Users/bokken/build/output/unity/unity/Editor/Mono/Scripting/ScriptCompilation/AssemblyGraphBuilder.cs Line: 85)

Refreshing native plugins compatible for Editor in 2.81 ms, found 1 plugins.
Native extension for iOS target not found
Native extension for Android target not found
Native extension for OSXStandalone target not found
Native extension for WebGL target not found
Folder 'Packages/com.unity.purchasing/Runtime/Apple/' contains multiple assembly definition files (Packages/com.unity.purchasing/Runtime/Apple/UnityEngine.Purchasing.Apple.asmdef)
Folder 'Packages/com.unity.purchasing/Runtime/Apple/' contains multiple assembly definition files (Packages/com.unity.purchasing/Runtime/Apple/Unity.Purchasing.Apple.asmdef)
Folder 'Packages/com.unity.purchasing/Runtime/SecurityStub/' contains multiple assembly definition files (Packages/com.unity.purchasing/Runtime/SecurityStub/UnityEngine.Purchasing.SecurityStub.asmdef)
Folder 'Packages/com.unity.purchasing/Runtime/SecurityStub/' contains multiple assembly definition files (Packages/com.unity.purchasing/Runtime/SecurityStub/Unity.Purchasing.SecurityStub.asmdef)
Folder 'Packages/com.unity.purchasing/Runtime/Security/' contains multiple assembly definition files (Packages/com.unity.purchasing/Runtime/Security/Unity.Purchasing.Security.asmdef)
Folder 'Packages/com.unity.purchasing/Runtime/Security/' contains multiple assembly definition files (Packages/com.unity.purchasing/Runtime/Security/UnityEngine.Purchasing.Security.asmdef)
Folder 'Packages/com.unity.purchasing/Runtime/Stores/' contains multiple assembly definition files (Packages/com.unity.purchasing/Runtime/Stores/UnityEngine.Purchasing.Stores.asmdef)
Folder 'Packages/com.unity.purchasing/Runtime/Stores/' contains multiple assembly definition files (Packages/com.unity.purchasing/Runtime/Stores/Unity.Purchasing.Stores.asmdef)
Folder 'Packages/com.unity.purchasing/Runtime/SecurityCore/' contains multiple assembly definition files (Packages/com.unity.purchasing/Runtime/SecurityCore/Unity.Purchasing.SecurityCore.asmdef)
Folder 'Packages/com.unity.purchasing/Runtime/SecurityCore/' contains multiple assembly definition files (Packages/com.unity.purchasing/Runtime/SecurityCore/UnityEngine.Purchasing.SecurityCore.asmdef)
Folder 'Packages/com.unity.purchasing/Runtime/Purchasing/' contains multiple assembly definition files (Packages/com.unity.purchasing/Runtime/Purchasing/UnityEngine.Purchasing.asmdef)
Folder 'Packages/com.unity.purchasing/Runtime/Purchasing/' contains multiple assembly definition files (Packages/com.unity.purchasing/Runtime/Purchasing/Unity.Purchasing.asmdef)
Folder 'Packages/com.unity.purchasing/Runtime/AppleMacosStub/' contains multiple assembly definition files (Packages/com.unity.purchasing/Runtime/AppleMacosStub/UnityEngine.Purchasing.AppleMacosStub.asmdef)
Folder 'Packages/com.unity.purchasing/Runtime/AppleMacosStub/' contains multiple assembly definition files (Packages/com.unity.purchasing/Runtime/AppleMacosStub/Unity.Purchasing.AppleMacosStub.asmdef)
Folder 'Packages/com.unity.purchasing/Runtime/AppleStub/' contains multiple assembly definition files (Packages/com.unity.purchasing/Runtime/AppleStub/Unity.Purchasing.AppleStub.asmdef)
Folder 'Packages/com.unity.purchasing/Runtime/AppleStub/' contains multiple assembly definition files (Packages/com.unity.purchasing/Runtime/AppleStub/UnityEngine.Purchasing.AppleStub.asmdef)
Folder 'Packages/com.unity.purchasing/Runtime/AppleMacos/' contains multiple assembly definition files (Packages/com.unity.purchasing/Runtime/AppleMacos/UnityEngine.Purchasing.AppleMacos.asmdef)
Folder 'Packages/com.unity.purchasing/Runtime/AppleMacos/' contains multiple assembly definition files (Packages/com.unity.purchasing/Runtime/AppleMacos/Unity.Purchasing.AppleMacos.asmdef)
Folder 'Packages/com.unity.purchasing/Runtime/Codeless/' contains multiple assembly definition files (Packages/com.unity.purchasing/Runtime/Codeless/Unity.Purchasing.Codeless.asmdef)
Folder 'Packages/com.unity.purchasing/Runtime/Codeless/' contains multiple assembly definition files (Packages/com.unity.purchasing/Runtime/Codeless/UnityEngine.Purchasing.Codeless.asmdef)
ArgumentException: An item with the same key has already been added. Key: 400f2260dd8d285419d1db99999109aa
  at System.Collections.Generic.Dictionary`2[TKey,TValue].TryInsert (TKey key, TValue value, System.Collections.Generic.InsertionBehavior behavior) [0x0015a] in <c5eeda5e65d44b388e164c6c5cfe0702>:0 
  at System.Collections.Generic.Dictionary`2[TKey,TValue].Add (TKey key, TValue value) [0x00000] in <c5eeda5e65d44b388e164c6c5cfe0702>:0 
  at System.Linq.Enumerable.ToDictionary[TSource,TKey,TElement] (TSource[] source, System.Func`2[T,TResult] keySelector, System.Func`2[T,TResult] elementSelector, System.Collections.Generic.IEqualityComparer`1[T] comparer) [0x00029] in <8203c5af529241e2a5cc4b3c5a3dc69a>:0 
  at System.Linq.Enumerable.ToDictionary[TSource,TKey,TElement] (System.Collections.Generic.IEnumerable`1[T] source, System.Func`2[T,TResult] keySelector, System.Func`2[T,TResult] elementSelector, System.Collections.Generic.IEqualityComparer`1[T] comparer) [0x00051] in <8203c5af529241e2a5cc4b3c5a3dc69a>:0 
  at System.Linq.Enumerable.ToDictionary[TSource,TKey,TElement] (System.Collections.Generic.IEnumerable`1[T] source, System.Func`2[T,TResult] keySelector, System.Func`2[T,TResult] elementSelector) [0x00000] in <8203c5af529241e2a5cc4b3c5a3dc69a>:0 
  at UnityEditor.Scripting.ScriptCompilation.AssemblyGraphBuilder.Initialize (System.Collections.Generic.IReadOnlyCollection`1[T] assemblies, System.Collections.Generic.IReadOnlyCollection`1[T] customScriptAssemblyReferences) [0x00046] in /Users/bokken/build/output/unity/unity/Editor/Mono/Scripting/ScriptCompilation/AssemblyGraphBuilder.cs:85 
  at UnityEditor.Scripting.ScriptCompilation.AssemblyGraphBuilderFactory.GetOrCreate (System.String projectPath, System.Collections.Generic.IReadOnlyCollection`1[T] assemblies, System.Collections.Generic.IReadOnlyCollection`1[T] customScriptAssemblyReferences) [0x00038] in /Users/bokken/build/output/unity/unity/Editor/Mono/Scripting/ScriptCompilation/AssemblyGraphBuilderFactory.cs:54 
  at UnityEditor.Scripting.ScriptCompilation.EditorCompilation.GetAssemblyGraphBuilder () [0x00001] in /Users/bokken/build/output/unity/unity/Editor/Mono/Scripting/ScriptCompilation/EditorCompilation.cs:170 
  at UnityEditor.Scripting.ScriptCompilation.EditorCompilation.SetAllScripts (System.String[] allScripts) [0x0000d] in /Users/bokken/build/output/unity/unity/Editor/Mono/Scripting/ScriptCompilation/EditorCompilation.cs:178 
  at UnityEditor.Scripting.ScriptCompilation.EditorCompilationInterface.SetAllScripts (System.String[] allScripts) [0x00001] in /Users/bokken/build/output/unity/unity/Editor/Mono/Scripting/ScriptCompilation/EditorCompilationInterface.cs:79 

(Filename: /Users/bokken/build/output/unity/unity/Editor/Mono/Scripting/ScriptCompilation/AssemblyGraphBuilder.cs Line: 85)

Refreshing native plugins compatible for Editor in 3.19 ms, found 1 plugins.
[Package Manager] Failed to launch server process. Reason: Unity was launched with the -noUpm command-line argument
[Package Manager] Unable to send message (not connected to server process).
[Package Manager] Cannot connect to Unity Package Manager local server
ScheduleIndexationOnStartup MainProcess:False IndexOnStartup:True
Mono: successfully reloaded assembly
- Finished resetting the current domain, in  1.126 seconds
Domain Reload Profiling: 1654ms
	BeginReloadAssembly (115ms)
		ExecutionOrderSort (0ms)
		DisableScriptedObjects (4ms)
		BackupInstance (0ms)
		ReleaseScriptingObjects (0ms)
		CreateAndSetChildDomain (39ms)
	RebuildCommonClasses (29ms)
	RebuildNativeTypeToScriptingClass (11ms)
	initialDomainReloadingComplete (16ms)
	LoadAllAssembliesAndSetupDomain (356ms)
		LoadAssemblies (251ms)
		RebuildTransferFunctionScriptingTraits (0ms)
		AnalyzeDomain (136ms)
			TypeCache.Refresh (8ms)
				TypeCache.ScanAssembly (0ms)
			BuildScriptInfoCaches (123ms)
			ResolveRequiredComponents (4ms)
	FinalizeReload (1127ms)
		ReleaseScriptCaches (0ms)
		RebuildScriptCaches (0ms)
		SetupLoadedEditorAssemblies (1018ms)
			LogAssemblyErrors (0ms)
			InitializePlatformSupportModulesInManaged (14ms)
			SetLoadedEditorAssemblies (4ms)
			BeforeProcessingInitializeOnLoad (117ms)
			ProcessInitializeOnLoadAttributes (786ms)
			ProcessInitializeOnLoadMethodAttributes (96ms)
			AfterProcessingInitializeOnLoad (1ms)
			EditorAssembliesLoaded (0ms)
		ExecutionOrderSort2 (0ms)
		AwakeInstancesAfterBackupRestoration (4ms)
Refreshing native plugins compatible for Editor in 3.75 ms, found 1 plugins.
Preloading 0 native plugins for Editor in 0.00 ms.
Unloading 29 Unused Serialized files (Serialized files now loaded: 0)
Unloading 6234 unused Assets / (3.3 MB). Loaded Objects now: 6929.
Memory consumption went from 142.2 MB to 138.9 MB.
Total: 22.864542 ms (FindLiveObjects: 0.350208 ms CreateObjectMapping: 0.204458 ms MarkObjects: 20.819125 ms  DeleteObjects: 1.490250 ms)

Prepare: number of updated asset objects reloaded= 0
========================================================================
Received Prepare
[Licensing::Client] Successfully resolved entitlement details
Folder 'Packages/com.unity.purchasing/Runtime/Apple/' contains multiple assembly definition files (Packages/com.unity.purchasing/Runtime/Apple/UnityEngine.Purchasing.Apple.asmdef)
Folder 'Packages/com.unity.purchasing/Runtime/Apple/' contains multiple assembly definition files (Packages/com.unity.purchasing/Runtime/Apple/Unity.Purchasing.Apple.asmdef)
Folder 'Packages/com.unity.purchasing/Runtime/SecurityStub/' contains multiple assembly definition files (Packages/com.unity.purchasing/Runtime/SecurityStub/UnityEngine.Purchasing.SecurityStub.asmdef)
Folder 'Packages/com.unity.purchasing/Runtime/SecurityStub/' contains multiple assembly definition files (Packages/com.unity.purchasing/Runtime/SecurityStub/Unity.Purchasing.SecurityStub.asmdef)
Folder 'Packages/com.unity.purchasing/Runtime/Security/' contains multiple assembly definition files (Packages/com.unity.purchasing/Runtime/Security/Unity.Purchasing.Security.asmdef)
Folder 'Packages/com.unity.purchasing/Runtime/Security/' contains multiple assembly definition files (Packages/com.unity.purchasing/Runtime/Security/UnityEngine.Purchasing.Security.asmdef)
Folder 'Packages/com.unity.purchasing/Runtime/Stores/' contains multiple assembly definition files (Packages/com.unity.purchasing/Runtime/Stores/UnityEngine.Purchasing.Stores.asmdef)
Folder 'Packages/com.unity.purchasing/Runtime/Stores/' contains multiple assembly definition files (Packages/com.unity.purchasing/Runtime/Stores/Unity.Purchasing.Stores.asmdef)
Folder 'Packages/com.unity.purchasing/Runtime/SecurityCore/' contains multiple assembly definition files (Packages/com.unity.purchasing/Runtime/SecurityCore/Unity.Purchasing.SecurityCore.asmdef)
Folder 'Packages/com.unity.purchasing/Runtime/SecurityCore/' contains multiple assembly definition files (Packages/com.unity.purchasing/Runtime/SecurityCore/UnityEngine.Purchasing.SecurityCore.asmdef)
Folder 'Packages/com.unity.purchasing/Runtime/Purchasing/' contains multiple assembly definition files (Packages/com.unity.purchasing/Runtime/Purchasing/UnityEngine.Purchasing.asmdef)
Folder 'Packages/com.unity.purchasing/Runtime/Purchasing/' contains multiple assembly definition files (Packages/com.unity.purchasing/Runtime/Purchasing/Unity.Purchasing.asmdef)
Folder 'Packages/com.unity.purchasing/Runtime/AppleMacosStub/' contains multiple assembly definition files (Packages/com.unity.purchasing/Runtime/AppleMacosStub/UnityEngine.Purchasing.AppleMacosStub.asmdef)
Folder 'Packages/com.unity.purchasing/Runtime/AppleMacosStub/' contains multiple assembly definition files (Packages/com.unity.purchasing/Runtime/AppleMacosStub/Unity.Purchasing.AppleMacosStub.asmdef)
Folder 'Packages/com.unity.purchasing/Runtime/AppleStub/' contains multiple assembly definition files (Packages/com.unity.purchasing/Runtime/AppleStub/Unity.Purchasing.AppleStub.asmdef)
Folder 'Packages/com.unity.purchasing/Runtime/AppleStub/' contains multiple assembly definition files (Packages/com.unity.purchasing/Runtime/AppleStub/UnityEngine.Purchasing.AppleStub.asmdef)
Folder 'Packages/com.unity.purchasing/Runtime/AppleMacos/' contains multiple assembly definition files (Packages/com.unity.purchasing/Runtime/AppleMacos/UnityEngine.Purchasing.AppleMacos.asmdef)
Folder 'Packages/com.unity.purchasing/Runtime/AppleMacos/' contains multiple assembly definition files (Packages/com.unity.purchasing/Runtime/AppleMacos/Unity.Purchasing.AppleMacos.asmdef)
Folder 'Packages/com.unity.purchasing/Runtime/Codeless/' contains multiple assembly definition files (Packages/com.unity.purchasing/Runtime/Codeless/Unity.Purchasing.Codeless.asmdef)
Folder 'Packages/com.unity.purchasing/Runtime/Codeless/' contains multiple assembly definition files (Packages/com.unity.purchasing/Runtime/Codeless/UnityEngine.Purchasing.Codeless.asmdef)
ArgumentException: An item with the same key has already been added. Key: 400f2260dd8d285419d1db99999109aa
  at System.Collections.Generic.Dictionary`2[TKey,TValue].TryInsert (TKey key, TValue value, System.Collections.Generic.InsertionBehavior behavior) [0x0015a] in <c5eeda5e65d44b388e164c6c5cfe0702>:0 
  at System.Collections.Generic.Dictionary`2[TKey,TValue].Add (TKey key, TValue value) [0x00000] in <c5eeda5e65d44b388e164c6c5cfe0702>:0 
  at System.Linq.Enumerable.ToDictionary[TSource,TKey,TElement] (TSource[] source, System.Func`2[T,TResult] keySelector, System.Func`2[T,TResult] elementSelector, System.Collections.Generic.IEqualityComparer`1[T] comparer) [0x00029] in <8203c5af529241e2a5cc4b3c5a3dc69a>:0 
  at System.Linq.Enumerable.ToDictionary[TSource,TKey,TElement] (System.Collections.Generic.IEnumerable`1[T] source, System.Func`2[T,TResult] keySelector, System.Func`2[T,TResult] elementSelector, System.Collections.Generic.IEqualityComparer`1[T] comparer) [0x00051] in <8203c5af529241e2a5cc4b3c5a3dc69a>:0 
  at System.Linq.Enumerable.ToDictionary[TSource,TKey,TElement] (System.Collections.Generic.IEnumerable`1[T] source, System.Func`2[T,TResult] keySelector, System.Func`2[T,TResult] elementSelector) [0x00000] in <8203c5af529241e2a5cc4b3c5a3dc69a>:0 
  at UnityEditor.Scripting.ScriptCompilation.AssemblyGraphBuilder.Initialize (System.Collections.Generic.IReadOnlyCollection`1[T] assemblies, System.Collections.Generic.IReadOnlyCollection`1[T] customScriptAssemblyReferences) [0x00046] in /Users/bokken/build/output/unity/unity/Editor/Mono/Scripting/ScriptCompilation/AssemblyGraphBuilder.cs:85 
  at UnityEditor.Scripting.ScriptCompilation.AssemblyGraphBuilderFactory.GetOrCreate (System.String projectPath, System.Collections.Generic.IReadOnlyCollection`1[T] assemblies, System.Collections.Generic.IReadOnlyCollection`1[T] customScriptAssemblyReferences) [0x00038] in /Users/bokken/build/output/unity/unity/Editor/Mono/Scripting/ScriptCompilation/AssemblyGraphBuilderFactory.cs:54 
  at UnityEditor.Scripting.ScriptCompilation.EditorCompilation.GetAssemblyGraphBuilder () [0x00001] in /Users/bokken/build/output/unity/unity/Editor/Mono/Scripting/ScriptCompilation/EditorCompilation.cs:170 
  at UnityEditor.Scripting.ScriptCompilation.EditorCompilation.SetAllScripts (System.String[] allScripts) [0x0000d] in /Users/bokken/build/output/unity/unity/Editor/Mono/Scripting/ScriptCompilation/EditorCompilation.cs:178 
  at UnityEditor.Scripting.ScriptCompilation.EditorCompilationInterface.SetAllScripts (System.String[] allScripts) [0x00001] in /Users/bokken/build/output/unity/unity/Editor/Mono/Scripting/ScriptCompilation/EditorCompilationInterface.cs:79 

(Filename: /Users/bokken/build/output/unity/unity/Editor/Mono/Scripting/ScriptCompilation/AssemblyGraphBuilder.cs Line: 85)

Folder 'Packages/com.unity.purchasing/Runtime/Apple/' contains multiple assembly definition files (Packages/com.unity.purchasing/Runtime/Apple/UnityEngine.Purchasing.Apple.asmdef)
Folder 'Packages/com.unity.purchasing/Runtime/Apple/' contains multiple assembly definition files (Packages/com.unity.purchasing/Runtime/Apple/Unity.Purchasing.Apple.asmdef)
Folder 'Packages/com.unity.purchasing/Runtime/SecurityStub/' contains multiple assembly definition files (Packages/com.unity.purchasing/Runtime/SecurityStub/UnityEngine.Purchasing.SecurityStub.asmdef)
Folder 'Packages/com.unity.purchasing/Runtime/SecurityStub/' contains multiple assembly definition files (Packages/com.unity.purchasing/Runtime/SecurityStub/Unity.Purchasing.SecurityStub.asmdef)
Folder 'Packages/com.unity.purchasing/Runtime/Security/' contains multiple assembly definition files (Packages/com.unity.purchasing/Runtime/Security/Unity.Purchasing.Security.asmdef)
Folder 'Packages/com.unity.purchasing/Runtime/Security/' contains multiple assembly definition files (Packages/com.unity.purchasing/Runtime/Security/UnityEngine.Purchasing.Security.asmdef)
Folder 'Packages/com.unity.purchasing/Runtime/Stores/' contains multiple assembly definition files (Packages/com.unity.purchasing/Runtime/Stores/UnityEngine.Purchasing.Stores.asmdef)
Folder 'Packages/com.unity.purchasing/Runtime/Stores/' contains multiple assembly definition files (Packages/com.unity.purchasing/Runtime/Stores/Unity.Purchasing.Stores.asmdef)
Folder 'Packages/com.unity.purchasing/Runtime/SecurityCore/' contains multiple assembly definition files (Packages/com.unity.purchasing/Runtime/SecurityCore/Unity.Purchasing.SecurityCore.asmdef)
Folder 'Packages/com.unity.purchasing/Runtime/SecurityCore/' contains multiple assembly definition files (Packages/com.unity.purchasing/Runtime/SecurityCore/UnityEngine.Purchasing.SecurityCore.asmdef)
Folder 'Packages/com.unity.purchasing/Runtime/Purchasing/' contains multiple assembly definition files (Packages/com.unity.purchasing/Runtime/Purchasing/UnityEngine.Purchasing.asmdef)
Folder 'Packages/com.unity.purchasing/Runtime/Purchasing/' contains multiple assembly definition files (Packages/com.unity.purchasing/Runtime/Purchasing/Unity.Purchasing.asmdef)
Folder 'Packages/com.unity.purchasing/Runtime/AppleMacosStub/' contains multiple assembly definition files (Packages/com.unity.purchasing/Runtime/AppleMacosStub/UnityEngine.Purchasing.AppleMacosStub.asmdef)
Folder 'Packages/com.unity.purchasing/Runtime/AppleMacosStub/' contains multiple assembly definition files (Packages/com.unity.purchasing/Runtime/AppleMacosStub/Unity.Purchasing.AppleMacosStub.asmdef)
Folder 'Packages/com.unity.purchasing/Runtime/AppleStub/' contains multiple assembly definition files (Packages/com.unity.purchasing/Runtime/AppleStub/Unity.Purchasing.AppleStub.asmdef)
Folder 'Packages/com.unity.purchasing/Runtime/AppleStub/' contains multiple assembly definition files (Packages/com.unity.purchasing/Runtime/AppleStub/UnityEngine.Purchasing.AppleStub.asmdef)
Folder 'Packages/com.unity.purchasing/Runtime/AppleMacos/' contains multiple assembly definition files (Packages/com.unity.purchasing/Runtime/AppleMacos/UnityEngine.Purchasing.AppleMacos.asmdef)
Folder 'Packages/com.unity.purchasing/Runtime/AppleMacos/' contains multiple assembly definition files (Packages/com.unity.purchasing/Runtime/AppleMacos/Unity.Purchasing.AppleMacos.asmdef)
Folder 'Packages/com.unity.purchasing/Runtime/Codeless/' contains multiple assembly definition files (Packages/com.unity.purchasing/Runtime/Codeless/Unity.Purchasing.Codeless.asmdef)
Folder 'Packages/com.unity.purchasing/Runtime/Codeless/' contains multiple assembly definition files (Packages/com.unity.purchasing/Runtime/Codeless/UnityEngine.Purchasing.Codeless.asmdef)
ArgumentException: An item with the same key has already been added. Key: 400f2260dd8d285419d1db99999109aa
  at System.Collections.Generic.Dictionary`2[TKey,TValue].TryInsert (TKey key, TValue value, System.Collections.Generic.InsertionBehavior behavior) [0x0015a] in <c5eeda5e65d44b388e164c6c5cfe0702>:0 
  at System.Collections.Generic.Dictionary`2[TKey,TValue].Add (TKey key, TValue value) [0x00000] in <c5eeda5e65d44b388e164c6c5cfe0702>:0 
  at System.Linq.Enumerable.ToDictionary[TSource,TKey,TElement] (TSource[] source, System.Func`2[T,TResult] keySelector, System.Func`2[T,TResult] elementSelector, System.Collections.Generic.IEqualityComparer`1[T] comparer) [0x00029] in <8203c5af529241e2a5cc4b3c5a3dc69a>:0 
  at System.Linq.Enumerable.ToDictionary[TSource,TKey,TElement] (System.Collections.Generic.IEnumerable`1[T] source, System.Func`2[T,TResult] keySelector, System.Func`2[T,TResult] elementSelector, System.Collections.Generic.IEqualityComparer`1[T] comparer) [0x00051] in <8203c5af529241e2a5cc4b3c5a3dc69a>:0 
  at System.Linq.Enumerable.ToDictionary[TSource,TKey,TElement] (System.Collections.Generic.IEnumerable`1[T] source, System.Func`2[T,TResult] keySelector, System.Func`2[T,TResult] elementSelector) [0x00000] in <8203c5af529241e2a5cc4b3c5a3dc69a>:0 
  at UnityEditor.Scripting.ScriptCompilation.AssemblyGraphBuilder.Initialize (System.Collections.Generic.IReadOnlyCollection`1[T] assemblies, System.Collections.Generic.IReadOnlyCollection`1[T] customScriptAssemblyReferences) [0x00046] in /Users/bokken/build/output/unity/unity/Editor/Mono/Scripting/ScriptCompilation/AssemblyGraphBuilder.cs:85 
  at UnityEditor.Scripting.ScriptCompilation.AssemblyGraphBuilderFactory.GetOrCreate (System.String projectPath, System.Collections.Generic.IReadOnlyCollection`1[T] assemblies, System.Collections.Generic.IReadOnlyCollection`1[T] customScriptAssemblyReferences) [0x00038] in /Users/bokken/build/output/unity/unity/Editor/Mono/Scripting/ScriptCompilation/AssemblyGraphBuilderFactory.cs:54 
  at UnityEditor.Scripting.ScriptCompilation.EditorCompilation.GetAssemblyGraphBuilder () [0x00001] in /Users/bokken/build/output/unity/unity/Editor/Mono/Scripting/ScriptCompilation/EditorCompilation.cs:170 
  at UnityEditor.Scripting.ScriptCompilation.EditorCompilation.SetAllScripts (System.String[] allScripts) [0x0000d] in /Users/bokken/build/output/unity/unity/Editor/Mono/Scripting/ScriptCompilation/EditorCompilation.cs:178 
  at UnityEditor.Scripting.ScriptCompilation.EditorCompilationInterface.SetAllScripts (System.String[] allScripts) [0x00001] in /Users/bokken/build/output/unity/unity/Editor/Mono/Scripting/ScriptCompilation/EditorCompilationInterface.cs:79 

(Filename: /Users/bokken/build/output/unity/unity/Editor/Mono/Scripting/ScriptCompilation/AssemblyGraphBuilder.cs Line: 85)

Begin MonoManager ReloadAssembly
[Licensing::Client] Successfully resolved entitlement details
Thread 0x16b97b000 may have been prematurely finalized
Symbol file LoadedFromMemory is not a mono symbol file
- Loaded All Assemblies, in  0.476 seconds
Folder 'Packages/com.unity.purchasing/Runtime/Apple/' contains multiple assembly definition files (Packages/com.unity.purchasing/Runtime/Apple/UnityEngine.Purchasing.Apple.asmdef)
Folder 'Packages/com.unity.purchasing/Runtime/Apple/' contains multiple assembly definition files (Packages/com.unity.purchasing/Runtime/Apple/Unity.Purchasing.Apple.asmdef)
Folder 'Packages/com.unity.purchasing/Runtime/SecurityStub/' contains multiple assembly definition files (Packages/com.unity.purchasing/Runtime/SecurityStub/UnityEngine.Purchasing.SecurityStub.asmdef)
Folder 'Packages/com.unity.purchasing/Runtime/SecurityStub/' contains multiple assembly definition files (Packages/com.unity.purchasing/Runtime/SecurityStub/Unity.Purchasing.SecurityStub.asmdef)
Folder 'Packages/com.unity.purchasing/Runtime/Security/' contains multiple assembly definition files (Packages/com.unity.purchasing/Runtime/Security/Unity.Purchasing.Security.asmdef)
Folder 'Packages/com.unity.purchasing/Runtime/Security/' contains multiple assembly definition files (Packages/com.unity.purchasing/Runtime/Security/UnityEngine.Purchasing.Security.asmdef)
Folder 'Packages/com.unity.purchasing/Runtime/Stores/' contains multiple assembly definition files (Packages/com.unity.purchasing/Runtime/Stores/UnityEngine.Purchasing.Stores.asmdef)
Folder 'Packages/com.unity.purchasing/Runtime/Stores/' contains multiple assembly definition files (Packages/com.unity.purchasing/Runtime/Stores/Unity.Purchasing.Stores.asmdef)
Folder 'Packages/com.unity.purchasing/Runtime/SecurityCore/' contains multiple assembly definition files (Packages/com.unity.purchasing/Runtime/SecurityCore/Unity.Purchasing.SecurityCore.asmdef)
Folder 'Packages/com.unity.purchasing/Runtime/SecurityCore/' contains multiple assembly definition files (Packages/com.unity.purchasing/Runtime/SecurityCore/UnityEngine.Purchasing.SecurityCore.asmdef)
Folder 'Packages/com.unity.purchasing/Runtime/Purchasing/' contains multiple assembly definition files (Packages/com.unity.purchasing/Runtime/Purchasing/UnityEngine.Purchasing.asmdef)
Folder 'Packages/com.unity.purchasing/Runtime/Purchasing/' contains multiple assembly definition files (Packages/com.unity.purchasing/Runtime/Purchasing/Unity.Purchasing.asmdef)
Folder 'Packages/com.unity.purchasing/Runtime/AppleMacosStub/' contains multiple assembly definition files (Packages/com.unity.purchasing/Runtime/AppleMacosStub/UnityEngine.Purchasing.AppleMacosStub.asmdef)
Folder 'Packages/com.unity.purchasing/Runtime/AppleMacosStub/' contains multiple assembly definition files (Packages/com.unity.purchasing/Runtime/AppleMacosStub/Unity.Purchasing.AppleMacosStub.asmdef)
Folder 'Packages/com.unity.purchasing/Runtime/AppleStub/' contains multiple assembly definition files (Packages/com.unity.purchasing/Runtime/AppleStub/Unity.Purchasing.AppleStub.asmdef)
Folder 'Packages/com.unity.purchasing/Runtime/AppleStub/' contains multiple assembly definition files (Packages/com.unity.purchasing/Runtime/AppleStub/UnityEngine.Purchasing.AppleStub.asmdef)
Folder 'Packages/com.unity.purchasing/Runtime/AppleMacos/' contains multiple assembly definition files (Packages/com.unity.purchasing/Runtime/AppleMacos/UnityEngine.Purchasing.AppleMacos.asmdef)
Folder 'Packages/com.unity.purchasing/Runtime/AppleMacos/' contains multiple assembly definition files (Packages/com.unity.purchasing/Runtime/AppleMacos/Unity.Purchasing.AppleMacos.asmdef)
Folder 'Packages/com.unity.purchasing/Runtime/Codeless/' contains multiple assembly definition files (Packages/com.unity.purchasing/Runtime/Codeless/Unity.Purchasing.Codeless.asmdef)
Folder 'Packages/com.unity.purchasing/Runtime/Codeless/' contains multiple assembly definition files (Packages/com.unity.purchasing/Runtime/Codeless/UnityEngine.Purchasing.Codeless.asmdef)
ArgumentException: An item with the same key has already been added. Key: 400f2260dd8d285419d1db99999109aa
  at System.Collections.Generic.Dictionary`2[TKey,TValue].TryInsert (TKey key, TValue value, System.Collections.Generic.InsertionBehavior behavior) [0x0015a] in <c5eeda5e65d44b388e164c6c5cfe0702>:0 
  at System.Collections.Generic.Dictionary`2[TKey,TValue].Add (TKey key, TValue value) [0x00000] in <c5eeda5e65d44b388e164c6c5cfe0702>:0 
  at System.Linq.Enumerable.ToDictionary[TSource,TKey,TElement] (TSource[] source, System.Func`2[T,TResult] keySelector, System.Func`2[T,TResult] elementSelector, System.Collections.Generic.IEqualityComparer`1[T] comparer) [0x00029] in <8203c5af529241e2a5cc4b3c5a3dc69a>:0 
  at System.Linq.Enumerable.ToDictionary[TSource,TKey,TElement] (System.Collections.Generic.IEnumerable`1[T] source, System.Func`2[T,TResult] keySelector, System.Func`2[T,TResult] elementSelector, System.Collections.Generic.IEqualityComparer`1[T] comparer) [0x00051] in <8203c5af529241e2a5cc4b3c5a3dc69a>:0 
  at System.Linq.Enumerable.ToDictionary[TSource,TKey,TElement] (System.Collections.Generic.IEnumerable`1[T] source, System.Func`2[T,TResult] keySelector, System.Func`2[T,TResult] elementSelector) [0x00000] in <8203c5af529241e2a5cc4b3c5a3dc69a>:0 
  at UnityEditor.Scripting.ScriptCompilation.AssemblyGraphBuilder.Initialize (System.Collections.Generic.IReadOnlyCollection`1[T] assemblies, System.Collections.Generic.IReadOnlyCollection`1[T] customScriptAssemblyReferences) [0x00046] in /Users/bokken/build/output/unity/unity/Editor/Mono/Scripting/ScriptCompilation/AssemblyGraphBuilder.cs:85 
  at UnityEditor.Scripting.ScriptCompilation.AssemblyGraphBuilderFactory.GetOrCreate (System.String projectPath, System.Collections.Generic.IReadOnlyCollection`1[T] assemblies, System.Collections.Generic.IReadOnlyCollection`1[T] customScriptAssemblyReferences) [0x00038] in /Users/bokken/build/output/unity/unity/Editor/Mono/Scripting/ScriptCompilation/AssemblyGraphBuilderFactory.cs:54 
  at UnityEditor.Scripting.ScriptCompilation.EditorCompilation.GetAssemblyGraphBuilder () [0x00001] in /Users/bokken/build/output/unity/unity/Editor/Mono/Scripting/ScriptCompilation/EditorCompilation.cs:170 
  at UnityEditor.Scripting.ScriptCompilation.EditorCompilation.SetAllScripts (System.String[] allScripts) [0x0000d] in /Users/bokken/build/output/unity/unity/Editor/Mono/Scripting/ScriptCompilation/EditorCompilation.cs:178 
  at UnityEditor.Scripting.ScriptCompilation.EditorCompilationInterface.SetAllScripts (System.String[] allScripts) [0x00001] in /Users/bokken/build/output/unity/unity/Editor/Mono/Scripting/ScriptCompilation/EditorCompilationInterface.cs:79 

(Filename: /Users/bokken/build/output/unity/unity/Editor/Mono/Scripting/ScriptCompilation/AssemblyGraphBuilder.cs Line: 85)

Refreshing native plugins compatible for Editor in 2.74 ms, found 1 plugins.
Native extension for iOS target not found
Native extension for Android target not found
Native extension for OSXStandalone target not found
Native extension for WebGL target not found
Folder 'Packages/com.unity.purchasing/Runtime/Apple/' contains multiple assembly definition files (Packages/com.unity.purchasing/Runtime/Apple/UnityEngine.Purchasing.Apple.asmdef)
Folder 'Packages/com.unity.purchasing/Runtime/Apple/' contains multiple assembly definition files (Packages/com.unity.purchasing/Runtime/Apple/Unity.Purchasing.Apple.asmdef)
Folder 'Packages/com.unity.purchasing/Runtime/SecurityStub/' contains multiple assembly definition files (Packages/com.unity.purchasing/Runtime/SecurityStub/UnityEngine.Purchasing.SecurityStub.asmdef)
Folder 'Packages/com.unity.purchasing/Runtime/SecurityStub/' contains multiple assembly definition files (Packages/com.unity.purchasing/Runtime/SecurityStub/Unity.Purchasing.SecurityStub.asmdef)
Folder 'Packages/com.unity.purchasing/Runtime/Security/' contains multiple assembly definition files (Packages/com.unity.purchasing/Runtime/Security/Unity.Purchasing.Security.asmdef)
Folder 'Packages/com.unity.purchasing/Runtime/Security/' contains multiple assembly definition files (Packages/com.unity.purchasing/Runtime/Security/UnityEngine.Purchasing.Security.asmdef)
Folder 'Packages/com.unity.purchasing/Runtime/Stores/' contains multiple assembly definition files (Packages/com.unity.purchasing/Runtime/Stores/UnityEngine.Purchasing.Stores.asmdef)
Folder 'Packages/com.unity.purchasing/Runtime/Stores/' contains multiple assembly definition files (Packages/com.unity.purchasing/Runtime/Stores/Unity.Purchasing.Stores.asmdef)
Folder 'Packages/com.unity.purchasing/Runtime/SecurityCore/' contains multiple assembly definition files (Packages/com.unity.purchasing/Runtime/SecurityCore/Unity.Purchasing.SecurityCore.asmdef)
Folder 'Packages/com.unity.purchasing/Runtime/SecurityCore/' contains multiple assembly definition files (Packages/com.unity.purchasing/Runtime/SecurityCore/UnityEngine.Purchasing.SecurityCore.asmdef)
Folder 'Packages/com.unity.purchasing/Runtime/Purchasing/' contains multiple assembly definition files (Packages/com.unity.purchasing/Runtime/Purchasing/UnityEngine.Purchasing.asmdef)
Folder 'Packages/com.unity.purchasing/Runtime/Purchasing/' contains multiple assembly definition files (Packages/com.unity.purchasing/Runtime/Purchasing/Unity.Purchasing.asmdef)
Folder 'Packages/com.unity.purchasing/Runtime/AppleMacosStub/' contains multiple assembly definition files (Packages/com.unity.purchasing/Runtime/AppleMacosStub/UnityEngine.Purchasing.AppleMacosStub.asmdef)
Folder 'Packages/com.unity.purchasing/Runtime/AppleMacosStub/' contains multiple assembly definition files (Packages/com.unity.purchasing/Runtime/AppleMacosStub/Unity.Purchasing.AppleMacosStub.asmdef)
Folder 'Packages/com.unity.purchasing/Runtime/AppleStub/' contains multiple assembly definition files (Packages/com.unity.purchasing/Runtime/AppleStub/Unity.Purchasing.AppleStub.asmdef)
Folder 'Packages/com.unity.purchasing/Runtime/AppleStub/' contains multiple assembly definition files (Packages/com.unity.purchasing/Runtime/AppleStub/UnityEngine.Purchasing.AppleStub.asmdef)
Folder 'Packages/com.unity.purchasing/Runtime/AppleMacos/' contains multiple assembly definition files (Packages/com.unity.purchasing/Runtime/AppleMacos/UnityEngine.Purchasing.AppleMacos.asmdef)
Folder 'Packages/com.unity.purchasing/Runtime/AppleMacos/' contains multiple assembly definition files (Packages/com.unity.purchasing/Runtime/AppleMacos/Unity.Purchasing.AppleMacos.asmdef)
Folder 'Packages/com.unity.purchasing/Runtime/Codeless/' contains multiple assembly definition files (Packages/com.unity.purchasing/Runtime/Codeless/Unity.Purchasing.Codeless.asmdef)
Folder 'Packages/com.unity.purchasing/Runtime/Codeless/' contains multiple assembly definition files (Packages/com.unity.purchasing/Runtime/Codeless/UnityEngine.Purchasing.Codeless.asmdef)
ArgumentException: An item with the same key has already been added. Key: 400f2260dd8d285419d1db99999109aa
  at System.Collections.Generic.Dictionary`2[TKey,TValue].TryInsert (TKey key, TValue value, System.Collections.Generic.InsertionBehavior behavior) [0x0015a] in <c5eeda5e65d44b388e164c6c5cfe0702>:0 
  at System.Collections.Generic.Dictionary`2[TKey,TValue].Add (TKey key, TValue value) [0x00000] in <c5eeda5e65d44b388e164c6c5cfe0702>:0 
  at System.Linq.Enumerable.ToDictionary[TSource,TKey,TElement] (TSource[] source, System.Func`2[T,TResult] keySelector, System.Func`2[T,TResult] elementSelector, System.Collections.Generic.IEqualityComparer`1[T] comparer) [0x00029] in <8203c5af529241e2a5cc4b3c5a3dc69a>:0 
  at System.Linq.Enumerable.ToDictionary[TSource,TKey,TElement] (System.Collections.Generic.IEnumerable`1[T] source, System.Func`2[T,TResult] keySelector, System.Func`2[T,TResult] elementSelector, System.Collections.Generic.IEqualityComparer`1[T] comparer) [0x00051] in <8203c5af529241e2a5cc4b3c5a3dc69a>:0 
  at System.Linq.Enumerable.ToDictionary[TSource,TKey,TElement] (System.Collections.Generic.IEnumerable`1[T] source, System.Func`2[T,TResult] keySelector, System.Func`2[T,TResult] elementSelector) [0x00000] in <8203c5af529241e2a5cc4b3c5a3dc69a>:0 
  at UnityEditor.Scripting.ScriptCompilation.AssemblyGraphBuilder.Initialize (System.Collections.Generic.IReadOnlyCollection`1[T] assemblies, System.Collections.Generic.IReadOnlyCollection`1[T] customScriptAssemblyReferences) [0x00046] in /Users/bokken/build/output/unity/unity/Editor/Mono/Scripting/ScriptCompilation/AssemblyGraphBuilder.cs:85 
  at UnityEditor.Scripting.ScriptCompilation.AssemblyGraphBuilderFactory.GetOrCreate (System.String projectPath, System.Collections.Generic.IReadOnlyCollection`1[T] assemblies, System.Collections.Generic.IReadOnlyCollection`1[T] customScriptAssemblyReferences) [0x00038] in /Users/bokken/build/output/unity/unity/Editor/Mono/Scripting/ScriptCompilation/AssemblyGraphBuilderFactory.cs:54 
  at UnityEditor.Scripting.ScriptCompilation.EditorCompilation.GetAssemblyGraphBuilder () [0x00001] in /Users/bokken/build/output/unity/unity/Editor/Mono/Scripting/ScriptCompilation/EditorCompilation.cs:170 
  at UnityEditor.Scripting.ScriptCompilation.EditorCompilation.SetAllScripts (System.String[] allScripts) [0x0000d] in /Users/bokken/build/output/unity/unity/Editor/Mono/Scripting/ScriptCompilation/EditorCompilation.cs:178 
  at UnityEditor.Scripting.ScriptCompilation.EditorCompilationInterface.SetAllScripts (System.String[] allScripts) [0x00001] in /Users/bokken/build/output/unity/unity/Editor/Mono/Scripting/ScriptCompilation/EditorCompilationInterface.cs:79 

(Filename: /Users/bokken/build/output/unity/unity/Editor/Mono/Scripting/ScriptCompilation/AssemblyGraphBuilder.cs Line: 85)

Refreshing native plugins compatible for Editor in 2.84 ms, found 1 plugins.
[Package Manager] Failed to launch server process. Reason: Unity was launched with the -noUpm command-line argument
[Package Manager] Unable to send message (not connected to server process).
[Package Manager] Cannot connect to Unity Package Manager local server
ScheduleIndexationOnStartup MainProcess:False IndexOnStartup:True
Mono: successfully reloaded assembly
- Finished resetting the current domain, in  1.010 seconds
Domain Reload Profiling: 1488ms
	BeginReloadAssembly (111ms)
		ExecutionOrderSort (0ms)
		DisableScriptedObjects (3ms)
		BackupInstance (0ms)
		ReleaseScriptingObjects (0ms)
		CreateAndSetChildDomain (38ms)
	RebuildCommonClasses (25ms)
	RebuildNativeTypeToScriptingClass (10ms)
	initialDomainReloadingComplete (15ms)
	LoadAllAssembliesAndSetupDomain (317ms)
		LoadAssemblies (223ms)
		RebuildTransferFunctionScriptingTraits (0ms)
		AnalyzeDomain (125ms)
			TypeCache.Refresh (8ms)
				TypeCache.ScanAssembly (0ms)
			BuildScriptInfoCaches (111ms)
			ResolveRequiredComponents (3ms)
	FinalizeReload (1010ms)
		ReleaseScriptCaches (0ms)
		RebuildScriptCaches (0ms)
		SetupLoadedEditorAssemblies (907ms)
			LogAssemblyErrors (0ms)
			InitializePlatformSupportModulesInManaged (15ms)
			SetLoadedEditorAssemblies (4ms)
			BeforeProcessingInitializeOnLoad (107ms)
			ProcessInitializeOnLoadAttributes (717ms)
			ProcessInitializeOnLoadMethodAttributes (63ms)
			AfterProcessingInitializeOnLoad (1ms)
			EditorAssembliesLoaded (0ms)
		ExecutionOrderSort2 (0ms)
		AwakeInstancesAfterBackupRestoration (4ms)
Refreshing native plugins compatible for Editor in 3.29 ms, found 1 plugins.
Preloading 0 native plugins for Editor in 0.00 ms.
Unloading 29 Unused Serialized files (Serialized files now loaded: 0)
Unloading 6234 unused Assets / (4.4 MB). Loaded Objects now: 6935.
Memory consumption went from 142.2 MB to 137.8 MB.
Total: 22.167958 ms (FindLiveObjects: 0.298500 ms CreateObjectMapping: 0.198125 ms MarkObjects: 20.185375 ms  DeleteObjects: 1.485542 ms)

Prepare: number of updated asset objects reloaded= 0
========================================================================
Received Prepare
[Licensing::Client] Successfully resolved entitlement details
Folder 'Packages/com.unity.purchasing/Runtime/Apple/' contains multiple assembly definition files (Packages/com.unity.purchasing/Runtime/Apple/UnityEngine.Purchasing.Apple.asmdef)
Folder 'Packages/com.unity.purchasing/Runtime/Apple/' contains multiple assembly definition files (Packages/com.unity.purchasing/Runtime/Apple/Unity.Purchasing.Apple.asmdef)
Folder 'Packages/com.unity.purchasing/Runtime/SecurityStub/' contains multiple assembly definition files (Packages/com.unity.purchasing/Runtime/SecurityStub/UnityEngine.Purchasing.SecurityStub.asmdef)
Folder 'Packages/com.unity.purchasing/Runtime/SecurityStub/' contains multiple assembly definition files (Packages/com.unity.purchasing/Runtime/SecurityStub/Unity.Purchasing.SecurityStub.asmdef)
Folder 'Packages/com.unity.purchasing/Runtime/Security/' contains multiple assembly definition files (Packages/com.unity.purchasing/Runtime/Security/Unity.Purchasing.Security.asmdef)
Folder 'Packages/com.unity.purchasing/Runtime/Security/' contains multiple assembly definition files (Packages/com.unity.purchasing/Runtime/Security/UnityEngine.Purchasing.Security.asmdef)
Folder 'Packages/com.unity.purchasing/Runtime/Stores/' contains multiple assembly definition files (Packages/com.unity.purchasing/Runtime/Stores/UnityEngine.Purchasing.Stores.asmdef)
Folder 'Packages/com.unity.purchasing/Runtime/Stores/' contains multiple assembly definition files (Packages/com.unity.purchasing/Runtime/Stores/Unity.Purchasing.Stores.asmdef)
Folder 'Packages/com.unity.purchasing/Runtime/SecurityCore/' contains multiple assembly definition files (Packages/com.unity.purchasing/Runtime/SecurityCore/Unity.Purchasing.SecurityCore.asmdef)
Folder 'Packages/com.unity.purchasing/Runtime/SecurityCore/' contains multiple assembly definition files (Packages/com.unity.purchasing/Runtime/SecurityCore/UnityEngine.Purchasing.SecurityCore.asmdef)
Folder 'Packages/com.unity.purchasing/Runtime/Purchasing/' contains multiple assembly definition files (Packages/com.unity.purchasing/Runtime/Purchasing/UnityEngine.Purchasing.asmdef)
Folder 'Packages/com.unity.purchasing/Runtime/Purchasing/' contains multiple assembly definition files (Packages/com.unity.purchasing/Runtime/Purchasing/Unity.Purchasing.asmdef)
Folder 'Packages/com.unity.purchasing/Runtime/AppleMacosStub/' contains multiple assembly definition files (Packages/com.unity.purchasing/Runtime/AppleMacosStub/UnityEngine.Purchasing.AppleMacosStub.asmdef)
Folder 'Packages/com.unity.purchasing/Runtime/AppleMacosStub/' contains multiple assembly definition files (Packages/com.unity.purchasing/Runtime/AppleMacosStub/Unity.Purchasing.AppleMacosStub.asmdef)
Folder 'Packages/com.unity.purchasing/Runtime/AppleStub/' contains multiple assembly definition files (Packages/com.unity.purchasing/Runtime/AppleStub/Unity.Purchasing.AppleStub.asmdef)
Folder 'Packages/com.unity.purchasing/Runtime/AppleStub/' contains multiple assembly definition files (Packages/com.unity.purchasing/Runtime/AppleStub/UnityEngine.Purchasing.AppleStub.asmdef)
Folder 'Packages/com.unity.purchasing/Runtime/AppleMacos/' contains multiple assembly definition files (Packages/com.unity.purchasing/Runtime/AppleMacos/UnityEngine.Purchasing.AppleMacos.asmdef)
Folder 'Packages/com.unity.purchasing/Runtime/AppleMacos/' contains multiple assembly definition files (Packages/com.unity.purchasing/Runtime/AppleMacos/Unity.Purchasing.AppleMacos.asmdef)
Folder 'Packages/com.unity.purchasing/Runtime/Codeless/' contains multiple assembly definition files (Packages/com.unity.purchasing/Runtime/Codeless/Unity.Purchasing.Codeless.asmdef)
Folder 'Packages/com.unity.purchasing/Runtime/Codeless/' contains multiple assembly definition files (Packages/com.unity.purchasing/Runtime/Codeless/UnityEngine.Purchasing.Codeless.asmdef)
ArgumentException: An item with the same key has already been added. Key: 400f2260dd8d285419d1db99999109aa
  at System.Collections.Generic.Dictionary`2[TKey,TValue].TryInsert (TKey key, TValue value, System.Collections.Generic.InsertionBehavior behavior) [0x0015a] in <c5eeda5e65d44b388e164c6c5cfe0702>:0 
  at System.Collections.Generic.Dictionary`2[TKey,TValue].Add (TKey key, TValue value) [0x00000] in <c5eeda5e65d44b388e164c6c5cfe0702>:0 
  at System.Linq.Enumerable.ToDictionary[TSource,TKey,TElement] (TSource[] source, System.Func`2[T,TResult] keySelector, System.Func`2[T,TResult] elementSelector, System.Collections.Generic.IEqualityComparer`1[T] comparer) [0x00029] in <8203c5af529241e2a5cc4b3c5a3dc69a>:0 
  at System.Linq.Enumerable.ToDictionary[TSource,TKey,TElement] (System.Collections.Generic.IEnumerable`1[T] source, System.Func`2[T,TResult] keySelector, System.Func`2[T,TResult] elementSelector, System.Collections.Generic.IEqualityComparer`1[T] comparer) [0x00051] in <8203c5af529241e2a5cc4b3c5a3dc69a>:0 
  at System.Linq.Enumerable.ToDictionary[TSource,TKey,TElement] (System.Collections.Generic.IEnumerable`1[T] source, System.Func`2[T,TResult] keySelector, System.Func`2[T,TResult] elementSelector) [0x00000] in <8203c5af529241e2a5cc4b3c5a3dc69a>:0 
  at UnityEditor.Scripting.ScriptCompilation.AssemblyGraphBuilder.Initialize (System.Collections.Generic.IReadOnlyCollection`1[T] assemblies, System.Collections.Generic.IReadOnlyCollection`1[T] customScriptAssemblyReferences) [0x00046] in /Users/bokken/build/output/unity/unity/Editor/Mono/Scripting/ScriptCompilation/AssemblyGraphBuilder.cs:85 
  at UnityEditor.Scripting.ScriptCompilation.AssemblyGraphBuilderFactory.GetOrCreate (System.String projectPath, System.Collections.Generic.IReadOnlyCollection`1[T] assemblies, System.Collections.Generic.IReadOnlyCollection`1[T] customScriptAssemblyReferences) [0x00038] in /Users/bokken/build/output/unity/unity/Editor/Mono/Scripting/ScriptCompilation/AssemblyGraphBuilderFactory.cs:54 
  at UnityEditor.Scripting.ScriptCompilation.EditorCompilation.GetAssemblyGraphBuilder () [0x00001] in /Users/bokken/build/output/unity/unity/Editor/Mono/Scripting/ScriptCompilation/EditorCompilation.cs:170 
  at UnityEditor.Scripting.ScriptCompilation.EditorCompilation.SetAllScripts (System.String[] allScripts) [0x0000d] in /Users/bokken/build/output/unity/unity/Editor/Mono/Scripting/ScriptCompilation/EditorCompilation.cs:178 
  at UnityEditor.Scripting.ScriptCompilation.EditorCompilationInterface.SetAllScripts (System.String[] allScripts) [0x00001] in /Users/bokken/build/output/unity/unity/Editor/Mono/Scripting/ScriptCompilation/EditorCompilationInterface.cs:79 

(Filename: /Users/bokken/build/output/unity/unity/Editor/Mono/Scripting/ScriptCompilation/AssemblyGraphBuilder.cs Line: 85)

Folder 'Packages/com.unity.purchasing/Runtime/Apple/' contains multiple assembly definition files (Packages/com.unity.purchasing/Runtime/Apple/UnityEngine.Purchasing.Apple.asmdef)
Folder 'Packages/com.unity.purchasing/Runtime/Apple/' contains multiple assembly definition files (Packages/com.unity.purchasing/Runtime/Apple/Unity.Purchasing.Apple.asmdef)
Folder 'Packages/com.unity.purchasing/Runtime/SecurityStub/' contains multiple assembly definition files (Packages/com.unity.purchasing/Runtime/SecurityStub/UnityEngine.Purchasing.SecurityStub.asmdef)
Folder 'Packages/com.unity.purchasing/Runtime/SecurityStub/' contains multiple assembly definition files (Packages/com.unity.purchasing/Runtime/SecurityStub/Unity.Purchasing.SecurityStub.asmdef)
Folder 'Packages/com.unity.purchasing/Runtime/Security/' contains multiple assembly definition files (Packages/com.unity.purchasing/Runtime/Security/Unity.Purchasing.Security.asmdef)
Folder 'Packages/com.unity.purchasing/Runtime/Security/' contains multiple assembly definition files (Packages/com.unity.purchasing/Runtime/Security/UnityEngine.Purchasing.Security.asmdef)
Folder 'Packages/com.unity.purchasing/Runtime/Stores/' contains multiple assembly definition files (Packages/com.unity.purchasing/Runtime/Stores/UnityEngine.Purchasing.Stores.asmdef)
Folder 'Packages/com.unity.purchasing/Runtime/Stores/' contains multiple assembly definition files (Packages/com.unity.purchasing/Runtime/Stores/Unity.Purchasing.Stores.asmdef)
Folder 'Packages/com.unity.purchasing/Runtime/SecurityCore/' contains multiple assembly definition files (Packages/com.unity.purchasing/Runtime/SecurityCore/Unity.Purchasing.SecurityCore.asmdef)
Folder 'Packages/com.unity.purchasing/Runtime/SecurityCore/' contains multiple assembly definition files (Packages/com.unity.purchasing/Runtime/SecurityCore/UnityEngine.Purchasing.SecurityCore.asmdef)
Folder 'Packages/com.unity.purchasing/Runtime/Purchasing/' contains multiple assembly definition files (Packages/com.unity.purchasing/Runtime/Purchasing/UnityEngine.Purchasing.asmdef)
Folder 'Packages/com.unity.purchasing/Runtime/Purchasing/' contains multiple assembly definition files (Packages/com.unity.purchasing/Runtime/Purchasing/Unity.Purchasing.asmdef)
Folder 'Packages/com.unity.purchasing/Runtime/AppleMacosStub/' contains multiple assembly definition files (Packages/com.unity.purchasing/Runtime/AppleMacosStub/UnityEngine.Purchasing.AppleMacosStub.asmdef)
Folder 'Packages/com.unity.purchasing/Runtime/AppleMacosStub/' contains multiple assembly definition files (Packages/com.unity.purchasing/Runtime/AppleMacosStub/Unity.Purchasing.AppleMacosStub.asmdef)
Folder 'Packages/com.unity.purchasing/Runtime/AppleStub/' contains multiple assembly definition files (Packages/com.unity.purchasing/Runtime/AppleStub/Unity.Purchasing.AppleStub.asmdef)
Folder 'Packages/com.unity.purchasing/Runtime/AppleStub/' contains multiple assembly definition files (Packages/com.unity.purchasing/Runtime/AppleStub/UnityEngine.Purchasing.AppleStub.asmdef)
Folder 'Packages/com.unity.purchasing/Runtime/AppleMacos/' contains multiple assembly definition files (Packages/com.unity.purchasing/Runtime/AppleMacos/UnityEngine.Purchasing.AppleMacos.asmdef)
Folder 'Packages/com.unity.purchasing/Runtime/AppleMacos/' contains multiple assembly definition files (Packages/com.unity.purchasing/Runtime/AppleMacos/Unity.Purchasing.AppleMacos.asmdef)
Folder 'Packages/com.unity.purchasing/Runtime/Codeless/' contains multiple assembly definition files (Packages/com.unity.purchasing/Runtime/Codeless/Unity.Purchasing.Codeless.asmdef)
Folder 'Packages/com.unity.purchasing/Runtime/Codeless/' contains multiple assembly definition files (Packages/com.unity.purchasing/Runtime/Codeless/UnityEngine.Purchasing.Codeless.asmdef)
ArgumentException: An item with the same key has already been added. Key: 400f2260dd8d285419d1db99999109aa
  at System.Collections.Generic.Dictionary`2[TKey,TValue].TryInsert (TKey key, TValue value, System.Collections.Generic.InsertionBehavior behavior) [0x0015a] in <c5eeda5e65d44b388e164c6c5cfe0702>:0 
  at System.Collections.Generic.Dictionary`2[TKey,TValue].Add (TKey key, TValue value) [0x00000] in <c5eeda5e65d44b388e164c6c5cfe0702>:0 
  at System.Linq.Enumerable.ToDictionary[TSource,TKey,TElement] (TSource[] source, System.Func`2[T,TResult] keySelector, System.Func`2[T,TResult] elementSelector, System.Collections.Generic.IEqualityComparer`1[T] comparer) [0x00029] in <8203c5af529241e2a5cc4b3c5a3dc69a>:0 
  at System.Linq.Enumerable.ToDictionary[TSource,TKey,TElement] (System.Collections.Generic.IEnumerable`1[T] source, System.Func`2[T,TResult] keySelector, System.Func`2[T,TResult] elementSelector, System.Collections.Generic.IEqualityComparer`1[T] comparer) [0x00051] in <8203c5af529241e2a5cc4b3c5a3dc69a>:0 
  at System.Linq.Enumerable.ToDictionary[TSource,TKey,TElement] (System.Collections.Generic.IEnumerable`1[T] source, System.Func`2[T,TResult] keySelector, System.Func`2[T,TResult] elementSelector) [0x00000] in <8203c5af529241e2a5cc4b3c5a3dc69a>:0 
  at UnityEditor.Scripting.ScriptCompilation.AssemblyGraphBuilder.Initialize (System.Collections.Generic.IReadOnlyCollection`1[T] assemblies, System.Collections.Generic.IReadOnlyCollection`1[T] customScriptAssemblyReferences) [0x00046] in /Users/bokken/build/output/unity/unity/Editor/Mono/Scripting/ScriptCompilation/AssemblyGraphBuilder.cs:85 
  at UnityEditor.Scripting.ScriptCompilation.AssemblyGraphBuilderFactory.GetOrCreate (System.String projectPath, System.Collections.Generic.IReadOnlyCollection`1[T] assemblies, System.Collections.Generic.IReadOnlyCollection`1[T] customScriptAssemblyReferences) [0x00038] in /Users/bokken/build/output/unity/unity/Editor/Mono/Scripting/ScriptCompilation/AssemblyGraphBuilderFactory.cs:54 
  at UnityEditor.Scripting.ScriptCompilation.EditorCompilation.GetAssemblyGraphBuilder () [0x00001] in /Users/bokken/build/output/unity/unity/Editor/Mono/Scripting/ScriptCompilation/EditorCompilation.cs:170 
  at UnityEditor.Scripting.ScriptCompilation.EditorCompilation.SetAllScripts (System.String[] allScripts) [0x0000d] in /Users/bokken/build/output/unity/unity/Editor/Mono/Scripting/ScriptCompilation/EditorCompilation.cs:178 
  at UnityEditor.Scripting.ScriptCompilation.EditorCompilationInterface.SetAllScripts (System.String[] allScripts) [0x00001] in /Users/bokken/build/output/unity/unity/Editor/Mono/Scripting/ScriptCompilation/EditorCompilationInterface.cs:79 

(Filename: /Users/bokken/build/output/unity/unity/Editor/Mono/Scripting/ScriptCompilation/AssemblyGraphBuilder.cs Line: 85)

Begin MonoManager ReloadAssembly
[Licensing::Client] Successfully resolved entitlement details
Thread 0x16b97b000 may have been prematurely finalized
Symbol file LoadedFromMemory is not a mono symbol file
- Loaded All Assemblies, in  0.494 seconds
Folder 'Packages/com.unity.purchasing/Runtime/Apple/' contains multiple assembly definition files (Packages/com.unity.purchasing/Runtime/Apple/UnityEngine.Purchasing.Apple.asmdef)
Folder 'Packages/com.unity.purchasing/Runtime/Apple/' contains multiple assembly definition files (Packages/com.unity.purchasing/Runtime/Apple/Unity.Purchasing.Apple.asmdef)
Folder 'Packages/com.unity.purchasing/Runtime/SecurityStub/' contains multiple assembly definition files (Packages/com.unity.purchasing/Runtime/SecurityStub/UnityEngine.Purchasing.SecurityStub.asmdef)
Folder 'Packages/com.unity.purchasing/Runtime/SecurityStub/' contains multiple assembly definition files (Packages/com.unity.purchasing/Runtime/SecurityStub/Unity.Purchasing.SecurityStub.asmdef)
Folder 'Packages/com.unity.purchasing/Runtime/Security/' contains multiple assembly definition files (Packages/com.unity.purchasing/Runtime/Security/Unity.Purchasing.Security.asmdef)
Folder 'Packages/com.unity.purchasing/Runtime/Security/' contains multiple assembly definition files (Packages/com.unity.purchasing/Runtime/Security/UnityEngine.Purchasing.Security.asmdef)
Folder 'Packages/com.unity.purchasing/Runtime/Stores/' contains multiple assembly definition files (Packages/com.unity.purchasing/Runtime/Stores/UnityEngine.Purchasing.Stores.asmdef)
Folder 'Packages/com.unity.purchasing/Runtime/Stores/' contains multiple assembly definition files (Packages/com.unity.purchasing/Runtime/Stores/Unity.Purchasing.Stores.asmdef)
Folder 'Packages/com.unity.purchasing/Runtime/SecurityCore/' contains multiple assembly definition files (Packages/com.unity.purchasing/Runtime/SecurityCore/Unity.Purchasing.SecurityCore.asmdef)
Folder 'Packages/com.unity.purchasing/Runtime/SecurityCore/' contains multiple assembly definition files (Packages/com.unity.purchasing/Runtime/SecurityCore/UnityEngine.Purchasing.SecurityCore.asmdef)
Folder 'Packages/com.unity.purchasing/Runtime/Purchasing/' contains multiple assembly definition files (Packages/com.unity.purchasing/Runtime/Purchasing/UnityEngine.Purchasing.asmdef)
Folder 'Packages/com.unity.purchasing/Runtime/Purchasing/' contains multiple assembly definition files (Packages/com.unity.purchasing/Runtime/Purchasing/Unity.Purchasing.asmdef)
Folder 'Packages/com.unity.purchasing/Runtime/AppleMacosStub/' contains multiple assembly definition files (Packages/com.unity.purchasing/Runtime/AppleMacosStub/UnityEngine.Purchasing.AppleMacosStub.asmdef)
Folder 'Packages/com.unity.purchasing/Runtime/AppleMacosStub/' contains multiple assembly definition files (Packages/com.unity.purchasing/Runtime/AppleMacosStub/Unity.Purchasing.AppleMacosStub.asmdef)
Folder 'Packages/com.unity.purchasing/Runtime/AppleStub/' contains multiple assembly definition files (Packages/com.unity.purchasing/Runtime/AppleStub/Unity.Purchasing.AppleStub.asmdef)
Folder 'Packages/com.unity.purchasing/Runtime/AppleStub/' contains multiple assembly definition files (Packages/com.unity.purchasing/Runtime/AppleStub/UnityEngine.Purchasing.AppleStub.asmdef)
Folder 'Packages/com.unity.purchasing/Runtime/AppleMacos/' contains multiple assembly definition files (Packages/com.unity.purchasing/Runtime/AppleMacos/UnityEngine.Purchasing.AppleMacos.asmdef)
Folder 'Packages/com.unity.purchasing/Runtime/AppleMacos/' contains multiple assembly definition files (Packages/com.unity.purchasing/Runtime/AppleMacos/Unity.Purchasing.AppleMacos.asmdef)
Folder 'Packages/com.unity.purchasing/Runtime/Codeless/' contains multiple assembly definition files (Packages/com.unity.purchasing/Runtime/Codeless/Unity.Purchasing.Codeless.asmdef)
Folder 'Packages/com.unity.purchasing/Runtime/Codeless/' contains multiple assembly definition files (Packages/com.unity.purchasing/Runtime/Codeless/UnityEngine.Purchasing.Codeless.asmdef)
ArgumentException: An item with the same key has already been added. Key: 400f2260dd8d285419d1db99999109aa
  at System.Collections.Generic.Dictionary`2[TKey,TValue].TryInsert (TKey key, TValue value, System.Collections.Generic.InsertionBehavior behavior) [0x0015a] in <c5eeda5e65d44b388e164c6c5cfe0702>:0 
  at System.Collections.Generic.Dictionary`2[TKey,TValue].Add (TKey key, TValue value) [0x00000] in <c5eeda5e65d44b388e164c6c5cfe0702>:0 
  at System.Linq.Enumerable.ToDictionary[TSource,TKey,TElement] (TSource[] source, System.Func`2[T,TResult] keySelector, System.Func`2[T,TResult] elementSelector, System.Collections.Generic.IEqualityComparer`1[T] comparer) [0x00029] in <8203c5af529241e2a5cc4b3c5a3dc69a>:0 
  at System.Linq.Enumerable.ToDictionary[TSource,TKey,TElement] (System.Collections.Generic.IEnumerable`1[T] source, System.Func`2[T,TResult] keySelector, System.Func`2[T,TResult] elementSelector, System.Collections.Generic.IEqualityComparer`1[T] comparer) [0x00051] in <8203c5af529241e2a5cc4b3c5a3dc69a>:0 
  at System.Linq.Enumerable.ToDictionary[TSource,TKey,TElement] (System.Collections.Generic.IEnumerable`1[T] source, System.Func`2[T,TResult] keySelector, System.Func`2[T,TResult] elementSelector) [0x00000] in <8203c5af529241e2a5cc4b3c5a3dc69a>:0 
  at UnityEditor.Scripting.ScriptCompilation.AssemblyGraphBuilder.Initialize (System.Collections.Generic.IReadOnlyCollection`1[T] assemblies, System.Collections.Generic.IReadOnlyCollection`1[T] customScriptAssemblyReferences) [0x00046] in /Users/bokken/build/output/unity/unity/Editor/Mono/Scripting/ScriptCompilation/AssemblyGraphBuilder.cs:85 
  at UnityEditor.Scripting.ScriptCompilation.AssemblyGraphBuilderFactory.GetOrCreate (System.String projectPath, System.Collections.Generic.IReadOnlyCollection`1[T] assemblies, System.Collections.Generic.IReadOnlyCollection`1[T] customScriptAssemblyReferences) [0x00038] in /Users/bokken/build/output/unity/unity/Editor/Mono/Scripting/ScriptCompilation/AssemblyGraphBuilderFactory.cs:54 
  at UnityEditor.Scripting.ScriptCompilation.EditorCompilation.GetAssemblyGraphBuilder () [0x00001] in /Users/bokken/build/output/unity/unity/Editor/Mono/Scripting/ScriptCompilation/EditorCompilation.cs:170 
  at UnityEditor.Scripting.ScriptCompilation.EditorCompilation.SetAllScripts (System.String[] allScripts) [0x0000d] in /Users/bokken/build/output/unity/unity/Editor/Mono/Scripting/ScriptCompilation/EditorCompilation.cs:178 
  at UnityEditor.Scripting.ScriptCompilation.EditorCompilationInterface.SetAllScripts (System.String[] allScripts) [0x00001] in /Users/bokken/build/output/unity/unity/Editor/Mono/Scripting/ScriptCompilation/EditorCompilationInterface.cs:79 

(Filename: /Users/bokken/build/output/unity/unity/Editor/Mono/Scripting/ScriptCompilation/AssemblyGraphBuilder.cs Line: 85)

Refreshing native plugins compatible for Editor in 2.70 ms, found 1 plugins.
Native extension for iOS target not found
Native extension for Android target not found
Native extension for OSXStandalone target not found
Native extension for WebGL target not found
Folder 'Packages/com.unity.purchasing/Runtime/Apple/' contains multiple assembly definition files (Packages/com.unity.purchasing/Runtime/Apple/UnityEngine.Purchasing.Apple.asmdef)
Folder 'Packages/com.unity.purchasing/Runtime/Apple/' contains multiple assembly definition files (Packages/com.unity.purchasing/Runtime/Apple/Unity.Purchasing.Apple.asmdef)
Folder 'Packages/com.unity.purchasing/Runtime/SecurityStub/' contains multiple assembly definition files (Packages/com.unity.purchasing/Runtime/SecurityStub/UnityEngine.Purchasing.SecurityStub.asmdef)
Folder 'Packages/com.unity.purchasing/Runtime/SecurityStub/' contains multiple assembly definition files (Packages/com.unity.purchasing/Runtime/SecurityStub/Unity.Purchasing.SecurityStub.asmdef)
Folder 'Packages/com.unity.purchasing/Runtime/Security/' contains multiple assembly definition files (Packages/com.unity.purchasing/Runtime/Security/Unity.Purchasing.Security.asmdef)
Folder 'Packages/com.unity.purchasing/Runtime/Security/' contains multiple assembly definition files (Packages/com.unity.purchasing/Runtime/Security/UnityEngine.Purchasing.Security.asmdef)
Folder 'Packages/com.unity.purchasing/Runtime/Stores/' contains multiple assembly definition files (Packages/com.unity.purchasing/Runtime/Stores/UnityEngine.Purchasing.Stores.asmdef)
Folder 'Packages/com.unity.purchasing/Runtime/Stores/' contains multiple assembly definition files (Packages/com.unity.purchasing/Runtime/Stores/Unity.Purchasing.Stores.asmdef)
Folder 'Packages/com.unity.purchasing/Runtime/SecurityCore/' contains multiple assembly definition files (Packages/com.unity.purchasing/Runtime/SecurityCore/Unity.Purchasing.SecurityCore.asmdef)
Folder 'Packages/com.unity.purchasing/Runtime/SecurityCore/' contains multiple assembly definition files (Packages/com.unity.purchasing/Runtime/SecurityCore/UnityEngine.Purchasing.SecurityCore.asmdef)
Folder 'Packages/com.unity.purchasing/Runtime/Purchasing/' contains multiple assembly definition files (Packages/com.unity.purchasing/Runtime/Purchasing/UnityEngine.Purchasing.asmdef)
Folder 'Packages/com.unity.purchasing/Runtime/Purchasing/' contains multiple assembly definition files (Packages/com.unity.purchasing/Runtime/Purchasing/Unity.Purchasing.asmdef)
Folder 'Packages/com.unity.purchasing/Runtime/AppleMacosStub/' contains multiple assembly definition files (Packages/com.unity.purchasing/Runtime/AppleMacosStub/UnityEngine.Purchasing.AppleMacosStub.asmdef)
Folder 'Packages/com.unity.purchasing/Runtime/AppleMacosStub/' contains multiple assembly definition files (Packages/com.unity.purchasing/Runtime/AppleMacosStub/Unity.Purchasing.AppleMacosStub.asmdef)
Folder 'Packages/com.unity.purchasing/Runtime/AppleStub/' contains multiple assembly definition files (Packages/com.unity.purchasing/Runtime/AppleStub/Unity.Purchasing.AppleStub.asmdef)
Folder 'Packages/com.unity.purchasing/Runtime/AppleStub/' contains multiple assembly definition files (Packages/com.unity.purchasing/Runtime/AppleStub/UnityEngine.Purchasing.AppleStub.asmdef)
Folder 'Packages/com.unity.purchasing/Runtime/AppleMacos/' contains multiple assembly definition files (Packages/com.unity.purchasing/Runtime/AppleMacos/UnityEngine.Purchasing.AppleMacos.asmdef)
Folder 'Packages/com.unity.purchasing/Runtime/AppleMacos/' contains multiple assembly definition files (Packages/com.unity.purchasing/Runtime/AppleMacos/Unity.Purchasing.AppleMacos.asmdef)
Folder 'Packages/com.unity.purchasing/Runtime/Codeless/' contains multiple assembly definition files (Packages/com.unity.purchasing/Runtime/Codeless/Unity.Purchasing.Codeless.asmdef)
Folder 'Packages/com.unity.purchasing/Runtime/Codeless/' contains multiple assembly definition files (Packages/com.unity.purchasing/Runtime/Codeless/UnityEngine.Purchasing.Codeless.asmdef)
ArgumentException: An item with the same key has already been added. Key: 400f2260dd8d285419d1db99999109aa
  at System.Collections.Generic.Dictionary`2[TKey,TValue].TryInsert (TKey key, TValue value, System.Collections.Generic.InsertionBehavior behavior) [0x0015a] in <c5eeda5e65d44b388e164c6c5cfe0702>:0 
  at System.Collections.Generic.Dictionary`2[TKey,TValue].Add (TKey key, TValue value) [0x00000] in <c5eeda5e65d44b388e164c6c5cfe0702>:0 
  at System.Linq.Enumerable.ToDictionary[TSource,TKey,TElement] (TSource[] source, System.Func`2[T,TResult] keySelector, System.Func`2[T,TResult] elementSelector, System.Collections.Generic.IEqualityComparer`1[T] comparer) [0x00029] in <8203c5af529241e2a5cc4b3c5a3dc69a>:0 
  at System.Linq.Enumerable.ToDictionary[TSource,TKey,TElement] (System.Collections.Generic.IEnumerable`1[T] source, System.Func`2[T,TResult] keySelector, System.Func`2[T,TResult] elementSelector, System.Collections.Generic.IEqualityComparer`1[T] comparer) [0x00051] in <8203c5af529241e2a5cc4b3c5a3dc69a>:0 
  at System.Linq.Enumerable.ToDictionary[TSource,TKey,TElement] (System.Collections.Generic.IEnumerable`1[T] source, System.Func`2[T,TResult] keySelector, System.Func`2[T,TResult] elementSelector) [0x00000] in <8203c5af529241e2a5cc4b3c5a3dc69a>:0 
  at UnityEditor.Scripting.ScriptCompilation.AssemblyGraphBuilder.Initialize (System.Collections.Generic.IReadOnlyCollection`1[T] assemblies, System.Collections.Generic.IReadOnlyCollection`1[T] customScriptAssemblyReferences) [0x00046] in /Users/bokken/build/output/unity/unity/Editor/Mono/Scripting/ScriptCompilation/AssemblyGraphBuilder.cs:85 
  at UnityEditor.Scripting.ScriptCompilation.AssemblyGraphBuilderFactory.GetOrCreate (System.String projectPath, System.Collections.Generic.IReadOnlyCollection`1[T] assemblies, System.Collections.Generic.IReadOnlyCollection`1[T] customScriptAssemblyReferences) [0x00038] in /Users/bokken/build/output/unity/unity/Editor/Mono/Scripting/ScriptCompilation/AssemblyGraphBuilderFactory.cs:54 
  at UnityEditor.Scripting.ScriptCompilation.EditorCompilation.GetAssemblyGraphBuilder () [0x00001] in /Users/bokken/build/output/unity/unity/Editor/Mono/Scripting/ScriptCompilation/EditorCompilation.cs:170 
  at UnityEditor.Scripting.ScriptCompilation.EditorCompilation.SetAllScripts (System.String[] allScripts) [0x0000d] in /Users/bokken/build/output/unity/unity/Editor/Mono/Scripting/ScriptCompilation/EditorCompilation.cs:178 
  at UnityEditor.Scripting.ScriptCompilation.EditorCompilationInterface.SetAllScripts (System.String[] allScripts) [0x00001] in /Users/bokken/build/output/unity/unity/Editor/Mono/Scripting/ScriptCompilation/EditorCompilationInterface.cs:79 

(Filename: /Users/bokken/build/output/unity/unity/Editor/Mono/Scripting/ScriptCompilation/AssemblyGraphBuilder.cs Line: 85)

Refreshing native plugins compatible for Editor in 2.98 ms, found 1 plugins.
[Package Manager] Failed to launch server process. Reason: Unity was launched with the -noUpm command-line argument
[Package Manager] Unable to send message (not connected to server process).
[Package Manager] Cannot connect to Unity Package Manager local server
ScheduleIndexationOnStartup MainProcess:False IndexOnStartup:True
Mono: successfully reloaded assembly
- Finished resetting the current domain, in  0.925 seconds
Domain Reload Profiling: 1422ms
	BeginReloadAssembly (109ms)
		ExecutionOrderSort (0ms)
		DisableScriptedObjects (4ms)
		BackupInstance (0ms)
		ReleaseScriptingObjects (0ms)
		CreateAndSetChildDomain (35ms)
	RebuildCommonClasses (27ms)
	RebuildNativeTypeToScriptingClass (11ms)
	initialDomainReloadingComplete (16ms)
	LoadAllAssembliesAndSetupDomain (333ms)
		LoadAssemblies (233ms)
		RebuildTransferFunctionScriptingTraits (0ms)
		AnalyzeDomain (132ms)
			TypeCache.Refresh (7ms)
				TypeCache.ScanAssembly (0ms)
			BuildScriptInfoCaches (118ms)
			ResolveRequiredComponents (4ms)
	FinalizeReload (926ms)
		ReleaseScriptCaches (0ms)
		RebuildScriptCaches (0ms)
		SetupLoadedEditorAssemblies (822ms)
			LogAssemblyErrors (0ms)
			InitializePlatformSupportModulesInManaged (14ms)
			SetLoadedEditorAssemblies (4ms)
			BeforeProcessingInitializeOnLoad (94ms)
			ProcessInitializeOnLoadAttributes (654ms)
			ProcessInitializeOnLoadMethodAttributes (55ms)
			AfterProcessingInitializeOnLoad (1ms)
			EditorAssembliesLoaded (0ms)
		ExecutionOrderSort2 (0ms)
		AwakeInstancesAfterBackupRestoration (3ms)
Refreshing native plugins compatible for Editor in 3.34 ms, found 1 plugins.
Preloading 0 native plugins for Editor in 0.00 ms.
Unloading 29 Unused Serialized files (Serialized files now loaded: 0)
Unloading 6234 unused Assets / (4.0 MB). Loaded Objects now: 6941.
Memory consumption went from 142.3 MB to 138.2 MB.
Total: 20.145583 ms (FindLiveObjects: 0.346875 ms CreateObjectMapping: 0.161250 ms MarkObjects: 18.311084 ms  DeleteObjects: 1.325875 ms)

Prepare: number of updated asset objects reloaded= 0
========================================================================
Received Prepare
Refreshing native plugins compatible for Editor in 3.12 ms, found 1 plugins.
Preloading 0 native plugins for Editor in 0.00 ms.
Unloading 29 Unused Serialized files (Serialized files now loaded: 0)
Unloading 6162 unused Assets / (4.5 MB). Loaded Objects now: 6941.
Memory consumption went from 124.9 MB to 120.4 MB.
Total: 21.358167 ms (FindLiveObjects: 0.327250 ms CreateObjectMapping: 0.166375 ms MarkObjects: 19.480417 ms  DeleteObjects: 1.383792 ms)

Prepare: number of updated asset objects reloaded= 0
========================================================================
Received Prepare
[Licensing::Client] Successfully resolved entitlement details
Folder 'Packages/com.unity.purchasing/Runtime/Apple/' contains multiple assembly definition files (Packages/com.unity.purchasing/Runtime/Apple/UnityEngine.Purchasing.Apple.asmdef)
Folder 'Packages/com.unity.purchasing/Runtime/Apple/' contains multiple assembly definition files (Packages/com.unity.purchasing/Runtime/Apple/Unity.Purchasing.Apple.asmdef)
Folder 'Packages/com.unity.purchasing/Runtime/SecurityStub/' contains multiple assembly definition files (Packages/com.unity.purchasing/Runtime/SecurityStub/UnityEngine.Purchasing.SecurityStub.asmdef)
Folder 'Packages/com.unity.purchasing/Runtime/SecurityStub/' contains multiple assembly definition files (Packages/com.unity.purchasing/Runtime/SecurityStub/Unity.Purchasing.SecurityStub.asmdef)
Folder 'Packages/com.unity.purchasing/Runtime/Security/' contains multiple assembly definition files (Packages/com.unity.purchasing/Runtime/Security/Unity.Purchasing.Security.asmdef)
Folder 'Packages/com.unity.purchasing/Runtime/Security/' contains multiple assembly definition files (Packages/com.unity.purchasing/Runtime/Security/UnityEngine.Purchasing.Security.asmdef)
Folder 'Packages/com.unity.purchasing/Runtime/Stores/' contains multiple assembly definition files (Packages/com.unity.purchasing/Runtime/Stores/UnityEngine.Purchasing.Stores.asmdef)
Folder 'Packages/com.unity.purchasing/Runtime/Stores/' contains multiple assembly definition files (Packages/com.unity.purchasing/Runtime/Stores/Unity.Purchasing.Stores.asmdef)
Folder 'Packages/com.unity.purchasing/Runtime/SecurityCore/' contains multiple assembly definition files (Packages/com.unity.purchasing/Runtime/SecurityCore/Unity.Purchasing.SecurityCore.asmdef)
Folder 'Packages/com.unity.purchasing/Runtime/SecurityCore/' contains multiple assembly definition files (Packages/com.unity.purchasing/Runtime/SecurityCore/UnityEngine.Purchasing.SecurityCore.asmdef)
Folder 'Packages/com.unity.purchasing/Runtime/Purchasing/' contains multiple assembly definition files (Packages/com.unity.purchasing/Runtime/Purchasing/UnityEngine.Purchasing.asmdef)
Folder 'Packages/com.unity.purchasing/Runtime/Purchasing/' contains multiple assembly definition files (Packages/com.unity.purchasing/Runtime/Purchasing/Unity.Purchasing.asmdef)
Folder 'Packages/com.unity.purchasing/Runtime/AppleMacosStub/' contains multiple assembly definition files (Packages/com.unity.purchasing/Runtime/AppleMacosStub/UnityEngine.Purchasing.AppleMacosStub.asmdef)
Folder 'Packages/com.unity.purchasing/Runtime/AppleMacosStub/' contains multiple assembly definition files (Packages/com.unity.purchasing/Runtime/AppleMacosStub/Unity.Purchasing.AppleMacosStub.asmdef)
Folder 'Packages/com.unity.purchasing/Runtime/AppleStub/' contains multiple assembly definition files (Packages/com.unity.purchasing/Runtime/AppleStub/Unity.Purchasing.AppleStub.asmdef)
Folder 'Packages/com.unity.purchasing/Runtime/AppleStub/' contains multiple assembly definition files (Packages/com.unity.purchasing/Runtime/AppleStub/UnityEngine.Purchasing.AppleStub.asmdef)
Folder 'Packages/com.unity.purchasing/Runtime/AppleMacos/' contains multiple assembly definition files (Packages/com.unity.purchasing/Runtime/AppleMacos/UnityEngine.Purchasing.AppleMacos.asmdef)
Folder 'Packages/com.unity.purchasing/Runtime/AppleMacos/' contains multiple assembly definition files (Packages/com.unity.purchasing/Runtime/AppleMacos/Unity.Purchasing.AppleMacos.asmdef)
Folder 'Packages/com.unity.purchasing/Runtime/Codeless/' contains multiple assembly definition files (Packages/com.unity.purchasing/Runtime/Codeless/Unity.Purchasing.Codeless.asmdef)
Folder 'Packages/com.unity.purchasing/Runtime/Codeless/' contains multiple assembly definition files (Packages/com.unity.purchasing/Runtime/Codeless/UnityEngine.Purchasing.Codeless.asmdef)
ArgumentException: An item with the same key has already been added. Key: 400f2260dd8d285419d1db99999109aa
  at System.Collections.Generic.Dictionary`2[TKey,TValue].TryInsert (TKey key, TValue value, System.Collections.Generic.InsertionBehavior behavior) [0x0015a] in <c5eeda5e65d44b388e164c6c5cfe0702>:0 
  at System.Collections.Generic.Dictionary`2[TKey,TValue].Add (TKey key, TValue value) [0x00000] in <c5eeda5e65d44b388e164c6c5cfe0702>:0 
  at System.Linq.Enumerable.ToDictionary[TSource,TKey,TElement] (TSource[] source, System.Func`2[T,TResult] keySelector, System.Func`2[T,TResult] elementSelector, System.Collections.Generic.IEqualityComparer`1[T] comparer) [0x00029] in <8203c5af529241e2a5cc4b3c5a3dc69a>:0 
  at System.Linq.Enumerable.ToDictionary[TSource,TKey,TElement] (System.Collections.Generic.IEnumerable`1[T] source, System.Func`2[T,TResult] keySelector, System.Func`2[T,TResult] elementSelector, System.Collections.Generic.IEqualityComparer`1[T] comparer) [0x00051] in <8203c5af529241e2a5cc4b3c5a3dc69a>:0 
  at System.Linq.Enumerable.ToDictionary[TSource,TKey,TElement] (System.Collections.Generic.IEnumerable`1[T] source, System.Func`2[T,TResult] keySelector, System.Func`2[T,TResult] elementSelector) [0x00000] in <8203c5af529241e2a5cc4b3c5a3dc69a>:0 
  at UnityEditor.Scripting.ScriptCompilation.AssemblyGraphBuilder.Initialize (System.Collections.Generic.IReadOnlyCollection`1[T] assemblies, System.Collections.Generic.IReadOnlyCollection`1[T] customScriptAssemblyReferences) [0x00046] in /Users/bokken/build/output/unity/unity/Editor/Mono/Scripting/ScriptCompilation/AssemblyGraphBuilder.cs:85 
  at UnityEditor.Scripting.ScriptCompilation.AssemblyGraphBuilderFactory.GetOrCreate (System.String projectPath, System.Collections.Generic.IReadOnlyCollection`1[T] assemblies, System.Collections.Generic.IReadOnlyCollection`1[T] customScriptAssemblyReferences) [0x00038] in /Users/bokken/build/output/unity/unity/Editor/Mono/Scripting/ScriptCompilation/AssemblyGraphBuilderFactory.cs:54 
  at UnityEditor.Scripting.ScriptCompilation.EditorCompilation.GetAssemblyGraphBuilder () [0x00001] in /Users/bokken/build/output/unity/unity/Editor/Mono/Scripting/ScriptCompilation/EditorCompilation.cs:170 
  at UnityEditor.Scripting.ScriptCompilation.EditorCompilation.SetAllScripts (System.String[] allScripts) [0x0000d] in /Users/bokken/build/output/unity/unity/Editor/Mono/Scripting/ScriptCompilation/EditorCompilation.cs:178 
  at UnityEditor.Scripting.ScriptCompilation.EditorCompilationInterface.SetAllScripts (System.String[] allScripts) [0x00001] in /Users/bokken/build/output/unity/unity/Editor/Mono/Scripting/ScriptCompilation/EditorCompilationInterface.cs:79 

(Filename: /Users/bokken/build/output/unity/unity/Editor/Mono/Scripting/ScriptCompilation/AssemblyGraphBuilder.cs Line: 85)

Folder 'Packages/com.unity.purchasing/Runtime/Apple/' contains multiple assembly definition files (Packages/com.unity.purchasing/Runtime/Apple/UnityEngine.Purchasing.Apple.asmdef)
Folder 'Packages/com.unity.purchasing/Runtime/Apple/' contains multiple assembly definition files (Packages/com.unity.purchasing/Runtime/Apple/Unity.Purchasing.Apple.asmdef)
Folder 'Packages/com.unity.purchasing/Runtime/SecurityStub/' contains multiple assembly definition files (Packages/com.unity.purchasing/Runtime/SecurityStub/UnityEngine.Purchasing.SecurityStub.asmdef)
Folder 'Packages/com.unity.purchasing/Runtime/SecurityStub/' contains multiple assembly definition files (Packages/com.unity.purchasing/Runtime/SecurityStub/Unity.Purchasing.SecurityStub.asmdef)
Folder 'Packages/com.unity.purchasing/Runtime/Security/' contains multiple assembly definition files (Packages/com.unity.purchasing/Runtime/Security/Unity.Purchasing.Security.asmdef)
Folder 'Packages/com.unity.purchasing/Runtime/Security/' contains multiple assembly definition files (Packages/com.unity.purchasing/Runtime/Security/UnityEngine.Purchasing.Security.asmdef)
Folder 'Packages/com.unity.purchasing/Runtime/Stores/' contains multiple assembly definition files (Packages/com.unity.purchasing/Runtime/Stores/UnityEngine.Purchasing.Stores.asmdef)
Folder 'Packages/com.unity.purchasing/Runtime/Stores/' contains multiple assembly definition files (Packages/com.unity.purchasing/Runtime/Stores/Unity.Purchasing.Stores.asmdef)
Folder 'Packages/com.unity.purchasing/Runtime/SecurityCore/' contains multiple assembly definition files (Packages/com.unity.purchasing/Runtime/SecurityCore/Unity.Purchasing.SecurityCore.asmdef)
Folder 'Packages/com.unity.purchasing/Runtime/SecurityCore/' contains multiple assembly definition files (Packages/com.unity.purchasing/Runtime/SecurityCore/UnityEngine.Purchasing.SecurityCore.asmdef)
Folder 'Packages/com.unity.purchasing/Runtime/Purchasing/' contains multiple assembly definition files (Packages/com.unity.purchasing/Runtime/Purchasing/UnityEngine.Purchasing.asmdef)
Folder 'Packages/com.unity.purchasing/Runtime/Purchasing/' contains multiple assembly definition files (Packages/com.unity.purchasing/Runtime/Purchasing/Unity.Purchasing.asmdef)
Folder 'Packages/com.unity.purchasing/Runtime/AppleMacosStub/' contains multiple assembly definition files (Packages/com.unity.purchasing/Runtime/AppleMacosStub/UnityEngine.Purchasing.AppleMacosStub.asmdef)
Folder 'Packages/com.unity.purchasing/Runtime/AppleMacosStub/' contains multiple assembly definition files (Packages/com.unity.purchasing/Runtime/AppleMacosStub/Unity.Purchasing.AppleMacosStub.asmdef)
Folder 'Packages/com.unity.purchasing/Runtime/AppleStub/' contains multiple assembly definition files (Packages/com.unity.purchasing/Runtime/AppleStub/Unity.Purchasing.AppleStub.asmdef)
Folder 'Packages/com.unity.purchasing/Runtime/AppleStub/' contains multiple assembly definition files (Packages/com.unity.purchasing/Runtime/AppleStub/UnityEngine.Purchasing.AppleStub.asmdef)
Folder 'Packages/com.unity.purchasing/Runtime/AppleMacos/' contains multiple assembly definition files (Packages/com.unity.purchasing/Runtime/AppleMacos/UnityEngine.Purchasing.AppleMacos.asmdef)
Folder 'Packages/com.unity.purchasing/Runtime/AppleMacos/' contains multiple assembly definition files (Packages/com.unity.purchasing/Runtime/AppleMacos/Unity.Purchasing.AppleMacos.asmdef)
Folder 'Packages/com.unity.purchasing/Runtime/Codeless/' contains multiple assembly definition files (Packages/com.unity.purchasing/Runtime/Codeless/Unity.Purchasing.Codeless.asmdef)
Folder 'Packages/com.unity.purchasing/Runtime/Codeless/' contains multiple assembly definition files (Packages/com.unity.purchasing/Runtime/Codeless/UnityEngine.Purchasing.Codeless.asmdef)
ArgumentException: An item with the same key has already been added. Key: 400f2260dd8d285419d1db99999109aa
  at System.Collections.Generic.Dictionary`2[TKey,TValue].TryInsert (TKey key, TValue value, System.Collections.Generic.InsertionBehavior behavior) [0x0015a] in <c5eeda5e65d44b388e164c6c5cfe0702>:0 
  at System.Collections.Generic.Dictionary`2[TKey,TValue].Add (TKey key, TValue value) [0x00000] in <c5eeda5e65d44b388e164c6c5cfe0702>:0 
  at System.Linq.Enumerable.ToDictionary[TSource,TKey,TElement] (TSource[] source, System.Func`2[T,TResult] keySelector, System.Func`2[T,TResult] elementSelector, System.Collections.Generic.IEqualityComparer`1[T] comparer) [0x00029] in <8203c5af529241e2a5cc4b3c5a3dc69a>:0 
  at System.Linq.Enumerable.ToDictionary[TSource,TKey,TElement] (System.Collections.Generic.IEnumerable`1[T] source, System.Func`2[T,TResult] keySelector, System.Func`2[T,TResult] elementSelector, System.Collections.Generic.IEqualityComparer`1[T] comparer) [0x00051] in <8203c5af529241e2a5cc4b3c5a3dc69a>:0 
  at System.Linq.Enumerable.ToDictionary[TSource,TKey,TElement] (System.Collections.Generic.IEnumerable`1[T] source, System.Func`2[T,TResult] keySelector, System.Func`2[T,TResult] elementSelector) [0x00000] in <8203c5af529241e2a5cc4b3c5a3dc69a>:0 
  at UnityEditor.Scripting.ScriptCompilation.AssemblyGraphBuilder.Initialize (System.Collections.Generic.IReadOnlyCollection`1[T] assemblies, System.Collections.Generic.IReadOnlyCollection`1[T] customScriptAssemblyReferences) [0x00046] in /Users/bokken/build/output/unity/unity/Editor/Mono/Scripting/ScriptCompilation/AssemblyGraphBuilder.cs:85 
  at UnityEditor.Scripting.ScriptCompilation.AssemblyGraphBuilderFactory.GetOrCreate (System.String projectPath, System.Collections.Generic.IReadOnlyCollection`1[T] assemblies, System.Collections.Generic.IReadOnlyCollection`1[T] customScriptAssemblyReferences) [0x00038] in /Users/bokken/build/output/unity/unity/Editor/Mono/Scripting/ScriptCompilation/AssemblyGraphBuilderFactory.cs:54 
  at UnityEditor.Scripting.ScriptCompilation.EditorCompilation.GetAssemblyGraphBuilder () [0x00001] in /Users/bokken/build/output/unity/unity/Editor/Mono/Scripting/ScriptCompilation/EditorCompilation.cs:170 
  at UnityEditor.Scripting.ScriptCompilation.EditorCompilation.SetAllScripts (System.String[] allScripts) [0x0000d] in /Users/bokken/build/output/unity/unity/Editor/Mono/Scripting/ScriptCompilation/EditorCompilation.cs:178 
  at UnityEditor.Scripting.ScriptCompilation.EditorCompilationInterface.SetAllScripts (System.String[] allScripts) [0x00001] in /Users/bokken/build/output/unity/unity/Editor/Mono/Scripting/ScriptCompilation/EditorCompilationInterface.cs:79 

(Filename: /Users/bokken/build/output/unity/unity/Editor/Mono/Scripting/ScriptCompilation/AssemblyGraphBuilder.cs Line: 85)

Begin MonoManager ReloadAssembly
[Licensing::Client] Successfully resolved entitlement details
Thread 0x16b97b000 may have been prematurely finalized
Symbol file LoadedFromMemory is not a mono symbol file
- Loaded All Assemblies, in  0.470 seconds
Folder 'Packages/com.unity.purchasing/Runtime/Apple/' contains multiple assembly definition files (Packages/com.unity.purchasing/Runtime/Apple/UnityEngine.Purchasing.Apple.asmdef)
Folder 'Packages/com.unity.purchasing/Runtime/Apple/' contains multiple assembly definition files (Packages/com.unity.purchasing/Runtime/Apple/Unity.Purchasing.Apple.asmdef)
Folder 'Packages/com.unity.purchasing/Runtime/SecurityStub/' contains multiple assembly definition files (Packages/com.unity.purchasing/Runtime/SecurityStub/UnityEngine.Purchasing.SecurityStub.asmdef)
Folder 'Packages/com.unity.purchasing/Runtime/SecurityStub/' contains multiple assembly definition files (Packages/com.unity.purchasing/Runtime/SecurityStub/Unity.Purchasing.SecurityStub.asmdef)
Folder 'Packages/com.unity.purchasing/Runtime/Security/' contains multiple assembly definition files (Packages/com.unity.purchasing/Runtime/Security/Unity.Purchasing.Security.asmdef)
Folder 'Packages/com.unity.purchasing/Runtime/Security/' contains multiple assembly definition files (Packages/com.unity.purchasing/Runtime/Security/UnityEngine.Purchasing.Security.asmdef)
Folder 'Packages/com.unity.purchasing/Runtime/Stores/' contains multiple assembly definition files (Packages/com.unity.purchasing/Runtime/Stores/UnityEngine.Purchasing.Stores.asmdef)
Folder 'Packages/com.unity.purchasing/Runtime/Stores/' contains multiple assembly definition files (Packages/com.unity.purchasing/Runtime/Stores/Unity.Purchasing.Stores.asmdef)
Folder 'Packages/com.unity.purchasing/Runtime/SecurityCore/' contains multiple assembly definition files (Packages/com.unity.purchasing/Runtime/SecurityCore/Unity.Purchasing.SecurityCore.asmdef)
Folder 'Packages/com.unity.purchasing/Runtime/SecurityCore/' contains multiple assembly definition files (Packages/com.unity.purchasing/Runtime/SecurityCore/UnityEngine.Purchasing.SecurityCore.asmdef)
Folder 'Packages/com.unity.purchasing/Runtime/Purchasing/' contains multiple assembly definition files (Packages/com.unity.purchasing/Runtime/Purchasing/UnityEngine.Purchasing.asmdef)
Folder 'Packages/com.unity.purchasing/Runtime/Purchasing/' contains multiple assembly definition files (Packages/com.unity.purchasing/Runtime/Purchasing/Unity.Purchasing.asmdef)
Folder 'Packages/com.unity.purchasing/Runtime/AppleMacosStub/' contains multiple assembly definition files (Packages/com.unity.purchasing/Runtime/AppleMacosStub/UnityEngine.Purchasing.AppleMacosStub.asmdef)
Folder 'Packages/com.unity.purchasing/Runtime/AppleMacosStub/' contains multiple assembly definition files (Packages/com.unity.purchasing/Runtime/AppleMacosStub/Unity.Purchasing.AppleMacosStub.asmdef)
Folder 'Packages/com.unity.purchasing/Runtime/AppleStub/' contains multiple assembly definition files (Packages/com.unity.purchasing/Runtime/AppleStub/Unity.Purchasing.AppleStub.asmdef)
Folder 'Packages/com.unity.purchasing/Runtime/AppleStub/' contains multiple assembly definition files (Packages/com.unity.purchasing/Runtime/AppleStub/UnityEngine.Purchasing.AppleStub.asmdef)
Folder 'Packages/com.unity.purchasing/Runtime/AppleMacos/' contains multiple assembly definition files (Packages/com.unity.purchasing/Runtime/AppleMacos/UnityEngine.Purchasing.AppleMacos.asmdef)
Folder 'Packages/com.unity.purchasing/Runtime/AppleMacos/' contains multiple assembly definition files (Packages/com.unity.purchasing/Runtime/AppleMacos/Unity.Purchasing.AppleMacos.asmdef)
Folder 'Packages/com.unity.purchasing/Runtime/Codeless/' contains multiple assembly definition files (Packages/com.unity.purchasing/Runtime/Codeless/Unity.Purchasing.Codeless.asmdef)
Folder 'Packages/com.unity.purchasing/Runtime/Codeless/' contains multiple assembly definition files (Packages/com.unity.purchasing/Runtime/Codeless/UnityEngine.Purchasing.Codeless.asmdef)
ArgumentException: An item with the same key has already been added. Key: 400f2260dd8d285419d1db99999109aa
  at System.Collections.Generic.Dictionary`2[TKey,TValue].TryInsert (TKey key, TValue value, System.Collections.Generic.InsertionBehavior behavior) [0x0015a] in <c5eeda5e65d44b388e164c6c5cfe0702>:0 
  at System.Collections.Generic.Dictionary`2[TKey,TValue].Add (TKey key, TValue value) [0x00000] in <c5eeda5e65d44b388e164c6c5cfe0702>:0 
  at System.Linq.Enumerable.ToDictionary[TSource,TKey,TElement] (TSource[] source, System.Func`2[T,TResult] keySelector, System.Func`2[T,TResult] elementSelector, System.Collections.Generic.IEqualityComparer`1[T] comparer) [0x00029] in <8203c5af529241e2a5cc4b3c5a3dc69a>:0 
  at System.Linq.Enumerable.ToDictionary[TSource,TKey,TElement] (System.Collections.Generic.IEnumerable`1[T] source, System.Func`2[T,TResult] keySelector, System.Func`2[T,TResult] elementSelector, System.Collections.Generic.IEqualityComparer`1[T] comparer) [0x00051] in <8203c5af529241e2a5cc4b3c5a3dc69a>:0 
  at System.Linq.Enumerable.ToDictionary[TSource,TKey,TElement] (System.Collections.Generic.IEnumerable`1[T] source, System.Func`2[T,TResult] keySelector, System.Func`2[T,TResult] elementSelector) [0x00000] in <8203c5af529241e2a5cc4b3c5a3dc69a>:0 
  at UnityEditor.Scripting.ScriptCompilation.AssemblyGraphBuilder.Initialize (System.Collections.Generic.IReadOnlyCollection`1[T] assemblies, System.Collections.Generic.IReadOnlyCollection`1[T] customScriptAssemblyReferences) [0x00046] in /Users/bokken/build/output/unity/unity/Editor/Mono/Scripting/ScriptCompilation/AssemblyGraphBuilder.cs:85 
  at UnityEditor.Scripting.ScriptCompilation.AssemblyGraphBuilderFactory.GetOrCreate (System.String projectPath, System.Collections.Generic.IReadOnlyCollection`1[T] assemblies, System.Collections.Generic.IReadOnlyCollection`1[T] customScriptAssemblyReferences) [0x00038] in /Users/bokken/build/output/unity/unity/Editor/Mono/Scripting/ScriptCompilation/AssemblyGraphBuilderFactory.cs:54 
  at UnityEditor.Scripting.ScriptCompilation.EditorCompilation.GetAssemblyGraphBuilder () [0x00001] in /Users/bokken/build/output/unity/unity/Editor/Mono/Scripting/ScriptCompilation/EditorCompilation.cs:170 
  at UnityEditor.Scripting.ScriptCompilation.EditorCompilation.SetAllScripts (System.String[] allScripts) [0x0000d] in /Users/bokken/build/output/unity/unity/Editor/Mono/Scripting/ScriptCompilation/EditorCompilation.cs:178 
  at UnityEditor.Scripting.ScriptCompilation.EditorCompilationInterface.SetAllScripts (System.String[] allScripts) [0x00001] in /Users/bokken/build/output/unity/unity/Editor/Mono/Scripting/ScriptCompilation/EditorCompilationInterface.cs:79 

(Filename: /Users/bokken/build/output/unity/unity/Editor/Mono/Scripting/ScriptCompilation/AssemblyGraphBuilder.cs Line: 85)

Refreshing native plugins compatible for Editor in 2.86 ms, found 1 plugins.
Native extension for iOS target not found
Native extension for Android target not found
Native extension for OSXStandalone target not found
Native extension for WebGL target not found
Folder 'Packages/com.unity.purchasing/Runtime/Apple/' contains multiple assembly definition files (Packages/com.unity.purchasing/Runtime/Apple/UnityEngine.Purchasing.Apple.asmdef)
Folder 'Packages/com.unity.purchasing/Runtime/Apple/' contains multiple assembly definition files (Packages/com.unity.purchasing/Runtime/Apple/Unity.Purchasing.Apple.asmdef)
Folder 'Packages/com.unity.purchasing/Runtime/SecurityStub/' contains multiple assembly definition files (Packages/com.unity.purchasing/Runtime/SecurityStub/UnityEngine.Purchasing.SecurityStub.asmdef)
Folder 'Packages/com.unity.purchasing/Runtime/SecurityStub/' contains multiple assembly definition files (Packages/com.unity.purchasing/Runtime/SecurityStub/Unity.Purchasing.SecurityStub.asmdef)
Folder 'Packages/com.unity.purchasing/Runtime/Security/' contains multiple assembly definition files (Packages/com.unity.purchasing/Runtime/Security/Unity.Purchasing.Security.asmdef)
Folder 'Packages/com.unity.purchasing/Runtime/Security/' contains multiple assembly definition files (Packages/com.unity.purchasing/Runtime/Security/UnityEngine.Purchasing.Security.asmdef)
Folder 'Packages/com.unity.purchasing/Runtime/Stores/' contains multiple assembly definition files (Packages/com.unity.purchasing/Runtime/Stores/UnityEngine.Purchasing.Stores.asmdef)
Folder 'Packages/com.unity.purchasing/Runtime/Stores/' contains multiple assembly definition files (Packages/com.unity.purchasing/Runtime/Stores/Unity.Purchasing.Stores.asmdef)
Folder 'Packages/com.unity.purchasing/Runtime/SecurityCore/' contains multiple assembly definition files (Packages/com.unity.purchasing/Runtime/SecurityCore/Unity.Purchasing.SecurityCore.asmdef)
Folder 'Packages/com.unity.purchasing/Runtime/SecurityCore/' contains multiple assembly definition files (Packages/com.unity.purchasing/Runtime/SecurityCore/UnityEngine.Purchasing.SecurityCore.asmdef)
Folder 'Packages/com.unity.purchasing/Runtime/Purchasing/' contains multiple assembly definition files (Packages/com.unity.purchasing/Runtime/Purchasing/UnityEngine.Purchasing.asmdef)
Folder 'Packages/com.unity.purchasing/Runtime/Purchasing/' contains multiple assembly definition files (Packages/com.unity.purchasing/Runtime/Purchasing/Unity.Purchasing.asmdef)
Folder 'Packages/com.unity.purchasing/Runtime/AppleMacosStub/' contains multiple assembly definition files (Packages/com.unity.purchasing/Runtime/AppleMacosStub/UnityEngine.Purchasing.AppleMacosStub.asmdef)
Folder 'Packages/com.unity.purchasing/Runtime/AppleMacosStub/' contains multiple assembly definition files (Packages/com.unity.purchasing/Runtime/AppleMacosStub/Unity.Purchasing.AppleMacosStub.asmdef)
Folder 'Packages/com.unity.purchasing/Runtime/AppleStub/' contains multiple assembly definition files (Packages/com.unity.purchasing/Runtime/AppleStub/Unity.Purchasing.AppleStub.asmdef)
Folder 'Packages/com.unity.purchasing/Runtime/AppleStub/' contains multiple assembly definition files (Packages/com.unity.purchasing/Runtime/AppleStub/UnityEngine.Purchasing.AppleStub.asmdef)
Folder 'Packages/com.unity.purchasing/Runtime/AppleMacos/' contains multiple assembly definition files (Packages/com.unity.purchasing/Runtime/AppleMacos/UnityEngine.Purchasing.AppleMacos.asmdef)
Folder 'Packages/com.unity.purchasing/Runtime/AppleMacos/' contains multiple assembly definition files (Packages/com.unity.purchasing/Runtime/AppleMacos/Unity.Purchasing.AppleMacos.asmdef)
Folder 'Packages/com.unity.purchasing/Runtime/Codeless/' contains multiple assembly definition files (Packages/com.unity.purchasing/Runtime/Codeless/Unity.Purchasing.Codeless.asmdef)
Folder 'Packages/com.unity.purchasing/Runtime/Codeless/' contains multiple assembly definition files (Packages/com.unity.purchasing/Runtime/Codeless/UnityEngine.Purchasing.Codeless.asmdef)
ArgumentException: An item with the same key has already been added. Key: 400f2260dd8d285419d1db99999109aa
  at System.Collections.Generic.Dictionary`2[TKey,TValue].TryInsert (TKey key, TValue value, System.Collections.Generic.InsertionBehavior behavior) [0x0015a] in <c5eeda5e65d44b388e164c6c5cfe0702>:0 
  at System.Collections.Generic.Dictionary`2[TKey,TValue].Add (TKey key, TValue value) [0x00000] in <c5eeda5e65d44b388e164c6c5cfe0702>:0 
  at System.Linq.Enumerable.ToDictionary[TSource,TKey,TElement] (TSource[] source, System.Func`2[T,TResult] keySelector, System.Func`2[T,TResult] elementSelector, System.Collections.Generic.IEqualityComparer`1[T] comparer) [0x00029] in <8203c5af529241e2a5cc4b3c5a3dc69a>:0 
  at System.Linq.Enumerable.ToDictionary[TSource,TKey,TElement] (System.Collections.Generic.IEnumerable`1[T] source, System.Func`2[T,TResult] keySelector, System.Func`2[T,TResult] elementSelector, System.Collections.Generic.IEqualityComparer`1[T] comparer) [0x00051] in <8203c5af529241e2a5cc4b3c5a3dc69a>:0 
  at System.Linq.Enumerable.ToDictionary[TSource,TKey,TElement] (System.Collections.Generic.IEnumerable`1[T] source, System.Func`2[T,TResult] keySelector, System.Func`2[T,TResult] elementSelector) [0x00000] in <8203c5af529241e2a5cc4b3c5a3dc69a>:0 
  at UnityEditor.Scripting.ScriptCompilation.AssemblyGraphBuilder.Initialize (System.Collections.Generic.IReadOnlyCollection`1[T] assemblies, System.Collections.Generic.IReadOnlyCollection`1[T] customScriptAssemblyReferences) [0x00046] in /Users/bokken/build/output/unity/unity/Editor/Mono/Scripting/ScriptCompilation/AssemblyGraphBuilder.cs:85 
  at UnityEditor.Scripting.ScriptCompilation.AssemblyGraphBuilderFactory.GetOrCreate (System.String projectPath, System.Collections.Generic.IReadOnlyCollection`1[T] assemblies, System.Collections.Generic.IReadOnlyCollection`1[T] customScriptAssemblyReferences) [0x00038] in /Users/bokken/build/output/unity/unity/Editor/Mono/Scripting/ScriptCompilation/AssemblyGraphBuilderFactory.cs:54 
  at UnityEditor.Scripting.ScriptCompilation.EditorCompilation.GetAssemblyGraphBuilder () [0x00001] in /Users/bokken/build/output/unity/unity/Editor/Mono/Scripting/ScriptCompilation/EditorCompilation.cs:170 
  at UnityEditor.Scripting.ScriptCompilation.EditorCompilation.SetAllScripts (System.String[] allScripts) [0x0000d] in /Users/bokken/build/output/unity/unity/Editor/Mono/Scripting/ScriptCompilation/EditorCompilation.cs:178 
  at UnityEditor.Scripting.ScriptCompilation.EditorCompilationInterface.SetAllScripts (System.String[] allScripts) [0x00001] in /Users/bokken/build/output/unity/unity/Editor/Mono/Scripting/ScriptCompilation/EditorCompilationInterface.cs:79 

(Filename: /Users/bokken/build/output/unity/unity/Editor/Mono/Scripting/ScriptCompilation/AssemblyGraphBuilder.cs Line: 85)

Refreshing native plugins compatible for Editor in 3.10 ms, found 1 plugins.
[Package Manager] Failed to launch server process. Reason: Unity was launched with the -noUpm command-line argument
[Package Manager] Unable to send message (not connected to server process).
[Package Manager] Cannot connect to Unity Package Manager local server
ScheduleIndexationOnStartup MainProcess:False IndexOnStartup:True
Mono: successfully reloaded assembly
- Finished resetting the current domain, in  0.997 seconds
Domain Reload Profiling: 1469ms
	BeginReloadAssembly (109ms)
		ExecutionOrderSort (0ms)
		DisableScriptedObjects (4ms)
		BackupInstance (0ms)
		ReleaseScriptingObjects (0ms)
		CreateAndSetChildDomain (36ms)
	RebuildCommonClasses (25ms)
	RebuildNativeTypeToScriptingClass (10ms)
	initialDomainReloadingComplete (15ms)
	LoadAllAssembliesAndSetupDomain (313ms)
		LoadAssemblies (219ms)
		RebuildTransferFunctionScriptingTraits (0ms)
		AnalyzeDomain (125ms)
			TypeCache.Refresh (10ms)
				TypeCache.ScanAssembly (1ms)
			BuildScriptInfoCaches (108ms)
			ResolveRequiredComponents (3ms)
	FinalizeReload (997ms)
		ReleaseScriptCaches (0ms)
		RebuildScriptCaches (0ms)
		SetupLoadedEditorAssemblies (899ms)
			LogAssemblyErrors (0ms)
			InitializePlatformSupportModulesInManaged (13ms)
			SetLoadedEditorAssemblies (4ms)
			BeforeProcessingInitializeOnLoad (103ms)
			ProcessInitializeOnLoadAttributes (721ms)
			ProcessInitializeOnLoadMethodAttributes (57ms)
			AfterProcessingInitializeOnLoad (1ms)
			EditorAssembliesLoaded (0ms)
		ExecutionOrderSort2 (0ms)
		AwakeInstancesAfterBackupRestoration (3ms)
Refreshing native plugins compatible for Editor in 2.88 ms, found 1 plugins.
Preloading 0 native plugins for Editor in 0.00 ms.
Unloading 29 Unused Serialized files (Serialized files now loaded: 0)
Unloading 6234 unused Assets / (4.6 MB). Loaded Objects now: 6947.
Memory consumption went from 142.3 MB to 137.7 MB.
Total: 20.026875 ms (FindLiveObjects: 0.328375 ms CreateObjectMapping: 0.160167 ms MarkObjects: 18.132750 ms  DeleteObjects: 1.405250 ms)

Prepare: number of updated asset objects reloaded= 0
========================================================================
Received Prepare
Folder 'Packages/com.unity.purchasing/Runtime/Apple/' contains multiple assembly definition files (Packages/com.unity.purchasing/Runtime/Apple/UnityEngine.Purchasing.Apple.asmdef)
Folder 'Packages/com.unity.purchasing/Runtime/Apple/' contains multiple assembly definition files (Packages/com.unity.purchasing/Runtime/Apple/Unity.Purchasing.Apple.asmdef)
Folder 'Packages/com.unity.purchasing/Runtime/SecurityStub/' contains multiple assembly definition files (Packages/com.unity.purchasing/Runtime/SecurityStub/UnityEngine.Purchasing.SecurityStub.asmdef)
Folder 'Packages/com.unity.purchasing/Runtime/SecurityStub/' contains multiple assembly definition files (Packages/com.unity.purchasing/Runtime/SecurityStub/Unity.Purchasing.SecurityStub.asmdef)
Folder 'Packages/com.unity.purchasing/Runtime/Security/' contains multiple assembly definition files (Packages/com.unity.purchasing/Runtime/Security/Unity.Purchasing.Security.asmdef)
Folder 'Packages/com.unity.purchasing/Runtime/Security/' contains multiple assembly definition files (Packages/com.unity.purchasing/Runtime/Security/UnityEngine.Purchasing.Security.asmdef)
Folder 'Packages/com.unity.purchasing/Runtime/Stores/' contains multiple assembly definition files (Packages/com.unity.purchasing/Runtime/Stores/UnityEngine.Purchasing.Stores.asmdef)
Folder 'Packages/com.unity.purchasing/Runtime/Stores/' contains multiple assembly definition files (Packages/com.unity.purchasing/Runtime/Stores/Unity.Purchasing.Stores.asmdef)
Folder 'Packages/com.unity.purchasing/Runtime/SecurityCore/' contains multiple assembly definition files (Packages/com.unity.purchasing/Runtime/SecurityCore/Unity.Purchasing.SecurityCore.asmdef)
Folder 'Packages/com.unity.purchasing/Runtime/SecurityCore/' contains multiple assembly definition files (Packages/com.unity.purchasing/Runtime/SecurityCore/UnityEngine.Purchasing.SecurityCore.asmdef)
Folder 'Packages/com.unity.purchasing/Runtime/Purchasing/' contains multiple assembly definition files (Packages/com.unity.purchasing/Runtime/Purchasing/UnityEngine.Purchasing.asmdef)
Folder 'Packages/com.unity.purchasing/Runtime/Purchasing/' contains multiple assembly definition files (Packages/com.unity.purchasing/Runtime/Purchasing/Unity.Purchasing.asmdef)
Folder 'Packages/com.unity.purchasing/Runtime/AppleMacosStub/' contains multiple assembly definition files (Packages/com.unity.purchasing/Runtime/AppleMacosStub/UnityEngine.Purchasing.AppleMacosStub.asmdef)
Folder 'Packages/com.unity.purchasing/Runtime/AppleMacosStub/' contains multiple assembly definition files (Packages/com.unity.purchasing/Runtime/AppleMacosStub/Unity.Purchasing.AppleMacosStub.asmdef)
Folder 'Packages/com.unity.purchasing/Runtime/AppleStub/' contains multiple assembly definition files (Packages/com.unity.purchasing/Runtime/AppleStub/Unity.Purchasing.AppleStub.asmdef)
Folder 'Packages/com.unity.purchasing/Runtime/AppleStub/' contains multiple assembly definition files (Packages/com.unity.purchasing/Runtime/AppleStub/UnityEngine.Purchasing.AppleStub.asmdef)
Folder 'Packages/com.unity.purchasing/Runtime/AppleMacos/' contains multiple assembly definition files (Packages/com.unity.purchasing/Runtime/AppleMacos/UnityEngine.Purchasing.AppleMacos.asmdef)
Folder 'Packages/com.unity.purchasing/Runtime/AppleMacos/' contains multiple assembly definition files (Packages/com.unity.purchasing/Runtime/AppleMacos/Unity.Purchasing.AppleMacos.asmdef)
Folder 'Packages/com.unity.purchasing/Runtime/Codeless/' contains multiple assembly definition files (Packages/com.unity.purchasing/Runtime/Codeless/Unity.Purchasing.Codeless.asmdef)
Folder 'Packages/com.unity.purchasing/Runtime/Codeless/' contains multiple assembly definition files (Packages/com.unity.purchasing/Runtime/Codeless/UnityEngine.Purchasing.Codeless.asmdef)
ArgumentException: An item with the same key has already been added. Key: 400f2260dd8d285419d1db99999109aa
  at System.Collections.Generic.Dictionary`2[TKey,TValue].TryInsert (TKey key, TValue value, System.Collections.Generic.InsertionBehavior behavior) [0x0015a] in <c5eeda5e65d44b388e164c6c5cfe0702>:0 
  at System.Collections.Generic.Dictionary`2[TKey,TValue].Add (TKey key, TValue value) [0x00000] in <c5eeda5e65d44b388e164c6c5cfe0702>:0 
  at System.Linq.Enumerable.ToDictionary[TSource,TKey,TElement] (TSource[] source, System.Func`2[T,TResult] keySelector, System.Func`2[T,TResult] elementSelector, System.Collections.Generic.IEqualityComparer`1[T] comparer) [0x00029] in <8203c5af529241e2a5cc4b3c5a3dc69a>:0 
  at System.Linq.Enumerable.ToDictionary[TSource,TKey,TElement] (System.Collections.Generic.IEnumerable`1[T] source, System.Func`2[T,TResult] keySelector, System.Func`2[T,TResult] elementSelector, System.Collections.Generic.IEqualityComparer`1[T] comparer) [0x00051] in <8203c5af529241e2a5cc4b3c5a3dc69a>:0 
  at System.Linq.Enumerable.ToDictionary[TSource,TKey,TElement] (System.Collections.Generic.IEnumerable`1[T] source, System.Func`2[T,TResult] keySelector, System.Func`2[T,TResult] elementSelector) [0x00000] in <8203c5af529241e2a5cc4b3c5a3dc69a>:0 
  at UnityEditor.Scripting.ScriptCompilation.AssemblyGraphBuilder.Initialize (System.Collections.Generic.IReadOnlyCollection`1[T] assemblies, System.Collections.Generic.IReadOnlyCollection`1[T] customScriptAssemblyReferences) [0x00046] in /Users/bokken/build/output/unity/unity/Editor/Mono/Scripting/ScriptCompilation/AssemblyGraphBuilder.cs:85 
  at UnityEditor.Scripting.ScriptCompilation.AssemblyGraphBuilderFactory.GetOrCreate (System.String projectPath, System.Collections.Generic.IReadOnlyCollection`1[T] assemblies, System.Collections.Generic.IReadOnlyCollection`1[T] customScriptAssemblyReferences) [0x00038] in /Users/bokken/build/output/unity/unity/Editor/Mono/Scripting/ScriptCompilation/AssemblyGraphBuilderFactory.cs:54 
  at UnityEditor.Scripting.ScriptCompilation.EditorCompilation.GetAssemblyGraphBuilder () [0x00001] in /Users/bokken/build/output/unity/unity/Editor/Mono/Scripting/ScriptCompilation/EditorCompilation.cs:170 
  at UnityEditor.Scripting.ScriptCompilation.EditorCompilation.SetAllScripts (System.String[] allScripts) [0x0000d] in /Users/bokken/build/output/unity/unity/Editor/Mono/Scripting/ScriptCompilation/EditorCompilation.cs:178 
  at UnityEditor.Scripting.ScriptCompilation.EditorCompilationInterface.SetAllScripts (System.String[] allScripts) [0x00001] in /Users/bokken/build/output/unity/unity/Editor/Mono/Scripting/ScriptCompilation/EditorCompilationInterface.cs:79 

(Filename: /Users/bokken/build/output/unity/unity/Editor/Mono/Scripting/ScriptCompilation/AssemblyGraphBuilder.cs Line: 85)

Folder 'Packages/com.unity.purchasing/Runtime/Apple/' contains multiple assembly definition files (Packages/com.unity.purchasing/Runtime/Apple/UnityEngine.Purchasing.Apple.asmdef)
Folder 'Packages/com.unity.purchasing/Runtime/Apple/' contains multiple assembly definition files (Packages/com.unity.purchasing/Runtime/Apple/Unity.Purchasing.Apple.asmdef)
Folder 'Packages/com.unity.purchasing/Runtime/SecurityStub/' contains multiple assembly definition files (Packages/com.unity.purchasing/Runtime/SecurityStub/UnityEngine.Purchasing.SecurityStub.asmdef)
Folder 'Packages/com.unity.purchasing/Runtime/SecurityStub/' contains multiple assembly definition files (Packages/com.unity.purchasing/Runtime/SecurityStub/Unity.Purchasing.SecurityStub.asmdef)
Folder 'Packages/com.unity.purchasing/Runtime/Security/' contains multiple assembly definition files (Packages/com.unity.purchasing/Runtime/Security/Unity.Purchasing.Security.asmdef)
Folder 'Packages/com.unity.purchasing/Runtime/Security/' contains multiple assembly definition files (Packages/com.unity.purchasing/Runtime/Security/UnityEngine.Purchasing.Security.asmdef)
Folder 'Packages/com.unity.purchasing/Runtime/Stores/' contains multiple assembly definition files (Packages/com.unity.purchasing/Runtime/Stores/UnityEngine.Purchasing.Stores.asmdef)
Folder 'Packages/com.unity.purchasing/Runtime/Stores/' contains multiple assembly definition files (Packages/com.unity.purchasing/Runtime/Stores/Unity.Purchasing.Stores.asmdef)
Folder 'Packages/com.unity.purchasing/Runtime/SecurityCore/' contains multiple assembly definition files (Packages/com.unity.purchasing/Runtime/SecurityCore/Unity.Purchasing.SecurityCore.asmdef)
Folder 'Packages/com.unity.purchasing/Runtime/SecurityCore/' contains multiple assembly definition files (Packages/com.unity.purchasing/Runtime/SecurityCore/UnityEngine.Purchasing.SecurityCore.asmdef)
Folder 'Packages/com.unity.purchasing/Runtime/Purchasing/' contains multiple assembly definition files (Packages/com.unity.purchasing/Runtime/Purchasing/UnityEngine.Purchasing.asmdef)
Folder 'Packages/com.unity.purchasing/Runtime/Purchasing/' contains multiple assembly definition files (Packages/com.unity.purchasing/Runtime/Purchasing/Unity.Purchasing.asmdef)
Folder 'Packages/com.unity.purchasing/Runtime/AppleMacosStub/' contains multiple assembly definition files (Packages/com.unity.purchasing/Runtime/AppleMacosStub/UnityEngine.Purchasing.AppleMacosStub.asmdef)
Folder 'Packages/com.unity.purchasing/Runtime/AppleMacosStub/' contains multiple assembly definition files (Packages/com.unity.purchasing/Runtime/AppleMacosStub/Unity.Purchasing.AppleMacosStub.asmdef)
Folder 'Packages/com.unity.purchasing/Runtime/AppleStub/' contains multiple assembly definition files (Packages/com.unity.purchasing/Runtime/AppleStub/Unity.Purchasing.AppleStub.asmdef)
Folder 'Packages/com.unity.purchasing/Runtime/AppleStub/' contains multiple assembly definition files (Packages/com.unity.purchasing/Runtime/AppleStub/UnityEngine.Purchasing.AppleStub.asmdef)
Folder 'Packages/com.unity.purchasing/Runtime/AppleMacos/' contains multiple assembly definition files (Packages/com.unity.purchasing/Runtime/AppleMacos/UnityEngine.Purchasing.AppleMacos.asmdef)
Folder 'Packages/com.unity.purchasing/Runtime/AppleMacos/' contains multiple assembly definition files (Packages/com.unity.purchasing/Runtime/AppleMacos/Unity.Purchasing.AppleMacos.asmdef)
Folder 'Packages/com.unity.purchasing/Runtime/Codeless/' contains multiple assembly definition files (Packages/com.unity.purchasing/Runtime/Codeless/Unity.Purchasing.Codeless.asmdef)
Folder 'Packages/com.unity.purchasing/Runtime/Codeless/' contains multiple assembly definition files (Packages/com.unity.purchasing/Runtime/Codeless/UnityEngine.Purchasing.Codeless.asmdef)
ArgumentException: An item with the same key has already been added. Key: 400f2260dd8d285419d1db99999109aa
  at System.Collections.Generic.Dictionary`2[TKey,TValue].TryInsert (TKey key, TValue value, System.Collections.Generic.InsertionBehavior behavior) [0x0015a] in <c5eeda5e65d44b388e164c6c5cfe0702>:0 
  at System.Collections.Generic.Dictionary`2[TKey,TValue].Add (TKey key, TValue value) [0x00000] in <c5eeda5e65d44b388e164c6c5cfe0702>:0 
  at System.Linq.Enumerable.ToDictionary[TSource,TKey,TElement] (TSource[] source, System.Func`2[T,TResult] keySelector, System.Func`2[T,TResult] elementSelector, System.Collections.Generic.IEqualityComparer`1[T] comparer) [0x00029] in <8203c5af529241e2a5cc4b3c5a3dc69a>:0 
  at System.Linq.Enumerable.ToDictionary[TSource,TKey,TElement] (System.Collections.Generic.IEnumerable`1[T] source, System.Func`2[T,TResult] keySelector, System.Func`2[T,TResult] elementSelector, System.Collections.Generic.IEqualityComparer`1[T] comparer) [0x00051] in <8203c5af529241e2a5cc4b3c5a3dc69a>:0 
  at System.Linq.Enumerable.ToDictionary[TSource,TKey,TElement] (System.Collections.Generic.IEnumerable`1[T] source, System.Func`2[T,TResult] keySelector, System.Func`2[T,TResult] elementSelector) [0x00000] in <8203c5af529241e2a5cc4b3c5a3dc69a>:0 
  at UnityEditor.Scripting.ScriptCompilation.AssemblyGraphBuilder.Initialize (System.Collections.Generic.IReadOnlyCollection`1[T] assemblies, System.Collections.Generic.IReadOnlyCollection`1[T] customScriptAssemblyReferences) [0x00046] in /Users/bokken/build/output/unity/unity/Editor/Mono/Scripting/ScriptCompilation/AssemblyGraphBuilder.cs:85 
  at UnityEditor.Scripting.ScriptCompilation.AssemblyGraphBuilderFactory.GetOrCreate (System.String projectPath, System.Collections.Generic.IReadOnlyCollection`1[T] assemblies, System.Collections.Generic.IReadOnlyCollection`1[T] customScriptAssemblyReferences) [0x00038] in /Users/bokken/build/output/unity/unity/Editor/Mono/Scripting/ScriptCompilation/AssemblyGraphBuilderFactory.cs:54 
  at UnityEditor.Scripting.ScriptCompilation.EditorCompilation.GetAssemblyGraphBuilder () [0x00001] in /Users/bokken/build/output/unity/unity/Editor/Mono/Scripting/ScriptCompilation/EditorCompilation.cs:170 
  at UnityEditor.Scripting.ScriptCompilation.EditorCompilation.SetAllScripts (System.String[] allScripts) [0x0000d] in /Users/bokken/build/output/unity/unity/Editor/Mono/Scripting/ScriptCompilation/EditorCompilation.cs:178 
  at UnityEditor.Scripting.ScriptCompilation.EditorCompilationInterface.SetAllScripts (System.String[] allScripts) [0x00001] in /Users/bokken/build/output/unity/unity/Editor/Mono/Scripting/ScriptCompilation/EditorCompilationInterface.cs:79 

(Filename: /Users/bokken/build/output/unity/unity/Editor/Mono/Scripting/ScriptCompilation/AssemblyGraphBuilder.cs Line: 85)

Begin MonoManager ReloadAssembly
Thread 0x16b97b000 may have been prematurely finalized
Symbol file LoadedFromMemory is not a mono symbol file
- Loaded All Assemblies, in  0.465 seconds
Folder 'Packages/com.unity.purchasing/Runtime/Apple/' contains multiple assembly definition files (Packages/com.unity.purchasing/Runtime/Apple/UnityEngine.Purchasing.Apple.asmdef)
Folder 'Packages/com.unity.purchasing/Runtime/Apple/' contains multiple assembly definition files (Packages/com.unity.purchasing/Runtime/Apple/Unity.Purchasing.Apple.asmdef)
Folder 'Packages/com.unity.purchasing/Runtime/SecurityStub/' contains multiple assembly definition files (Packages/com.unity.purchasing/Runtime/SecurityStub/UnityEngine.Purchasing.SecurityStub.asmdef)
Folder 'Packages/com.unity.purchasing/Runtime/SecurityStub/' contains multiple assembly definition files (Packages/com.unity.purchasing/Runtime/SecurityStub/Unity.Purchasing.SecurityStub.asmdef)
Folder 'Packages/com.unity.purchasing/Runtime/Security/' contains multiple assembly definition files (Packages/com.unity.purchasing/Runtime/Security/Unity.Purchasing.Security.asmdef)
Folder 'Packages/com.unity.purchasing/Runtime/Security/' contains multiple assembly definition files (Packages/com.unity.purchasing/Runtime/Security/UnityEngine.Purchasing.Security.asmdef)
Folder 'Packages/com.unity.purchasing/Runtime/Stores/' contains multiple assembly definition files (Packages/com.unity.purchasing/Runtime/Stores/UnityEngine.Purchasing.Stores.asmdef)
Folder 'Packages/com.unity.purchasing/Runtime/Stores/' contains multiple assembly definition files (Packages/com.unity.purchasing/Runtime/Stores/Unity.Purchasing.Stores.asmdef)
Folder 'Packages/com.unity.purchasing/Runtime/SecurityCore/' contains multiple assembly definition files (Packages/com.unity.purchasing/Runtime/SecurityCore/Unity.Purchasing.SecurityCore.asmdef)
Folder 'Packages/com.unity.purchasing/Runtime/SecurityCore/' contains multiple assembly definition files (Packages/com.unity.purchasing/Runtime/SecurityCore/UnityEngine.Purchasing.SecurityCore.asmdef)
Folder 'Packages/com.unity.purchasing/Runtime/Purchasing/' contains multiple assembly definition files (Packages/com.unity.purchasing/Runtime/Purchasing/UnityEngine.Purchasing.asmdef)
Folder 'Packages/com.unity.purchasing/Runtime/Purchasing/' contains multiple assembly definition files (Packages/com.unity.purchasing/Runtime/Purchasing/Unity.Purchasing.asmdef)
Folder 'Packages/com.unity.purchasing/Runtime/AppleMacosStub/' contains multiple assembly definition files (Packages/com.unity.purchasing/Runtime/AppleMacosStub/UnityEngine.Purchasing.AppleMacosStub.asmdef)
Folder 'Packages/com.unity.purchasing/Runtime/AppleMacosStub/' contains multiple assembly definition files (Packages/com.unity.purchasing/Runtime/AppleMacosStub/Unity.Purchasing.AppleMacosStub.asmdef)
Folder 'Packages/com.unity.purchasing/Runtime/AppleStub/' contains multiple assembly definition files (Packages/com.unity.purchasing/Runtime/AppleStub/Unity.Purchasing.AppleStub.asmdef)
Folder 'Packages/com.unity.purchasing/Runtime/AppleStub/' contains multiple assembly definition files (Packages/com.unity.purchasing/Runtime/AppleStub/UnityEngine.Purchasing.AppleStub.asmdef)
Folder 'Packages/com.unity.purchasing/Runtime/AppleMacos/' contains multiple assembly definition files (Packages/com.unity.purchasing/Runtime/AppleMacos/UnityEngine.Purchasing.AppleMacos.asmdef)
Folder 'Packages/com.unity.purchasing/Runtime/AppleMacos/' contains multiple assembly definition files (Packages/com.unity.purchasing/Runtime/AppleMacos/Unity.Purchasing.AppleMacos.asmdef)
Folder 'Packages/com.unity.purchasing/Runtime/Codeless/' contains multiple assembly definition files (Packages/com.unity.purchasing/Runtime/Codeless/Unity.Purchasing.Codeless.asmdef)
Folder 'Packages/com.unity.purchasing/Runtime/Codeless/' contains multiple assembly definition files (Packages/com.unity.purchasing/Runtime/Codeless/UnityEngine.Purchasing.Codeless.asmdef)
ArgumentException: An item with the same key has already been added. Key: 400f2260dd8d285419d1db99999109aa
  at System.Collections.Generic.Dictionary`2[TKey,TValue].TryInsert (TKey key, TValue value, System.Collections.Generic.InsertionBehavior behavior) [0x0015a] in <c5eeda5e65d44b388e164c6c5cfe0702>:0 
  at System.Collections.Generic.Dictionary`2[TKey,TValue].Add (TKey key, TValue value) [0x00000] in <c5eeda5e65d44b388e164c6c5cfe0702>:0 
  at System.Linq.Enumerable.ToDictionary[TSource,TKey,TElement] (TSource[] source, System.Func`2[T,TResult] keySelector, System.Func`2[T,TResult] elementSelector, System.Collections.Generic.IEqualityComparer`1[T] comparer) [0x00029] in <8203c5af529241e2a5cc4b3c5a3dc69a>:0 
  at System.Linq.Enumerable.ToDictionary[TSource,TKey,TElement] (System.Collections.Generic.IEnumerable`1[T] source, System.Func`2[T,TResult] keySelector, System.Func`2[T,TResult] elementSelector, System.Collections.Generic.IEqualityComparer`1[T] comparer) [0x00051] in <8203c5af529241e2a5cc4b3c5a3dc69a>:0 
  at System.Linq.Enumerable.ToDictionary[TSource,TKey,TElement] (System.Collections.Generic.IEnumerable`1[T] source, System.Func`2[T,TResult] keySelector, System.Func`2[T,TResult] elementSelector) [0x00000] in <8203c5af529241e2a5cc4b3c5a3dc69a>:0 
  at UnityEditor.Scripting.ScriptCompilation.AssemblyGraphBuilder.Initialize (System.Collections.Generic.IReadOnlyCollection`1[T] assemblies, System.Collections.Generic.IReadOnlyCollection`1[T] customScriptAssemblyReferences) [0x00046] in /Users/bokken/build/output/unity/unity/Editor/Mono/Scripting/ScriptCompilation/AssemblyGraphBuilder.cs:85 
  at UnityEditor.Scripting.ScriptCompilation.AssemblyGraphBuilderFactory.GetOrCreate (System.String projectPath, System.Collections.Generic.IReadOnlyCollection`1[T] assemblies, System.Collections.Generic.IReadOnlyCollection`1[T] customScriptAssemblyReferences) [0x00038] in /Users/bokken/build/output/unity/unity/Editor/Mono/Scripting/ScriptCompilation/AssemblyGraphBuilderFactory.cs:54 
  at UnityEditor.Scripting.ScriptCompilation.EditorCompilation.GetAssemblyGraphBuilder () [0x00001] in /Users/bokken/build/output/unity/unity/Editor/Mono/Scripting/ScriptCompilation/EditorCompilation.cs:170 
  at UnityEditor.Scripting.ScriptCompilation.EditorCompilation.SetAllScripts (System.String[] allScripts) [0x0000d] in /Users/bokken/build/output/unity/unity/Editor/Mono/Scripting/ScriptCompilation/EditorCompilation.cs:178 
  at UnityEditor.Scripting.ScriptCompilation.EditorCompilationInterface.SetAllScripts (System.String[] allScripts) [0x00001] in /Users/bokken/build/output/unity/unity/Editor/Mono/Scripting/ScriptCompilation/EditorCompilationInterface.cs:79 

(Filename: /Users/bokken/build/output/unity/unity/Editor/Mono/Scripting/ScriptCompilation/AssemblyGraphBuilder.cs Line: 85)

Refreshing native plugins compatible for Editor in 2.70 ms, found 1 plugins.
Native extension for iOS target not found
Native extension for Android target not found
Native extension for OSXStandalone target not found
Native extension for WebGL target not found
Folder 'Packages/com.unity.purchasing/Runtime/Apple/' contains multiple assembly definition files (Packages/com.unity.purchasing/Runtime/Apple/UnityEngine.Purchasing.Apple.asmdef)
Folder 'Packages/com.unity.purchasing/Runtime/Apple/' contains multiple assembly definition files (Packages/com.unity.purchasing/Runtime/Apple/Unity.Purchasing.Apple.asmdef)
Folder 'Packages/com.unity.purchasing/Runtime/SecurityStub/' contains multiple assembly definition files (Packages/com.unity.purchasing/Runtime/SecurityStub/UnityEngine.Purchasing.SecurityStub.asmdef)
Folder 'Packages/com.unity.purchasing/Runtime/SecurityStub/' contains multiple assembly definition files (Packages/com.unity.purchasing/Runtime/SecurityStub/Unity.Purchasing.SecurityStub.asmdef)
Folder 'Packages/com.unity.purchasing/Runtime/Security/' contains multiple assembly definition files (Packages/com.unity.purchasing/Runtime/Security/Unity.Purchasing.Security.asmdef)
Folder 'Packages/com.unity.purchasing/Runtime/Security/' contains multiple assembly definition files (Packages/com.unity.purchasing/Runtime/Security/UnityEngine.Purchasing.Security.asmdef)
Folder 'Packages/com.unity.purchasing/Runtime/Stores/' contains multiple assembly definition files (Packages/com.unity.purchasing/Runtime/Stores/UnityEngine.Purchasing.Stores.asmdef)
Folder 'Packages/com.unity.purchasing/Runtime/Stores/' contains multiple assembly definition files (Packages/com.unity.purchasing/Runtime/Stores/Unity.Purchasing.Stores.asmdef)
Folder 'Packages/com.unity.purchasing/Runtime/SecurityCore/' contains multiple assembly definition files (Packages/com.unity.purchasing/Runtime/SecurityCore/Unity.Purchasing.SecurityCore.asmdef)
Folder 'Packages/com.unity.purchasing/Runtime/SecurityCore/' contains multiple assembly definition files (Packages/com.unity.purchasing/Runtime/SecurityCore/UnityEngine.Purchasing.SecurityCore.asmdef)
Folder 'Packages/com.unity.purchasing/Runtime/Purchasing/' contains multiple assembly definition files (Packages/com.unity.purchasing/Runtime/Purchasing/UnityEngine.Purchasing.asmdef)
Folder 'Packages/com.unity.purchasing/Runtime/Purchasing/' contains multiple assembly definition files (Packages/com.unity.purchasing/Runtime/Purchasing/Unity.Purchasing.asmdef)
Folder 'Packages/com.unity.purchasing/Runtime/AppleMacosStub/' contains multiple assembly definition files (Packages/com.unity.purchasing/Runtime/AppleMacosStub/UnityEngine.Purchasing.AppleMacosStub.asmdef)
Folder 'Packages/com.unity.purchasing/Runtime/AppleMacosStub/' contains multiple assembly definition files (Packages/com.unity.purchasing/Runtime/AppleMacosStub/Unity.Purchasing.AppleMacosStub.asmdef)
Folder 'Packages/com.unity.purchasing/Runtime/AppleStub/' contains multiple assembly definition files (Packages/com.unity.purchasing/Runtime/AppleStub/Unity.Purchasing.AppleStub.asmdef)
Folder 'Packages/com.unity.purchasing/Runtime/AppleStub/' contains multiple assembly definition files (Packages/com.unity.purchasing/Runtime/AppleStub/UnityEngine.Purchasing.AppleStub.asmdef)
Folder 'Packages/com.unity.purchasing/Runtime/AppleMacos/' contains multiple assembly definition files (Packages/com.unity.purchasing/Runtime/AppleMacos/UnityEngine.Purchasing.AppleMacos.asmdef)
Folder 'Packages/com.unity.purchasing/Runtime/AppleMacos/' contains multiple assembly definition files (Packages/com.unity.purchasing/Runtime/AppleMacos/Unity.Purchasing.AppleMacos.asmdef)
Folder 'Packages/com.unity.purchasing/Runtime/Codeless/' contains multiple assembly definition files (Packages/com.unity.purchasing/Runtime/Codeless/Unity.Purchasing.Codeless.asmdef)
Folder 'Packages/com.unity.purchasing/Runtime/Codeless/' contains multiple assembly definition files (Packages/com.unity.purchasing/Runtime/Codeless/UnityEngine.Purchasing.Codeless.asmdef)
ArgumentException: An item with the same key has already been added. Key: 400f2260dd8d285419d1db99999109aa
  at System.Collections.Generic.Dictionary`2[TKey,TValue].TryInsert (TKey key, TValue value, System.Collections.Generic.InsertionBehavior behavior) [0x0015a] in <c5eeda5e65d44b388e164c6c5cfe0702>:0 
  at System.Collections.Generic.Dictionary`2[TKey,TValue].Add (TKey key, TValue value) [0x00000] in <c5eeda5e65d44b388e164c6c5cfe0702>:0 
  at System.Linq.Enumerable.ToDictionary[TSource,TKey,TElement] (TSource[] source, System.Func`2[T,TResult] keySelector, System.Func`2[T,TResult] elementSelector, System.Collections.Generic.IEqualityComparer`1[T] comparer) [0x00029] in <8203c5af529241e2a5cc4b3c5a3dc69a>:0 
  at System.Linq.Enumerable.ToDictionary[TSource,TKey,TElement] (System.Collections.Generic.IEnumerable`1[T] source, System.Func`2[T,TResult] keySelector, System.Func`2[T,TResult] elementSelector, System.Collections.Generic.IEqualityComparer`1[T] comparer) [0x00051] in <8203c5af529241e2a5cc4b3c5a3dc69a>:0 
  at System.Linq.Enumerable.ToDictionary[TSource,TKey,TElement] (System.Collections.Generic.IEnumerable`1[T] source, System.Func`2[T,TResult] keySelector, System.Func`2[T,TResult] elementSelector) [0x00000] in <8203c5af529241e2a5cc4b3c5a3dc69a>:0 
  at UnityEditor.Scripting.ScriptCompilation.AssemblyGraphBuilder.Initialize (System.Collections.Generic.IReadOnlyCollection`1[T] assemblies, System.Collections.Generic.IReadOnlyCollection`1[T] customScriptAssemblyReferences) [0x00046] in /Users/bokken/build/output/unity/unity/Editor/Mono/Scripting/ScriptCompilation/AssemblyGraphBuilder.cs:85 
  at UnityEditor.Scripting.ScriptCompilation.AssemblyGraphBuilderFactory.GetOrCreate (System.String projectPath, System.Collections.Generic.IReadOnlyCollection`1[T] assemblies, System.Collections.Generic.IReadOnlyCollection`1[T] customScriptAssemblyReferences) [0x00038] in /Users/bokken/build/output/unity/unity/Editor/Mono/Scripting/ScriptCompilation/AssemblyGraphBuilderFactory.cs:54 
  at UnityEditor.Scripting.ScriptCompilation.EditorCompilation.GetAssemblyGraphBuilder () [0x00001] in /Users/bokken/build/output/unity/unity/Editor/Mono/Scripting/ScriptCompilation/EditorCompilation.cs:170 
  at UnityEditor.Scripting.ScriptCompilation.EditorCompilation.SetAllScripts (System.String[] allScripts) [0x0000d] in /Users/bokken/build/output/unity/unity/Editor/Mono/Scripting/ScriptCompilation/EditorCompilation.cs:178 
  at UnityEditor.Scripting.ScriptCompilation.EditorCompilationInterface.SetAllScripts (System.String[] allScripts) [0x00001] in /Users/bokken/build/output/unity/unity/Editor/Mono/Scripting/ScriptCompilation/EditorCompilationInterface.cs:79 

(Filename: /Users/bokken/build/output/unity/unity/Editor/Mono/Scripting/ScriptCompilation/AssemblyGraphBuilder.cs Line: 85)

Refreshing native plugins compatible for Editor in 3.86 ms, found 1 plugins.
[Package Manager] Failed to launch server process. Reason: Unity was launched with the -noUpm command-line argument
[Package Manager] Unable to send message (not connected to server process).
[Package Manager] Cannot connect to Unity Package Manager local server
ScheduleIndexationOnStartup MainProcess:False IndexOnStartup:True
Mono: successfully reloaded assembly
- Finished resetting the current domain, in  0.947 seconds
Domain Reload Profiling: 1415ms
	BeginReloadAssembly (105ms)
		ExecutionOrderSort (0ms)
		DisableScriptedObjects (3ms)
		BackupInstance (0ms)
		ReleaseScriptingObjects (0ms)
		CreateAndSetChildDomain (35ms)
	RebuildCommonClasses (24ms)
	RebuildNativeTypeToScriptingClass (10ms)
	initialDomainReloadingComplete (14ms)
	LoadAllAssembliesAndSetupDomain (314ms)
		LoadAssemblies (220ms)
		RebuildTransferFunctionScriptingTraits (0ms)
		AnalyzeDomain (123ms)
			TypeCache.Refresh (7ms)
				TypeCache.ScanAssembly (0ms)
			BuildScriptInfoCaches (109ms)
			ResolveRequiredComponents (3ms)
	FinalizeReload (948ms)
		ReleaseScriptCaches (0ms)
		RebuildScriptCaches (0ms)
		SetupLoadedEditorAssemblies (853ms)
			LogAssemblyErrors (0ms)
			InitializePlatformSupportModulesInManaged (13ms)
			SetLoadedEditorAssemblies (3ms)
			BeforeProcessingInitializeOnLoad (98ms)
			ProcessInitializeOnLoadAttributes (682ms)
			ProcessInitializeOnLoadMethodAttributes (56ms)
			AfterProcessingInitializeOnLoad (1ms)
			EditorAssembliesLoaded (0ms)
		ExecutionOrderSort2 (0ms)
		AwakeInstancesAfterBackupRestoration (3ms)
Refreshing native plugins compatible for Editor in 3.40 ms, found 1 plugins.
Preloading 0 native plugins for Editor in 0.00 ms.
Unloading 29 Unused Serialized files (Serialized files now loaded: 0)
Unloading 6234 unused Assets / (4.3 MB). Loaded Objects now: 6953.
Memory consumption went from 142.3 MB to 138.1 MB.
Total: 20.361958 ms (FindLiveObjects: 0.333542 ms CreateObjectMapping: 0.165250 ms MarkObjects: 18.500500 ms  DeleteObjects: 1.361916 ms)

Prepare: number of updated asset objects reloaded= 0
========================================================================
Received Prepare
Refreshing native plugins compatible for Editor in 3.30 ms, found 1 plugins.
Preloading 0 native plugins for Editor in 0.00 ms.
Unloading 29 Unused Serialized files (Serialized files now loaded: 0)
Unloading 6162 unused Assets / (4.4 MB). Loaded Objects now: 6953.
Memory consumption went from 124.9 MB to 120.5 MB.
Total: 20.175291 ms (FindLiveObjects: 0.346334 ms CreateObjectMapping: 0.160584 ms MarkObjects: 18.381625 ms  DeleteObjects: 1.286459 ms)

Prepare: number of updated asset objects reloaded= 0
========================================================================
Received Prepare
[Licensing::Client] Successfully resolved entitlement details
Folder 'Packages/com.unity.purchasing/Runtime/Apple/' contains multiple assembly definition files (Packages/com.unity.purchasing/Runtime/Apple/UnityEngine.Purchasing.Apple.asmdef)
Folder 'Packages/com.unity.purchasing/Runtime/Apple/' contains multiple assembly definition files (Packages/com.unity.purchasing/Runtime/Apple/Unity.Purchasing.Apple.asmdef)
Folder 'Packages/com.unity.purchasing/Runtime/SecurityStub/' contains multiple assembly definition files (Packages/com.unity.purchasing/Runtime/SecurityStub/UnityEngine.Purchasing.SecurityStub.asmdef)
Folder 'Packages/com.unity.purchasing/Runtime/SecurityStub/' contains multiple assembly definition files (Packages/com.unity.purchasing/Runtime/SecurityStub/Unity.Purchasing.SecurityStub.asmdef)
Folder 'Packages/com.unity.purchasing/Runtime/Security/' contains multiple assembly definition files (Packages/com.unity.purchasing/Runtime/Security/Unity.Purchasing.Security.asmdef)
Folder 'Packages/com.unity.purchasing/Runtime/Security/' contains multiple assembly definition files (Packages/com.unity.purchasing/Runtime/Security/UnityEngine.Purchasing.Security.asmdef)
Folder 'Packages/com.unity.purchasing/Runtime/Stores/' contains multiple assembly definition files (Packages/com.unity.purchasing/Runtime/Stores/UnityEngine.Purchasing.Stores.asmdef)
Folder 'Packages/com.unity.purchasing/Runtime/Stores/' contains multiple assembly definition files (Packages/com.unity.purchasing/Runtime/Stores/Unity.Purchasing.Stores.asmdef)
Folder 'Packages/com.unity.purchasing/Runtime/SecurityCore/' contains multiple assembly definition files (Packages/com.unity.purchasing/Runtime/SecurityCore/Unity.Purchasing.SecurityCore.asmdef)
Folder 'Packages/com.unity.purchasing/Runtime/SecurityCore/' contains multiple assembly definition files (Packages/com.unity.purchasing/Runtime/SecurityCore/UnityEngine.Purchasing.SecurityCore.asmdef)
Folder 'Packages/com.unity.purchasing/Runtime/Purchasing/' contains multiple assembly definition files (Packages/com.unity.purchasing/Runtime/Purchasing/UnityEngine.Purchasing.asmdef)
Folder 'Packages/com.unity.purchasing/Runtime/Purchasing/' contains multiple assembly definition files (Packages/com.unity.purchasing/Runtime/Purchasing/Unity.Purchasing.asmdef)
Folder 'Packages/com.unity.purchasing/Runtime/AppleMacosStub/' contains multiple assembly definition files (Packages/com.unity.purchasing/Runtime/AppleMacosStub/UnityEngine.Purchasing.AppleMacosStub.asmdef)
Folder 'Packages/com.unity.purchasing/Runtime/AppleMacosStub/' contains multiple assembly definition files (Packages/com.unity.purchasing/Runtime/AppleMacosStub/Unity.Purchasing.AppleMacosStub.asmdef)
Folder 'Packages/com.unity.purchasing/Runtime/AppleStub/' contains multiple assembly definition files (Packages/com.unity.purchasing/Runtime/AppleStub/Unity.Purchasing.AppleStub.asmdef)
Folder 'Packages/com.unity.purchasing/Runtime/AppleStub/' contains multiple assembly definition files (Packages/com.unity.purchasing/Runtime/AppleStub/UnityEngine.Purchasing.AppleStub.asmdef)
Folder 'Packages/com.unity.purchasing/Runtime/AppleMacos/' contains multiple assembly definition files (Packages/com.unity.purchasing/Runtime/AppleMacos/UnityEngine.Purchasing.AppleMacos.asmdef)
Folder 'Packages/com.unity.purchasing/Runtime/AppleMacos/' contains multiple assembly definition files (Packages/com.unity.purchasing/Runtime/AppleMacos/Unity.Purchasing.AppleMacos.asmdef)
Folder 'Packages/com.unity.purchasing/Runtime/Codeless/' contains multiple assembly definition files (Packages/com.unity.purchasing/Runtime/Codeless/Unity.Purchasing.Codeless.asmdef)
Folder 'Packages/com.unity.purchasing/Runtime/Codeless/' contains multiple assembly definition files (Packages/com.unity.purchasing/Runtime/Codeless/UnityEngine.Purchasing.Codeless.asmdef)
ArgumentException: An item with the same key has already been added. Key: 400f2260dd8d285419d1db99999109aa
  at System.Collections.Generic.Dictionary`2[TKey,TValue].TryInsert (TKey key, TValue value, System.Collections.Generic.InsertionBehavior behavior) [0x0015a] in <c5eeda5e65d44b388e164c6c5cfe0702>:0 
  at System.Collections.Generic.Dictionary`2[TKey,TValue].Add (TKey key, TValue value) [0x00000] in <c5eeda5e65d44b388e164c6c5cfe0702>:0 
  at System.Linq.Enumerable.ToDictionary[TSource,TKey,TElement] (TSource[] source, System.Func`2[T,TResult] keySelector, System.Func`2[T,TResult] elementSelector, System.Collections.Generic.IEqualityComparer`1[T] comparer) [0x00029] in <8203c5af529241e2a5cc4b3c5a3dc69a>:0 
  at System.Linq.Enumerable.ToDictionary[TSource,TKey,TElement] (System.Collections.Generic.IEnumerable`1[T] source, System.Func`2[T,TResult] keySelector, System.Func`2[T,TResult] elementSelector, System.Collections.Generic.IEqualityComparer`1[T] comparer) [0x00051] in <8203c5af529241e2a5cc4b3c5a3dc69a>:0 
  at System.Linq.Enumerable.ToDictionary[TSource,TKey,TElement] (System.Collections.Generic.IEnumerable`1[T] source, System.Func`2[T,TResult] keySelector, System.Func`2[T,TResult] elementSelector) [0x00000] in <8203c5af529241e2a5cc4b3c5a3dc69a>:0 
  at UnityEditor.Scripting.ScriptCompilation.AssemblyGraphBuilder.Initialize (System.Collections.Generic.IReadOnlyCollection`1[T] assemblies, System.Collections.Generic.IReadOnlyCollection`1[T] customScriptAssemblyReferences) [0x00046] in /Users/bokken/build/output/unity/unity/Editor/Mono/Scripting/ScriptCompilation/AssemblyGraphBuilder.cs:85 
  at UnityEditor.Scripting.ScriptCompilation.AssemblyGraphBuilderFactory.GetOrCreate (System.String projectPath, System.Collections.Generic.IReadOnlyCollection`1[T] assemblies, System.Collections.Generic.IReadOnlyCollection`1[T] customScriptAssemblyReferences) [0x00038] in /Users/bokken/build/output/unity/unity/Editor/Mono/Scripting/ScriptCompilation/AssemblyGraphBuilderFactory.cs:54 
  at UnityEditor.Scripting.ScriptCompilation.EditorCompilation.GetAssemblyGraphBuilder () [0x00001] in /Users/bokken/build/output/unity/unity/Editor/Mono/Scripting/ScriptCompilation/EditorCompilation.cs:170 
  at UnityEditor.Scripting.ScriptCompilation.EditorCompilation.SetAllScripts (System.String[] allScripts) [0x0000d] in /Users/bokken/build/output/unity/unity/Editor/Mono/Scripting/ScriptCompilation/EditorCompilation.cs:178 
  at UnityEditor.Scripting.ScriptCompilation.EditorCompilationInterface.SetAllScripts (System.String[] allScripts) [0x00001] in /Users/bokken/build/output/unity/unity/Editor/Mono/Scripting/ScriptCompilation/EditorCompilationInterface.cs:79 

(Filename: /Users/bokken/build/output/unity/unity/Editor/Mono/Scripting/ScriptCompilation/AssemblyGraphBuilder.cs Line: 85)

Folder 'Packages/com.unity.purchasing/Runtime/Apple/' contains multiple assembly definition files (Packages/com.unity.purchasing/Runtime/Apple/UnityEngine.Purchasing.Apple.asmdef)
Folder 'Packages/com.unity.purchasing/Runtime/Apple/' contains multiple assembly definition files (Packages/com.unity.purchasing/Runtime/Apple/Unity.Purchasing.Apple.asmdef)
Folder 'Packages/com.unity.purchasing/Runtime/SecurityStub/' contains multiple assembly definition files (Packages/com.unity.purchasing/Runtime/SecurityStub/UnityEngine.Purchasing.SecurityStub.asmdef)
Folder 'Packages/com.unity.purchasing/Runtime/SecurityStub/' contains multiple assembly definition files (Packages/com.unity.purchasing/Runtime/SecurityStub/Unity.Purchasing.SecurityStub.asmdef)
Folder 'Packages/com.unity.purchasing/Runtime/Security/' contains multiple assembly definition files (Packages/com.unity.purchasing/Runtime/Security/Unity.Purchasing.Security.asmdef)
Folder 'Packages/com.unity.purchasing/Runtime/Security/' contains multiple assembly definition files (Packages/com.unity.purchasing/Runtime/Security/UnityEngine.Purchasing.Security.asmdef)
Folder 'Packages/com.unity.purchasing/Runtime/Stores/' contains multiple assembly definition files (Packages/com.unity.purchasing/Runtime/Stores/UnityEngine.Purchasing.Stores.asmdef)
Folder 'Packages/com.unity.purchasing/Runtime/Stores/' contains multiple assembly definition files (Packages/com.unity.purchasing/Runtime/Stores/Unity.Purchasing.Stores.asmdef)
Folder 'Packages/com.unity.purchasing/Runtime/SecurityCore/' contains multiple assembly definition files (Packages/com.unity.purchasing/Runtime/SecurityCore/Unity.Purchasing.SecurityCore.asmdef)
Folder 'Packages/com.unity.purchasing/Runtime/SecurityCore/' contains multiple assembly definition files (Packages/com.unity.purchasing/Runtime/SecurityCore/UnityEngine.Purchasing.SecurityCore.asmdef)
Folder 'Packages/com.unity.purchasing/Runtime/Purchasing/' contains multiple assembly definition files (Packages/com.unity.purchasing/Runtime/Purchasing/UnityEngine.Purchasing.asmdef)
Folder 'Packages/com.unity.purchasing/Runtime/Purchasing/' contains multiple assembly definition files (Packages/com.unity.purchasing/Runtime/Purchasing/Unity.Purchasing.asmdef)
Folder 'Packages/com.unity.purchasing/Runtime/AppleMacosStub/' contains multiple assembly definition files (Packages/com.unity.purchasing/Runtime/AppleMacosStub/UnityEngine.Purchasing.AppleMacosStub.asmdef)
Folder 'Packages/com.unity.purchasing/Runtime/AppleMacosStub/' contains multiple assembly definition files (Packages/com.unity.purchasing/Runtime/AppleMacosStub/Unity.Purchasing.AppleMacosStub.asmdef)
Folder 'Packages/com.unity.purchasing/Runtime/AppleStub/' contains multiple assembly definition files (Packages/com.unity.purchasing/Runtime/AppleStub/Unity.Purchasing.AppleStub.asmdef)
Folder 'Packages/com.unity.purchasing/Runtime/AppleStub/' contains multiple assembly definition files (Packages/com.unity.purchasing/Runtime/AppleStub/UnityEngine.Purchasing.AppleStub.asmdef)
Folder 'Packages/com.unity.purchasing/Runtime/AppleMacos/' contains multiple assembly definition files (Packages/com.unity.purchasing/Runtime/AppleMacos/UnityEngine.Purchasing.AppleMacos.asmdef)
Folder 'Packages/com.unity.purchasing/Runtime/AppleMacos/' contains multiple assembly definition files (Packages/com.unity.purchasing/Runtime/AppleMacos/Unity.Purchasing.AppleMacos.asmdef)
Folder 'Packages/com.unity.purchasing/Runtime/Codeless/' contains multiple assembly definition files (Packages/com.unity.purchasing/Runtime/Codeless/Unity.Purchasing.Codeless.asmdef)
Folder 'Packages/com.unity.purchasing/Runtime/Codeless/' contains multiple assembly definition files (Packages/com.unity.purchasing/Runtime/Codeless/UnityEngine.Purchasing.Codeless.asmdef)
ArgumentException: An item with the same key has already been added. Key: 400f2260dd8d285419d1db99999109aa
  at System.Collections.Generic.Dictionary`2[TKey,TValue].TryInsert (TKey key, TValue value, System.Collections.Generic.InsertionBehavior behavior) [0x0015a] in <c5eeda5e65d44b388e164c6c5cfe0702>:0 
  at System.Collections.Generic.Dictionary`2[TKey,TValue].Add (TKey key, TValue value) [0x00000] in <c5eeda5e65d44b388e164c6c5cfe0702>:0 
  at System.Linq.Enumerable.ToDictionary[TSource,TKey,TElement] (TSource[] source, System.Func`2[T,TResult] keySelector, System.Func`2[T,TResult] elementSelector, System.Collections.Generic.IEqualityComparer`1[T] comparer) [0x00029] in <8203c5af529241e2a5cc4b3c5a3dc69a>:0 
  at System.Linq.Enumerable.ToDictionary[TSource,TKey,TElement] (System.Collections.Generic.IEnumerable`1[T] source, System.Func`2[T,TResult] keySelector, System.Func`2[T,TResult] elementSelector, System.Collections.Generic.IEqualityComparer`1[T] comparer) [0x00051] in <8203c5af529241e2a5cc4b3c5a3dc69a>:0 
  at System.Linq.Enumerable.ToDictionary[TSource,TKey,TElement] (System.Collections.Generic.IEnumerable`1[T] source, System.Func`2[T,TResult] keySelector, System.Func`2[T,TResult] elementSelector) [0x00000] in <8203c5af529241e2a5cc4b3c5a3dc69a>:0 
  at UnityEditor.Scripting.ScriptCompilation.AssemblyGraphBuilder.Initialize (System.Collections.Generic.IReadOnlyCollection`1[T] assemblies, System.Collections.Generic.IReadOnlyCollection`1[T] customScriptAssemblyReferences) [0x00046] in /Users/bokken/build/output/unity/unity/Editor/Mono/Scripting/ScriptCompilation/AssemblyGraphBuilder.cs:85 
  at UnityEditor.Scripting.ScriptCompilation.AssemblyGraphBuilderFactory.GetOrCreate (System.String projectPath, System.Collections.Generic.IReadOnlyCollection`1[T] assemblies, System.Collections.Generic.IReadOnlyCollection`1[T] customScriptAssemblyReferences) [0x00038] in /Users/bokken/build/output/unity/unity/Editor/Mono/Scripting/ScriptCompilation/AssemblyGraphBuilderFactory.cs:54 
  at UnityEditor.Scripting.ScriptCompilation.EditorCompilation.GetAssemblyGraphBuilder () [0x00001] in /Users/bokken/build/output/unity/unity/Editor/Mono/Scripting/ScriptCompilation/EditorCompilation.cs:170 
  at UnityEditor.Scripting.ScriptCompilation.EditorCompilation.SetAllScripts (System.String[] allScripts) [0x0000d] in /Users/bokken/build/output/unity/unity/Editor/Mono/Scripting/ScriptCompilation/EditorCompilation.cs:178 
  at UnityEditor.Scripting.ScriptCompilation.EditorCompilationInterface.SetAllScripts (System.String[] allScripts) [0x00001] in /Users/bokken/build/output/unity/unity/Editor/Mono/Scripting/ScriptCompilation/EditorCompilationInterface.cs:79 

(Filename: /Users/bokken/build/output/unity/unity/Editor/Mono/Scripting/ScriptCompilation/AssemblyGraphBuilder.cs Line: 85)

Begin MonoManager ReloadAssembly
[Licensing::Client] Successfully resolved entitlement details
Thread 0x16b97b000 may have been prematurely finalized
Symbol file LoadedFromMemory is not a mono symbol file
- Loaded All Assemblies, in  0.476 seconds
Folder 'Packages/com.unity.purchasing/Runtime/Apple/' contains multiple assembly definition files (Packages/com.unity.purchasing/Runtime/Apple/UnityEngine.Purchasing.Apple.asmdef)
Folder 'Packages/com.unity.purchasing/Runtime/Apple/' contains multiple assembly definition files (Packages/com.unity.purchasing/Runtime/Apple/Unity.Purchasing.Apple.asmdef)
Folder 'Packages/com.unity.purchasing/Runtime/SecurityStub/' contains multiple assembly definition files (Packages/com.unity.purchasing/Runtime/SecurityStub/UnityEngine.Purchasing.SecurityStub.asmdef)
Folder 'Packages/com.unity.purchasing/Runtime/SecurityStub/' contains multiple assembly definition files (Packages/com.unity.purchasing/Runtime/SecurityStub/Unity.Purchasing.SecurityStub.asmdef)
Folder 'Packages/com.unity.purchasing/Runtime/Security/' contains multiple assembly definition files (Packages/com.unity.purchasing/Runtime/Security/Unity.Purchasing.Security.asmdef)
Folder 'Packages/com.unity.purchasing/Runtime/Security/' contains multiple assembly definition files (Packages/com.unity.purchasing/Runtime/Security/UnityEngine.Purchasing.Security.asmdef)
Folder 'Packages/com.unity.purchasing/Runtime/Stores/' contains multiple assembly definition files (Packages/com.unity.purchasing/Runtime/Stores/UnityEngine.Purchasing.Stores.asmdef)
Folder 'Packages/com.unity.purchasing/Runtime/Stores/' contains multiple assembly definition files (Packages/com.unity.purchasing/Runtime/Stores/Unity.Purchasing.Stores.asmdef)
Folder 'Packages/com.unity.purchasing/Runtime/SecurityCore/' contains multiple assembly definition files (Packages/com.unity.purchasing/Runtime/SecurityCore/Unity.Purchasing.SecurityCore.asmdef)
Folder 'Packages/com.unity.purchasing/Runtime/SecurityCore/' contains multiple assembly definition files (Packages/com.unity.purchasing/Runtime/SecurityCore/UnityEngine.Purchasing.SecurityCore.asmdef)
Folder 'Packages/com.unity.purchasing/Runtime/Purchasing/' contains multiple assembly definition files (Packages/com.unity.purchasing/Runtime/Purchasing/UnityEngine.Purchasing.asmdef)
Folder 'Packages/com.unity.purchasing/Runtime/Purchasing/' contains multiple assembly definition files (Packages/com.unity.purchasing/Runtime/Purchasing/Unity.Purchasing.asmdef)
Folder 'Packages/com.unity.purchasing/Runtime/AppleMacosStub/' contains multiple assembly definition files (Packages/com.unity.purchasing/Runtime/AppleMacosStub/UnityEngine.Purchasing.AppleMacosStub.asmdef)
Folder 'Packages/com.unity.purchasing/Runtime/AppleMacosStub/' contains multiple assembly definition files (Packages/com.unity.purchasing/Runtime/AppleMacosStub/Unity.Purchasing.AppleMacosStub.asmdef)
Folder 'Packages/com.unity.purchasing/Runtime/AppleStub/' contains multiple assembly definition files (Packages/com.unity.purchasing/Runtime/AppleStub/Unity.Purchasing.AppleStub.asmdef)
Folder 'Packages/com.unity.purchasing/Runtime/AppleStub/' contains multiple assembly definition files (Packages/com.unity.purchasing/Runtime/AppleStub/UnityEngine.Purchasing.AppleStub.asmdef)
Folder 'Packages/com.unity.purchasing/Runtime/AppleMacos/' contains multiple assembly definition files (Packages/com.unity.purchasing/Runtime/AppleMacos/UnityEngine.Purchasing.AppleMacos.asmdef)
Folder 'Packages/com.unity.purchasing/Runtime/AppleMacos/' contains multiple assembly definition files (Packages/com.unity.purchasing/Runtime/AppleMacos/Unity.Purchasing.AppleMacos.asmdef)
Folder 'Packages/com.unity.purchasing/Runtime/Codeless/' contains multiple assembly definition files (Packages/com.unity.purchasing/Runtime/Codeless/Unity.Purchasing.Codeless.asmdef)
Folder 'Packages/com.unity.purchasing/Runtime/Codeless/' contains multiple assembly definition files (Packages/com.unity.purchasing/Runtime/Codeless/UnityEngine.Purchasing.Codeless.asmdef)
ArgumentException: An item with the same key has already been added. Key: 400f2260dd8d285419d1db99999109aa
  at System.Collections.Generic.Dictionary`2[TKey,TValue].TryInsert (TKey key, TValue value, System.Collections.Generic.InsertionBehavior behavior) [0x0015a] in <c5eeda5e65d44b388e164c6c5cfe0702>:0 
  at System.Collections.Generic.Dictionary`2[TKey,TValue].Add (TKey key, TValue value) [0x00000] in <c5eeda5e65d44b388e164c6c5cfe0702>:0 
  at System.Linq.Enumerable.ToDictionary[TSource,TKey,TElement] (TSource[] source, System.Func`2[T,TResult] keySelector, System.Func`2[T,TResult] elementSelector, System.Collections.Generic.IEqualityComparer`1[T] comparer) [0x00029] in <8203c5af529241e2a5cc4b3c5a3dc69a>:0 
  at System.Linq.Enumerable.ToDictionary[TSource,TKey,TElement] (System.Collections.Generic.IEnumerable`1[T] source, System.Func`2[T,TResult] keySelector, System.Func`2[T,TResult] elementSelector, System.Collections.Generic.IEqualityComparer`1[T] comparer) [0x00051] in <8203c5af529241e2a5cc4b3c5a3dc69a>:0 
  at System.Linq.Enumerable.ToDictionary[TSource,TKey,TElement] (System.Collections.Generic.IEnumerable`1[T] source, System.Func`2[T,TResult] keySelector, System.Func`2[T,TResult] elementSelector) [0x00000] in <8203c5af529241e2a5cc4b3c5a3dc69a>:0 
  at UnityEditor.Scripting.ScriptCompilation.AssemblyGraphBuilder.Initialize (System.Collections.Generic.IReadOnlyCollection`1[T] assemblies, System.Collections.Generic.IReadOnlyCollection`1[T] customScriptAssemblyReferences) [0x00046] in /Users/bokken/build/output/unity/unity/Editor/Mono/Scripting/ScriptCompilation/AssemblyGraphBuilder.cs:85 
  at UnityEditor.Scripting.ScriptCompilation.AssemblyGraphBuilderFactory.GetOrCreate (System.String projectPath, System.Collections.Generic.IReadOnlyCollection`1[T] assemblies, System.Collections.Generic.IReadOnlyCollection`1[T] customScriptAssemblyReferences) [0x00038] in /Users/bokken/build/output/unity/unity/Editor/Mono/Scripting/ScriptCompilation/AssemblyGraphBuilderFactory.cs:54 
  at UnityEditor.Scripting.ScriptCompilation.EditorCompilation.GetAssemblyGraphBuilder () [0x00001] in /Users/bokken/build/output/unity/unity/Editor/Mono/Scripting/ScriptCompilation/EditorCompilation.cs:170 
  at UnityEditor.Scripting.ScriptCompilation.EditorCompilation.SetAllScripts (System.String[] allScripts) [0x0000d] in /Users/bokken/build/output/unity/unity/Editor/Mono/Scripting/ScriptCompilation/EditorCompilation.cs:178 
  at UnityEditor.Scripting.ScriptCompilation.EditorCompilationInterface.SetAllScripts (System.String[] allScripts) [0x00001] in /Users/bokken/build/output/unity/unity/Editor/Mono/Scripting/ScriptCompilation/EditorCompilationInterface.cs:79 

(Filename: /Users/bokken/build/output/unity/unity/Editor/Mono/Scripting/ScriptCompilation/AssemblyGraphBuilder.cs Line: 85)

Refreshing native plugins compatible for Editor in 3.18 ms, found 1 plugins.
Native extension for iOS target not found
Native extension for Android target not found
Native extension for OSXStandalone target not found
Native extension for WebGL target not found
Folder 'Packages/com.unity.purchasing/Runtime/Apple/' contains multiple assembly definition files (Packages/com.unity.purchasing/Runtime/Apple/UnityEngine.Purchasing.Apple.asmdef)
Folder 'Packages/com.unity.purchasing/Runtime/Apple/' contains multiple assembly definition files (Packages/com.unity.purchasing/Runtime/Apple/Unity.Purchasing.Apple.asmdef)
Folder 'Packages/com.unity.purchasing/Runtime/SecurityStub/' contains multiple assembly definition files (Packages/com.unity.purchasing/Runtime/SecurityStub/UnityEngine.Purchasing.SecurityStub.asmdef)
Folder 'Packages/com.unity.purchasing/Runtime/SecurityStub/' contains multiple assembly definition files (Packages/com.unity.purchasing/Runtime/SecurityStub/Unity.Purchasing.SecurityStub.asmdef)
Folder 'Packages/com.unity.purchasing/Runtime/Security/' contains multiple assembly definition files (Packages/com.unity.purchasing/Runtime/Security/Unity.Purchasing.Security.asmdef)
Folder 'Packages/com.unity.purchasing/Runtime/Security/' contains multiple assembly definition files (Packages/com.unity.purchasing/Runtime/Security/UnityEngine.Purchasing.Security.asmdef)
Folder 'Packages/com.unity.purchasing/Runtime/Stores/' contains multiple assembly definition files (Packages/com.unity.purchasing/Runtime/Stores/UnityEngine.Purchasing.Stores.asmdef)
Folder 'Packages/com.unity.purchasing/Runtime/Stores/' contains multiple assembly definition files (Packages/com.unity.purchasing/Runtime/Stores/Unity.Purchasing.Stores.asmdef)
Folder 'Packages/com.unity.purchasing/Runtime/SecurityCore/' contains multiple assembly definition files (Packages/com.unity.purchasing/Runtime/SecurityCore/Unity.Purchasing.SecurityCore.asmdef)
Folder 'Packages/com.unity.purchasing/Runtime/SecurityCore/' contains multiple assembly definition files (Packages/com.unity.purchasing/Runtime/SecurityCore/UnityEngine.Purchasing.SecurityCore.asmdef)
Folder 'Packages/com.unity.purchasing/Runtime/Purchasing/' contains multiple assembly definition files (Packages/com.unity.purchasing/Runtime/Purchasing/UnityEngine.Purchasing.asmdef)
Folder 'Packages/com.unity.purchasing/Runtime/Purchasing/' contains multiple assembly definition files (Packages/com.unity.purchasing/Runtime/Purchasing/Unity.Purchasing.asmdef)
Folder 'Packages/com.unity.purchasing/Runtime/AppleMacosStub/' contains multiple assembly definition files (Packages/com.unity.purchasing/Runtime/AppleMacosStub/UnityEngine.Purchasing.AppleMacosStub.asmdef)
Folder 'Packages/com.unity.purchasing/Runtime/AppleMacosStub/' contains multiple assembly definition files (Packages/com.unity.purchasing/Runtime/AppleMacosStub/Unity.Purchasing.AppleMacosStub.asmdef)
Folder 'Packages/com.unity.purchasing/Runtime/AppleStub/' contains multiple assembly definition files (Packages/com.unity.purchasing/Runtime/AppleStub/Unity.Purchasing.AppleStub.asmdef)
Folder 'Packages/com.unity.purchasing/Runtime/AppleStub/' contains multiple assembly definition files (Packages/com.unity.purchasing/Runtime/AppleStub/UnityEngine.Purchasing.AppleStub.asmdef)
Folder 'Packages/com.unity.purchasing/Runtime/AppleMacos/' contains multiple assembly definition files (Packages/com.unity.purchasing/Runtime/AppleMacos/UnityEngine.Purchasing.AppleMacos.asmdef)
Folder 'Packages/com.unity.purchasing/Runtime/AppleMacos/' contains multiple assembly definition files (Packages/com.unity.purchasing/Runtime/AppleMacos/Unity.Purchasing.AppleMacos.asmdef)
Folder 'Packages/com.unity.purchasing/Runtime/Codeless/' contains multiple assembly definition files (Packages/com.unity.purchasing/Runtime/Codeless/Unity.Purchasing.Codeless.asmdef)
Folder 'Packages/com.unity.purchasing/Runtime/Codeless/' contains multiple assembly definition files (Packages/com.unity.purchasing/Runtime/Codeless/UnityEngine.Purchasing.Codeless.asmdef)
ArgumentException: An item with the same key has already been added. Key: 400f2260dd8d285419d1db99999109aa
  at System.Collections.Generic.Dictionary`2[TKey,TValue].TryInsert (TKey key, TValue value, System.Collections.Generic.InsertionBehavior behavior) [0x0015a] in <c5eeda5e65d44b388e164c6c5cfe0702>:0 
  at System.Collections.Generic.Dictionary`2[TKey,TValue].Add (TKey key, TValue value) [0x00000] in <c5eeda5e65d44b388e164c6c5cfe0702>:0 
  at System.Linq.Enumerable.ToDictionary[TSource,TKey,TElement] (TSource[] source, System.Func`2[T,TResult] keySelector, System.Func`2[T,TResult] elementSelector, System.Collections.Generic.IEqualityComparer`1[T] comparer) [0x00029] in <8203c5af529241e2a5cc4b3c5a3dc69a>:0 
  at System.Linq.Enumerable.ToDictionary[TSource,TKey,TElement] (System.Collections.Generic.IEnumerable`1[T] source, System.Func`2[T,TResult] keySelector, System.Func`2[T,TResult] elementSelector, System.Collections.Generic.IEqualityComparer`1[T] comparer) [0x00051] in <8203c5af529241e2a5cc4b3c5a3dc69a>:0 
  at System.Linq.Enumerable.ToDictionary[TSource,TKey,TElement] (System.Collections.Generic.IEnumerable`1[T] source, System.Func`2[T,TResult] keySelector, System.Func`2[T,TResult] elementSelector) [0x00000] in <8203c5af529241e2a5cc4b3c5a3dc69a>:0 
  at UnityEditor.Scripting.ScriptCompilation.AssemblyGraphBuilder.Initialize (System.Collections.Generic.IReadOnlyCollection`1[T] assemblies, System.Collections.Generic.IReadOnlyCollection`1[T] customScriptAssemblyReferences) [0x00046] in /Users/bokken/build/output/unity/unity/Editor/Mono/Scripting/ScriptCompilation/AssemblyGraphBuilder.cs:85 
  at UnityEditor.Scripting.ScriptCompilation.AssemblyGraphBuilderFactory.GetOrCreate (System.String projectPath, System.Collections.Generic.IReadOnlyCollection`1[T] assemblies, System.Collections.Generic.IReadOnlyCollection`1[T] customScriptAssemblyReferences) [0x00038] in /Users/bokken/build/output/unity/unity/Editor/Mono/Scripting/ScriptCompilation/AssemblyGraphBuilderFactory.cs:54 
  at UnityEditor.Scripting.ScriptCompilation.EditorCompilation.GetAssemblyGraphBuilder () [0x00001] in /Users/bokken/build/output/unity/unity/Editor/Mono/Scripting/ScriptCompilation/EditorCompilation.cs:170 
  at UnityEditor.Scripting.ScriptCompilation.EditorCompilation.SetAllScripts (System.String[] allScripts) [0x0000d] in /Users/bokken/build/output/unity/unity/Editor/Mono/Scripting/ScriptCompilation/EditorCompilation.cs:178 
  at UnityEditor.Scripting.ScriptCompilation.EditorCompilationInterface.SetAllScripts (System.String[] allScripts) [0x00001] in /Users/bokken/build/output/unity/unity/Editor/Mono/Scripting/ScriptCompilation/EditorCompilationInterface.cs:79 

(Filename: /Users/bokken/build/output/unity/unity/Editor/Mono/Scripting/ScriptCompilation/AssemblyGraphBuilder.cs Line: 85)

Refreshing native plugins compatible for Editor in 3.46 ms, found 1 plugins.
[Package Manager] Failed to launch server process. Reason: Unity was launched with the -noUpm command-line argument
[Package Manager] Unable to send message (not connected to server process).
[Package Manager] Cannot connect to Unity Package Manager local server
ScheduleIndexationOnStartup MainProcess:False IndexOnStartup:True
Mono: successfully reloaded assembly
- Finished resetting the current domain, in  0.952 seconds
Domain Reload Profiling: 1430ms
	BeginReloadAssembly (109ms)
		ExecutionOrderSort (0ms)
		DisableScriptedObjects (4ms)
		BackupInstance (0ms)
		ReleaseScriptingObjects (0ms)
		CreateAndSetChildDomain (36ms)
	RebuildCommonClasses (25ms)
	RebuildNativeTypeToScriptingClass (10ms)
	initialDomainReloadingComplete (15ms)
	LoadAllAssembliesAndSetupDomain (319ms)
		LoadAssemblies (224ms)
		RebuildTransferFunctionScriptingTraits (0ms)
		AnalyzeDomain (126ms)
			TypeCache.Refresh (11ms)
				TypeCache.ScanAssembly (1ms)
			BuildScriptInfoCaches (108ms)
			ResolveRequiredComponents (3ms)
	FinalizeReload (952ms)
		ReleaseScriptCaches (0ms)
		RebuildScriptCaches (0ms)
		SetupLoadedEditorAssemblies (856ms)
			LogAssemblyErrors (0ms)
			InitializePlatformSupportModulesInManaged (13ms)
			SetLoadedEditorAssemblies (4ms)
			BeforeProcessingInitializeOnLoad (99ms)
			ProcessInitializeOnLoadAttributes (682ms)
			ProcessInitializeOnLoadMethodAttributes (58ms)
			AfterProcessingInitializeOnLoad (1ms)
			EditorAssembliesLoaded (0ms)
		ExecutionOrderSort2 (0ms)
		AwakeInstancesAfterBackupRestoration (3ms)
Refreshing native plugins compatible for Editor in 3.17 ms, found 1 plugins.
Preloading 0 native plugins for Editor in 0.00 ms.
Unloading 29 Unused Serialized files (Serialized files now loaded: 0)
Unloading 6234 unused Assets / (4.3 MB). Loaded Objects now: 6959.
Memory consumption went from 142.4 MB to 138.1 MB.
Total: 20.863583 ms (FindLiveObjects: 0.304417 ms CreateObjectMapping: 0.177416 ms MarkObjects: 18.949917 ms  DeleteObjects: 1.431333 ms)

Prepare: number of updated asset objects reloaded= 0
========================================================================
Received Prepare
Folder 'Packages/com.unity.purchasing/Runtime/Apple/' contains multiple assembly definition files (Packages/com.unity.purchasing/Runtime/Apple/UnityEngine.Purchasing.Apple.asmdef)
Folder 'Packages/com.unity.purchasing/Runtime/Apple/' contains multiple assembly definition files (Packages/com.unity.purchasing/Runtime/Apple/Unity.Purchasing.Apple.asmdef)
Folder 'Packages/com.unity.purchasing/Runtime/SecurityStub/' contains multiple assembly definition files (Packages/com.unity.purchasing/Runtime/SecurityStub/UnityEngine.Purchasing.SecurityStub.asmdef)
Folder 'Packages/com.unity.purchasing/Runtime/SecurityStub/' contains multiple assembly definition files (Packages/com.unity.purchasing/Runtime/SecurityStub/Unity.Purchasing.SecurityStub.asmdef)
Folder 'Packages/com.unity.purchasing/Runtime/Security/' contains multiple assembly definition files (Packages/com.unity.purchasing/Runtime/Security/Unity.Purchasing.Security.asmdef)
Folder 'Packages/com.unity.purchasing/Runtime/Security/' contains multiple assembly definition files (Packages/com.unity.purchasing/Runtime/Security/UnityEngine.Purchasing.Security.asmdef)
Folder 'Packages/com.unity.purchasing/Runtime/Stores/' contains multiple assembly definition files (Packages/com.unity.purchasing/Runtime/Stores/UnityEngine.Purchasing.Stores.asmdef)
Folder 'Packages/com.unity.purchasing/Runtime/Stores/' contains multiple assembly definition files (Packages/com.unity.purchasing/Runtime/Stores/Unity.Purchasing.Stores.asmdef)
Folder 'Packages/com.unity.purchasing/Runtime/SecurityCore/' contains multiple assembly definition files (Packages/com.unity.purchasing/Runtime/SecurityCore/Unity.Purchasing.SecurityCore.asmdef)
Folder 'Packages/com.unity.purchasing/Runtime/SecurityCore/' contains multiple assembly definition files (Packages/com.unity.purchasing/Runtime/SecurityCore/UnityEngine.Purchasing.SecurityCore.asmdef)
Folder 'Packages/com.unity.purchasing/Runtime/Purchasing/' contains multiple assembly definition files (Packages/com.unity.purchasing/Runtime/Purchasing/UnityEngine.Purchasing.asmdef)
Folder 'Packages/com.unity.purchasing/Runtime/Purchasing/' contains multiple assembly definition files (Packages/com.unity.purchasing/Runtime/Purchasing/Unity.Purchasing.asmdef)
Folder 'Packages/com.unity.purchasing/Runtime/AppleMacosStub/' contains multiple assembly definition files (Packages/com.unity.purchasing/Runtime/AppleMacosStub/UnityEngine.Purchasing.AppleMacosStub.asmdef)
Folder 'Packages/com.unity.purchasing/Runtime/AppleMacosStub/' contains multiple assembly definition files (Packages/com.unity.purchasing/Runtime/AppleMacosStub/Unity.Purchasing.AppleMacosStub.asmdef)
Folder 'Packages/com.unity.purchasing/Runtime/AppleStub/' contains multiple assembly definition files (Packages/com.unity.purchasing/Runtime/AppleStub/Unity.Purchasing.AppleStub.asmdef)
Folder 'Packages/com.unity.purchasing/Runtime/AppleStub/' contains multiple assembly definition files (Packages/com.unity.purchasing/Runtime/AppleStub/UnityEngine.Purchasing.AppleStub.asmdef)
Folder 'Packages/com.unity.purchasing/Runtime/AppleMacos/' contains multiple assembly definition files (Packages/com.unity.purchasing/Runtime/AppleMacos/UnityEngine.Purchasing.AppleMacos.asmdef)
Folder 'Packages/com.unity.purchasing/Runtime/AppleMacos/' contains multiple assembly definition files (Packages/com.unity.purchasing/Runtime/AppleMacos/Unity.Purchasing.AppleMacos.asmdef)
Folder 'Packages/com.unity.purchasing/Runtime/Codeless/' contains multiple assembly definition files (Packages/com.unity.purchasing/Runtime/Codeless/Unity.Purchasing.Codeless.asmdef)
Folder 'Packages/com.unity.purchasing/Runtime/Codeless/' contains multiple assembly definition files (Packages/com.unity.purchasing/Runtime/Codeless/UnityEngine.Purchasing.Codeless.asmdef)
ArgumentException: An item with the same key has already been added. Key: 400f2260dd8d285419d1db99999109aa
  at System.Collections.Generic.Dictionary`2[TKey,TValue].TryInsert (TKey key, TValue value, System.Collections.Generic.InsertionBehavior behavior) [0x0015a] in <c5eeda5e65d44b388e164c6c5cfe0702>:0 
  at System.Collections.Generic.Dictionary`2[TKey,TValue].Add (TKey key, TValue value) [0x00000] in <c5eeda5e65d44b388e164c6c5cfe0702>:0 
  at System.Linq.Enumerable.ToDictionary[TSource,TKey,TElement] (TSource[] source, System.Func`2[T,TResult] keySelector, System.Func`2[T,TResult] elementSelector, System.Collections.Generic.IEqualityComparer`1[T] comparer) [0x00029] in <8203c5af529241e2a5cc4b3c5a3dc69a>:0 
  at System.Linq.Enumerable.ToDictionary[TSource,TKey,TElement] (System.Collections.Generic.IEnumerable`1[T] source, System.Func`2[T,TResult] keySelector, System.Func`2[T,TResult] elementSelector, System.Collections.Generic.IEqualityComparer`1[T] comparer) [0x00051] in <8203c5af529241e2a5cc4b3c5a3dc69a>:0 
  at System.Linq.Enumerable.ToDictionary[TSource,TKey,TElement] (System.Collections.Generic.IEnumerable`1[T] source, System.Func`2[T,TResult] keySelector, System.Func`2[T,TResult] elementSelector) [0x00000] in <8203c5af529241e2a5cc4b3c5a3dc69a>:0 
  at UnityEditor.Scripting.ScriptCompilation.AssemblyGraphBuilder.Initialize (System.Collections.Generic.IReadOnlyCollection`1[T] assemblies, System.Collections.Generic.IReadOnlyCollection`1[T] customScriptAssemblyReferences) [0x00046] in /Users/bokken/build/output/unity/unity/Editor/Mono/Scripting/ScriptCompilation/AssemblyGraphBuilder.cs:85 
  at UnityEditor.Scripting.ScriptCompilation.AssemblyGraphBuilderFactory.GetOrCreate (System.String projectPath, System.Collections.Generic.IReadOnlyCollection`1[T] assemblies, System.Collections.Generic.IReadOnlyCollection`1[T] customScriptAssemblyReferences) [0x00038] in /Users/bokken/build/output/unity/unity/Editor/Mono/Scripting/ScriptCompilation/AssemblyGraphBuilderFactory.cs:54 
  at UnityEditor.Scripting.ScriptCompilation.EditorCompilation.GetAssemblyGraphBuilder () [0x00001] in /Users/bokken/build/output/unity/unity/Editor/Mono/Scripting/ScriptCompilation/EditorCompilation.cs:170 
  at UnityEditor.Scripting.ScriptCompilation.EditorCompilation.SetAllScripts (System.String[] allScripts) [0x0000d] in /Users/bokken/build/output/unity/unity/Editor/Mono/Scripting/ScriptCompilation/EditorCompilation.cs:178 
  at UnityEditor.Scripting.ScriptCompilation.EditorCompilationInterface.SetAllScripts (System.String[] allScripts) [0x00001] in /Users/bokken/build/output/unity/unity/Editor/Mono/Scripting/ScriptCompilation/EditorCompilationInterface.cs:79 

(Filename: /Users/bokken/build/output/unity/unity/Editor/Mono/Scripting/ScriptCompilation/AssemblyGraphBuilder.cs Line: 85)

Folder 'Packages/com.unity.purchasing/Runtime/Apple/' contains multiple assembly definition files (Packages/com.unity.purchasing/Runtime/Apple/UnityEngine.Purchasing.Apple.asmdef)
Folder 'Packages/com.unity.purchasing/Runtime/Apple/' contains multiple assembly definition files (Packages/com.unity.purchasing/Runtime/Apple/Unity.Purchasing.Apple.asmdef)
Folder 'Packages/com.unity.purchasing/Runtime/SecurityStub/' contains multiple assembly definition files (Packages/com.unity.purchasing/Runtime/SecurityStub/UnityEngine.Purchasing.SecurityStub.asmdef)
Folder 'Packages/com.unity.purchasing/Runtime/SecurityStub/' contains multiple assembly definition files (Packages/com.unity.purchasing/Runtime/SecurityStub/Unity.Purchasing.SecurityStub.asmdef)
Folder 'Packages/com.unity.purchasing/Runtime/Security/' contains multiple assembly definition files (Packages/com.unity.purchasing/Runtime/Security/Unity.Purchasing.Security.asmdef)
Folder 'Packages/com.unity.purchasing/Runtime/Security/' contains multiple assembly definition files (Packages/com.unity.purchasing/Runtime/Security/UnityEngine.Purchasing.Security.asmdef)
Folder 'Packages/com.unity.purchasing/Runtime/Stores/' contains multiple assembly definition files (Packages/com.unity.purchasing/Runtime/Stores/UnityEngine.Purchasing.Stores.asmdef)
Folder 'Packages/com.unity.purchasing/Runtime/Stores/' contains multiple assembly definition files (Packages/com.unity.purchasing/Runtime/Stores/Unity.Purchasing.Stores.asmdef)
Folder 'Packages/com.unity.purchasing/Runtime/SecurityCore/' contains multiple assembly definition files (Packages/com.unity.purchasing/Runtime/SecurityCore/Unity.Purchasing.SecurityCore.asmdef)
Folder 'Packages/com.unity.purchasing/Runtime/SecurityCore/' contains multiple assembly definition files (Packages/com.unity.purchasing/Runtime/SecurityCore/UnityEngine.Purchasing.SecurityCore.asmdef)
Folder 'Packages/com.unity.purchasing/Runtime/Purchasing/' contains multiple assembly definition files (Packages/com.unity.purchasing/Runtime/Purchasing/UnityEngine.Purchasing.asmdef)
Folder 'Packages/com.unity.purchasing/Runtime/Purchasing/' contains multiple assembly definition files (Packages/com.unity.purchasing/Runtime/Purchasing/Unity.Purchasing.asmdef)
Folder 'Packages/com.unity.purchasing/Runtime/AppleMacosStub/' contains multiple assembly definition files (Packages/com.unity.purchasing/Runtime/AppleMacosStub/UnityEngine.Purchasing.AppleMacosStub.asmdef)
Folder 'Packages/com.unity.purchasing/Runtime/AppleMacosStub/' contains multiple assembly definition files (Packages/com.unity.purchasing/Runtime/AppleMacosStub/Unity.Purchasing.AppleMacosStub.asmdef)
Folder 'Packages/com.unity.purchasing/Runtime/AppleStub/' contains multiple assembly definition files (Packages/com.unity.purchasing/Runtime/AppleStub/Unity.Purchasing.AppleStub.asmdef)
Folder 'Packages/com.unity.purchasing/Runtime/AppleStub/' contains multiple assembly definition files (Packages/com.unity.purchasing/Runtime/AppleStub/UnityEngine.Purchasing.AppleStub.asmdef)
Folder 'Packages/com.unity.purchasing/Runtime/AppleMacos/' contains multiple assembly definition files (Packages/com.unity.purchasing/Runtime/AppleMacos/UnityEngine.Purchasing.AppleMacos.asmdef)
Folder 'Packages/com.unity.purchasing/Runtime/AppleMacos/' contains multiple assembly definition files (Packages/com.unity.purchasing/Runtime/AppleMacos/Unity.Purchasing.AppleMacos.asmdef)
Folder 'Packages/com.unity.purchasing/Runtime/Codeless/' contains multiple assembly definition files (Packages/com.unity.purchasing/Runtime/Codeless/Unity.Purchasing.Codeless.asmdef)
Folder 'Packages/com.unity.purchasing/Runtime/Codeless/' contains multiple assembly definition files (Packages/com.unity.purchasing/Runtime/Codeless/UnityEngine.Purchasing.Codeless.asmdef)
ArgumentException: An item with the same key has already been added. Key: 400f2260dd8d285419d1db99999109aa
  at System.Collections.Generic.Dictionary`2[TKey,TValue].TryInsert (TKey key, TValue value, System.Collections.Generic.InsertionBehavior behavior) [0x0015a] in <c5eeda5e65d44b388e164c6c5cfe0702>:0 
  at System.Collections.Generic.Dictionary`2[TKey,TValue].Add (TKey key, TValue value) [0x00000] in <c5eeda5e65d44b388e164c6c5cfe0702>:0 
  at System.Linq.Enumerable.ToDictionary[TSource,TKey,TElement] (TSource[] source, System.Func`2[T,TResult] keySelector, System.Func`2[T,TResult] elementSelector, System.Collections.Generic.IEqualityComparer`1[T] comparer) [0x00029] in <8203c5af529241e2a5cc4b3c5a3dc69a>:0 
  at System.Linq.Enumerable.ToDictionary[TSource,TKey,TElement] (System.Collections.Generic.IEnumerable`1[T] source, System.Func`2[T,TResult] keySelector, System.Func`2[T,TResult] elementSelector, System.Collections.Generic.IEqualityComparer`1[T] comparer) [0x00051] in <8203c5af529241e2a5cc4b3c5a3dc69a>:0 
  at System.Linq.Enumerable.ToDictionary[TSource,TKey,TElement] (System.Collections.Generic.IEnumerable`1[T] source, System.Func`2[T,TResult] keySelector, System.Func`2[T,TResult] elementSelector) [0x00000] in <8203c5af529241e2a5cc4b3c5a3dc69a>:0 
  at UnityEditor.Scripting.ScriptCompilation.AssemblyGraphBuilder.Initialize (System.Collections.Generic.IReadOnlyCollection`1[T] assemblies, System.Collections.Generic.IReadOnlyCollection`1[T] customScriptAssemblyReferences) [0x00046] in /Users/bokken/build/output/unity/unity/Editor/Mono/Scripting/ScriptCompilation/AssemblyGraphBuilder.cs:85 
  at UnityEditor.Scripting.ScriptCompilation.AssemblyGraphBuilderFactory.GetOrCreate (System.String projectPath, System.Collections.Generic.IReadOnlyCollection`1[T] assemblies, System.Collections.Generic.IReadOnlyCollection`1[T] customScriptAssemblyReferences) [0x00038] in /Users/bokken/build/output/unity/unity/Editor/Mono/Scripting/ScriptCompilation/AssemblyGraphBuilderFactory.cs:54 
  at UnityEditor.Scripting.ScriptCompilation.EditorCompilation.GetAssemblyGraphBuilder () [0x00001] in /Users/bokken/build/output/unity/unity/Editor/Mono/Scripting/ScriptCompilation/EditorCompilation.cs:170 
  at UnityEditor.Scripting.ScriptCompilation.EditorCompilation.SetAllScripts (System.String[] allScripts) [0x0000d] in /Users/bokken/build/output/unity/unity/Editor/Mono/Scripting/ScriptCompilation/EditorCompilation.cs:178 
  at UnityEditor.Scripting.ScriptCompilation.EditorCompilationInterface.SetAllScripts (System.String[] allScripts) [0x00001] in /Users/bokken/build/output/unity/unity/Editor/Mono/Scripting/ScriptCompilation/EditorCompilationInterface.cs:79 

(Filename: /Users/bokken/build/output/unity/unity/Editor/Mono/Scripting/ScriptCompilation/AssemblyGraphBuilder.cs Line: 85)

Begin MonoManager ReloadAssembly
Thread 0x16b97b000 may have been prematurely finalized
Symbol file LoadedFromMemory is not a mono symbol file
- Loaded All Assemblies, in  0.495 seconds
Folder 'Packages/com.unity.purchasing/Runtime/Apple/' contains multiple assembly definition files (Packages/com.unity.purchasing/Runtime/Apple/UnityEngine.Purchasing.Apple.asmdef)
Folder 'Packages/com.unity.purchasing/Runtime/Apple/' contains multiple assembly definition files (Packages/com.unity.purchasing/Runtime/Apple/Unity.Purchasing.Apple.asmdef)
Folder 'Packages/com.unity.purchasing/Runtime/SecurityStub/' contains multiple assembly definition files (Packages/com.unity.purchasing/Runtime/SecurityStub/UnityEngine.Purchasing.SecurityStub.asmdef)
Folder 'Packages/com.unity.purchasing/Runtime/SecurityStub/' contains multiple assembly definition files (Packages/com.unity.purchasing/Runtime/SecurityStub/Unity.Purchasing.SecurityStub.asmdef)
Folder 'Packages/com.unity.purchasing/Runtime/Security/' contains multiple assembly definition files (Packages/com.unity.purchasing/Runtime/Security/Unity.Purchasing.Security.asmdef)
Folder 'Packages/com.unity.purchasing/Runtime/Security/' contains multiple assembly definition files (Packages/com.unity.purchasing/Runtime/Security/UnityEngine.Purchasing.Security.asmdef)
Folder 'Packages/com.unity.purchasing/Runtime/Stores/' contains multiple assembly definition files (Packages/com.unity.purchasing/Runtime/Stores/UnityEngine.Purchasing.Stores.asmdef)
Folder 'Packages/com.unity.purchasing/Runtime/Stores/' contains multiple assembly definition files (Packages/com.unity.purchasing/Runtime/Stores/Unity.Purchasing.Stores.asmdef)
Folder 'Packages/com.unity.purchasing/Runtime/SecurityCore/' contains multiple assembly definition files (Packages/com.unity.purchasing/Runtime/SecurityCore/Unity.Purchasing.SecurityCore.asmdef)
Folder 'Packages/com.unity.purchasing/Runtime/SecurityCore/' contains multiple assembly definition files (Packages/com.unity.purchasing/Runtime/SecurityCore/UnityEngine.Purchasing.SecurityCore.asmdef)
Folder 'Packages/com.unity.purchasing/Runtime/Purchasing/' contains multiple assembly definition files (Packages/com.unity.purchasing/Runtime/Purchasing/UnityEngine.Purchasing.asmdef)
Folder 'Packages/com.unity.purchasing/Runtime/Purchasing/' contains multiple assembly definition files (Packages/com.unity.purchasing/Runtime/Purchasing/Unity.Purchasing.asmdef)
Folder 'Packages/com.unity.purchasing/Runtime/AppleMacosStub/' contains multiple assembly definition files (Packages/com.unity.purchasing/Runtime/AppleMacosStub/UnityEngine.Purchasing.AppleMacosStub.asmdef)
Folder 'Packages/com.unity.purchasing/Runtime/AppleMacosStub/' contains multiple assembly definition files (Packages/com.unity.purchasing/Runtime/AppleMacosStub/Unity.Purchasing.AppleMacosStub.asmdef)
Folder 'Packages/com.unity.purchasing/Runtime/AppleStub/' contains multiple assembly definition files (Packages/com.unity.purchasing/Runtime/AppleStub/Unity.Purchasing.AppleStub.asmdef)
Folder 'Packages/com.unity.purchasing/Runtime/AppleStub/' contains multiple assembly definition files (Packages/com.unity.purchasing/Runtime/AppleStub/UnityEngine.Purchasing.AppleStub.asmdef)
Folder 'Packages/com.unity.purchasing/Runtime/AppleMacos/' contains multiple assembly definition files (Packages/com.unity.purchasing/Runtime/AppleMacos/UnityEngine.Purchasing.AppleMacos.asmdef)
Folder 'Packages/com.unity.purchasing/Runtime/AppleMacos/' contains multiple assembly definition files (Packages/com.unity.purchasing/Runtime/AppleMacos/Unity.Purchasing.AppleMacos.asmdef)
Folder 'Packages/com.unity.purchasing/Runtime/Codeless/' contains multiple assembly definition files (Packages/com.unity.purchasing/Runtime/Codeless/Unity.Purchasing.Codeless.asmdef)
Folder 'Packages/com.unity.purchasing/Runtime/Codeless/' contains multiple assembly definition files (Packages/com.unity.purchasing/Runtime/Codeless/UnityEngine.Purchasing.Codeless.asmdef)
ArgumentException: An item with the same key has already been added. Key: 400f2260dd8d285419d1db99999109aa
  at System.Collections.Generic.Dictionary`2[TKey,TValue].TryInsert (TKey key, TValue value, System.Collections.Generic.InsertionBehavior behavior) [0x0015a] in <c5eeda5e65d44b388e164c6c5cfe0702>:0 
  at System.Collections.Generic.Dictionary`2[TKey,TValue].Add (TKey key, TValue value) [0x00000] in <c5eeda5e65d44b388e164c6c5cfe0702>:0 
  at System.Linq.Enumerable.ToDictionary[TSource,TKey,TElement] (TSource[] source, System.Func`2[T,TResult] keySelector, System.Func`2[T,TResult] elementSelector, System.Collections.Generic.IEqualityComparer`1[T] comparer) [0x00029] in <8203c5af529241e2a5cc4b3c5a3dc69a>:0 
  at System.Linq.Enumerable.ToDictionary[TSource,TKey,TElement] (System.Collections.Generic.IEnumerable`1[T] source, System.Func`2[T,TResult] keySelector, System.Func`2[T,TResult] elementSelector, System.Collections.Generic.IEqualityComparer`1[T] comparer) [0x00051] in <8203c5af529241e2a5cc4b3c5a3dc69a>:0 
  at System.Linq.Enumerable.ToDictionary[TSource,TKey,TElement] (System.Collections.Generic.IEnumerable`1[T] source, System.Func`2[T,TResult] keySelector, System.Func`2[T,TResult] elementSelector) [0x00000] in <8203c5af529241e2a5cc4b3c5a3dc69a>:0 
  at UnityEditor.Scripting.ScriptCompilation.AssemblyGraphBuilder.Initialize (System.Collections.Generic.IReadOnlyCollection`1[T] assemblies, System.Collections.Generic.IReadOnlyCollection`1[T] customScriptAssemblyReferences) [0x00046] in /Users/bokken/build/output/unity/unity/Editor/Mono/Scripting/ScriptCompilation/AssemblyGraphBuilder.cs:85 
  at UnityEditor.Scripting.ScriptCompilation.AssemblyGraphBuilderFactory.GetOrCreate (System.String projectPath, System.Collections.Generic.IReadOnlyCollection`1[T] assemblies, System.Collections.Generic.IReadOnlyCollection`1[T] customScriptAssemblyReferences) [0x00038] in /Users/bokken/build/output/unity/unity/Editor/Mono/Scripting/ScriptCompilation/AssemblyGraphBuilderFactory.cs:54 
  at UnityEditor.Scripting.ScriptCompilation.EditorCompilation.GetAssemblyGraphBuilder () [0x00001] in /Users/bokken/build/output/unity/unity/Editor/Mono/Scripting/ScriptCompilation/EditorCompilation.cs:170 
  at UnityEditor.Scripting.ScriptCompilation.EditorCompilation.SetAllScripts (System.String[] allScripts) [0x0000d] in /Users/bokken/build/output/unity/unity/Editor/Mono/Scripting/ScriptCompilation/EditorCompilation.cs:178 
  at UnityEditor.Scripting.ScriptCompilation.EditorCompilationInterface.SetAllScripts (System.String[] allScripts) [0x00001] in /Users/bokken/build/output/unity/unity/Editor/Mono/Scripting/ScriptCompilation/EditorCompilationInterface.cs:79 

(Filename: /Users/bokken/build/output/unity/unity/Editor/Mono/Scripting/ScriptCompilation/AssemblyGraphBuilder.cs Line: 85)

Refreshing native plugins compatible for Editor in 2.70 ms, found 1 plugins.
Native extension for iOS target not found
Native extension for Android target not found
Native extension for OSXStandalone target not found
Native extension for WebGL target not found
Folder 'Packages/com.unity.purchasing/Runtime/Apple/' contains multiple assembly definition files (Packages/com.unity.purchasing/Runtime/Apple/UnityEngine.Purchasing.Apple.asmdef)
Folder 'Packages/com.unity.purchasing/Runtime/Apple/' contains multiple assembly definition files (Packages/com.unity.purchasing/Runtime/Apple/Unity.Purchasing.Apple.asmdef)
Folder 'Packages/com.unity.purchasing/Runtime/SecurityStub/' contains multiple assembly definition files (Packages/com.unity.purchasing/Runtime/SecurityStub/UnityEngine.Purchasing.SecurityStub.asmdef)
Folder 'Packages/com.unity.purchasing/Runtime/SecurityStub/' contains multiple assembly definition files (Packages/com.unity.purchasing/Runtime/SecurityStub/Unity.Purchasing.SecurityStub.asmdef)
Folder 'Packages/com.unity.purchasing/Runtime/Security/' contains multiple assembly definition files (Packages/com.unity.purchasing/Runtime/Security/Unity.Purchasing.Security.asmdef)
Folder 'Packages/com.unity.purchasing/Runtime/Security/' contains multiple assembly definition files (Packages/com.unity.purchasing/Runtime/Security/UnityEngine.Purchasing.Security.asmdef)
Folder 'Packages/com.unity.purchasing/Runtime/Stores/' contains multiple assembly definition files (Packages/com.unity.purchasing/Runtime/Stores/UnityEngine.Purchasing.Stores.asmdef)
Folder 'Packages/com.unity.purchasing/Runtime/Stores/' contains multiple assembly definition files (Packages/com.unity.purchasing/Runtime/Stores/Unity.Purchasing.Stores.asmdef)
Folder 'Packages/com.unity.purchasing/Runtime/SecurityCore/' contains multiple assembly definition files (Packages/com.unity.purchasing/Runtime/SecurityCore/Unity.Purchasing.SecurityCore.asmdef)
Folder 'Packages/com.unity.purchasing/Runtime/SecurityCore/' contains multiple assembly definition files (Packages/com.unity.purchasing/Runtime/SecurityCore/UnityEngine.Purchasing.SecurityCore.asmdef)
Folder 'Packages/com.unity.purchasing/Runtime/Purchasing/' contains multiple assembly definition files (Packages/com.unity.purchasing/Runtime/Purchasing/UnityEngine.Purchasing.asmdef)
Folder 'Packages/com.unity.purchasing/Runtime/Purchasing/' contains multiple assembly definition files (Packages/com.unity.purchasing/Runtime/Purchasing/Unity.Purchasing.asmdef)
Folder 'Packages/com.unity.purchasing/Runtime/AppleMacosStub/' contains multiple assembly definition files (Packages/com.unity.purchasing/Runtime/AppleMacosStub/UnityEngine.Purchasing.AppleMacosStub.asmdef)
Folder 'Packages/com.unity.purchasing/Runtime/AppleMacosStub/' contains multiple assembly definition files (Packages/com.unity.purchasing/Runtime/AppleMacosStub/Unity.Purchasing.AppleMacosStub.asmdef)
Folder 'Packages/com.unity.purchasing/Runtime/AppleStub/' contains multiple assembly definition files (Packages/com.unity.purchasing/Runtime/AppleStub/Unity.Purchasing.AppleStub.asmdef)
Folder 'Packages/com.unity.purchasing/Runtime/AppleStub/' contains multiple assembly definition files (Packages/com.unity.purchasing/Runtime/AppleStub/UnityEngine.Purchasing.AppleStub.asmdef)
Folder 'Packages/com.unity.purchasing/Runtime/AppleMacos/' contains multiple assembly definition files (Packages/com.unity.purchasing/Runtime/AppleMacos/UnityEngine.Purchasing.AppleMacos.asmdef)
Folder 'Packages/com.unity.purchasing/Runtime/AppleMacos/' contains multiple assembly definition files (Packages/com.unity.purchasing/Runtime/AppleMacos/Unity.Purchasing.AppleMacos.asmdef)
Folder 'Packages/com.unity.purchasing/Runtime/Codeless/' contains multiple assembly definition files (Packages/com.unity.purchasing/Runtime/Codeless/Unity.Purchasing.Codeless.asmdef)
Folder 'Packages/com.unity.purchasing/Runtime/Codeless/' contains multiple assembly definition files (Packages/com.unity.purchasing/Runtime/Codeless/UnityEngine.Purchasing.Codeless.asmdef)
ArgumentException: An item with the same key has already been added. Key: 400f2260dd8d285419d1db99999109aa
  at System.Collections.Generic.Dictionary`2[TKey,TValue].TryInsert (TKey key, TValue value, System.Collections.Generic.InsertionBehavior behavior) [0x0015a] in <c5eeda5e65d44b388e164c6c5cfe0702>:0 
  at System.Collections.Generic.Dictionary`2[TKey,TValue].Add (TKey key, TValue value) [0x00000] in <c5eeda5e65d44b388e164c6c5cfe0702>:0 
  at System.Linq.Enumerable.ToDictionary[TSource,TKey,TElement] (TSource[] source, System.Func`2[T,TResult] keySelector, System.Func`2[T,TResult] elementSelector, System.Collections.Generic.IEqualityComparer`1[T] comparer) [0x00029] in <8203c5af529241e2a5cc4b3c5a3dc69a>:0 
  at System.Linq.Enumerable.ToDictionary[TSource,TKey,TElement] (System.Collections.Generic.IEnumerable`1[T] source, System.Func`2[T,TResult] keySelector, System.Func`2[T,TResult] elementSelector, System.Collections.Generic.IEqualityComparer`1[T] comparer) [0x00051] in <8203c5af529241e2a5cc4b3c5a3dc69a>:0 
  at System.Linq.Enumerable.ToDictionary[TSource,TKey,TElement] (System.Collections.Generic.IEnumerable`1[T] source, System.Func`2[T,TResult] keySelector, System.Func`2[T,TResult] elementSelector) [0x00000] in <8203c5af529241e2a5cc4b3c5a3dc69a>:0 
  at UnityEditor.Scripting.ScriptCompilation.AssemblyGraphBuilder.Initialize (System.Collections.Generic.IReadOnlyCollection`1[T] assemblies, System.Collections.Generic.IReadOnlyCollection`1[T] customScriptAssemblyReferences) [0x00046] in /Users/bokken/build/output/unity/unity/Editor/Mono/Scripting/ScriptCompilation/AssemblyGraphBuilder.cs:85 
  at UnityEditor.Scripting.ScriptCompilation.AssemblyGraphBuilderFactory.GetOrCreate (System.String projectPath, System.Collections.Generic.IReadOnlyCollection`1[T] assemblies, System.Collections.Generic.IReadOnlyCollection`1[T] customScriptAssemblyReferences) [0x00038] in /Users/bokken/build/output/unity/unity/Editor/Mono/Scripting/ScriptCompilation/AssemblyGraphBuilderFactory.cs:54 
  at UnityEditor.Scripting.ScriptCompilation.EditorCompilation.GetAssemblyGraphBuilder () [0x00001] in /Users/bokken/build/output/unity/unity/Editor/Mono/Scripting/ScriptCompilation/EditorCompilation.cs:170 
  at UnityEditor.Scripting.ScriptCompilation.EditorCompilation.SetAllScripts (System.String[] allScripts) [0x0000d] in /Users/bokken/build/output/unity/unity/Editor/Mono/Scripting/ScriptCompilation/EditorCompilation.cs:178 
  at UnityEditor.Scripting.ScriptCompilation.EditorCompilationInterface.SetAllScripts (System.String[] allScripts) [0x00001] in /Users/bokken/build/output/unity/unity/Editor/Mono/Scripting/ScriptCompilation/EditorCompilationInterface.cs:79 

(Filename: /Users/bokken/build/output/unity/unity/Editor/Mono/Scripting/ScriptCompilation/AssemblyGraphBuilder.cs Line: 85)

Refreshing native plugins compatible for Editor in 2.96 ms, found 1 plugins.
[Package Manager] Failed to launch server process. Reason: Unity was launched with the -noUpm command-line argument
[Package Manager] Unable to send message (not connected to server process).
[Package Manager] Cannot connect to Unity Package Manager local server
ScheduleIndexationOnStartup MainProcess:False IndexOnStartup:True
Mono: successfully reloaded assembly
- Finished resetting the current domain, in  0.955 seconds
Domain Reload Profiling: 1453ms
	BeginReloadAssembly (112ms)
		ExecutionOrderSort (0ms)
		DisableScriptedObjects (4ms)
		BackupInstance (0ms)
		ReleaseScriptingObjects (0ms)
		CreateAndSetChildDomain (37ms)
	RebuildCommonClasses (27ms)
	RebuildNativeTypeToScriptingClass (11ms)
	initialDomainReloadingComplete (16ms)
	LoadAllAssembliesAndSetupDomain (332ms)
		LoadAssemblies (235ms)
		RebuildTransferFunctionScriptingTraits (0ms)
		AnalyzeDomain (129ms)
			TypeCache.Refresh (7ms)
				TypeCache.ScanAssembly (0ms)
			BuildScriptInfoCaches (117ms)
			ResolveRequiredComponents (3ms)
	FinalizeReload (956ms)
		ReleaseScriptCaches (0ms)
		RebuildScriptCaches (0ms)
		SetupLoadedEditorAssemblies (855ms)
			LogAssemblyErrors (0ms)
			InitializePlatformSupportModulesInManaged (13ms)
			SetLoadedEditorAssemblies (4ms)
			BeforeProcessingInitializeOnLoad (103ms)
			ProcessInitializeOnLoadAttributes (676ms)
			ProcessInitializeOnLoadMethodAttributes (58ms)
			AfterProcessingInitializeOnLoad (1ms)
			EditorAssembliesLoaded (0ms)
		ExecutionOrderSort2 (0ms)
		AwakeInstancesAfterBackupRestoration (4ms)
Refreshing native plugins compatible for Editor in 3.15 ms, found 1 plugins.
Preloading 0 native plugins for Editor in 0.00 ms.
Unloading 29 Unused Serialized files (Serialized files now loaded: 0)
Unloading 6234 unused Assets / (4.2 MB). Loaded Objects now: 6965.
Memory consumption went from 142.3 MB to 138.1 MB.
Total: 20.166000 ms (FindLiveObjects: 0.314459 ms CreateObjectMapping: 0.180917 ms MarkObjects: 18.283042 ms  DeleteObjects: 1.387208 ms)

Prepare: number of updated asset objects reloaded= 0
========================================================================
Received Prepare
Refreshing native plugins compatible for Editor in 2.78 ms, found 1 plugins.
Preloading 0 native plugins for Editor in 0.00 ms.
Unloading 29 Unused Serialized files (Serialized files now loaded: 0)
Unloading 6162 unused Assets / (4.3 MB). Loaded Objects now: 6965.
Memory consumption went from 124.9 MB to 120.6 MB.
Total: 20.374708 ms (FindLiveObjects: 0.326292 ms CreateObjectMapping: 0.160583 ms MarkObjects: 18.536209 ms  DeleteObjects: 1.351125 ms)

Prepare: number of updated asset objects reloaded= 0
========================================================================
Received Prepare
[Licensing::Client] Successfully resolved entitlement details
Folder 'Packages/com.unity.purchasing/Runtime/Apple/' contains multiple assembly definition files (Packages/com.unity.purchasing/Runtime/Apple/UnityEngine.Purchasing.Apple.asmdef)
Folder 'Packages/com.unity.purchasing/Runtime/Apple/' contains multiple assembly definition files (Packages/com.unity.purchasing/Runtime/Apple/Unity.Purchasing.Apple.asmdef)
Folder 'Packages/com.unity.purchasing/Runtime/SecurityStub/' contains multiple assembly definition files (Packages/com.unity.purchasing/Runtime/SecurityStub/UnityEngine.Purchasing.SecurityStub.asmdef)
Folder 'Packages/com.unity.purchasing/Runtime/SecurityStub/' contains multiple assembly definition files (Packages/com.unity.purchasing/Runtime/SecurityStub/Unity.Purchasing.SecurityStub.asmdef)
Folder 'Packages/com.unity.purchasing/Runtime/Security/' contains multiple assembly definition files (Packages/com.unity.purchasing/Runtime/Security/Unity.Purchasing.Security.asmdef)
Folder 'Packages/com.unity.purchasing/Runtime/Security/' contains multiple assembly definition files (Packages/com.unity.purchasing/Runtime/Security/UnityEngine.Purchasing.Security.asmdef)
Folder 'Packages/com.unity.purchasing/Runtime/Stores/' contains multiple assembly definition files (Packages/com.unity.purchasing/Runtime/Stores/UnityEngine.Purchasing.Stores.asmdef)
Folder 'Packages/com.unity.purchasing/Runtime/Stores/' contains multiple assembly definition files (Packages/com.unity.purchasing/Runtime/Stores/Unity.Purchasing.Stores.asmdef)
Folder 'Packages/com.unity.purchasing/Runtime/SecurityCore/' contains multiple assembly definition files (Packages/com.unity.purchasing/Runtime/SecurityCore/Unity.Purchasing.SecurityCore.asmdef)
Folder 'Packages/com.unity.purchasing/Runtime/SecurityCore/' contains multiple assembly definition files (Packages/com.unity.purchasing/Runtime/SecurityCore/UnityEngine.Purchasing.SecurityCore.asmdef)
Folder 'Packages/com.unity.purchasing/Runtime/Purchasing/' contains multiple assembly definition files (Packages/com.unity.purchasing/Runtime/Purchasing/UnityEngine.Purchasing.asmdef)
Folder 'Packages/com.unity.purchasing/Runtime/Purchasing/' contains multiple assembly definition files (Packages/com.unity.purchasing/Runtime/Purchasing/Unity.Purchasing.asmdef)
Folder 'Packages/com.unity.purchasing/Runtime/AppleMacosStub/' contains multiple assembly definition files (Packages/com.unity.purchasing/Runtime/AppleMacosStub/UnityEngine.Purchasing.AppleMacosStub.asmdef)
Folder 'Packages/com.unity.purchasing/Runtime/AppleMacosStub/' contains multiple assembly definition files (Packages/com.unity.purchasing/Runtime/AppleMacosStub/Unity.Purchasing.AppleMacosStub.asmdef)
Folder 'Packages/com.unity.purchasing/Runtime/AppleStub/' contains multiple assembly definition files (Packages/com.unity.purchasing/Runtime/AppleStub/Unity.Purchasing.AppleStub.asmdef)
Folder 'Packages/com.unity.purchasing/Runtime/AppleStub/' contains multiple assembly definition files (Packages/com.unity.purchasing/Runtime/AppleStub/UnityEngine.Purchasing.AppleStub.asmdef)
Folder 'Packages/com.unity.purchasing/Runtime/AppleMacos/' contains multiple assembly definition files (Packages/com.unity.purchasing/Runtime/AppleMacos/UnityEngine.Purchasing.AppleMacos.asmdef)
Folder 'Packages/com.unity.purchasing/Runtime/AppleMacos/' contains multiple assembly definition files (Packages/com.unity.purchasing/Runtime/AppleMacos/Unity.Purchasing.AppleMacos.asmdef)
Folder 'Packages/com.unity.purchasing/Runtime/Codeless/' contains multiple assembly definition files (Packages/com.unity.purchasing/Runtime/Codeless/Unity.Purchasing.Codeless.asmdef)
Folder 'Packages/com.unity.purchasing/Runtime/Codeless/' contains multiple assembly definition files (Packages/com.unity.purchasing/Runtime/Codeless/UnityEngine.Purchasing.Codeless.asmdef)
ArgumentException: An item with the same key has already been added. Key: 400f2260dd8d285419d1db99999109aa
  at System.Collections.Generic.Dictionary`2[TKey,TValue].TryInsert (TKey key, TValue value, System.Collections.Generic.InsertionBehavior behavior) [0x0015a] in <c5eeda5e65d44b388e164c6c5cfe0702>:0 
  at System.Collections.Generic.Dictionary`2[TKey,TValue].Add (TKey key, TValue value) [0x00000] in <c5eeda5e65d44b388e164c6c5cfe0702>:0 
  at System.Linq.Enumerable.ToDictionary[TSource,TKey,TElement] (TSource[] source, System.Func`2[T,TResult] keySelector, System.Func`2[T,TResult] elementSelector, System.Collections.Generic.IEqualityComparer`1[T] comparer) [0x00029] in <8203c5af529241e2a5cc4b3c5a3dc69a>:0 
  at System.Linq.Enumerable.ToDictionary[TSource,TKey,TElement] (System.Collections.Generic.IEnumerable`1[T] source, System.Func`2[T,TResult] keySelector, System.Func`2[T,TResult] elementSelector, System.Collections.Generic.IEqualityComparer`1[T] comparer) [0x00051] in <8203c5af529241e2a5cc4b3c5a3dc69a>:0 
  at System.Linq.Enumerable.ToDictionary[TSource,TKey,TElement] (System.Collections.Generic.IEnumerable`1[T] source, System.Func`2[T,TResult] keySelector, System.Func`2[T,TResult] elementSelector) [0x00000] in <8203c5af529241e2a5cc4b3c5a3dc69a>:0 
  at UnityEditor.Scripting.ScriptCompilation.AssemblyGraphBuilder.Initialize (System.Collections.Generic.IReadOnlyCollection`1[T] assemblies, System.Collections.Generic.IReadOnlyCollection`1[T] customScriptAssemblyReferences) [0x00046] in /Users/bokken/build/output/unity/unity/Editor/Mono/Scripting/ScriptCompilation/AssemblyGraphBuilder.cs:85 
  at UnityEditor.Scripting.ScriptCompilation.AssemblyGraphBuilderFactory.GetOrCreate (System.String projectPath, System.Collections.Generic.IReadOnlyCollection`1[T] assemblies, System.Collections.Generic.IReadOnlyCollection`1[T] customScriptAssemblyReferences) [0x00038] in /Users/bokken/build/output/unity/unity/Editor/Mono/Scripting/ScriptCompilation/AssemblyGraphBuilderFactory.cs:54 
  at UnityEditor.Scripting.ScriptCompilation.EditorCompilation.GetAssemblyGraphBuilder () [0x00001] in /Users/bokken/build/output/unity/unity/Editor/Mono/Scripting/ScriptCompilation/EditorCompilation.cs:170 
  at UnityEditor.Scripting.ScriptCompilation.EditorCompilation.SetAllScripts (System.String[] allScripts) [0x0000d] in /Users/bokken/build/output/unity/unity/Editor/Mono/Scripting/ScriptCompilation/EditorCompilation.cs:178 
  at UnityEditor.Scripting.ScriptCompilation.EditorCompilationInterface.SetAllScripts (System.String[] allScripts) [0x00001] in /Users/bokken/build/output/unity/unity/Editor/Mono/Scripting/ScriptCompilation/EditorCompilationInterface.cs:79 

(Filename: /Users/bokken/build/output/unity/unity/Editor/Mono/Scripting/ScriptCompilation/AssemblyGraphBuilder.cs Line: 85)

Folder 'Packages/com.unity.purchasing/Runtime/Apple/' contains multiple assembly definition files (Packages/com.unity.purchasing/Runtime/Apple/UnityEngine.Purchasing.Apple.asmdef)
Folder 'Packages/com.unity.purchasing/Runtime/Apple/' contains multiple assembly definition files (Packages/com.unity.purchasing/Runtime/Apple/Unity.Purchasing.Apple.asmdef)
Folder 'Packages/com.unity.purchasing/Runtime/SecurityStub/' contains multiple assembly definition files (Packages/com.unity.purchasing/Runtime/SecurityStub/UnityEngine.Purchasing.SecurityStub.asmdef)
Folder 'Packages/com.unity.purchasing/Runtime/SecurityStub/' contains multiple assembly definition files (Packages/com.unity.purchasing/Runtime/SecurityStub/Unity.Purchasing.SecurityStub.asmdef)
Folder 'Packages/com.unity.purchasing/Runtime/Security/' contains multiple assembly definition files (Packages/com.unity.purchasing/Runtime/Security/Unity.Purchasing.Security.asmdef)
Folder 'Packages/com.unity.purchasing/Runtime/Security/' contains multiple assembly definition files (Packages/com.unity.purchasing/Runtime/Security/UnityEngine.Purchasing.Security.asmdef)
Folder 'Packages/com.unity.purchasing/Runtime/Stores/' contains multiple assembly definition files (Packages/com.unity.purchasing/Runtime/Stores/UnityEngine.Purchasing.Stores.asmdef)
Folder 'Packages/com.unity.purchasing/Runtime/Stores/' contains multiple assembly definition files (Packages/com.unity.purchasing/Runtime/Stores/Unity.Purchasing.Stores.asmdef)
Folder 'Packages/com.unity.purchasing/Runtime/SecurityCore/' contains multiple assembly definition files (Packages/com.unity.purchasing/Runtime/SecurityCore/Unity.Purchasing.SecurityCore.asmdef)
Folder 'Packages/com.unity.purchasing/Runtime/SecurityCore/' contains multiple assembly definition files (Packages/com.unity.purchasing/Runtime/SecurityCore/UnityEngine.Purchasing.SecurityCore.asmdef)
Folder 'Packages/com.unity.purchasing/Runtime/Purchasing/' contains multiple assembly definition files (Packages/com.unity.purchasing/Runtime/Purchasing/UnityEngine.Purchasing.asmdef)
Folder 'Packages/com.unity.purchasing/Runtime/Purchasing/' contains multiple assembly definition files (Packages/com.unity.purchasing/Runtime/Purchasing/Unity.Purchasing.asmdef)
Folder 'Packages/com.unity.purchasing/Runtime/AppleMacosStub/' contains multiple assembly definition files (Packages/com.unity.purchasing/Runtime/AppleMacosStub/UnityEngine.Purchasing.AppleMacosStub.asmdef)
Folder 'Packages/com.unity.purchasing/Runtime/AppleMacosStub/' contains multiple assembly definition files (Packages/com.unity.purchasing/Runtime/AppleMacosStub/Unity.Purchasing.AppleMacosStub.asmdef)
Folder 'Packages/com.unity.purchasing/Runtime/AppleStub/' contains multiple assembly definition files (Packages/com.unity.purchasing/Runtime/AppleStub/Unity.Purchasing.AppleStub.asmdef)
Folder 'Packages/com.unity.purchasing/Runtime/AppleStub/' contains multiple assembly definition files (Packages/com.unity.purchasing/Runtime/AppleStub/UnityEngine.Purchasing.AppleStub.asmdef)
Folder 'Packages/com.unity.purchasing/Runtime/AppleMacos/' contains multiple assembly definition files (Packages/com.unity.purchasing/Runtime/AppleMacos/UnityEngine.Purchasing.AppleMacos.asmdef)
Folder 'Packages/com.unity.purchasing/Runtime/AppleMacos/' contains multiple assembly definition files (Packages/com.unity.purchasing/Runtime/AppleMacos/Unity.Purchasing.AppleMacos.asmdef)
Folder 'Packages/com.unity.purchasing/Runtime/Codeless/' contains multiple assembly definition files (Packages/com.unity.purchasing/Runtime/Codeless/Unity.Purchasing.Codeless.asmdef)
Folder 'Packages/com.unity.purchasing/Runtime/Codeless/' contains multiple assembly definition files (Packages/com.unity.purchasing/Runtime/Codeless/UnityEngine.Purchasing.Codeless.asmdef)
ArgumentException: An item with the same key has already been added. Key: 400f2260dd8d285419d1db99999109aa
  at System.Collections.Generic.Dictionary`2[TKey,TValue].TryInsert (TKey key, TValue value, System.Collections.Generic.InsertionBehavior behavior) [0x0015a] in <c5eeda5e65d44b388e164c6c5cfe0702>:0 
  at System.Collections.Generic.Dictionary`2[TKey,TValue].Add (TKey key, TValue value) [0x00000] in <c5eeda5e65d44b388e164c6c5cfe0702>:0 
  at System.Linq.Enumerable.ToDictionary[TSource,TKey,TElement] (TSource[] source, System.Func`2[T,TResult] keySelector, System.Func`2[T,TResult] elementSelector, System.Collections.Generic.IEqualityComparer`1[T] comparer) [0x00029] in <8203c5af529241e2a5cc4b3c5a3dc69a>:0 
  at System.Linq.Enumerable.ToDictionary[TSource,TKey,TElement] (System.Collections.Generic.IEnumerable`1[T] source, System.Func`2[T,TResult] keySelector, System.Func`2[T,TResult] elementSelector, System.Collections.Generic.IEqualityComparer`1[T] comparer) [0x00051] in <8203c5af529241e2a5cc4b3c5a3dc69a>:0 
  at System.Linq.Enumerable.ToDictionary[TSource,TKey,TElement] (System.Collections.Generic.IEnumerable`1[T] source, System.Func`2[T,TResult] keySelector, System.Func`2[T,TResult] elementSelector) [0x00000] in <8203c5af529241e2a5cc4b3c5a3dc69a>:0 
  at UnityEditor.Scripting.ScriptCompilation.AssemblyGraphBuilder.Initialize (System.Collections.Generic.IReadOnlyCollection`1[T] assemblies, System.Collections.Generic.IReadOnlyCollection`1[T] customScriptAssemblyReferences) [0x00046] in /Users/bokken/build/output/unity/unity/Editor/Mono/Scripting/ScriptCompilation/AssemblyGraphBuilder.cs:85 
  at UnityEditor.Scripting.ScriptCompilation.AssemblyGraphBuilderFactory.GetOrCreate (System.String projectPath, System.Collections.Generic.IReadOnlyCollection`1[T] assemblies, System.Collections.Generic.IReadOnlyCollection`1[T] customScriptAssemblyReferences) [0x00038] in /Users/bokken/build/output/unity/unity/Editor/Mono/Scripting/ScriptCompilation/AssemblyGraphBuilderFactory.cs:54 
  at UnityEditor.Scripting.ScriptCompilation.EditorCompilation.GetAssemblyGraphBuilder () [0x00001] in /Users/bokken/build/output/unity/unity/Editor/Mono/Scripting/ScriptCompilation/EditorCompilation.cs:170 
  at UnityEditor.Scripting.ScriptCompilation.EditorCompilation.SetAllScripts (System.String[] allScripts) [0x0000d] in /Users/bokken/build/output/unity/unity/Editor/Mono/Scripting/ScriptCompilation/EditorCompilation.cs:178 
  at UnityEditor.Scripting.ScriptCompilation.EditorCompilationInterface.SetAllScripts (System.String[] allScripts) [0x00001] in /Users/bokken/build/output/unity/unity/Editor/Mono/Scripting/ScriptCompilation/EditorCompilationInterface.cs:79 

(Filename: /Users/bokken/build/output/unity/unity/Editor/Mono/Scripting/ScriptCompilation/AssemblyGraphBuilder.cs Line: 85)

Begin MonoManager ReloadAssembly
[Licensing::Client] Successfully resolved entitlement details
Thread 0x16b97b000 may have been prematurely finalized
Symbol file LoadedFromMemory is not a mono symbol file
- Loaded All Assemblies, in  0.495 seconds
Folder 'Packages/com.unity.purchasing/Runtime/Apple/' contains multiple assembly definition files (Packages/com.unity.purchasing/Runtime/Apple/UnityEngine.Purchasing.Apple.asmdef)
Folder 'Packages/com.unity.purchasing/Runtime/Apple/' contains multiple assembly definition files (Packages/com.unity.purchasing/Runtime/Apple/Unity.Purchasing.Apple.asmdef)
Folder 'Packages/com.unity.purchasing/Runtime/SecurityStub/' contains multiple assembly definition files (Packages/com.unity.purchasing/Runtime/SecurityStub/UnityEngine.Purchasing.SecurityStub.asmdef)
Folder 'Packages/com.unity.purchasing/Runtime/SecurityStub/' contains multiple assembly definition files (Packages/com.unity.purchasing/Runtime/SecurityStub/Unity.Purchasing.SecurityStub.asmdef)
Folder 'Packages/com.unity.purchasing/Runtime/Security/' contains multiple assembly definition files (Packages/com.unity.purchasing/Runtime/Security/Unity.Purchasing.Security.asmdef)
Folder 'Packages/com.unity.purchasing/Runtime/Security/' contains multiple assembly definition files (Packages/com.unity.purchasing/Runtime/Security/UnityEngine.Purchasing.Security.asmdef)
Folder 'Packages/com.unity.purchasing/Runtime/Stores/' contains multiple assembly definition files (Packages/com.unity.purchasing/Runtime/Stores/UnityEngine.Purchasing.Stores.asmdef)
Folder 'Packages/com.unity.purchasing/Runtime/Stores/' contains multiple assembly definition files (Packages/com.unity.purchasing/Runtime/Stores/Unity.Purchasing.Stores.asmdef)
Folder 'Packages/com.unity.purchasing/Runtime/SecurityCore/' contains multiple assembly definition files (Packages/com.unity.purchasing/Runtime/SecurityCore/Unity.Purchasing.SecurityCore.asmdef)
Folder 'Packages/com.unity.purchasing/Runtime/SecurityCore/' contains multiple assembly definition files (Packages/com.unity.purchasing/Runtime/SecurityCore/UnityEngine.Purchasing.SecurityCore.asmdef)
Folder 'Packages/com.unity.purchasing/Runtime/Purchasing/' contains multiple assembly definition files (Packages/com.unity.purchasing/Runtime/Purchasing/UnityEngine.Purchasing.asmdef)
Folder 'Packages/com.unity.purchasing/Runtime/Purchasing/' contains multiple assembly definition files (Packages/com.unity.purchasing/Runtime/Purchasing/Unity.Purchasing.asmdef)
Folder 'Packages/com.unity.purchasing/Runtime/AppleMacosStub/' contains multiple assembly definition files (Packages/com.unity.purchasing/Runtime/AppleMacosStub/UnityEngine.Purchasing.AppleMacosStub.asmdef)
Folder 'Packages/com.unity.purchasing/Runtime/AppleMacosStub/' contains multiple assembly definition files (Packages/com.unity.purchasing/Runtime/AppleMacosStub/Unity.Purchasing.AppleMacosStub.asmdef)
Folder 'Packages/com.unity.purchasing/Runtime/AppleStub/' contains multiple assembly definition files (Packages/com.unity.purchasing/Runtime/AppleStub/Unity.Purchasing.AppleStub.asmdef)
Folder 'Packages/com.unity.purchasing/Runtime/AppleStub/' contains multiple assembly definition files (Packages/com.unity.purchasing/Runtime/AppleStub/UnityEngine.Purchasing.AppleStub.asmdef)
Folder 'Packages/com.unity.purchasing/Runtime/AppleMacos/' contains multiple assembly definition files (Packages/com.unity.purchasing/Runtime/AppleMacos/UnityEngine.Purchasing.AppleMacos.asmdef)
Folder 'Packages/com.unity.purchasing/Runtime/AppleMacos/' contains multiple assembly definition files (Packages/com.unity.purchasing/Runtime/AppleMacos/Unity.Purchasing.AppleMacos.asmdef)
Folder 'Packages/com.unity.purchasing/Runtime/Codeless/' contains multiple assembly definition files (Packages/com.unity.purchasing/Runtime/Codeless/Unity.Purchasing.Codeless.asmdef)
Folder 'Packages/com.unity.purchasing/Runtime/Codeless/' contains multiple assembly definition files (Packages/com.unity.purchasing/Runtime/Codeless/UnityEngine.Purchasing.Codeless.asmdef)
ArgumentException: An item with the same key has already been added. Key: 400f2260dd8d285419d1db99999109aa
  at System.Collections.Generic.Dictionary`2[TKey,TValue].TryInsert (TKey key, TValue value, System.Collections.Generic.InsertionBehavior behavior) [0x0015a] in <c5eeda5e65d44b388e164c6c5cfe0702>:0 
  at System.Collections.Generic.Dictionary`2[TKey,TValue].Add (TKey key, TValue value) [0x00000] in <c5eeda5e65d44b388e164c6c5cfe0702>:0 
  at System.Linq.Enumerable.ToDictionary[TSource,TKey,TElement] (TSource[] source, System.Func`2[T,TResult] keySelector, System.Func`2[T,TResult] elementSelector, System.Collections.Generic.IEqualityComparer`1[T] comparer) [0x00029] in <8203c5af529241e2a5cc4b3c5a3dc69a>:0 
  at System.Linq.Enumerable.ToDictionary[TSource,TKey,TElement] (System.Collections.Generic.IEnumerable`1[T] source, System.Func`2[T,TResult] keySelector, System.Func`2[T,TResult] elementSelector, System.Collections.Generic.IEqualityComparer`1[T] comparer) [0x00051] in <8203c5af529241e2a5cc4b3c5a3dc69a>:0 
  at System.Linq.Enumerable.ToDictionary[TSource,TKey,TElement] (System.Collections.Generic.IEnumerable`1[T] source, System.Func`2[T,TResult] keySelector, System.Func`2[T,TResult] elementSelector) [0x00000] in <8203c5af529241e2a5cc4b3c5a3dc69a>:0 
  at UnityEditor.Scripting.ScriptCompilation.AssemblyGraphBuilder.Initialize (System.Collections.Generic.IReadOnlyCollection`1[T] assemblies, System.Collections.Generic.IReadOnlyCollection`1[T] customScriptAssemblyReferences) [0x00046] in /Users/bokken/build/output/unity/unity/Editor/Mono/Scripting/ScriptCompilation/AssemblyGraphBuilder.cs:85 
  at UnityEditor.Scripting.ScriptCompilation.AssemblyGraphBuilderFactory.GetOrCreate (System.String projectPath, System.Collections.Generic.IReadOnlyCollection`1[T] assemblies, System.Collections.Generic.IReadOnlyCollection`1[T] customScriptAssemblyReferences) [0x00038] in /Users/bokken/build/output/unity/unity/Editor/Mono/Scripting/ScriptCompilation/AssemblyGraphBuilderFactory.cs:54 
  at UnityEditor.Scripting.ScriptCompilation.EditorCompilation.GetAssemblyGraphBuilder () [0x00001] in /Users/bokken/build/output/unity/unity/Editor/Mono/Scripting/ScriptCompilation/EditorCompilation.cs:170 
  at UnityEditor.Scripting.ScriptCompilation.EditorCompilation.SetAllScripts (System.String[] allScripts) [0x0000d] in /Users/bokken/build/output/unity/unity/Editor/Mono/Scripting/ScriptCompilation/EditorCompilation.cs:178 
  at UnityEditor.Scripting.ScriptCompilation.EditorCompilationInterface.SetAllScripts (System.String[] allScripts) [0x00001] in /Users/bokken/build/output/unity/unity/Editor/Mono/Scripting/ScriptCompilation/EditorCompilationInterface.cs:79 

(Filename: /Users/bokken/build/output/unity/unity/Editor/Mono/Scripting/ScriptCompilation/AssemblyGraphBuilder.cs Line: 85)

Refreshing native plugins compatible for Editor in 2.75 ms, found 1 plugins.
Native extension for iOS target not found
Native extension for Android target not found
Native extension for OSXStandalone target not found
Native extension for WebGL target not found
Folder 'Packages/com.unity.purchasing/Runtime/Apple/' contains multiple assembly definition files (Packages/com.unity.purchasing/Runtime/Apple/UnityEngine.Purchasing.Apple.asmdef)
Folder 'Packages/com.unity.purchasing/Runtime/Apple/' contains multiple assembly definition files (Packages/com.unity.purchasing/Runtime/Apple/Unity.Purchasing.Apple.asmdef)
Folder 'Packages/com.unity.purchasing/Runtime/SecurityStub/' contains multiple assembly definition files (Packages/com.unity.purchasing/Runtime/SecurityStub/UnityEngine.Purchasing.SecurityStub.asmdef)
Folder 'Packages/com.unity.purchasing/Runtime/SecurityStub/' contains multiple assembly definition files (Packages/com.unity.purchasing/Runtime/SecurityStub/Unity.Purchasing.SecurityStub.asmdef)
Folder 'Packages/com.unity.purchasing/Runtime/Security/' contains multiple assembly definition files (Packages/com.unity.purchasing/Runtime/Security/Unity.Purchasing.Security.asmdef)
Folder 'Packages/com.unity.purchasing/Runtime/Security/' contains multiple assembly definition files (Packages/com.unity.purchasing/Runtime/Security/UnityEngine.Purchasing.Security.asmdef)
Folder 'Packages/com.unity.purchasing/Runtime/Stores/' contains multiple assembly definition files (Packages/com.unity.purchasing/Runtime/Stores/UnityEngine.Purchasing.Stores.asmdef)
Folder 'Packages/com.unity.purchasing/Runtime/Stores/' contains multiple assembly definition files (Packages/com.unity.purchasing/Runtime/Stores/Unity.Purchasing.Stores.asmdef)
Folder 'Packages/com.unity.purchasing/Runtime/SecurityCore/' contains multiple assembly definition files (Packages/com.unity.purchasing/Runtime/SecurityCore/Unity.Purchasing.SecurityCore.asmdef)
Folder 'Packages/com.unity.purchasing/Runtime/SecurityCore/' contains multiple assembly definition files (Packages/com.unity.purchasing/Runtime/SecurityCore/UnityEngine.Purchasing.SecurityCore.asmdef)
Folder 'Packages/com.unity.purchasing/Runtime/Purchasing/' contains multiple assembly definition files (Packages/com.unity.purchasing/Runtime/Purchasing/UnityEngine.Purchasing.asmdef)
Folder 'Packages/com.unity.purchasing/Runtime/Purchasing/' contains multiple assembly definition files (Packages/com.unity.purchasing/Runtime/Purchasing/Unity.Purchasing.asmdef)
Folder 'Packages/com.unity.purchasing/Runtime/AppleMacosStub/' contains multiple assembly definition files (Packages/com.unity.purchasing/Runtime/AppleMacosStub/UnityEngine.Purchasing.AppleMacosStub.asmdef)
Folder 'Packages/com.unity.purchasing/Runtime/AppleMacosStub/' contains multiple assembly definition files (Packages/com.unity.purchasing/Runtime/AppleMacosStub/Unity.Purchasing.AppleMacosStub.asmdef)
Folder 'Packages/com.unity.purchasing/Runtime/AppleStub/' contains multiple assembly definition files (Packages/com.unity.purchasing/Runtime/AppleStub/Unity.Purchasing.AppleStub.asmdef)
Folder 'Packages/com.unity.purchasing/Runtime/AppleStub/' contains multiple assembly definition files (Packages/com.unity.purchasing/Runtime/AppleStub/UnityEngine.Purchasing.AppleStub.asmdef)
Folder 'Packages/com.unity.purchasing/Runtime/AppleMacos/' contains multiple assembly definition files (Packages/com.unity.purchasing/Runtime/AppleMacos/UnityEngine.Purchasing.AppleMacos.asmdef)
Folder 'Packages/com.unity.purchasing/Runtime/AppleMacos/' contains multiple assembly definition files (Packages/com.unity.purchasing/Runtime/AppleMacos/Unity.Purchasing.AppleMacos.asmdef)
Folder 'Packages/com.unity.purchasing/Runtime/Codeless/' contains multiple assembly definition files (Packages/com.unity.purchasing/Runtime/Codeless/Unity.Purchasing.Codeless.asmdef)
Folder 'Packages/com.unity.purchasing/Runtime/Codeless/' contains multiple assembly definition files (Packages/com.unity.purchasing/Runtime/Codeless/UnityEngine.Purchasing.Codeless.asmdef)
ArgumentException: An item with the same key has already been added. Key: 400f2260dd8d285419d1db99999109aa
  at System.Collections.Generic.Dictionary`2[TKey,TValue].TryInsert (TKey key, TValue value, System.Collections.Generic.InsertionBehavior behavior) [0x0015a] in <c5eeda5e65d44b388e164c6c5cfe0702>:0 
  at System.Collections.Generic.Dictionary`2[TKey,TValue].Add (TKey key, TValue value) [0x00000] in <c5eeda5e65d44b388e164c6c5cfe0702>:0 
  at System.Linq.Enumerable.ToDictionary[TSource,TKey,TElement] (TSource[] source, System.Func`2[T,TResult] keySelector, System.Func`2[T,TResult] elementSelector, System.Collections.Generic.IEqualityComparer`1[T] comparer) [0x00029] in <8203c5af529241e2a5cc4b3c5a3dc69a>:0 
  at System.Linq.Enumerable.ToDictionary[TSource,TKey,TElement] (System.Collections.Generic.IEnumerable`1[T] source, System.Func`2[T,TResult] keySelector, System.Func`2[T,TResult] elementSelector, System.Collections.Generic.IEqualityComparer`1[T] comparer) [0x00051] in <8203c5af529241e2a5cc4b3c5a3dc69a>:0 
  at System.Linq.Enumerable.ToDictionary[TSource,TKey,TElement] (System.Collections.Generic.IEnumerable`1[T] source, System.Func`2[T,TResult] keySelector, System.Func`2[T,TResult] elementSelector) [0x00000] in <8203c5af529241e2a5cc4b3c5a3dc69a>:0 
  at UnityEditor.Scripting.ScriptCompilation.AssemblyGraphBuilder.Initialize (System.Collections.Generic.IReadOnlyCollection`1[T] assemblies, System.Collections.Generic.IReadOnlyCollection`1[T] customScriptAssemblyReferences) [0x00046] in /Users/bokken/build/output/unity/unity/Editor/Mono/Scripting/ScriptCompilation/AssemblyGraphBuilder.cs:85 
  at UnityEditor.Scripting.ScriptCompilation.AssemblyGraphBuilderFactory.GetOrCreate (System.String projectPath, System.Collections.Generic.IReadOnlyCollection`1[T] assemblies, System.Collections.Generic.IReadOnlyCollection`1[T] customScriptAssemblyReferences) [0x00038] in /Users/bokken/build/output/unity/unity/Editor/Mono/Scripting/ScriptCompilation/AssemblyGraphBuilderFactory.cs:54 
  at UnityEditor.Scripting.ScriptCompilation.EditorCompilation.GetAssemblyGraphBuilder () [0x00001] in /Users/bokken/build/output/unity/unity/Editor/Mono/Scripting/ScriptCompilation/EditorCompilation.cs:170 
  at UnityEditor.Scripting.ScriptCompilation.EditorCompilation.SetAllScripts (System.String[] allScripts) [0x0000d] in /Users/bokken/build/output/unity/unity/Editor/Mono/Scripting/ScriptCompilation/EditorCompilation.cs:178 
  at UnityEditor.Scripting.ScriptCompilation.EditorCompilationInterface.SetAllScripts (System.String[] allScripts) [0x00001] in /Users/bokken/build/output/unity/unity/Editor/Mono/Scripting/ScriptCompilation/EditorCompilationInterface.cs:79 

(Filename: /Users/bokken/build/output/unity/unity/Editor/Mono/Scripting/ScriptCompilation/AssemblyGraphBuilder.cs Line: 85)

Refreshing native plugins compatible for Editor in 3.25 ms, found 1 plugins.
[Package Manager] Failed to launch server process. Reason: Unity was launched with the -noUpm command-line argument
[Package Manager] Unable to send message (not connected to server process).
[Package Manager] Cannot connect to Unity Package Manager local server
ScheduleIndexationOnStartup MainProcess:False IndexOnStartup:True
Mono: successfully reloaded assembly
- Finished resetting the current domain, in  0.984 seconds
Domain Reload Profiling: 1481ms
	BeginReloadAssembly (117ms)
		ExecutionOrderSort (0ms)
		DisableScriptedObjects (4ms)
		BackupInstance (0ms)
		ReleaseScriptingObjects (0ms)
		CreateAndSetChildDomain (40ms)
	RebuildCommonClasses (27ms)
	RebuildNativeTypeToScriptingClass (11ms)
	initialDomainReloadingComplete (16ms)
	LoadAllAssembliesAndSetupDomain (327ms)
		LoadAssemblies (231ms)
		RebuildTransferFunctionScriptingTraits (0ms)
		AnalyzeDomain (128ms)
			TypeCache.Refresh (11ms)
				TypeCache.ScanAssembly (1ms)
			BuildScriptInfoCaches (112ms)
			ResolveRequiredComponents (3ms)
	FinalizeReload (984ms)
		ReleaseScriptCaches (0ms)
		RebuildScriptCaches (0ms)
		SetupLoadedEditorAssemblies (889ms)
			LogAssemblyErrors (0ms)
			InitializePlatformSupportModulesInManaged (15ms)
			SetLoadedEditorAssemblies (4ms)
			BeforeProcessingInitializeOnLoad (102ms)
			ProcessInitializeOnLoadAttributes (709ms)
			ProcessInitializeOnLoadMethodAttributes (58ms)
			AfterProcessingInitializeOnLoad (1ms)
			EditorAssembliesLoaded (0ms)
		ExecutionOrderSort2 (0ms)
		AwakeInstancesAfterBackupRestoration (3ms)
Refreshing native plugins compatible for Editor in 3.52 ms, found 1 plugins.
Preloading 0 native plugins for Editor in 0.00 ms.
Unloading 29 Unused Serialized files (Serialized files now loaded: 0)
Unloading 6234 unused Assets / (4.4 MB). Loaded Objects now: 6971.
Memory consumption went from 142.4 MB to 138.0 MB.
Total: 19.661292 ms (FindLiveObjects: 0.336792 ms CreateObjectMapping: 0.172083 ms MarkObjects: 17.819125 ms  DeleteObjects: 1.332917 ms)

Prepare: number of updated asset objects reloaded= 0
========================================================================
Received Prepare
Folder 'Packages/com.unity.purchasing/Runtime/Apple/' contains multiple assembly definition files (Packages/com.unity.purchasing/Runtime/Apple/UnityEngine.Purchasing.Apple.asmdef)
Folder 'Packages/com.unity.purchasing/Runtime/Apple/' contains multiple assembly definition files (Packages/com.unity.purchasing/Runtime/Apple/Unity.Purchasing.Apple.asmdef)
Folder 'Packages/com.unity.purchasing/Runtime/SecurityStub/' contains multiple assembly definition files (Packages/com.unity.purchasing/Runtime/SecurityStub/UnityEngine.Purchasing.SecurityStub.asmdef)
Folder 'Packages/com.unity.purchasing/Runtime/SecurityStub/' contains multiple assembly definition files (Packages/com.unity.purchasing/Runtime/SecurityStub/Unity.Purchasing.SecurityStub.asmdef)
Folder 'Packages/com.unity.purchasing/Runtime/Security/' contains multiple assembly definition files (Packages/com.unity.purchasing/Runtime/Security/Unity.Purchasing.Security.asmdef)
Folder 'Packages/com.unity.purchasing/Runtime/Security/' contains multiple assembly definition files (Packages/com.unity.purchasing/Runtime/Security/UnityEngine.Purchasing.Security.asmdef)
Folder 'Packages/com.unity.purchasing/Runtime/Stores/' contains multiple assembly definition files (Packages/com.unity.purchasing/Runtime/Stores/UnityEngine.Purchasing.Stores.asmdef)
Folder 'Packages/com.unity.purchasing/Runtime/Stores/' contains multiple assembly definition files (Packages/com.unity.purchasing/Runtime/Stores/Unity.Purchasing.Stores.asmdef)
Folder 'Packages/com.unity.purchasing/Runtime/SecurityCore/' contains multiple assembly definition files (Packages/com.unity.purchasing/Runtime/SecurityCore/Unity.Purchasing.SecurityCore.asmdef)
Folder 'Packages/com.unity.purchasing/Runtime/SecurityCore/' contains multiple assembly definition files (Packages/com.unity.purchasing/Runtime/SecurityCore/UnityEngine.Purchasing.SecurityCore.asmdef)
Folder 'Packages/com.unity.purchasing/Runtime/Purchasing/' contains multiple assembly definition files (Packages/com.unity.purchasing/Runtime/Purchasing/UnityEngine.Purchasing.asmdef)
Folder 'Packages/com.unity.purchasing/Runtime/Purchasing/' contains multiple assembly definition files (Packages/com.unity.purchasing/Runtime/Purchasing/Unity.Purchasing.asmdef)
Folder 'Packages/com.unity.purchasing/Runtime/AppleMacosStub/' contains multiple assembly definition files (Packages/com.unity.purchasing/Runtime/AppleMacosStub/UnityEngine.Purchasing.AppleMacosStub.asmdef)
Folder 'Packages/com.unity.purchasing/Runtime/AppleMacosStub/' contains multiple assembly definition files (Packages/com.unity.purchasing/Runtime/AppleMacosStub/Unity.Purchasing.AppleMacosStub.asmdef)
Folder 'Packages/com.unity.purchasing/Runtime/AppleStub/' contains multiple assembly definition files (Packages/com.unity.purchasing/Runtime/AppleStub/Unity.Purchasing.AppleStub.asmdef)
Folder 'Packages/com.unity.purchasing/Runtime/AppleStub/' contains multiple assembly definition files (Packages/com.unity.purchasing/Runtime/AppleStub/UnityEngine.Purchasing.AppleStub.asmdef)
Folder 'Packages/com.unity.purchasing/Runtime/AppleMacos/' contains multiple assembly definition files (Packages/com.unity.purchasing/Runtime/AppleMacos/UnityEngine.Purchasing.AppleMacos.asmdef)
Folder 'Packages/com.unity.purchasing/Runtime/AppleMacos/' contains multiple assembly definition files (Packages/com.unity.purchasing/Runtime/AppleMacos/Unity.Purchasing.AppleMacos.asmdef)
Folder 'Packages/com.unity.purchasing/Runtime/Codeless/' contains multiple assembly definition files (Packages/com.unity.purchasing/Runtime/Codeless/Unity.Purchasing.Codeless.asmdef)
Folder 'Packages/com.unity.purchasing/Runtime/Codeless/' contains multiple assembly definition files (Packages/com.unity.purchasing/Runtime/Codeless/UnityEngine.Purchasing.Codeless.asmdef)
ArgumentException: An item with the same key has already been added. Key: 400f2260dd8d285419d1db99999109aa
  at System.Collections.Generic.Dictionary`2[TKey,TValue].TryInsert (TKey key, TValue value, System.Collections.Generic.InsertionBehavior behavior) [0x0015a] in <c5eeda5e65d44b388e164c6c5cfe0702>:0 
  at System.Collections.Generic.Dictionary`2[TKey,TValue].Add (TKey key, TValue value) [0x00000] in <c5eeda5e65d44b388e164c6c5cfe0702>:0 
  at System.Linq.Enumerable.ToDictionary[TSource,TKey,TElement] (TSource[] source, System.Func`2[T,TResult] keySelector, System.Func`2[T,TResult] elementSelector, System.Collections.Generic.IEqualityComparer`1[T] comparer) [0x00029] in <8203c5af529241e2a5cc4b3c5a3dc69a>:0 
  at System.Linq.Enumerable.ToDictionary[TSource,TKey,TElement] (System.Collections.Generic.IEnumerable`1[T] source, System.Func`2[T,TResult] keySelector, System.Func`2[T,TResult] elementSelector, System.Collections.Generic.IEqualityComparer`1[T] comparer) [0x00051] in <8203c5af529241e2a5cc4b3c5a3dc69a>:0 
  at System.Linq.Enumerable.ToDictionary[TSource,TKey,TElement] (System.Collections.Generic.IEnumerable`1[T] source, System.Func`2[T,TResult] keySelector, System.Func`2[T,TResult] elementSelector) [0x00000] in <8203c5af529241e2a5cc4b3c5a3dc69a>:0 
  at UnityEditor.Scripting.ScriptCompilation.AssemblyGraphBuilder.Initialize (System.Collections.Generic.IReadOnlyCollection`1[T] assemblies, System.Collections.Generic.IReadOnlyCollection`1[T] customScriptAssemblyReferences) [0x00046] in /Users/bokken/build/output/unity/unity/Editor/Mono/Scripting/ScriptCompilation/AssemblyGraphBuilder.cs:85 
  at UnityEditor.Scripting.ScriptCompilation.AssemblyGraphBuilderFactory.GetOrCreate (System.String projectPath, System.Collections.Generic.IReadOnlyCollection`1[T] assemblies, System.Collections.Generic.IReadOnlyCollection`1[T] customScriptAssemblyReferences) [0x00038] in /Users/bokken/build/output/unity/unity/Editor/Mono/Scripting/ScriptCompilation/AssemblyGraphBuilderFactory.cs:54 
  at UnityEditor.Scripting.ScriptCompilation.EditorCompilation.GetAssemblyGraphBuilder () [0x00001] in /Users/bokken/build/output/unity/unity/Editor/Mono/Scripting/ScriptCompilation/EditorCompilation.cs:170 
  at UnityEditor.Scripting.ScriptCompilation.EditorCompilation.SetAllScripts (System.String[] allScripts) [0x0000d] in /Users/bokken/build/output/unity/unity/Editor/Mono/Scripting/ScriptCompilation/EditorCompilation.cs:178 
  at UnityEditor.Scripting.ScriptCompilation.EditorCompilationInterface.SetAllScripts (System.String[] allScripts) [0x00001] in /Users/bokken/build/output/unity/unity/Editor/Mono/Scripting/ScriptCompilation/EditorCompilationInterface.cs:79 

(Filename: /Users/bokken/build/output/unity/unity/Editor/Mono/Scripting/ScriptCompilation/AssemblyGraphBuilder.cs Line: 85)

Folder 'Packages/com.unity.purchasing/Runtime/Apple/' contains multiple assembly definition files (Packages/com.unity.purchasing/Runtime/Apple/UnityEngine.Purchasing.Apple.asmdef)
Folder 'Packages/com.unity.purchasing/Runtime/Apple/' contains multiple assembly definition files (Packages/com.unity.purchasing/Runtime/Apple/Unity.Purchasing.Apple.asmdef)
Folder 'Packages/com.unity.purchasing/Runtime/SecurityStub/' contains multiple assembly definition files (Packages/com.unity.purchasing/Runtime/SecurityStub/UnityEngine.Purchasing.SecurityStub.asmdef)
Folder 'Packages/com.unity.purchasing/Runtime/SecurityStub/' contains multiple assembly definition files (Packages/com.unity.purchasing/Runtime/SecurityStub/Unity.Purchasing.SecurityStub.asmdef)
Folder 'Packages/com.unity.purchasing/Runtime/Security/' contains multiple assembly definition files (Packages/com.unity.purchasing/Runtime/Security/Unity.Purchasing.Security.asmdef)
Folder 'Packages/com.unity.purchasing/Runtime/Security/' contains multiple assembly definition files (Packages/com.unity.purchasing/Runtime/Security/UnityEngine.Purchasing.Security.asmdef)
Folder 'Packages/com.unity.purchasing/Runtime/Stores/' contains multiple assembly definition files (Packages/com.unity.purchasing/Runtime/Stores/UnityEngine.Purchasing.Stores.asmdef)
Folder 'Packages/com.unity.purchasing/Runtime/Stores/' contains multiple assembly definition files (Packages/com.unity.purchasing/Runtime/Stores/Unity.Purchasing.Stores.asmdef)
Folder 'Packages/com.unity.purchasing/Runtime/SecurityCore/' contains multiple assembly definition files (Packages/com.unity.purchasing/Runtime/SecurityCore/Unity.Purchasing.SecurityCore.asmdef)
Folder 'Packages/com.unity.purchasing/Runtime/SecurityCore/' contains multiple assembly definition files (Packages/com.unity.purchasing/Runtime/SecurityCore/UnityEngine.Purchasing.SecurityCore.asmdef)
Folder 'Packages/com.unity.purchasing/Runtime/Purchasing/' contains multiple assembly definition files (Packages/com.unity.purchasing/Runtime/Purchasing/UnityEngine.Purchasing.asmdef)
Folder 'Packages/com.unity.purchasing/Runtime/Purchasing/' contains multiple assembly definition files (Packages/com.unity.purchasing/Runtime/Purchasing/Unity.Purchasing.asmdef)
Folder 'Packages/com.unity.purchasing/Runtime/AppleMacosStub/' contains multiple assembly definition files (Packages/com.unity.purchasing/Runtime/AppleMacosStub/UnityEngine.Purchasing.AppleMacosStub.asmdef)
Folder 'Packages/com.unity.purchasing/Runtime/AppleMacosStub/' contains multiple assembly definition files (Packages/com.unity.purchasing/Runtime/AppleMacosStub/Unity.Purchasing.AppleMacosStub.asmdef)
Folder 'Packages/com.unity.purchasing/Runtime/AppleStub/' contains multiple assembly definition files (Packages/com.unity.purchasing/Runtime/AppleStub/Unity.Purchasing.AppleStub.asmdef)
Folder 'Packages/com.unity.purchasing/Runtime/AppleStub/' contains multiple assembly definition files (Packages/com.unity.purchasing/Runtime/AppleStub/UnityEngine.Purchasing.AppleStub.asmdef)
Folder 'Packages/com.unity.purchasing/Runtime/AppleMacos/' contains multiple assembly definition files (Packages/com.unity.purchasing/Runtime/AppleMacos/UnityEngine.Purchasing.AppleMacos.asmdef)
Folder 'Packages/com.unity.purchasing/Runtime/AppleMacos/' contains multiple assembly definition files (Packages/com.unity.purchasing/Runtime/AppleMacos/Unity.Purchasing.AppleMacos.asmdef)
Folder 'Packages/com.unity.purchasing/Runtime/Codeless/' contains multiple assembly definition files (Packages/com.unity.purchasing/Runtime/Codeless/Unity.Purchasing.Codeless.asmdef)
Folder 'Packages/com.unity.purchasing/Runtime/Codeless/' contains multiple assembly definition files (Packages/com.unity.purchasing/Runtime/Codeless/UnityEngine.Purchasing.Codeless.asmdef)
ArgumentException: An item with the same key has already been added. Key: 400f2260dd8d285419d1db99999109aa
  at System.Collections.Generic.Dictionary`2[TKey,TValue].TryInsert (TKey key, TValue value, System.Collections.Generic.InsertionBehavior behavior) [0x0015a] in <c5eeda5e65d44b388e164c6c5cfe0702>:0 
  at System.Collections.Generic.Dictionary`2[TKey,TValue].Add (TKey key, TValue value) [0x00000] in <c5eeda5e65d44b388e164c6c5cfe0702>:0 
  at System.Linq.Enumerable.ToDictionary[TSource,TKey,TElement] (TSource[] source, System.Func`2[T,TResult] keySelector, System.Func`2[T,TResult] elementSelector, System.Collections.Generic.IEqualityComparer`1[T] comparer) [0x00029] in <8203c5af529241e2a5cc4b3c5a3dc69a>:0 
  at System.Linq.Enumerable.ToDictionary[TSource,TKey,TElement] (System.Collections.Generic.IEnumerable`1[T] source, System.Func`2[T,TResult] keySelector, System.Func`2[T,TResult] elementSelector, System.Collections.Generic.IEqualityComparer`1[T] comparer) [0x00051] in <8203c5af529241e2a5cc4b3c5a3dc69a>:0 
  at System.Linq.Enumerable.ToDictionary[TSource,TKey,TElement] (System.Collections.Generic.IEnumerable`1[T] source, System.Func`2[T,TResult] keySelector, System.Func`2[T,TResult] elementSelector) [0x00000] in <8203c5af529241e2a5cc4b3c5a3dc69a>:0 
  at UnityEditor.Scripting.ScriptCompilation.AssemblyGraphBuilder.Initialize (System.Collections.Generic.IReadOnlyCollection`1[T] assemblies, System.Collections.Generic.IReadOnlyCollection`1[T] customScriptAssemblyReferences) [0x00046] in /Users/bokken/build/output/unity/unity/Editor/Mono/Scripting/ScriptCompilation/AssemblyGraphBuilder.cs:85 
  at UnityEditor.Scripting.ScriptCompilation.AssemblyGraphBuilderFactory.GetOrCreate (System.String projectPath, System.Collections.Generic.IReadOnlyCollection`1[T] assemblies, System.Collections.Generic.IReadOnlyCollection`1[T] customScriptAssemblyReferences) [0x00038] in /Users/bokken/build/output/unity/unity/Editor/Mono/Scripting/ScriptCompilation/AssemblyGraphBuilderFactory.cs:54 
  at UnityEditor.Scripting.ScriptCompilation.EditorCompilation.GetAssemblyGraphBuilder () [0x00001] in /Users/bokken/build/output/unity/unity/Editor/Mono/Scripting/ScriptCompilation/EditorCompilation.cs:170 
  at UnityEditor.Scripting.ScriptCompilation.EditorCompilation.SetAllScripts (System.String[] allScripts) [0x0000d] in /Users/bokken/build/output/unity/unity/Editor/Mono/Scripting/ScriptCompilation/EditorCompilation.cs:178 
  at UnityEditor.Scripting.ScriptCompilation.EditorCompilationInterface.SetAllScripts (System.String[] allScripts) [0x00001] in /Users/bokken/build/output/unity/unity/Editor/Mono/Scripting/ScriptCompilation/EditorCompilationInterface.cs:79 

(Filename: /Users/bokken/build/output/unity/unity/Editor/Mono/Scripting/ScriptCompilation/AssemblyGraphBuilder.cs Line: 85)

Begin MonoManager ReloadAssembly
Thread 0x16b97b000 may have been prematurely finalized
Symbol file LoadedFromMemory is not a mono symbol file
- Loaded All Assemblies, in  0.466 seconds
Folder 'Packages/com.unity.purchasing/Runtime/Apple/' contains multiple assembly definition files (Packages/com.unity.purchasing/Runtime/Apple/UnityEngine.Purchasing.Apple.asmdef)
Folder 'Packages/com.unity.purchasing/Runtime/Apple/' contains multiple assembly definition files (Packages/com.unity.purchasing/Runtime/Apple/Unity.Purchasing.Apple.asmdef)
Folder 'Packages/com.unity.purchasing/Runtime/SecurityStub/' contains multiple assembly definition files (Packages/com.unity.purchasing/Runtime/SecurityStub/UnityEngine.Purchasing.SecurityStub.asmdef)
Folder 'Packages/com.unity.purchasing/Runtime/SecurityStub/' contains multiple assembly definition files (Packages/com.unity.purchasing/Runtime/SecurityStub/Unity.Purchasing.SecurityStub.asmdef)
Folder 'Packages/com.unity.purchasing/Runtime/Security/' contains multiple assembly definition files (Packages/com.unity.purchasing/Runtime/Security/Unity.Purchasing.Security.asmdef)
Folder 'Packages/com.unity.purchasing/Runtime/Security/' contains multiple assembly definition files (Packages/com.unity.purchasing/Runtime/Security/UnityEngine.Purchasing.Security.asmdef)
Folder 'Packages/com.unity.purchasing/Runtime/Stores/' contains multiple assembly definition files (Packages/com.unity.purchasing/Runtime/Stores/UnityEngine.Purchasing.Stores.asmdef)
Folder 'Packages/com.unity.purchasing/Runtime/Stores/' contains multiple assembly definition files (Packages/com.unity.purchasing/Runtime/Stores/Unity.Purchasing.Stores.asmdef)
Folder 'Packages/com.unity.purchasing/Runtime/SecurityCore/' contains multiple assembly definition files (Packages/com.unity.purchasing/Runtime/SecurityCore/Unity.Purchasing.SecurityCore.asmdef)
Folder 'Packages/com.unity.purchasing/Runtime/SecurityCore/' contains multiple assembly definition files (Packages/com.unity.purchasing/Runtime/SecurityCore/UnityEngine.Purchasing.SecurityCore.asmdef)
Folder 'Packages/com.unity.purchasing/Runtime/Purchasing/' contains multiple assembly definition files (Packages/com.unity.purchasing/Runtime/Purchasing/UnityEngine.Purchasing.asmdef)
Folder 'Packages/com.unity.purchasing/Runtime/Purchasing/' contains multiple assembly definition files (Packages/com.unity.purchasing/Runtime/Purchasing/Unity.Purchasing.asmdef)
Folder 'Packages/com.unity.purchasing/Runtime/AppleMacosStub/' contains multiple assembly definition files (Packages/com.unity.purchasing/Runtime/AppleMacosStub/UnityEngine.Purchasing.AppleMacosStub.asmdef)
Folder 'Packages/com.unity.purchasing/Runtime/AppleMacosStub/' contains multiple assembly definition files (Packages/com.unity.purchasing/Runtime/AppleMacosStub/Unity.Purchasing.AppleMacosStub.asmdef)
Folder 'Packages/com.unity.purchasing/Runtime/AppleStub/' contains multiple assembly definition files (Packages/com.unity.purchasing/Runtime/AppleStub/Unity.Purchasing.AppleStub.asmdef)
Folder 'Packages/com.unity.purchasing/Runtime/AppleStub/' contains multiple assembly definition files (Packages/com.unity.purchasing/Runtime/AppleStub/UnityEngine.Purchasing.AppleStub.asmdef)
Folder 'Packages/com.unity.purchasing/Runtime/AppleMacos/' contains multiple assembly definition files (Packages/com.unity.purchasing/Runtime/AppleMacos/UnityEngine.Purchasing.AppleMacos.asmdef)
Folder 'Packages/com.unity.purchasing/Runtime/AppleMacos/' contains multiple assembly definition files (Packages/com.unity.purchasing/Runtime/AppleMacos/Unity.Purchasing.AppleMacos.asmdef)
Folder 'Packages/com.unity.purchasing/Runtime/Codeless/' contains multiple assembly definition files (Packages/com.unity.purchasing/Runtime/Codeless/Unity.Purchasing.Codeless.asmdef)
Folder 'Packages/com.unity.purchasing/Runtime/Codeless/' contains multiple assembly definition files (Packages/com.unity.purchasing/Runtime/Codeless/UnityEngine.Purchasing.Codeless.asmdef)
ArgumentException: An item with the same key has already been added. Key: 400f2260dd8d285419d1db99999109aa
  at System.Collections.Generic.Dictionary`2[TKey,TValue].TryInsert (TKey key, TValue value, System.Collections.Generic.InsertionBehavior behavior) [0x0015a] in <c5eeda5e65d44b388e164c6c5cfe0702>:0 
  at System.Collections.Generic.Dictionary`2[TKey,TValue].Add (TKey key, TValue value) [0x00000] in <c5eeda5e65d44b388e164c6c5cfe0702>:0 
  at System.Linq.Enumerable.ToDictionary[TSource,TKey,TElement] (TSource[] source, System.Func`2[T,TResult] keySelector, System.Func`2[T,TResult] elementSelector, System.Collections.Generic.IEqualityComparer`1[T] comparer) [0x00029] in <8203c5af529241e2a5cc4b3c5a3dc69a>:0 
  at System.Linq.Enumerable.ToDictionary[TSource,TKey,TElement] (System.Collections.Generic.IEnumerable`1[T] source, System.Func`2[T,TResult] keySelector, System.Func`2[T,TResult] elementSelector, System.Collections.Generic.IEqualityComparer`1[T] comparer) [0x00051] in <8203c5af529241e2a5cc4b3c5a3dc69a>:0 
  at System.Linq.Enumerable.ToDictionary[TSource,TKey,TElement] (System.Collections.Generic.IEnumerable`1[T] source, System.Func`2[T,TResult] keySelector, System.Func`2[T,TResult] elementSelector) [0x00000] in <8203c5af529241e2a5cc4b3c5a3dc69a>:0 
  at UnityEditor.Scripting.ScriptCompilation.AssemblyGraphBuilder.Initialize (System.Collections.Generic.IReadOnlyCollection`1[T] assemblies, System.Collections.Generic.IReadOnlyCollection`1[T] customScriptAssemblyReferences) [0x00046] in /Users/bokken/build/output/unity/unity/Editor/Mono/Scripting/ScriptCompilation/AssemblyGraphBuilder.cs:85 
  at UnityEditor.Scripting.ScriptCompilation.AssemblyGraphBuilderFactory.GetOrCreate (System.String projectPath, System.Collections.Generic.IReadOnlyCollection`1[T] assemblies, System.Collections.Generic.IReadOnlyCollection`1[T] customScriptAssemblyReferences) [0x00038] in /Users/bokken/build/output/unity/unity/Editor/Mono/Scripting/ScriptCompilation/AssemblyGraphBuilderFactory.cs:54 
  at UnityEditor.Scripting.ScriptCompilation.EditorCompilation.GetAssemblyGraphBuilder () [0x00001] in /Users/bokken/build/output/unity/unity/Editor/Mono/Scripting/ScriptCompilation/EditorCompilation.cs:170 
  at UnityEditor.Scripting.ScriptCompilation.EditorCompilation.SetAllScripts (System.String[] allScripts) [0x0000d] in /Users/bokken/build/output/unity/unity/Editor/Mono/Scripting/ScriptCompilation/EditorCompilation.cs:178 
  at UnityEditor.Scripting.ScriptCompilation.EditorCompilationInterface.SetAllScripts (System.String[] allScripts) [0x00001] in /Users/bokken/build/output/unity/unity/Editor/Mono/Scripting/ScriptCompilation/EditorCompilationInterface.cs:79 

(Filename: /Users/bokken/build/output/unity/unity/Editor/Mono/Scripting/ScriptCompilation/AssemblyGraphBuilder.cs Line: 85)

Refreshing native plugins compatible for Editor in 2.71 ms, found 1 plugins.
Native extension for iOS target not found
Native extension for Android target not found
Native extension for OSXStandalone target not found
Native extension for WebGL target not found
Folder 'Packages/com.unity.purchasing/Runtime/Apple/' contains multiple assembly definition files (Packages/com.unity.purchasing/Runtime/Apple/UnityEngine.Purchasing.Apple.asmdef)
Folder 'Packages/com.unity.purchasing/Runtime/Apple/' contains multiple assembly definition files (Packages/com.unity.purchasing/Runtime/Apple/Unity.Purchasing.Apple.asmdef)
Folder 'Packages/com.unity.purchasing/Runtime/SecurityStub/' contains multiple assembly definition files (Packages/com.unity.purchasing/Runtime/SecurityStub/UnityEngine.Purchasing.SecurityStub.asmdef)
Folder 'Packages/com.unity.purchasing/Runtime/SecurityStub/' contains multiple assembly definition files (Packages/com.unity.purchasing/Runtime/SecurityStub/Unity.Purchasing.SecurityStub.asmdef)
Folder 'Packages/com.unity.purchasing/Runtime/Security/' contains multiple assembly definition files (Packages/com.unity.purchasing/Runtime/Security/Unity.Purchasing.Security.asmdef)
Folder 'Packages/com.unity.purchasing/Runtime/Security/' contains multiple assembly definition files (Packages/com.unity.purchasing/Runtime/Security/UnityEngine.Purchasing.Security.asmdef)
Folder 'Packages/com.unity.purchasing/Runtime/Stores/' contains multiple assembly definition files (Packages/com.unity.purchasing/Runtime/Stores/UnityEngine.Purchasing.Stores.asmdef)
Folder 'Packages/com.unity.purchasing/Runtime/Stores/' contains multiple assembly definition files (Packages/com.unity.purchasing/Runtime/Stores/Unity.Purchasing.Stores.asmdef)
Folder 'Packages/com.unity.purchasing/Runtime/SecurityCore/' contains multiple assembly definition files (Packages/com.unity.purchasing/Runtime/SecurityCore/Unity.Purchasing.SecurityCore.asmdef)
Folder 'Packages/com.unity.purchasing/Runtime/SecurityCore/' contains multiple assembly definition files (Packages/com.unity.purchasing/Runtime/SecurityCore/UnityEngine.Purchasing.SecurityCore.asmdef)
Folder 'Packages/com.unity.purchasing/Runtime/Purchasing/' contains multiple assembly definition files (Packages/com.unity.purchasing/Runtime/Purchasing/UnityEngine.Purchasing.asmdef)
Folder 'Packages/com.unity.purchasing/Runtime/Purchasing/' contains multiple assembly definition files (Packages/com.unity.purchasing/Runtime/Purchasing/Unity.Purchasing.asmdef)
Folder 'Packages/com.unity.purchasing/Runtime/AppleMacosStub/' contains multiple assembly definition files (Packages/com.unity.purchasing/Runtime/AppleMacosStub/UnityEngine.Purchasing.AppleMacosStub.asmdef)
Folder 'Packages/com.unity.purchasing/Runtime/AppleMacosStub/' contains multiple assembly definition files (Packages/com.unity.purchasing/Runtime/AppleMacosStub/Unity.Purchasing.AppleMacosStub.asmdef)
Folder 'Packages/com.unity.purchasing/Runtime/AppleStub/' contains multiple assembly definition files (Packages/com.unity.purchasing/Runtime/AppleStub/Unity.Purchasing.AppleStub.asmdef)
Folder 'Packages/com.unity.purchasing/Runtime/AppleStub/' contains multiple assembly definition files (Packages/com.unity.purchasing/Runtime/AppleStub/UnityEngine.Purchasing.AppleStub.asmdef)
Folder 'Packages/com.unity.purchasing/Runtime/AppleMacos/' contains multiple assembly definition files (Packages/com.unity.purchasing/Runtime/AppleMacos/UnityEngine.Purchasing.AppleMacos.asmdef)
Folder 'Packages/com.unity.purchasing/Runtime/AppleMacos/' contains multiple assembly definition files (Packages/com.unity.purchasing/Runtime/AppleMacos/Unity.Purchasing.AppleMacos.asmdef)
Folder 'Packages/com.unity.purchasing/Runtime/Codeless/' contains multiple assembly definition files (Packages/com.unity.purchasing/Runtime/Codeless/Unity.Purchasing.Codeless.asmdef)
Folder 'Packages/com.unity.purchasing/Runtime/Codeless/' contains multiple assembly definition files (Packages/com.unity.purchasing/Runtime/Codeless/UnityEngine.Purchasing.Codeless.asmdef)
ArgumentException: An item with the same key has already been added. Key: 400f2260dd8d285419d1db99999109aa
  at System.Collections.Generic.Dictionary`2[TKey,TValue].TryInsert (TKey key, TValue value, System.Collections.Generic.InsertionBehavior behavior) [0x0015a] in <c5eeda5e65d44b388e164c6c5cfe0702>:0 
  at System.Collections.Generic.Dictionary`2[TKey,TValue].Add (TKey key, TValue value) [0x00000] in <c5eeda5e65d44b388e164c6c5cfe0702>:0 
  at System.Linq.Enumerable.ToDictionary[TSource,TKey,TElement] (TSource[] source, System.Func`2[T,TResult] keySelector, System.Func`2[T,TResult] elementSelector, System.Collections.Generic.IEqualityComparer`1[T] comparer) [0x00029] in <8203c5af529241e2a5cc4b3c5a3dc69a>:0 
  at System.Linq.Enumerable.ToDictionary[TSource,TKey,TElement] (System.Collections.Generic.IEnumerable`1[T] source, System.Func`2[T,TResult] keySelector, System.Func`2[T,TResult] elementSelector, System.Collections.Generic.IEqualityComparer`1[T] comparer) [0x00051] in <8203c5af529241e2a5cc4b3c5a3dc69a>:0 
  at System.Linq.Enumerable.ToDictionary[TSource,TKey,TElement] (System.Collections.Generic.IEnumerable`1[T] source, System.Func`2[T,TResult] keySelector, System.Func`2[T,TResult] elementSelector) [0x00000] in <8203c5af529241e2a5cc4b3c5a3dc69a>:0 
  at UnityEditor.Scripting.ScriptCompilation.AssemblyGraphBuilder.Initialize (System.Collections.Generic.IReadOnlyCollection`1[T] assemblies, System.Collections.Generic.IReadOnlyCollection`1[T] customScriptAssemblyReferences) [0x00046] in /Users/bokken/build/output/unity/unity/Editor/Mono/Scripting/ScriptCompilation/AssemblyGraphBuilder.cs:85 
  at UnityEditor.Scripting.ScriptCompilation.AssemblyGraphBuilderFactory.GetOrCreate (System.String projectPath, System.Collections.Generic.IReadOnlyCollection`1[T] assemblies, System.Collections.Generic.IReadOnlyCollection`1[T] customScriptAssemblyReferences) [0x00038] in /Users/bokken/build/output/unity/unity/Editor/Mono/Scripting/ScriptCompilation/AssemblyGraphBuilderFactory.cs:54 
  at UnityEditor.Scripting.ScriptCompilation.EditorCompilation.GetAssemblyGraphBuilder () [0x00001] in /Users/bokken/build/output/unity/unity/Editor/Mono/Scripting/ScriptCompilation/EditorCompilation.cs:170 
  at UnityEditor.Scripting.ScriptCompilation.EditorCompilation.SetAllScripts (System.String[] allScripts) [0x0000d] in /Users/bokken/build/output/unity/unity/Editor/Mono/Scripting/ScriptCompilation/EditorCompilation.cs:178 
  at UnityEditor.Scripting.ScriptCompilation.EditorCompilationInterface.SetAllScripts (System.String[] allScripts) [0x00001] in /Users/bokken/build/output/unity/unity/Editor/Mono/Scripting/ScriptCompilation/EditorCompilationInterface.cs:79 

(Filename: /Users/bokken/build/output/unity/unity/Editor/Mono/Scripting/ScriptCompilation/AssemblyGraphBuilder.cs Line: 85)

Refreshing native plugins compatible for Editor in 3.32 ms, found 1 plugins.
[Package Manager] Failed to launch server process. Reason: Unity was launched with the -noUpm command-line argument
[Package Manager] Unable to send message (not connected to server process).
[Package Manager] Cannot connect to Unity Package Manager local server
ScheduleIndexationOnStartup MainProcess:False IndexOnStartup:True
Mono: successfully reloaded assembly
- Finished resetting the current domain, in  0.946 seconds
Domain Reload Profiling: 1415ms
	BeginReloadAssembly (108ms)
		ExecutionOrderSort (0ms)
		DisableScriptedObjects (3ms)
		BackupInstance (0ms)
		ReleaseScriptingObjects (0ms)
		CreateAndSetChildDomain (37ms)
	RebuildCommonClasses (25ms)
	RebuildNativeTypeToScriptingClass (10ms)
	initialDomainReloadingComplete (15ms)
	LoadAllAssembliesAndSetupDomain (310ms)
		LoadAssemblies (216ms)
		RebuildTransferFunctionScriptingTraits (0ms)
		AnalyzeDomain (124ms)
			TypeCache.Refresh (8ms)
				TypeCache.ScanAssembly (0ms)
			BuildScriptInfoCaches (110ms)
			ResolveRequiredComponents (3ms)
	FinalizeReload (946ms)
		ReleaseScriptCaches (0ms)
		RebuildScriptCaches (0ms)
		SetupLoadedEditorAssemblies (852ms)
			LogAssemblyErrors (0ms)
			InitializePlatformSupportModulesInManaged (13ms)
			SetLoadedEditorAssemblies (3ms)
			BeforeProcessingInitializeOnLoad (99ms)
			ProcessInitializeOnLoadAttributes (678ms)
			ProcessInitializeOnLoadMethodAttributes (57ms)
			AfterProcessingInitializeOnLoad (1ms)
			EditorAssembliesLoaded (0ms)
		ExecutionOrderSort2 (0ms)
		AwakeInstancesAfterBackupRestoration (3ms)
Refreshing native plugins compatible for Editor in 2.83 ms, found 1 plugins.
Preloading 0 native plugins for Editor in 0.00 ms.
Unloading 29 Unused Serialized files (Serialized files now loaded: 0)
Unloading 6234 unused Assets / (4.5 MB). Loaded Objects now: 6977.
Memory consumption went from 142.4 MB to 138.0 MB.
Total: 20.242000 ms (FindLiveObjects: 0.297500 ms CreateObjectMapping: 0.167125 ms MarkObjects: 18.467416 ms  DeleteObjects: 1.309625 ms)

Prepare: number of updated asset objects reloaded= 0
========================================================================
Received Prepare
Refreshing native plugins compatible for Editor in 2.79 ms, found 1 plugins.
Preloading 0 native plugins for Editor in 0.00 ms.
Unloading 29 Unused Serialized files (Serialized files now loaded: 0)
Unloading 6162 unused Assets / (4.4 MB). Loaded Objects now: 6977.
Memory consumption went from 125.0 MB to 120.6 MB.
Total: 20.512916 ms (FindLiveObjects: 0.293875 ms CreateObjectMapping: 0.168959 ms MarkObjects: 18.777167 ms  DeleteObjects: 1.272291 ms)

Prepare: number of updated asset objects reloaded= 0
========================================================================
Received Prepare
[Licensing::Client] Successfully resolved entitlement details
Folder 'Packages/com.unity.purchasing/Runtime/Apple/' contains multiple assembly definition files (Packages/com.unity.purchasing/Runtime/Apple/UnityEngine.Purchasing.Apple.asmdef)
Folder 'Packages/com.unity.purchasing/Runtime/Apple/' contains multiple assembly definition files (Packages/com.unity.purchasing/Runtime/Apple/Unity.Purchasing.Apple.asmdef)
Folder 'Packages/com.unity.purchasing/Runtime/SecurityStub/' contains multiple assembly definition files (Packages/com.unity.purchasing/Runtime/SecurityStub/UnityEngine.Purchasing.SecurityStub.asmdef)
Folder 'Packages/com.unity.purchasing/Runtime/SecurityStub/' contains multiple assembly definition files (Packages/com.unity.purchasing/Runtime/SecurityStub/Unity.Purchasing.SecurityStub.asmdef)
Folder 'Packages/com.unity.purchasing/Runtime/Security/' contains multiple assembly definition files (Packages/com.unity.purchasing/Runtime/Security/Unity.Purchasing.Security.asmdef)
Folder 'Packages/com.unity.purchasing/Runtime/Security/' contains multiple assembly definition files (Packages/com.unity.purchasing/Runtime/Security/UnityEngine.Purchasing.Security.asmdef)
Folder 'Packages/com.unity.purchasing/Runtime/Stores/' contains multiple assembly definition files (Packages/com.unity.purchasing/Runtime/Stores/UnityEngine.Purchasing.Stores.asmdef)
Folder 'Packages/com.unity.purchasing/Runtime/Stores/' contains multiple assembly definition files (Packages/com.unity.purchasing/Runtime/Stores/Unity.Purchasing.Stores.asmdef)
Folder 'Packages/com.unity.purchasing/Runtime/SecurityCore/' contains multiple assembly definition files (Packages/com.unity.purchasing/Runtime/SecurityCore/Unity.Purchasing.SecurityCore.asmdef)
Folder 'Packages/com.unity.purchasing/Runtime/SecurityCore/' contains multiple assembly definition files (Packages/com.unity.purchasing/Runtime/SecurityCore/UnityEngine.Purchasing.SecurityCore.asmdef)
Folder 'Packages/com.unity.purchasing/Runtime/Purchasing/' contains multiple assembly definition files (Packages/com.unity.purchasing/Runtime/Purchasing/UnityEngine.Purchasing.asmdef)
Folder 'Packages/com.unity.purchasing/Runtime/Purchasing/' contains multiple assembly definition files (Packages/com.unity.purchasing/Runtime/Purchasing/Unity.Purchasing.asmdef)
Folder 'Packages/com.unity.purchasing/Runtime/AppleMacosStub/' contains multiple assembly definition files (Packages/com.unity.purchasing/Runtime/AppleMacosStub/UnityEngine.Purchasing.AppleMacosStub.asmdef)
Folder 'Packages/com.unity.purchasing/Runtime/AppleMacosStub/' contains multiple assembly definition files (Packages/com.unity.purchasing/Runtime/AppleMacosStub/Unity.Purchasing.AppleMacosStub.asmdef)
Folder 'Packages/com.unity.purchasing/Runtime/AppleStub/' contains multiple assembly definition files (Packages/com.unity.purchasing/Runtime/AppleStub/Unity.Purchasing.AppleStub.asmdef)
Folder 'Packages/com.unity.purchasing/Runtime/AppleStub/' contains multiple assembly definition files (Packages/com.unity.purchasing/Runtime/AppleStub/UnityEngine.Purchasing.AppleStub.asmdef)
Folder 'Packages/com.unity.purchasing/Runtime/AppleMacos/' contains multiple assembly definition files (Packages/com.unity.purchasing/Runtime/AppleMacos/UnityEngine.Purchasing.AppleMacos.asmdef)
Folder 'Packages/com.unity.purchasing/Runtime/AppleMacos/' contains multiple assembly definition files (Packages/com.unity.purchasing/Runtime/AppleMacos/Unity.Purchasing.AppleMacos.asmdef)
Folder 'Packages/com.unity.purchasing/Runtime/Codeless/' contains multiple assembly definition files (Packages/com.unity.purchasing/Runtime/Codeless/Unity.Purchasing.Codeless.asmdef)
Folder 'Packages/com.unity.purchasing/Runtime/Codeless/' contains multiple assembly definition files (Packages/com.unity.purchasing/Runtime/Codeless/UnityEngine.Purchasing.Codeless.asmdef)
ArgumentException: An item with the same key has already been added. Key: 400f2260dd8d285419d1db99999109aa
  at System.Collections.Generic.Dictionary`2[TKey,TValue].TryInsert (TKey key, TValue value, System.Collections.Generic.InsertionBehavior behavior) [0x0015a] in <c5eeda5e65d44b388e164c6c5cfe0702>:0 
  at System.Collections.Generic.Dictionary`2[TKey,TValue].Add (TKey key, TValue value) [0x00000] in <c5eeda5e65d44b388e164c6c5cfe0702>:0 
  at System.Linq.Enumerable.ToDictionary[TSource,TKey,TElement] (TSource[] source, System.Func`2[T,TResult] keySelector, System.Func`2[T,TResult] elementSelector, System.Collections.Generic.IEqualityComparer`1[T] comparer) [0x00029] in <8203c5af529241e2a5cc4b3c5a3dc69a>:0 
  at System.Linq.Enumerable.ToDictionary[TSource,TKey,TElement] (System.Collections.Generic.IEnumerable`1[T] source, System.Func`2[T,TResult] keySelector, System.Func`2[T,TResult] elementSelector, System.Collections.Generic.IEqualityComparer`1[T] comparer) [0x00051] in <8203c5af529241e2a5cc4b3c5a3dc69a>:0 
  at System.Linq.Enumerable.ToDictionary[TSource,TKey,TElement] (System.Collections.Generic.IEnumerable`1[T] source, System.Func`2[T,TResult] keySelector, System.Func`2[T,TResult] elementSelector) [0x00000] in <8203c5af529241e2a5cc4b3c5a3dc69a>:0 
  at UnityEditor.Scripting.ScriptCompilation.AssemblyGraphBuilder.Initialize (System.Collections.Generic.IReadOnlyCollection`1[T] assemblies, System.Collections.Generic.IReadOnlyCollection`1[T] customScriptAssemblyReferences) [0x00046] in /Users/bokken/build/output/unity/unity/Editor/Mono/Scripting/ScriptCompilation/AssemblyGraphBuilder.cs:85 
  at UnityEditor.Scripting.ScriptCompilation.AssemblyGraphBuilderFactory.GetOrCreate (System.String projectPath, System.Collections.Generic.IReadOnlyCollection`1[T] assemblies, System.Collections.Generic.IReadOnlyCollection`1[T] customScriptAssemblyReferences) [0x00038] in /Users/bokken/build/output/unity/unity/Editor/Mono/Scripting/ScriptCompilation/AssemblyGraphBuilderFactory.cs:54 
  at UnityEditor.Scripting.ScriptCompilation.EditorCompilation.GetAssemblyGraphBuilder () [0x00001] in /Users/bokken/build/output/unity/unity/Editor/Mono/Scripting/ScriptCompilation/EditorCompilation.cs:170 
  at UnityEditor.Scripting.ScriptCompilation.EditorCompilation.SetAllScripts (System.String[] allScripts) [0x0000d] in /Users/bokken/build/output/unity/unity/Editor/Mono/Scripting/ScriptCompilation/EditorCompilation.cs:178 
  at UnityEditor.Scripting.ScriptCompilation.EditorCompilationInterface.SetAllScripts (System.String[] allScripts) [0x00001] in /Users/bokken/build/output/unity/unity/Editor/Mono/Scripting/ScriptCompilation/EditorCompilationInterface.cs:79 

(Filename: /Users/bokken/build/output/unity/unity/Editor/Mono/Scripting/ScriptCompilation/AssemblyGraphBuilder.cs Line: 85)

Folder 'Packages/com.unity.purchasing/Runtime/Apple/' contains multiple assembly definition files (Packages/com.unity.purchasing/Runtime/Apple/UnityEngine.Purchasing.Apple.asmdef)
Folder 'Packages/com.unity.purchasing/Runtime/Apple/' contains multiple assembly definition files (Packages/com.unity.purchasing/Runtime/Apple/Unity.Purchasing.Apple.asmdef)
Folder 'Packages/com.unity.purchasing/Runtime/SecurityStub/' contains multiple assembly definition files (Packages/com.unity.purchasing/Runtime/SecurityStub/UnityEngine.Purchasing.SecurityStub.asmdef)
Folder 'Packages/com.unity.purchasing/Runtime/SecurityStub/' contains multiple assembly definition files (Packages/com.unity.purchasing/Runtime/SecurityStub/Unity.Purchasing.SecurityStub.asmdef)
Folder 'Packages/com.unity.purchasing/Runtime/Security/' contains multiple assembly definition files (Packages/com.unity.purchasing/Runtime/Security/Unity.Purchasing.Security.asmdef)
Folder 'Packages/com.unity.purchasing/Runtime/Security/' contains multiple assembly definition files (Packages/com.unity.purchasing/Runtime/Security/UnityEngine.Purchasing.Security.asmdef)
Folder 'Packages/com.unity.purchasing/Runtime/Stores/' contains multiple assembly definition files (Packages/com.unity.purchasing/Runtime/Stores/UnityEngine.Purchasing.Stores.asmdef)
Folder 'Packages/com.unity.purchasing/Runtime/Stores/' contains multiple assembly definition files (Packages/com.unity.purchasing/Runtime/Stores/Unity.Purchasing.Stores.asmdef)
Folder 'Packages/com.unity.purchasing/Runtime/SecurityCore/' contains multiple assembly definition files (Packages/com.unity.purchasing/Runtime/SecurityCore/Unity.Purchasing.SecurityCore.asmdef)
Folder 'Packages/com.unity.purchasing/Runtime/SecurityCore/' contains multiple assembly definition files (Packages/com.unity.purchasing/Runtime/SecurityCore/UnityEngine.Purchasing.SecurityCore.asmdef)
Folder 'Packages/com.unity.purchasing/Runtime/Purchasing/' contains multiple assembly definition files (Packages/com.unity.purchasing/Runtime/Purchasing/UnityEngine.Purchasing.asmdef)
Folder 'Packages/com.unity.purchasing/Runtime/Purchasing/' contains multiple assembly definition files (Packages/com.unity.purchasing/Runtime/Purchasing/Unity.Purchasing.asmdef)
Folder 'Packages/com.unity.purchasing/Runtime/AppleMacosStub/' contains multiple assembly definition files (Packages/com.unity.purchasing/Runtime/AppleMacosStub/UnityEngine.Purchasing.AppleMacosStub.asmdef)
Folder 'Packages/com.unity.purchasing/Runtime/AppleMacosStub/' contains multiple assembly definition files (Packages/com.unity.purchasing/Runtime/AppleMacosStub/Unity.Purchasing.AppleMacosStub.asmdef)
Folder 'Packages/com.unity.purchasing/Runtime/AppleStub/' contains multiple assembly definition files (Packages/com.unity.purchasing/Runtime/AppleStub/Unity.Purchasing.AppleStub.asmdef)
Folder 'Packages/com.unity.purchasing/Runtime/AppleStub/' contains multiple assembly definition files (Packages/com.unity.purchasing/Runtime/AppleStub/UnityEngine.Purchasing.AppleStub.asmdef)
Folder 'Packages/com.unity.purchasing/Runtime/AppleMacos/' contains multiple assembly definition files (Packages/com.unity.purchasing/Runtime/AppleMacos/UnityEngine.Purchasing.AppleMacos.asmdef)
Folder 'Packages/com.unity.purchasing/Runtime/AppleMacos/' contains multiple assembly definition files (Packages/com.unity.purchasing/Runtime/AppleMacos/Unity.Purchasing.AppleMacos.asmdef)
Folder 'Packages/com.unity.purchasing/Runtime/Codeless/' contains multiple assembly definition files (Packages/com.unity.purchasing/Runtime/Codeless/Unity.Purchasing.Codeless.asmdef)
Folder 'Packages/com.unity.purchasing/Runtime/Codeless/' contains multiple assembly definition files (Packages/com.unity.purchasing/Runtime/Codeless/UnityEngine.Purchasing.Codeless.asmdef)
ArgumentException: An item with the same key has already been added. Key: 400f2260dd8d285419d1db99999109aa
  at System.Collections.Generic.Dictionary`2[TKey,TValue].TryInsert (TKey key, TValue value, System.Collections.Generic.InsertionBehavior behavior) [0x0015a] in <c5eeda5e65d44b388e164c6c5cfe0702>:0 
  at System.Collections.Generic.Dictionary`2[TKey,TValue].Add (TKey key, TValue value) [0x00000] in <c5eeda5e65d44b388e164c6c5cfe0702>:0 
  at System.Linq.Enumerable.ToDictionary[TSource,TKey,TElement] (TSource[] source, System.Func`2[T,TResult] keySelector, System.Func`2[T,TResult] elementSelector, System.Collections.Generic.IEqualityComparer`1[T] comparer) [0x00029] in <8203c5af529241e2a5cc4b3c5a3dc69a>:0 
  at System.Linq.Enumerable.ToDictionary[TSource,TKey,TElement] (System.Collections.Generic.IEnumerable`1[T] source, System.Func`2[T,TResult] keySelector, System.Func`2[T,TResult] elementSelector, System.Collections.Generic.IEqualityComparer`1[T] comparer) [0x00051] in <8203c5af529241e2a5cc4b3c5a3dc69a>:0 
  at System.Linq.Enumerable.ToDictionary[TSource,TKey,TElement] (System.Collections.Generic.IEnumerable`1[T] source, System.Func`2[T,TResult] keySelector, System.Func`2[T,TResult] elementSelector) [0x00000] in <8203c5af529241e2a5cc4b3c5a3dc69a>:0 
  at UnityEditor.Scripting.ScriptCompilation.AssemblyGraphBuilder.Initialize (System.Collections.Generic.IReadOnlyCollection`1[T] assemblies, System.Collections.Generic.IReadOnlyCollection`1[T] customScriptAssemblyReferences) [0x00046] in /Users/bokken/build/output/unity/unity/Editor/Mono/Scripting/ScriptCompilation/AssemblyGraphBuilder.cs:85 
  at UnityEditor.Scripting.ScriptCompilation.AssemblyGraphBuilderFactory.GetOrCreate (System.String projectPath, System.Collections.Generic.IReadOnlyCollection`1[T] assemblies, System.Collections.Generic.IReadOnlyCollection`1[T] customScriptAssemblyReferences) [0x00038] in /Users/bokken/build/output/unity/unity/Editor/Mono/Scripting/ScriptCompilation/AssemblyGraphBuilderFactory.cs:54 
  at UnityEditor.Scripting.ScriptCompilation.EditorCompilation.GetAssemblyGraphBuilder () [0x00001] in /Users/bokken/build/output/unity/unity/Editor/Mono/Scripting/ScriptCompilation/EditorCompilation.cs:170 
  at UnityEditor.Scripting.ScriptCompilation.EditorCompilation.SetAllScripts (System.String[] allScripts) [0x0000d] in /Users/bokken/build/output/unity/unity/Editor/Mono/Scripting/ScriptCompilation/EditorCompilation.cs:178 
  at UnityEditor.Scripting.ScriptCompilation.EditorCompilationInterface.SetAllScripts (System.String[] allScripts) [0x00001] in /Users/bokken/build/output/unity/unity/Editor/Mono/Scripting/ScriptCompilation/EditorCompilationInterface.cs:79 

(Filename: /Users/bokken/build/output/unity/unity/Editor/Mono/Scripting/ScriptCompilation/AssemblyGraphBuilder.cs Line: 85)

Begin MonoManager ReloadAssembly
[Licensing::Client] Successfully resolved entitlement details
Thread 0x16b97b000 may have been prematurely finalized
Symbol file LoadedFromMemory is not a mono symbol file
- Loaded All Assemblies, in  0.475 seconds
Folder 'Packages/com.unity.purchasing/Runtime/Apple/' contains multiple assembly definition files (Packages/com.unity.purchasing/Runtime/Apple/UnityEngine.Purchasing.Apple.asmdef)
Folder 'Packages/com.unity.purchasing/Runtime/Apple/' contains multiple assembly definition files (Packages/com.unity.purchasing/Runtime/Apple/Unity.Purchasing.Apple.asmdef)
Folder 'Packages/com.unity.purchasing/Runtime/SecurityStub/' contains multiple assembly definition files (Packages/com.unity.purchasing/Runtime/SecurityStub/UnityEngine.Purchasing.SecurityStub.asmdef)
Folder 'Packages/com.unity.purchasing/Runtime/SecurityStub/' contains multiple assembly definition files (Packages/com.unity.purchasing/Runtime/SecurityStub/Unity.Purchasing.SecurityStub.asmdef)
Folder 'Packages/com.unity.purchasing/Runtime/Security/' contains multiple assembly definition files (Packages/com.unity.purchasing/Runtime/Security/Unity.Purchasing.Security.asmdef)
Folder 'Packages/com.unity.purchasing/Runtime/Security/' contains multiple assembly definition files (Packages/com.unity.purchasing/Runtime/Security/UnityEngine.Purchasing.Security.asmdef)
Folder 'Packages/com.unity.purchasing/Runtime/Stores/' contains multiple assembly definition files (Packages/com.unity.purchasing/Runtime/Stores/UnityEngine.Purchasing.Stores.asmdef)
Folder 'Packages/com.unity.purchasing/Runtime/Stores/' contains multiple assembly definition files (Packages/com.unity.purchasing/Runtime/Stores/Unity.Purchasing.Stores.asmdef)
Folder 'Packages/com.unity.purchasing/Runtime/SecurityCore/' contains multiple assembly definition files (Packages/com.unity.purchasing/Runtime/SecurityCore/Unity.Purchasing.SecurityCore.asmdef)
Folder 'Packages/com.unity.purchasing/Runtime/SecurityCore/' contains multiple assembly definition files (Packages/com.unity.purchasing/Runtime/SecurityCore/UnityEngine.Purchasing.SecurityCore.asmdef)
Folder 'Packages/com.unity.purchasing/Runtime/Purchasing/' contains multiple assembly definition files (Packages/com.unity.purchasing/Runtime/Purchasing/UnityEngine.Purchasing.asmdef)
Folder 'Packages/com.unity.purchasing/Runtime/Purchasing/' contains multiple assembly definition files (Packages/com.unity.purchasing/Runtime/Purchasing/Unity.Purchasing.asmdef)
Folder 'Packages/com.unity.purchasing/Runtime/AppleMacosStub/' contains multiple assembly definition files (Packages/com.unity.purchasing/Runtime/AppleMacosStub/UnityEngine.Purchasing.AppleMacosStub.asmdef)
Folder 'Packages/com.unity.purchasing/Runtime/AppleMacosStub/' contains multiple assembly definition files (Packages/com.unity.purchasing/Runtime/AppleMacosStub/Unity.Purchasing.AppleMacosStub.asmdef)
Folder 'Packages/com.unity.purchasing/Runtime/AppleStub/' contains multiple assembly definition files (Packages/com.unity.purchasing/Runtime/AppleStub/Unity.Purchasing.AppleStub.asmdef)
Folder 'Packages/com.unity.purchasing/Runtime/AppleStub/' contains multiple assembly definition files (Packages/com.unity.purchasing/Runtime/AppleStub/UnityEngine.Purchasing.AppleStub.asmdef)
Folder 'Packages/com.unity.purchasing/Runtime/AppleMacos/' contains multiple assembly definition files (Packages/com.unity.purchasing/Runtime/AppleMacos/UnityEngine.Purchasing.AppleMacos.asmdef)
Folder 'Packages/com.unity.purchasing/Runtime/AppleMacos/' contains multiple assembly definition files (Packages/com.unity.purchasing/Runtime/AppleMacos/Unity.Purchasing.AppleMacos.asmdef)
Folder 'Packages/com.unity.purchasing/Runtime/Codeless/' contains multiple assembly definition files (Packages/com.unity.purchasing/Runtime/Codeless/Unity.Purchasing.Codeless.asmdef)
Folder 'Packages/com.unity.purchasing/Runtime/Codeless/' contains multiple assembly definition files (Packages/com.unity.purchasing/Runtime/Codeless/UnityEngine.Purchasing.Codeless.asmdef)
ArgumentException: An item with the same key has already been added. Key: 400f2260dd8d285419d1db99999109aa
  at System.Collections.Generic.Dictionary`2[TKey,TValue].TryInsert (TKey key, TValue value, System.Collections.Generic.InsertionBehavior behavior) [0x0015a] in <c5eeda5e65d44b388e164c6c5cfe0702>:0 
  at System.Collections.Generic.Dictionary`2[TKey,TValue].Add (TKey key, TValue value) [0x00000] in <c5eeda5e65d44b388e164c6c5cfe0702>:0 
  at System.Linq.Enumerable.ToDictionary[TSource,TKey,TElement] (TSource[] source, System.Func`2[T,TResult] keySelector, System.Func`2[T,TResult] elementSelector, System.Collections.Generic.IEqualityComparer`1[T] comparer) [0x00029] in <8203c5af529241e2a5cc4b3c5a3dc69a>:0 
  at System.Linq.Enumerable.ToDictionary[TSource,TKey,TElement] (System.Collections.Generic.IEnumerable`1[T] source, System.Func`2[T,TResult] keySelector, System.Func`2[T,TResult] elementSelector, System.Collections.Generic.IEqualityComparer`1[T] comparer) [0x00051] in <8203c5af529241e2a5cc4b3c5a3dc69a>:0 
  at System.Linq.Enumerable.ToDictionary[TSource,TKey,TElement] (System.Collections.Generic.IEnumerable`1[T] source, System.Func`2[T,TResult] keySelector, System.Func`2[T,TResult] elementSelector) [0x00000] in <8203c5af529241e2a5cc4b3c5a3dc69a>:0 
  at UnityEditor.Scripting.ScriptCompilation.AssemblyGraphBuilder.Initialize (System.Collections.Generic.IReadOnlyCollection`1[T] assemblies, System.Collections.Generic.IReadOnlyCollection`1[T] customScriptAssemblyReferences) [0x00046] in /Users/bokken/build/output/unity/unity/Editor/Mono/Scripting/ScriptCompilation/AssemblyGraphBuilder.cs:85 
  at UnityEditor.Scripting.ScriptCompilation.AssemblyGraphBuilderFactory.GetOrCreate (System.String projectPath, System.Collections.Generic.IReadOnlyCollection`1[T] assemblies, System.Collections.Generic.IReadOnlyCollection`1[T] customScriptAssemblyReferences) [0x00038] in /Users/bokken/build/output/unity/unity/Editor/Mono/Scripting/ScriptCompilation/AssemblyGraphBuilderFactory.cs:54 
  at UnityEditor.Scripting.ScriptCompilation.EditorCompilation.GetAssemblyGraphBuilder () [0x00001] in /Users/bokken/build/output/unity/unity/Editor/Mono/Scripting/ScriptCompilation/EditorCompilation.cs:170 
  at UnityEditor.Scripting.ScriptCompilation.EditorCompilation.SetAllScripts (System.String[] allScripts) [0x0000d] in /Users/bokken/build/output/unity/unity/Editor/Mono/Scripting/ScriptCompilation/EditorCompilation.cs:178 
  at UnityEditor.Scripting.ScriptCompilation.EditorCompilationInterface.SetAllScripts (System.String[] allScripts) [0x00001] in /Users/bokken/build/output/unity/unity/Editor/Mono/Scripting/ScriptCompilation/EditorCompilationInterface.cs:79 

(Filename: /Users/bokken/build/output/unity/unity/Editor/Mono/Scripting/ScriptCompilation/AssemblyGraphBuilder.cs Line: 85)

Refreshing native plugins compatible for Editor in 2.95 ms, found 1 plugins.
Native extension for iOS target not found
Native extension for Android target not found
Native extension for OSXStandalone target not found
Native extension for WebGL target not found
Folder 'Packages/com.unity.purchasing/Runtime/Apple/' contains multiple assembly definition files (Packages/com.unity.purchasing/Runtime/Apple/UnityEngine.Purchasing.Apple.asmdef)
Folder 'Packages/com.unity.purchasing/Runtime/Apple/' contains multiple assembly definition files (Packages/com.unity.purchasing/Runtime/Apple/Unity.Purchasing.Apple.asmdef)
Folder 'Packages/com.unity.purchasing/Runtime/SecurityStub/' contains multiple assembly definition files (Packages/com.unity.purchasing/Runtime/SecurityStub/UnityEngine.Purchasing.SecurityStub.asmdef)
Folder 'Packages/com.unity.purchasing/Runtime/SecurityStub/' contains multiple assembly definition files (Packages/com.unity.purchasing/Runtime/SecurityStub/Unity.Purchasing.SecurityStub.asmdef)
Folder 'Packages/com.unity.purchasing/Runtime/Security/' contains multiple assembly definition files (Packages/com.unity.purchasing/Runtime/Security/Unity.Purchasing.Security.asmdef)
Folder 'Packages/com.unity.purchasing/Runtime/Security/' contains multiple assembly definition files (Packages/com.unity.purchasing/Runtime/Security/UnityEngine.Purchasing.Security.asmdef)
Folder 'Packages/com.unity.purchasing/Runtime/Stores/' contains multiple assembly definition files (Packages/com.unity.purchasing/Runtime/Stores/UnityEngine.Purchasing.Stores.asmdef)
Folder 'Packages/com.unity.purchasing/Runtime/Stores/' contains multiple assembly definition files (Packages/com.unity.purchasing/Runtime/Stores/Unity.Purchasing.Stores.asmdef)
Folder 'Packages/com.unity.purchasing/Runtime/SecurityCore/' contains multiple assembly definition files (Packages/com.unity.purchasing/Runtime/SecurityCore/Unity.Purchasing.SecurityCore.asmdef)
Folder 'Packages/com.unity.purchasing/Runtime/SecurityCore/' contains multiple assembly definition files (Packages/com.unity.purchasing/Runtime/SecurityCore/UnityEngine.Purchasing.SecurityCore.asmdef)
Folder 'Packages/com.unity.purchasing/Runtime/Purchasing/' contains multiple assembly definition files (Packages/com.unity.purchasing/Runtime/Purchasing/UnityEngine.Purchasing.asmdef)
Folder 'Packages/com.unity.purchasing/Runtime/Purchasing/' contains multiple assembly definition files (Packages/com.unity.purchasing/Runtime/Purchasing/Unity.Purchasing.asmdef)
Folder 'Packages/com.unity.purchasing/Runtime/AppleMacosStub/' contains multiple assembly definition files (Packages/com.unity.purchasing/Runtime/AppleMacosStub/UnityEngine.Purchasing.AppleMacosStub.asmdef)
Folder 'Packages/com.unity.purchasing/Runtime/AppleMacosStub/' contains multiple assembly definition files (Packages/com.unity.purchasing/Runtime/AppleMacosStub/Unity.Purchasing.AppleMacosStub.asmdef)
Folder 'Packages/com.unity.purchasing/Runtime/AppleStub/' contains multiple assembly definition files (Packages/com.unity.purchasing/Runtime/AppleStub/Unity.Purchasing.AppleStub.asmdef)
Folder 'Packages/com.unity.purchasing/Runtime/AppleStub/' contains multiple assembly definition files (Packages/com.unity.purchasing/Runtime/AppleStub/UnityEngine.Purchasing.AppleStub.asmdef)
Folder 'Packages/com.unity.purchasing/Runtime/AppleMacos/' contains multiple assembly definition files (Packages/com.unity.purchasing/Runtime/AppleMacos/UnityEngine.Purchasing.AppleMacos.asmdef)
Folder 'Packages/com.unity.purchasing/Runtime/AppleMacos/' contains multiple assembly definition files (Packages/com.unity.purchasing/Runtime/AppleMacos/Unity.Purchasing.AppleMacos.asmdef)
Folder 'Packages/com.unity.purchasing/Runtime/Codeless/' contains multiple assembly definition files (Packages/com.unity.purchasing/Runtime/Codeless/Unity.Purchasing.Codeless.asmdef)
Folder 'Packages/com.unity.purchasing/Runtime/Codeless/' contains multiple assembly definition files (Packages/com.unity.purchasing/Runtime/Codeless/UnityEngine.Purchasing.Codeless.asmdef)
ArgumentException: An item with the same key has already been added. Key: 400f2260dd8d285419d1db99999109aa
  at System.Collections.Generic.Dictionary`2[TKey,TValue].TryInsert (TKey key, TValue value, System.Collections.Generic.InsertionBehavior behavior) [0x0015a] in <c5eeda5e65d44b388e164c6c5cfe0702>:0 
  at System.Collections.Generic.Dictionary`2[TKey,TValue].Add (TKey key, TValue value) [0x00000] in <c5eeda5e65d44b388e164c6c5cfe0702>:0 
  at System.Linq.Enumerable.ToDictionary[TSource,TKey,TElement] (TSource[] source, System.Func`2[T,TResult] keySelector, System.Func`2[T,TResult] elementSelector, System.Collections.Generic.IEqualityComparer`1[T] comparer) [0x00029] in <8203c5af529241e2a5cc4b3c5a3dc69a>:0 
  at System.Linq.Enumerable.ToDictionary[TSource,TKey,TElement] (System.Collections.Generic.IEnumerable`1[T] source, System.Func`2[T,TResult] keySelector, System.Func`2[T,TResult] elementSelector, System.Collections.Generic.IEqualityComparer`1[T] comparer) [0x00051] in <8203c5af529241e2a5cc4b3c5a3dc69a>:0 
  at System.Linq.Enumerable.ToDictionary[TSource,TKey,TElement] (System.Collections.Generic.IEnumerable`1[T] source, System.Func`2[T,TResult] keySelector, System.Func`2[T,TResult] elementSelector) [0x00000] in <8203c5af529241e2a5cc4b3c5a3dc69a>:0 
  at UnityEditor.Scripting.ScriptCompilation.AssemblyGraphBuilder.Initialize (System.Collections.Generic.IReadOnlyCollection`1[T] assemblies, System.Collections.Generic.IReadOnlyCollection`1[T] customScriptAssemblyReferences) [0x00046] in /Users/bokken/build/output/unity/unity/Editor/Mono/Scripting/ScriptCompilation/AssemblyGraphBuilder.cs:85 
  at UnityEditor.Scripting.ScriptCompilation.AssemblyGraphBuilderFactory.GetOrCreate (System.String projectPath, System.Collections.Generic.IReadOnlyCollection`1[T] assemblies, System.Collections.Generic.IReadOnlyCollection`1[T] customScriptAssemblyReferences) [0x00038] in /Users/bokken/build/output/unity/unity/Editor/Mono/Scripting/ScriptCompilation/AssemblyGraphBuilderFactory.cs:54 
  at UnityEditor.Scripting.ScriptCompilation.EditorCompilation.GetAssemblyGraphBuilder () [0x00001] in /Users/bokken/build/output/unity/unity/Editor/Mono/Scripting/ScriptCompilation/EditorCompilation.cs:170 
  at UnityEditor.Scripting.ScriptCompilation.EditorCompilation.SetAllScripts (System.String[] allScripts) [0x0000d] in /Users/bokken/build/output/unity/unity/Editor/Mono/Scripting/ScriptCompilation/EditorCompilation.cs:178 
  at UnityEditor.Scripting.ScriptCompilation.EditorCompilationInterface.SetAllScripts (System.String[] allScripts) [0x00001] in /Users/bokken/build/output/unity/unity/Editor/Mono/Scripting/ScriptCompilation/EditorCompilationInterface.cs:79 

(Filename: /Users/bokken/build/output/unity/unity/Editor/Mono/Scripting/ScriptCompilation/AssemblyGraphBuilder.cs Line: 85)

Refreshing native plugins compatible for Editor in 2.90 ms, found 1 plugins.
[Package Manager] Failed to launch server process. Reason: Unity was launched with the -noUpm command-line argument
[Package Manager] Unable to send message (not connected to server process).
[Package Manager] Cannot connect to Unity Package Manager local server
ScheduleIndexationOnStartup MainProcess:False IndexOnStartup:True
Mono: successfully reloaded assembly
- Finished resetting the current domain, in  0.925 seconds
Domain Reload Profiling: 1402ms
	BeginReloadAssembly (112ms)
		ExecutionOrderSort (0ms)
		DisableScriptedObjects (4ms)
		BackupInstance (0ms)
		ReleaseScriptingObjects (0ms)
		CreateAndSetChildDomain (38ms)
	RebuildCommonClasses (25ms)
	RebuildNativeTypeToScriptingClass (11ms)
	initialDomainReloadingComplete (15ms)
	LoadAllAssembliesAndSetupDomain (314ms)
		LoadAssemblies (221ms)
		RebuildTransferFunctionScriptingTraits (0ms)
		AnalyzeDomain (125ms)
			TypeCache.Refresh (10ms)
				TypeCache.ScanAssembly (1ms)
			BuildScriptInfoCaches (109ms)
			ResolveRequiredComponents (3ms)
	FinalizeReload (926ms)
		ReleaseScriptCaches (0ms)
		RebuildScriptCaches (0ms)
		SetupLoadedEditorAssemblies (825ms)
			LogAssemblyErrors (0ms)
			InitializePlatformSupportModulesInManaged (13ms)
			SetLoadedEditorAssemblies (4ms)
			BeforeProcessingInitializeOnLoad (99ms)
			ProcessInitializeOnLoadAttributes (652ms)
			ProcessInitializeOnLoadMethodAttributes (57ms)
			AfterProcessingInitializeOnLoad (1ms)
			EditorAssembliesLoaded (0ms)
		ExecutionOrderSort2 (0ms)
		AwakeInstancesAfterBackupRestoration (3ms)
Refreshing native plugins compatible for Editor in 2.75 ms, found 1 plugins.
Preloading 0 native plugins for Editor in 0.00 ms.
Unloading 29 Unused Serialized files (Serialized files now loaded: 0)
Unloading 6234 unused Assets / (4.5 MB). Loaded Objects now: 6983.
Memory consumption went from 142.5 MB to 137.9 MB.
Total: 19.821458 ms (FindLiveObjects: 0.292250 ms CreateObjectMapping: 0.163125 ms MarkObjects: 18.097917 ms  DeleteObjects: 1.267542 ms)

Prepare: number of updated asset objects reloaded= 0
========================================================================
Received Prepare
Folder 'Packages/com.unity.purchasing/Runtime/Apple/' contains multiple assembly definition files (Packages/com.unity.purchasing/Runtime/Apple/UnityEngine.Purchasing.Apple.asmdef)
Folder 'Packages/com.unity.purchasing/Runtime/Apple/' contains multiple assembly definition files (Packages/com.unity.purchasing/Runtime/Apple/Unity.Purchasing.Apple.asmdef)
Folder 'Packages/com.unity.purchasing/Runtime/SecurityStub/' contains multiple assembly definition files (Packages/com.unity.purchasing/Runtime/SecurityStub/UnityEngine.Purchasing.SecurityStub.asmdef)
Folder 'Packages/com.unity.purchasing/Runtime/SecurityStub/' contains multiple assembly definition files (Packages/com.unity.purchasing/Runtime/SecurityStub/Unity.Purchasing.SecurityStub.asmdef)
Folder 'Packages/com.unity.purchasing/Runtime/Security/' contains multiple assembly definition files (Packages/com.unity.purchasing/Runtime/Security/Unity.Purchasing.Security.asmdef)
Folder 'Packages/com.unity.purchasing/Runtime/Security/' contains multiple assembly definition files (Packages/com.unity.purchasing/Runtime/Security/UnityEngine.Purchasing.Security.asmdef)
Folder 'Packages/com.unity.purchasing/Runtime/Stores/' contains multiple assembly definition files (Packages/com.unity.purchasing/Runtime/Stores/UnityEngine.Purchasing.Stores.asmdef)
Folder 'Packages/com.unity.purchasing/Runtime/Stores/' contains multiple assembly definition files (Packages/com.unity.purchasing/Runtime/Stores/Unity.Purchasing.Stores.asmdef)
Folder 'Packages/com.unity.purchasing/Runtime/SecurityCore/' contains multiple assembly definition files (Packages/com.unity.purchasing/Runtime/SecurityCore/Unity.Purchasing.SecurityCore.asmdef)
Folder 'Packages/com.unity.purchasing/Runtime/SecurityCore/' contains multiple assembly definition files (Packages/com.unity.purchasing/Runtime/SecurityCore/UnityEngine.Purchasing.SecurityCore.asmdef)
Folder 'Packages/com.unity.purchasing/Runtime/Purchasing/' contains multiple assembly definition files (Packages/com.unity.purchasing/Runtime/Purchasing/UnityEngine.Purchasing.asmdef)
Folder 'Packages/com.unity.purchasing/Runtime/Purchasing/' contains multiple assembly definition files (Packages/com.unity.purchasing/Runtime/Purchasing/Unity.Purchasing.asmdef)
Folder 'Packages/com.unity.purchasing/Runtime/AppleMacosStub/' contains multiple assembly definition files (Packages/com.unity.purchasing/Runtime/AppleMacosStub/UnityEngine.Purchasing.AppleMacosStub.asmdef)
Folder 'Packages/com.unity.purchasing/Runtime/AppleMacosStub/' contains multiple assembly definition files (Packages/com.unity.purchasing/Runtime/AppleMacosStub/Unity.Purchasing.AppleMacosStub.asmdef)
Folder 'Packages/com.unity.purchasing/Runtime/AppleStub/' contains multiple assembly definition files (Packages/com.unity.purchasing/Runtime/AppleStub/Unity.Purchasing.AppleStub.asmdef)
Folder 'Packages/com.unity.purchasing/Runtime/AppleStub/' contains multiple assembly definition files (Packages/com.unity.purchasing/Runtime/AppleStub/UnityEngine.Purchasing.AppleStub.asmdef)
Folder 'Packages/com.unity.purchasing/Runtime/AppleMacos/' contains multiple assembly definition files (Packages/com.unity.purchasing/Runtime/AppleMacos/UnityEngine.Purchasing.AppleMacos.asmdef)
Folder 'Packages/com.unity.purchasing/Runtime/AppleMacos/' contains multiple assembly definition files (Packages/com.unity.purchasing/Runtime/AppleMacos/Unity.Purchasing.AppleMacos.asmdef)
Folder 'Packages/com.unity.purchasing/Runtime/Codeless/' contains multiple assembly definition files (Packages/com.unity.purchasing/Runtime/Codeless/Unity.Purchasing.Codeless.asmdef)
Folder 'Packages/com.unity.purchasing/Runtime/Codeless/' contains multiple assembly definition files (Packages/com.unity.purchasing/Runtime/Codeless/UnityEngine.Purchasing.Codeless.asmdef)
ArgumentException: An item with the same key has already been added. Key: 400f2260dd8d285419d1db99999109aa
  at System.Collections.Generic.Dictionary`2[TKey,TValue].TryInsert (TKey key, TValue value, System.Collections.Generic.InsertionBehavior behavior) [0x0015a] in <c5eeda5e65d44b388e164c6c5cfe0702>:0 
  at System.Collections.Generic.Dictionary`2[TKey,TValue].Add (TKey key, TValue value) [0x00000] in <c5eeda5e65d44b388e164c6c5cfe0702>:0 
  at System.Linq.Enumerable.ToDictionary[TSource,TKey,TElement] (TSource[] source, System.Func`2[T,TResult] keySelector, System.Func`2[T,TResult] elementSelector, System.Collections.Generic.IEqualityComparer`1[T] comparer) [0x00029] in <8203c5af529241e2a5cc4b3c5a3dc69a>:0 
  at System.Linq.Enumerable.ToDictionary[TSource,TKey,TElement] (System.Collections.Generic.IEnumerable`1[T] source, System.Func`2[T,TResult] keySelector, System.Func`2[T,TResult] elementSelector, System.Collections.Generic.IEqualityComparer`1[T] comparer) [0x00051] in <8203c5af529241e2a5cc4b3c5a3dc69a>:0 
  at System.Linq.Enumerable.ToDictionary[TSource,TKey,TElement] (System.Collections.Generic.IEnumerable`1[T] source, System.Func`2[T,TResult] keySelector, System.Func`2[T,TResult] elementSelector) [0x00000] in <8203c5af529241e2a5cc4b3c5a3dc69a>:0 
  at UnityEditor.Scripting.ScriptCompilation.AssemblyGraphBuilder.Initialize (System.Collections.Generic.IReadOnlyCollection`1[T] assemblies, System.Collections.Generic.IReadOnlyCollection`1[T] customScriptAssemblyReferences) [0x00046] in /Users/bokken/build/output/unity/unity/Editor/Mono/Scripting/ScriptCompilation/AssemblyGraphBuilder.cs:85 
  at UnityEditor.Scripting.ScriptCompilation.AssemblyGraphBuilderFactory.GetOrCreate (System.String projectPath, System.Collections.Generic.IReadOnlyCollection`1[T] assemblies, System.Collections.Generic.IReadOnlyCollection`1[T] customScriptAssemblyReferences) [0x00038] in /Users/bokken/build/output/unity/unity/Editor/Mono/Scripting/ScriptCompilation/AssemblyGraphBuilderFactory.cs:54 
  at UnityEditor.Scripting.ScriptCompilation.EditorCompilation.GetAssemblyGraphBuilder () [0x00001] in /Users/bokken/build/output/unity/unity/Editor/Mono/Scripting/ScriptCompilation/EditorCompilation.cs:170 
  at UnityEditor.Scripting.ScriptCompilation.EditorCompilation.SetAllScripts (System.String[] allScripts) [0x0000d] in /Users/bokken/build/output/unity/unity/Editor/Mono/Scripting/ScriptCompilation/EditorCompilation.cs:178 
  at UnityEditor.Scripting.ScriptCompilation.EditorCompilationInterface.SetAllScripts (System.String[] allScripts) [0x00001] in /Users/bokken/build/output/unity/unity/Editor/Mono/Scripting/ScriptCompilation/EditorCompilationInterface.cs:79 

(Filename: /Users/bokken/build/output/unity/unity/Editor/Mono/Scripting/ScriptCompilation/AssemblyGraphBuilder.cs Line: 85)

Folder 'Packages/com.unity.purchasing/Runtime/Apple/' contains multiple assembly definition files (Packages/com.unity.purchasing/Runtime/Apple/UnityEngine.Purchasing.Apple.asmdef)
Folder 'Packages/com.unity.purchasing/Runtime/Apple/' contains multiple assembly definition files (Packages/com.unity.purchasing/Runtime/Apple/Unity.Purchasing.Apple.asmdef)
Folder 'Packages/com.unity.purchasing/Runtime/SecurityStub/' contains multiple assembly definition files (Packages/com.unity.purchasing/Runtime/SecurityStub/UnityEngine.Purchasing.SecurityStub.asmdef)
Folder 'Packages/com.unity.purchasing/Runtime/SecurityStub/' contains multiple assembly definition files (Packages/com.unity.purchasing/Runtime/SecurityStub/Unity.Purchasing.SecurityStub.asmdef)
Folder 'Packages/com.unity.purchasing/Runtime/Security/' contains multiple assembly definition files (Packages/com.unity.purchasing/Runtime/Security/Unity.Purchasing.Security.asmdef)
Folder 'Packages/com.unity.purchasing/Runtime/Security/' contains multiple assembly definition files (Packages/com.unity.purchasing/Runtime/Security/UnityEngine.Purchasing.Security.asmdef)
Folder 'Packages/com.unity.purchasing/Runtime/Stores/' contains multiple assembly definition files (Packages/com.unity.purchasing/Runtime/Stores/UnityEngine.Purchasing.Stores.asmdef)
Folder 'Packages/com.unity.purchasing/Runtime/Stores/' contains multiple assembly definition files (Packages/com.unity.purchasing/Runtime/Stores/Unity.Purchasing.Stores.asmdef)
Folder 'Packages/com.unity.purchasing/Runtime/SecurityCore/' contains multiple assembly definition files (Packages/com.unity.purchasing/Runtime/SecurityCore/Unity.Purchasing.SecurityCore.asmdef)
Folder 'Packages/com.unity.purchasing/Runtime/SecurityCore/' contains multiple assembly definition files (Packages/com.unity.purchasing/Runtime/SecurityCore/UnityEngine.Purchasing.SecurityCore.asmdef)
Folder 'Packages/com.unity.purchasing/Runtime/Purchasing/' contains multiple assembly definition files (Packages/com.unity.purchasing/Runtime/Purchasing/UnityEngine.Purchasing.asmdef)
Folder 'Packages/com.unity.purchasing/Runtime/Purchasing/' contains multiple assembly definition files (Packages/com.unity.purchasing/Runtime/Purchasing/Unity.Purchasing.asmdef)
Folder 'Packages/com.unity.purchasing/Runtime/AppleMacosStub/' contains multiple assembly definition files (Packages/com.unity.purchasing/Runtime/AppleMacosStub/UnityEngine.Purchasing.AppleMacosStub.asmdef)
Folder 'Packages/com.unity.purchasing/Runtime/AppleMacosStub/' contains multiple assembly definition files (Packages/com.unity.purchasing/Runtime/AppleMacosStub/Unity.Purchasing.AppleMacosStub.asmdef)
Folder 'Packages/com.unity.purchasing/Runtime/AppleStub/' contains multiple assembly definition files (Packages/com.unity.purchasing/Runtime/AppleStub/Unity.Purchasing.AppleStub.asmdef)
Folder 'Packages/com.unity.purchasing/Runtime/AppleStub/' contains multiple assembly definition files (Packages/com.unity.purchasing/Runtime/AppleStub/UnityEngine.Purchasing.AppleStub.asmdef)
Folder 'Packages/com.unity.purchasing/Runtime/AppleMacos/' contains multiple assembly definition files (Packages/com.unity.purchasing/Runtime/AppleMacos/UnityEngine.Purchasing.AppleMacos.asmdef)
Folder 'Packages/com.unity.purchasing/Runtime/AppleMacos/' contains multiple assembly definition files (Packages/com.unity.purchasing/Runtime/AppleMacos/Unity.Purchasing.AppleMacos.asmdef)
Folder 'Packages/com.unity.purchasing/Runtime/Codeless/' contains multiple assembly definition files (Packages/com.unity.purchasing/Runtime/Codeless/Unity.Purchasing.Codeless.asmdef)
Folder 'Packages/com.unity.purchasing/Runtime/Codeless/' contains multiple assembly definition files (Packages/com.unity.purchasing/Runtime/Codeless/UnityEngine.Purchasing.Codeless.asmdef)
ArgumentException: An item with the same key has already been added. Key: 400f2260dd8d285419d1db99999109aa
  at System.Collections.Generic.Dictionary`2[TKey,TValue].TryInsert (TKey key, TValue value, System.Collections.Generic.InsertionBehavior behavior) [0x0015a] in <c5eeda5e65d44b388e164c6c5cfe0702>:0 
  at System.Collections.Generic.Dictionary`2[TKey,TValue].Add (TKey key, TValue value) [0x00000] in <c5eeda5e65d44b388e164c6c5cfe0702>:0 
  at System.Linq.Enumerable.ToDictionary[TSource,TKey,TElement] (TSource[] source, System.Func`2[T,TResult] keySelector, System.Func`2[T,TResult] elementSelector, System.Collections.Generic.IEqualityComparer`1[T] comparer) [0x00029] in <8203c5af529241e2a5cc4b3c5a3dc69a>:0 
  at System.Linq.Enumerable.ToDictionary[TSource,TKey,TElement] (System.Collections.Generic.IEnumerable`1[T] source, System.Func`2[T,TResult] keySelector, System.Func`2[T,TResult] elementSelector, System.Collections.Generic.IEqualityComparer`1[T] comparer) [0x00051] in <8203c5af529241e2a5cc4b3c5a3dc69a>:0 
  at System.Linq.Enumerable.ToDictionary[TSource,TKey,TElement] (System.Collections.Generic.IEnumerable`1[T] source, System.Func`2[T,TResult] keySelector, System.Func`2[T,TResult] elementSelector) [0x00000] in <8203c5af529241e2a5cc4b3c5a3dc69a>:0 
  at UnityEditor.Scripting.ScriptCompilation.AssemblyGraphBuilder.Initialize (System.Collections.Generic.IReadOnlyCollection`1[T] assemblies, System.Collections.Generic.IReadOnlyCollection`1[T] customScriptAssemblyReferences) [0x00046] in /Users/bokken/build/output/unity/unity/Editor/Mono/Scripting/ScriptCompilation/AssemblyGraphBuilder.cs:85 
  at UnityEditor.Scripting.ScriptCompilation.AssemblyGraphBuilderFactory.GetOrCreate (System.String projectPath, System.Collections.Generic.IReadOnlyCollection`1[T] assemblies, System.Collections.Generic.IReadOnlyCollection`1[T] customScriptAssemblyReferences) [0x00038] in /Users/bokken/build/output/unity/unity/Editor/Mono/Scripting/ScriptCompilation/AssemblyGraphBuilderFactory.cs:54 
  at UnityEditor.Scripting.ScriptCompilation.EditorCompilation.GetAssemblyGraphBuilder () [0x00001] in /Users/bokken/build/output/unity/unity/Editor/Mono/Scripting/ScriptCompilation/EditorCompilation.cs:170 
  at UnityEditor.Scripting.ScriptCompilation.EditorCompilation.SetAllScripts (System.String[] allScripts) [0x0000d] in /Users/bokken/build/output/unity/unity/Editor/Mono/Scripting/ScriptCompilation/EditorCompilation.cs:178 
  at UnityEditor.Scripting.ScriptCompilation.EditorCompilationInterface.SetAllScripts (System.String[] allScripts) [0x00001] in /Users/bokken/build/output/unity/unity/Editor/Mono/Scripting/ScriptCompilation/EditorCompilationInterface.cs:79 

(Filename: /Users/bokken/build/output/unity/unity/Editor/Mono/Scripting/ScriptCompilation/AssemblyGraphBuilder.cs Line: 85)

Begin MonoManager ReloadAssembly
Thread 0x16b97b000 may have been prematurely finalized
Symbol file LoadedFromMemory is not a mono symbol file
- Loaded All Assemblies, in  0.464 seconds
Folder 'Packages/com.unity.purchasing/Runtime/Apple/' contains multiple assembly definition files (Packages/com.unity.purchasing/Runtime/Apple/UnityEngine.Purchasing.Apple.asmdef)
Folder 'Packages/com.unity.purchasing/Runtime/Apple/' contains multiple assembly definition files (Packages/com.unity.purchasing/Runtime/Apple/Unity.Purchasing.Apple.asmdef)
Folder 'Packages/com.unity.purchasing/Runtime/SecurityStub/' contains multiple assembly definition files (Packages/com.unity.purchasing/Runtime/SecurityStub/UnityEngine.Purchasing.SecurityStub.asmdef)
Folder 'Packages/com.unity.purchasing/Runtime/SecurityStub/' contains multiple assembly definition files (Packages/com.unity.purchasing/Runtime/SecurityStub/Unity.Purchasing.SecurityStub.asmdef)
Folder 'Packages/com.unity.purchasing/Runtime/Security/' contains multiple assembly definition files (Packages/com.unity.purchasing/Runtime/Security/Unity.Purchasing.Security.asmdef)
Folder 'Packages/com.unity.purchasing/Runtime/Security/' contains multiple assembly definition files (Packages/com.unity.purchasing/Runtime/Security/UnityEngine.Purchasing.Security.asmdef)
Folder 'Packages/com.unity.purchasing/Runtime/Stores/' contains multiple assembly definition files (Packages/com.unity.purchasing/Runtime/Stores/UnityEngine.Purchasing.Stores.asmdef)
Folder 'Packages/com.unity.purchasing/Runtime/Stores/' contains multiple assembly definition files (Packages/com.unity.purchasing/Runtime/Stores/Unity.Purchasing.Stores.asmdef)
Folder 'Packages/com.unity.purchasing/Runtime/SecurityCore/' contains multiple assembly definition files (Packages/com.unity.purchasing/Runtime/SecurityCore/Unity.Purchasing.SecurityCore.asmdef)
Folder 'Packages/com.unity.purchasing/Runtime/SecurityCore/' contains multiple assembly definition files (Packages/com.unity.purchasing/Runtime/SecurityCore/UnityEngine.Purchasing.SecurityCore.asmdef)
Folder 'Packages/com.unity.purchasing/Runtime/Purchasing/' contains multiple assembly definition files (Packages/com.unity.purchasing/Runtime/Purchasing/UnityEngine.Purchasing.asmdef)
Folder 'Packages/com.unity.purchasing/Runtime/Purchasing/' contains multiple assembly definition files (Packages/com.unity.purchasing/Runtime/Purchasing/Unity.Purchasing.asmdef)
Folder 'Packages/com.unity.purchasing/Runtime/AppleMacosStub/' contains multiple assembly definition files (Packages/com.unity.purchasing/Runtime/AppleMacosStub/UnityEngine.Purchasing.AppleMacosStub.asmdef)
Folder 'Packages/com.unity.purchasing/Runtime/AppleMacosStub/' contains multiple assembly definition files (Packages/com.unity.purchasing/Runtime/AppleMacosStub/Unity.Purchasing.AppleMacosStub.asmdef)
Folder 'Packages/com.unity.purchasing/Runtime/AppleStub/' contains multiple assembly definition files (Packages/com.unity.purchasing/Runtime/AppleStub/Unity.Purchasing.AppleStub.asmdef)
Folder 'Packages/com.unity.purchasing/Runtime/AppleStub/' contains multiple assembly definition files (Packages/com.unity.purchasing/Runtime/AppleStub/UnityEngine.Purchasing.AppleStub.asmdef)
Folder 'Packages/com.unity.purchasing/Runtime/AppleMacos/' contains multiple assembly definition files (Packages/com.unity.purchasing/Runtime/AppleMacos/UnityEngine.Purchasing.AppleMacos.asmdef)
Folder 'Packages/com.unity.purchasing/Runtime/AppleMacos/' contains multiple assembly definition files (Packages/com.unity.purchasing/Runtime/AppleMacos/Unity.Purchasing.AppleMacos.asmdef)
Folder 'Packages/com.unity.purchasing/Runtime/Codeless/' contains multiple assembly definition files (Packages/com.unity.purchasing/Runtime/Codeless/Unity.Purchasing.Codeless.asmdef)
Folder 'Packages/com.unity.purchasing/Runtime/Codeless/' contains multiple assembly definition files (Packages/com.unity.purchasing/Runtime/Codeless/UnityEngine.Purchasing.Codeless.asmdef)
ArgumentException: An item with the same key has already been added. Key: 400f2260dd8d285419d1db99999109aa
  at System.Collections.Generic.Dictionary`2[TKey,TValue].TryInsert (TKey key, TValue value, System.Collections.Generic.InsertionBehavior behavior) [0x0015a] in <c5eeda5e65d44b388e164c6c5cfe0702>:0 
  at System.Collections.Generic.Dictionary`2[TKey,TValue].Add (TKey key, TValue value) [0x00000] in <c5eeda5e65d44b388e164c6c5cfe0702>:0 
  at System.Linq.Enumerable.ToDictionary[TSource,TKey,TElement] (TSource[] source, System.Func`2[T,TResult] keySelector, System.Func`2[T,TResult] elementSelector, System.Collections.Generic.IEqualityComparer`1[T] comparer) [0x00029] in <8203c5af529241e2a5cc4b3c5a3dc69a>:0 
  at System.Linq.Enumerable.ToDictionary[TSource,TKey,TElement] (System.Collections.Generic.IEnumerable`1[T] source, System.Func`2[T,TResult] keySelector, System.Func`2[T,TResult] elementSelector, System.Collections.Generic.IEqualityComparer`1[T] comparer) [0x00051] in <8203c5af529241e2a5cc4b3c5a3dc69a>:0 
  at System.Linq.Enumerable.ToDictionary[TSource,TKey,TElement] (System.Collections.Generic.IEnumerable`1[T] source, System.Func`2[T,TResult] keySelector, System.Func`2[T,TResult] elementSelector) [0x00000] in <8203c5af529241e2a5cc4b3c5a3dc69a>:0 
  at UnityEditor.Scripting.ScriptCompilation.AssemblyGraphBuilder.Initialize (System.Collections.Generic.IReadOnlyCollection`1[T] assemblies, System.Collections.Generic.IReadOnlyCollection`1[T] customScriptAssemblyReferences) [0x00046] in /Users/bokken/build/output/unity/unity/Editor/Mono/Scripting/ScriptCompilation/AssemblyGraphBuilder.cs:85 
  at UnityEditor.Scripting.ScriptCompilation.AssemblyGraphBuilderFactory.GetOrCreate (System.String projectPath, System.Collections.Generic.IReadOnlyCollection`1[T] assemblies, System.Collections.Generic.IReadOnlyCollection`1[T] customScriptAssemblyReferences) [0x00038] in /Users/bokken/build/output/unity/unity/Editor/Mono/Scripting/ScriptCompilation/AssemblyGraphBuilderFactory.cs:54 
  at UnityEditor.Scripting.ScriptCompilation.EditorCompilation.GetAssemblyGraphBuilder () [0x00001] in /Users/bokken/build/output/unity/unity/Editor/Mono/Scripting/ScriptCompilation/EditorCompilation.cs:170 
  at UnityEditor.Scripting.ScriptCompilation.EditorCompilation.SetAllScripts (System.String[] allScripts) [0x0000d] in /Users/bokken/build/output/unity/unity/Editor/Mono/Scripting/ScriptCompilation/EditorCompilation.cs:178 
  at UnityEditor.Scripting.ScriptCompilation.EditorCompilationInterface.SetAllScripts (System.String[] allScripts) [0x00001] in /Users/bokken/build/output/unity/unity/Editor/Mono/Scripting/ScriptCompilation/EditorCompilationInterface.cs:79 

(Filename: /Users/bokken/build/output/unity/unity/Editor/Mono/Scripting/ScriptCompilation/AssemblyGraphBuilder.cs Line: 85)

Refreshing native plugins compatible for Editor in 2.71 ms, found 1 plugins.
Native extension for iOS target not found
Native extension for Android target not found
Native extension for OSXStandalone target not found
Native extension for WebGL target not found
Folder 'Packages/com.unity.purchasing/Runtime/Apple/' contains multiple assembly definition files (Packages/com.unity.purchasing/Runtime/Apple/UnityEngine.Purchasing.Apple.asmdef)
Folder 'Packages/com.unity.purchasing/Runtime/Apple/' contains multiple assembly definition files (Packages/com.unity.purchasing/Runtime/Apple/Unity.Purchasing.Apple.asmdef)
Folder 'Packages/com.unity.purchasing/Runtime/SecurityStub/' contains multiple assembly definition files (Packages/com.unity.purchasing/Runtime/SecurityStub/UnityEngine.Purchasing.SecurityStub.asmdef)
Folder 'Packages/com.unity.purchasing/Runtime/SecurityStub/' contains multiple assembly definition files (Packages/com.unity.purchasing/Runtime/SecurityStub/Unity.Purchasing.SecurityStub.asmdef)
Folder 'Packages/com.unity.purchasing/Runtime/Security/' contains multiple assembly definition files (Packages/com.unity.purchasing/Runtime/Security/Unity.Purchasing.Security.asmdef)
Folder 'Packages/com.unity.purchasing/Runtime/Security/' contains multiple assembly definition files (Packages/com.unity.purchasing/Runtime/Security/UnityEngine.Purchasing.Security.asmdef)
Folder 'Packages/com.unity.purchasing/Runtime/Stores/' contains multiple assembly definition files (Packages/com.unity.purchasing/Runtime/Stores/UnityEngine.Purchasing.Stores.asmdef)
Folder 'Packages/com.unity.purchasing/Runtime/Stores/' contains multiple assembly definition files (Packages/com.unity.purchasing/Runtime/Stores/Unity.Purchasing.Stores.asmdef)
Folder 'Packages/com.unity.purchasing/Runtime/SecurityCore/' contains multiple assembly definition files (Packages/com.unity.purchasing/Runtime/SecurityCore/Unity.Purchasing.SecurityCore.asmdef)
Folder 'Packages/com.unity.purchasing/Runtime/SecurityCore/' contains multiple assembly definition files (Packages/com.unity.purchasing/Runtime/SecurityCore/UnityEngine.Purchasing.SecurityCore.asmdef)
Folder 'Packages/com.unity.purchasing/Runtime/Purchasing/' contains multiple assembly definition files (Packages/com.unity.purchasing/Runtime/Purchasing/UnityEngine.Purchasing.asmdef)
Folder 'Packages/com.unity.purchasing/Runtime/Purchasing/' contains multiple assembly definition files (Packages/com.unity.purchasing/Runtime/Purchasing/Unity.Purchasing.asmdef)
Folder 'Packages/com.unity.purchasing/Runtime/AppleMacosStub/' contains multiple assembly definition files (Packages/com.unity.purchasing/Runtime/AppleMacosStub/UnityEngine.Purchasing.AppleMacosStub.asmdef)
Folder 'Packages/com.unity.purchasing/Runtime/AppleMacosStub/' contains multiple assembly definition files (Packages/com.unity.purchasing/Runtime/AppleMacosStub/Unity.Purchasing.AppleMacosStub.asmdef)
Folder 'Packages/com.unity.purchasing/Runtime/AppleStub/' contains multiple assembly definition files (Packages/com.unity.purchasing/Runtime/AppleStub/Unity.Purchasing.AppleStub.asmdef)
Folder 'Packages/com.unity.purchasing/Runtime/AppleStub/' contains multiple assembly definition files (Packages/com.unity.purchasing/Runtime/AppleStub/UnityEngine.Purchasing.AppleStub.asmdef)
Folder 'Packages/com.unity.purchasing/Runtime/AppleMacos/' contains multiple assembly definition files (Packages/com.unity.purchasing/Runtime/AppleMacos/UnityEngine.Purchasing.AppleMacos.asmdef)
Folder 'Packages/com.unity.purchasing/Runtime/AppleMacos/' contains multiple assembly definition files (Packages/com.unity.purchasing/Runtime/AppleMacos/Unity.Purchasing.AppleMacos.asmdef)
Folder 'Packages/com.unity.purchasing/Runtime/Codeless/' contains multiple assembly definition files (Packages/com.unity.purchasing/Runtime/Codeless/Unity.Purchasing.Codeless.asmdef)
Folder 'Packages/com.unity.purchasing/Runtime/Codeless/' contains multiple assembly definition files (Packages/com.unity.purchasing/Runtime/Codeless/UnityEngine.Purchasing.Codeless.asmdef)
ArgumentException: An item with the same key has already been added. Key: 400f2260dd8d285419d1db99999109aa
  at System.Collections.Generic.Dictionary`2[TKey,TValue].TryInsert (TKey key, TValue value, System.Collections.Generic.InsertionBehavior behavior) [0x0015a] in <c5eeda5e65d44b388e164c6c5cfe0702>:0 
  at System.Collections.Generic.Dictionary`2[TKey,TValue].Add (TKey key, TValue value) [0x00000] in <c5eeda5e65d44b388e164c6c5cfe0702>:0 
  at System.Linq.Enumerable.ToDictionary[TSource,TKey,TElement] (TSource[] source, System.Func`2[T,TResult] keySelector, System.Func`2[T,TResult] elementSelector, System.Collections.Generic.IEqualityComparer`1[T] comparer) [0x00029] in <8203c5af529241e2a5cc4b3c5a3dc69a>:0 
  at System.Linq.Enumerable.ToDictionary[TSource,TKey,TElement] (System.Collections.Generic.IEnumerable`1[T] source, System.Func`2[T,TResult] keySelector, System.Func`2[T,TResult] elementSelector, System.Collections.Generic.IEqualityComparer`1[T] comparer) [0x00051] in <8203c5af529241e2a5cc4b3c5a3dc69a>:0 
  at System.Linq.Enumerable.ToDictionary[TSource,TKey,TElement] (System.Collections.Generic.IEnumerable`1[T] source, System.Func`2[T,TResult] keySelector, System.Func`2[T,TResult] elementSelector) [0x00000] in <8203c5af529241e2a5cc4b3c5a3dc69a>:0 
  at UnityEditor.Scripting.ScriptCompilation.AssemblyGraphBuilder.Initialize (System.Collections.Generic.IReadOnlyCollection`1[T] assemblies, System.Collections.Generic.IReadOnlyCollection`1[T] customScriptAssemblyReferences) [0x00046] in /Users/bokken/build/output/unity/unity/Editor/Mono/Scripting/ScriptCompilation/AssemblyGraphBuilder.cs:85 
  at UnityEditor.Scripting.ScriptCompilation.AssemblyGraphBuilderFactory.GetOrCreate (System.String projectPath, System.Collections.Generic.IReadOnlyCollection`1[T] assemblies, System.Collections.Generic.IReadOnlyCollection`1[T] customScriptAssemblyReferences) [0x00038] in /Users/bokken/build/output/unity/unity/Editor/Mono/Scripting/ScriptCompilation/AssemblyGraphBuilderFactory.cs:54 
  at UnityEditor.Scripting.ScriptCompilation.EditorCompilation.GetAssemblyGraphBuilder () [0x00001] in /Users/bokken/build/output/unity/unity/Editor/Mono/Scripting/ScriptCompilation/EditorCompilation.cs:170 
  at UnityEditor.Scripting.ScriptCompilation.EditorCompilation.SetAllScripts (System.String[] allScripts) [0x0000d] in /Users/bokken/build/output/unity/unity/Editor/Mono/Scripting/ScriptCompilation/EditorCompilation.cs:178 
  at UnityEditor.Scripting.ScriptCompilation.EditorCompilationInterface.SetAllScripts (System.String[] allScripts) [0x00001] in /Users/bokken/build/output/unity/unity/Editor/Mono/Scripting/ScriptCompilation/EditorCompilationInterface.cs:79 

(Filename: /Users/bokken/build/output/unity/unity/Editor/Mono/Scripting/ScriptCompilation/AssemblyGraphBuilder.cs Line: 85)

Refreshing native plugins compatible for Editor in 3.51 ms, found 1 plugins.
[Package Manager] Failed to launch server process. Reason: Unity was launched with the -noUpm command-line argument
[Package Manager] Unable to send message (not connected to server process).
[Package Manager] Cannot connect to Unity Package Manager local server
ScheduleIndexationOnStartup MainProcess:False IndexOnStartup:True
Mono: successfully reloaded assembly
- Finished resetting the current domain, in  0.966 seconds
Domain Reload Profiling: 1432ms
	BeginReloadAssembly (106ms)
		ExecutionOrderSort (0ms)
		DisableScriptedObjects (3ms)
		BackupInstance (0ms)
		ReleaseScriptingObjects (0ms)
		CreateAndSetChildDomain (36ms)
	RebuildCommonClasses (24ms)
	RebuildNativeTypeToScriptingClass (10ms)
	initialDomainReloadingComplete (15ms)
	LoadAllAssembliesAndSetupDomain (311ms)
		LoadAssemblies (218ms)
		RebuildTransferFunctionScriptingTraits (0ms)
		AnalyzeDomain (122ms)
			TypeCache.Refresh (7ms)
				TypeCache.ScanAssembly (0ms)
			BuildScriptInfoCaches (110ms)
			ResolveRequiredComponents (3ms)
	FinalizeReload (966ms)
		ReleaseScriptCaches (0ms)
		RebuildScriptCaches (0ms)
		SetupLoadedEditorAssemblies (871ms)
			LogAssemblyErrors (0ms)
			InitializePlatformSupportModulesInManaged (12ms)
			SetLoadedEditorAssemblies (3ms)
			BeforeProcessingInitializeOnLoad (103ms)
			ProcessInitializeOnLoadAttributes (692ms)
			ProcessInitializeOnLoadMethodAttributes (59ms)
			AfterProcessingInitializeOnLoad (1ms)
			EditorAssembliesLoaded (0ms)
		ExecutionOrderSort2 (0ms)
		AwakeInstancesAfterBackupRestoration (3ms)
Refreshing native plugins compatible for Editor in 2.93 ms, found 1 plugins.
Preloading 0 native plugins for Editor in 0.00 ms.
Unloading 29 Unused Serialized files (Serialized files now loaded: 0)
Unloading 6234 unused Assets / (4.0 MB). Loaded Objects now: 6989.
Memory consumption went from 142.5 MB to 138.5 MB.
Total: 20.333458 ms (FindLiveObjects: 0.328583 ms CreateObjectMapping: 0.175583 ms MarkObjects: 18.499000 ms  DeleteObjects: 1.329667 ms)

Prepare: number of updated asset objects reloaded= 0
========================================================================
Received Prepare
Refreshing native plugins compatible for Editor in 2.74 ms, found 1 plugins.
Preloading 0 native plugins for Editor in 0.00 ms.
Unloading 29 Unused Serialized files (Serialized files now loaded: 0)
Unloading 6162 unused Assets / (4.3 MB). Loaded Objects now: 6989.
Memory consumption went from 125.1 MB to 120.8 MB.
Total: 20.635250 ms (FindLiveObjects: 0.299667 ms CreateObjectMapping: 0.159041 ms MarkObjects: 18.788500 ms  DeleteObjects: 1.387625 ms)

Prepare: number of updated asset objects reloaded= 0
========================================================================
Received Prepare
[Licensing::Client] Successfully resolved entitlement details
Folder 'Packages/com.unity.purchasing/Runtime/Apple/' contains multiple assembly definition files (Packages/com.unity.purchasing/Runtime/Apple/UnityEngine.Purchasing.Apple.asmdef)
Folder 'Packages/com.unity.purchasing/Runtime/Apple/' contains multiple assembly definition files (Packages/com.unity.purchasing/Runtime/Apple/Unity.Purchasing.Apple.asmdef)
Folder 'Packages/com.unity.purchasing/Runtime/SecurityStub/' contains multiple assembly definition files (Packages/com.unity.purchasing/Runtime/SecurityStub/UnityEngine.Purchasing.SecurityStub.asmdef)
Folder 'Packages/com.unity.purchasing/Runtime/SecurityStub/' contains multiple assembly definition files (Packages/com.unity.purchasing/Runtime/SecurityStub/Unity.Purchasing.SecurityStub.asmdef)
Folder 'Packages/com.unity.purchasing/Runtime/Security/' contains multiple assembly definition files (Packages/com.unity.purchasing/Runtime/Security/Unity.Purchasing.Security.asmdef)
Folder 'Packages/com.unity.purchasing/Runtime/Security/' contains multiple assembly definition files (Packages/com.unity.purchasing/Runtime/Security/UnityEngine.Purchasing.Security.asmdef)
Folder 'Packages/com.unity.purchasing/Runtime/Stores/' contains multiple assembly definition files (Packages/com.unity.purchasing/Runtime/Stores/UnityEngine.Purchasing.Stores.asmdef)
Folder 'Packages/com.unity.purchasing/Runtime/Stores/' contains multiple assembly definition files (Packages/com.unity.purchasing/Runtime/Stores/Unity.Purchasing.Stores.asmdef)
Folder 'Packages/com.unity.purchasing/Runtime/SecurityCore/' contains multiple assembly definition files (Packages/com.unity.purchasing/Runtime/SecurityCore/Unity.Purchasing.SecurityCore.asmdef)
Folder 'Packages/com.unity.purchasing/Runtime/SecurityCore/' contains multiple assembly definition files (Packages/com.unity.purchasing/Runtime/SecurityCore/UnityEngine.Purchasing.SecurityCore.asmdef)
Folder 'Packages/com.unity.purchasing/Runtime/Purchasing/' contains multiple assembly definition files (Packages/com.unity.purchasing/Runtime/Purchasing/UnityEngine.Purchasing.asmdef)
Folder 'Packages/com.unity.purchasing/Runtime/Purchasing/' contains multiple assembly definition files (Packages/com.unity.purchasing/Runtime/Purchasing/Unity.Purchasing.asmdef)
Folder 'Packages/com.unity.purchasing/Runtime/AppleMacosStub/' contains multiple assembly definition files (Packages/com.unity.purchasing/Runtime/AppleMacosStub/UnityEngine.Purchasing.AppleMacosStub.asmdef)
Folder 'Packages/com.unity.purchasing/Runtime/AppleMacosStub/' contains multiple assembly definition files (Packages/com.unity.purchasing/Runtime/AppleMacosStub/Unity.Purchasing.AppleMacosStub.asmdef)
Folder 'Packages/com.unity.purchasing/Runtime/AppleStub/' contains multiple assembly definition files (Packages/com.unity.purchasing/Runtime/AppleStub/Unity.Purchasing.AppleStub.asmdef)
Folder 'Packages/com.unity.purchasing/Runtime/AppleStub/' contains multiple assembly definition files (Packages/com.unity.purchasing/Runtime/AppleStub/UnityEngine.Purchasing.AppleStub.asmdef)
Folder 'Packages/com.unity.purchasing/Runtime/AppleMacos/' contains multiple assembly definition files (Packages/com.unity.purchasing/Runtime/AppleMacos/UnityEngine.Purchasing.AppleMacos.asmdef)
Folder 'Packages/com.unity.purchasing/Runtime/AppleMacos/' contains multiple assembly definition files (Packages/com.unity.purchasing/Runtime/AppleMacos/Unity.Purchasing.AppleMacos.asmdef)
Folder 'Packages/com.unity.purchasing/Runtime/Codeless/' contains multiple assembly definition files (Packages/com.unity.purchasing/Runtime/Codeless/Unity.Purchasing.Codeless.asmdef)
Folder 'Packages/com.unity.purchasing/Runtime/Codeless/' contains multiple assembly definition files (Packages/com.unity.purchasing/Runtime/Codeless/UnityEngine.Purchasing.Codeless.asmdef)
ArgumentException: An item with the same key has already been added. Key: 400f2260dd8d285419d1db99999109aa
  at System.Collections.Generic.Dictionary`2[TKey,TValue].TryInsert (TKey key, TValue value, System.Collections.Generic.InsertionBehavior behavior) [0x0015a] in <c5eeda5e65d44b388e164c6c5cfe0702>:0 
  at System.Collections.Generic.Dictionary`2[TKey,TValue].Add (TKey key, TValue value) [0x00000] in <c5eeda5e65d44b388e164c6c5cfe0702>:0 
  at System.Linq.Enumerable.ToDictionary[TSource,TKey,TElement] (TSource[] source, System.Func`2[T,TResult] keySelector, System.Func`2[T,TResult] elementSelector, System.Collections.Generic.IEqualityComparer`1[T] comparer) [0x00029] in <8203c5af529241e2a5cc4b3c5a3dc69a>:0 
  at System.Linq.Enumerable.ToDictionary[TSource,TKey,TElement] (System.Collections.Generic.IEnumerable`1[T] source, System.Func`2[T,TResult] keySelector, System.Func`2[T,TResult] elementSelector, System.Collections.Generic.IEqualityComparer`1[T] comparer) [0x00051] in <8203c5af529241e2a5cc4b3c5a3dc69a>:0 
  at System.Linq.Enumerable.ToDictionary[TSource,TKey,TElement] (System.Collections.Generic.IEnumerable`1[T] source, System.Func`2[T,TResult] keySelector, System.Func`2[T,TResult] elementSelector) [0x00000] in <8203c5af529241e2a5cc4b3c5a3dc69a>:0 
  at UnityEditor.Scripting.ScriptCompilation.AssemblyGraphBuilder.Initialize (System.Collections.Generic.IReadOnlyCollection`1[T] assemblies, System.Collections.Generic.IReadOnlyCollection`1[T] customScriptAssemblyReferences) [0x00046] in /Users/bokken/build/output/unity/unity/Editor/Mono/Scripting/ScriptCompilation/AssemblyGraphBuilder.cs:85 
  at UnityEditor.Scripting.ScriptCompilation.AssemblyGraphBuilderFactory.GetOrCreate (System.String projectPath, System.Collections.Generic.IReadOnlyCollection`1[T] assemblies, System.Collections.Generic.IReadOnlyCollection`1[T] customScriptAssemblyReferences) [0x00038] in /Users/bokken/build/output/unity/unity/Editor/Mono/Scripting/ScriptCompilation/AssemblyGraphBuilderFactory.cs:54 
  at UnityEditor.Scripting.ScriptCompilation.EditorCompilation.GetAssemblyGraphBuilder () [0x00001] in /Users/bokken/build/output/unity/unity/Editor/Mono/Scripting/ScriptCompilation/EditorCompilation.cs:170 
  at UnityEditor.Scripting.ScriptCompilation.EditorCompilation.SetAllScripts (System.String[] allScripts) [0x0000d] in /Users/bokken/build/output/unity/unity/Editor/Mono/Scripting/ScriptCompilation/EditorCompilation.cs:178 
  at UnityEditor.Scripting.ScriptCompilation.EditorCompilationInterface.SetAllScripts (System.String[] allScripts) [0x00001] in /Users/bokken/build/output/unity/unity/Editor/Mono/Scripting/ScriptCompilation/EditorCompilationInterface.cs:79 

(Filename: /Users/bokken/build/output/unity/unity/Editor/Mono/Scripting/ScriptCompilation/AssemblyGraphBuilder.cs Line: 85)

Folder 'Packages/com.unity.purchasing/Runtime/Apple/' contains multiple assembly definition files (Packages/com.unity.purchasing/Runtime/Apple/UnityEngine.Purchasing.Apple.asmdef)
Folder 'Packages/com.unity.purchasing/Runtime/Apple/' contains multiple assembly definition files (Packages/com.unity.purchasing/Runtime/Apple/Unity.Purchasing.Apple.asmdef)
Folder 'Packages/com.unity.purchasing/Runtime/SecurityStub/' contains multiple assembly definition files (Packages/com.unity.purchasing/Runtime/SecurityStub/UnityEngine.Purchasing.SecurityStub.asmdef)
Folder 'Packages/com.unity.purchasing/Runtime/SecurityStub/' contains multiple assembly definition files (Packages/com.unity.purchasing/Runtime/SecurityStub/Unity.Purchasing.SecurityStub.asmdef)
Folder 'Packages/com.unity.purchasing/Runtime/Security/' contains multiple assembly definition files (Packages/com.unity.purchasing/Runtime/Security/Unity.Purchasing.Security.asmdef)
Folder 'Packages/com.unity.purchasing/Runtime/Security/' contains multiple assembly definition files (Packages/com.unity.purchasing/Runtime/Security/UnityEngine.Purchasing.Security.asmdef)
Folder 'Packages/com.unity.purchasing/Runtime/Stores/' contains multiple assembly definition files (Packages/com.unity.purchasing/Runtime/Stores/UnityEngine.Purchasing.Stores.asmdef)
Folder 'Packages/com.unity.purchasing/Runtime/Stores/' contains multiple assembly definition files (Packages/com.unity.purchasing/Runtime/Stores/Unity.Purchasing.Stores.asmdef)
Folder 'Packages/com.unity.purchasing/Runtime/SecurityCore/' contains multiple assembly definition files (Packages/com.unity.purchasing/Runtime/SecurityCore/Unity.Purchasing.SecurityCore.asmdef)
Folder 'Packages/com.unity.purchasing/Runtime/SecurityCore/' contains multiple assembly definition files (Packages/com.unity.purchasing/Runtime/SecurityCore/UnityEngine.Purchasing.SecurityCore.asmdef)
Folder 'Packages/com.unity.purchasing/Runtime/Purchasing/' contains multiple assembly definition files (Packages/com.unity.purchasing/Runtime/Purchasing/UnityEngine.Purchasing.asmdef)
Folder 'Packages/com.unity.purchasing/Runtime/Purchasing/' contains multiple assembly definition files (Packages/com.unity.purchasing/Runtime/Purchasing/Unity.Purchasing.asmdef)
Folder 'Packages/com.unity.purchasing/Runtime/AppleMacosStub/' contains multiple assembly definition files (Packages/com.unity.purchasing/Runtime/AppleMacosStub/UnityEngine.Purchasing.AppleMacosStub.asmdef)
Folder 'Packages/com.unity.purchasing/Runtime/AppleMacosStub/' contains multiple assembly definition files (Packages/com.unity.purchasing/Runtime/AppleMacosStub/Unity.Purchasing.AppleMacosStub.asmdef)
Folder 'Packages/com.unity.purchasing/Runtime/AppleStub/' contains multiple assembly definition files (Packages/com.unity.purchasing/Runtime/AppleStub/Unity.Purchasing.AppleStub.asmdef)
Folder 'Packages/com.unity.purchasing/Runtime/AppleStub/' contains multiple assembly definition files (Packages/com.unity.purchasing/Runtime/AppleStub/UnityEngine.Purchasing.AppleStub.asmdef)
Folder 'Packages/com.unity.purchasing/Runtime/AppleMacos/' contains multiple assembly definition files (Packages/com.unity.purchasing/Runtime/AppleMacos/UnityEngine.Purchasing.AppleMacos.asmdef)
Folder 'Packages/com.unity.purchasing/Runtime/AppleMacos/' contains multiple assembly definition files (Packages/com.unity.purchasing/Runtime/AppleMacos/Unity.Purchasing.AppleMacos.asmdef)
Folder 'Packages/com.unity.purchasing/Runtime/Codeless/' contains multiple assembly definition files (Packages/com.unity.purchasing/Runtime/Codeless/Unity.Purchasing.Codeless.asmdef)
Folder 'Packages/com.unity.purchasing/Runtime/Codeless/' contains multiple assembly definition files (Packages/com.unity.purchasing/Runtime/Codeless/UnityEngine.Purchasing.Codeless.asmdef)
ArgumentException: An item with the same key has already been added. Key: 400f2260dd8d285419d1db99999109aa
  at System.Collections.Generic.Dictionary`2[TKey,TValue].TryInsert (TKey key, TValue value, System.Collections.Generic.InsertionBehavior behavior) [0x0015a] in <c5eeda5e65d44b388e164c6c5cfe0702>:0 
  at System.Collections.Generic.Dictionary`2[TKey,TValue].Add (TKey key, TValue value) [0x00000] in <c5eeda5e65d44b388e164c6c5cfe0702>:0 
  at System.Linq.Enumerable.ToDictionary[TSource,TKey,TElement] (TSource[] source, System.Func`2[T,TResult] keySelector, System.Func`2[T,TResult] elementSelector, System.Collections.Generic.IEqualityComparer`1[T] comparer) [0x00029] in <8203c5af529241e2a5cc4b3c5a3dc69a>:0 
  at System.Linq.Enumerable.ToDictionary[TSource,TKey,TElement] (System.Collections.Generic.IEnumerable`1[T] source, System.Func`2[T,TResult] keySelector, System.Func`2[T,TResult] elementSelector, System.Collections.Generic.IEqualityComparer`1[T] comparer) [0x00051] in <8203c5af529241e2a5cc4b3c5a3dc69a>:0 
  at System.Linq.Enumerable.ToDictionary[TSource,TKey,TElement] (System.Collections.Generic.IEnumerable`1[T] source, System.Func`2[T,TResult] keySelector, System.Func`2[T,TResult] elementSelector) [0x00000] in <8203c5af529241e2a5cc4b3c5a3dc69a>:0 
  at UnityEditor.Scripting.ScriptCompilation.AssemblyGraphBuilder.Initialize (System.Collections.Generic.IReadOnlyCollection`1[T] assemblies, System.Collections.Generic.IReadOnlyCollection`1[T] customScriptAssemblyReferences) [0x00046] in /Users/bokken/build/output/unity/unity/Editor/Mono/Scripting/ScriptCompilation/AssemblyGraphBuilder.cs:85 
  at UnityEditor.Scripting.ScriptCompilation.AssemblyGraphBuilderFactory.GetOrCreate (System.String projectPath, System.Collections.Generic.IReadOnlyCollection`1[T] assemblies, System.Collections.Generic.IReadOnlyCollection`1[T] customScriptAssemblyReferences) [0x00038] in /Users/bokken/build/output/unity/unity/Editor/Mono/Scripting/ScriptCompilation/AssemblyGraphBuilderFactory.cs:54 
  at UnityEditor.Scripting.ScriptCompilation.EditorCompilation.GetAssemblyGraphBuilder () [0x00001] in /Users/bokken/build/output/unity/unity/Editor/Mono/Scripting/ScriptCompilation/EditorCompilation.cs:170 
  at UnityEditor.Scripting.ScriptCompilation.EditorCompilation.SetAllScripts (System.String[] allScripts) [0x0000d] in /Users/bokken/build/output/unity/unity/Editor/Mono/Scripting/ScriptCompilation/EditorCompilation.cs:178 
  at UnityEditor.Scripting.ScriptCompilation.EditorCompilationInterface.SetAllScripts (System.String[] allScripts) [0x00001] in /Users/bokken/build/output/unity/unity/Editor/Mono/Scripting/ScriptCompilation/EditorCompilationInterface.cs:79 

(Filename: /Users/bokken/build/output/unity/unity/Editor/Mono/Scripting/ScriptCompilation/AssemblyGraphBuilder.cs Line: 85)

Begin MonoManager ReloadAssembly
[Licensing::Client] Successfully resolved entitlement details
Thread 0x16b97b000 may have been prematurely finalized
Symbol file LoadedFromMemory is not a mono symbol file
- Loaded All Assemblies, in  0.519 seconds
Folder 'Packages/com.unity.purchasing/Runtime/Apple/' contains multiple assembly definition files (Packages/com.unity.purchasing/Runtime/Apple/UnityEngine.Purchasing.Apple.asmdef)
Folder 'Packages/com.unity.purchasing/Runtime/Apple/' contains multiple assembly definition files (Packages/com.unity.purchasing/Runtime/Apple/Unity.Purchasing.Apple.asmdef)
Folder 'Packages/com.unity.purchasing/Runtime/SecurityStub/' contains multiple assembly definition files (Packages/com.unity.purchasing/Runtime/SecurityStub/UnityEngine.Purchasing.SecurityStub.asmdef)
Folder 'Packages/com.unity.purchasing/Runtime/SecurityStub/' contains multiple assembly definition files (Packages/com.unity.purchasing/Runtime/SecurityStub/Unity.Purchasing.SecurityStub.asmdef)
Folder 'Packages/com.unity.purchasing/Runtime/Security/' contains multiple assembly definition files (Packages/com.unity.purchasing/Runtime/Security/Unity.Purchasing.Security.asmdef)
Folder 'Packages/com.unity.purchasing/Runtime/Security/' contains multiple assembly definition files (Packages/com.unity.purchasing/Runtime/Security/UnityEngine.Purchasing.Security.asmdef)
Folder 'Packages/com.unity.purchasing/Runtime/Stores/' contains multiple assembly definition files (Packages/com.unity.purchasing/Runtime/Stores/UnityEngine.Purchasing.Stores.asmdef)
Folder 'Packages/com.unity.purchasing/Runtime/Stores/' contains multiple assembly definition files (Packages/com.unity.purchasing/Runtime/Stores/Unity.Purchasing.Stores.asmdef)
Folder 'Packages/com.unity.purchasing/Runtime/SecurityCore/' contains multiple assembly definition files (Packages/com.unity.purchasing/Runtime/SecurityCore/Unity.Purchasing.SecurityCore.asmdef)
Folder 'Packages/com.unity.purchasing/Runtime/SecurityCore/' contains multiple assembly definition files (Packages/com.unity.purchasing/Runtime/SecurityCore/UnityEngine.Purchasing.SecurityCore.asmdef)
Folder 'Packages/com.unity.purchasing/Runtime/Purchasing/' contains multiple assembly definition files (Packages/com.unity.purchasing/Runtime/Purchasing/UnityEngine.Purchasing.asmdef)
Folder 'Packages/com.unity.purchasing/Runtime/Purchasing/' contains multiple assembly definition files (Packages/com.unity.purchasing/Runtime/Purchasing/Unity.Purchasing.asmdef)
Folder 'Packages/com.unity.purchasing/Runtime/AppleMacosStub/' contains multiple assembly definition files (Packages/com.unity.purchasing/Runtime/AppleMacosStub/UnityEngine.Purchasing.AppleMacosStub.asmdef)
Folder 'Packages/com.unity.purchasing/Runtime/AppleMacosStub/' contains multiple assembly definition files (Packages/com.unity.purchasing/Runtime/AppleMacosStub/Unity.Purchasing.AppleMacosStub.asmdef)
Folder 'Packages/com.unity.purchasing/Runtime/AppleStub/' contains multiple assembly definition files (Packages/com.unity.purchasing/Runtime/AppleStub/Unity.Purchasing.AppleStub.asmdef)
Folder 'Packages/com.unity.purchasing/Runtime/AppleStub/' contains multiple assembly definition files (Packages/com.unity.purchasing/Runtime/AppleStub/UnityEngine.Purchasing.AppleStub.asmdef)
Folder 'Packages/com.unity.purchasing/Runtime/AppleMacos/' contains multiple assembly definition files (Packages/com.unity.purchasing/Runtime/AppleMacos/UnityEngine.Purchasing.AppleMacos.asmdef)
Folder 'Packages/com.unity.purchasing/Runtime/AppleMacos/' contains multiple assembly definition files (Packages/com.unity.purchasing/Runtime/AppleMacos/Unity.Purchasing.AppleMacos.asmdef)
Folder 'Packages/com.unity.purchasing/Runtime/Codeless/' contains multiple assembly definition files (Packages/com.unity.purchasing/Runtime/Codeless/Unity.Purchasing.Codeless.asmdef)
Folder 'Packages/com.unity.purchasing/Runtime/Codeless/' contains multiple assembly definition files (Packages/com.unity.purchasing/Runtime/Codeless/UnityEngine.Purchasing.Codeless.asmdef)
ArgumentException: An item with the same key has already been added. Key: 400f2260dd8d285419d1db99999109aa
  at System.Collections.Generic.Dictionary`2[TKey,TValue].TryInsert (TKey key, TValue value, System.Collections.Generic.InsertionBehavior behavior) [0x0015a] in <c5eeda5e65d44b388e164c6c5cfe0702>:0 
  at System.Collections.Generic.Dictionary`2[TKey,TValue].Add (TKey key, TValue value) [0x00000] in <c5eeda5e65d44b388e164c6c5cfe0702>:0 
  at System.Linq.Enumerable.ToDictionary[TSource,TKey,TElement] (TSource[] source, System.Func`2[T,TResult] keySelector, System.Func`2[T,TResult] elementSelector, System.Collections.Generic.IEqualityComparer`1[T] comparer) [0x00029] in <8203c5af529241e2a5cc4b3c5a3dc69a>:0 
  at System.Linq.Enumerable.ToDictionary[TSource,TKey,TElement] (System.Collections.Generic.IEnumerable`1[T] source, System.Func`2[T,TResult] keySelector, System.Func`2[T,TResult] elementSelector, System.Collections.Generic.IEqualityComparer`1[T] comparer) [0x00051] in <8203c5af529241e2a5cc4b3c5a3dc69a>:0 
  at System.Linq.Enumerable.ToDictionary[TSource,TKey,TElement] (System.Collections.Generic.IEnumerable`1[T] source, System.Func`2[T,TResult] keySelector, System.Func`2[T,TResult] elementSelector) [0x00000] in <8203c5af529241e2a5cc4b3c5a3dc69a>:0 
  at UnityEditor.Scripting.ScriptCompilation.AssemblyGraphBuilder.Initialize (System.Collections.Generic.IReadOnlyCollection`1[T] assemblies, System.Collections.Generic.IReadOnlyCollection`1[T] customScriptAssemblyReferences) [0x00046] in /Users/bokken/build/output/unity/unity/Editor/Mono/Scripting/ScriptCompilation/AssemblyGraphBuilder.cs:85 
  at UnityEditor.Scripting.ScriptCompilation.AssemblyGraphBuilderFactory.GetOrCreate (System.String projectPath, System.Collections.Generic.IReadOnlyCollection`1[T] assemblies, System.Collections.Generic.IReadOnlyCollection`1[T] customScriptAssemblyReferences) [0x00038] in /Users/bokken/build/output/unity/unity/Editor/Mono/Scripting/ScriptCompilation/AssemblyGraphBuilderFactory.cs:54 
  at UnityEditor.Scripting.ScriptCompilation.EditorCompilation.GetAssemblyGraphBuilder () [0x00001] in /Users/bokken/build/output/unity/unity/Editor/Mono/Scripting/ScriptCompilation/EditorCompilation.cs:170 
  at UnityEditor.Scripting.ScriptCompilation.EditorCompilation.SetAllScripts (System.String[] allScripts) [0x0000d] in /Users/bokken/build/output/unity/unity/Editor/Mono/Scripting/ScriptCompilation/EditorCompilation.cs:178 
  at UnityEditor.Scripting.ScriptCompilation.EditorCompilationInterface.SetAllScripts (System.String[] allScripts) [0x00001] in /Users/bokken/build/output/unity/unity/Editor/Mono/Scripting/ScriptCompilation/EditorCompilationInterface.cs:79 

(Filename: /Users/bokken/build/output/unity/unity/Editor/Mono/Scripting/ScriptCompilation/AssemblyGraphBuilder.cs Line: 85)

Refreshing native plugins compatible for Editor in 2.81 ms, found 1 plugins.
Native extension for iOS target not found
Native extension for Android target not found
Native extension for OSXStandalone target not found
Native extension for WebGL target not found
Folder 'Packages/com.unity.purchasing/Runtime/Apple/' contains multiple assembly definition files (Packages/com.unity.purchasing/Runtime/Apple/UnityEngine.Purchasing.Apple.asmdef)
Folder 'Packages/com.unity.purchasing/Runtime/Apple/' contains multiple assembly definition files (Packages/com.unity.purchasing/Runtime/Apple/Unity.Purchasing.Apple.asmdef)
Folder 'Packages/com.unity.purchasing/Runtime/SecurityStub/' contains multiple assembly definition files (Packages/com.unity.purchasing/Runtime/SecurityStub/UnityEngine.Purchasing.SecurityStub.asmdef)
Folder 'Packages/com.unity.purchasing/Runtime/SecurityStub/' contains multiple assembly definition files (Packages/com.unity.purchasing/Runtime/SecurityStub/Unity.Purchasing.SecurityStub.asmdef)
Folder 'Packages/com.unity.purchasing/Runtime/Security/' contains multiple assembly definition files (Packages/com.unity.purchasing/Runtime/Security/Unity.Purchasing.Security.asmdef)
Folder 'Packages/com.unity.purchasing/Runtime/Security/' contains multiple assembly definition files (Packages/com.unity.purchasing/Runtime/Security/UnityEngine.Purchasing.Security.asmdef)
Folder 'Packages/com.unity.purchasing/Runtime/Stores/' contains multiple assembly definition files (Packages/com.unity.purchasing/Runtime/Stores/UnityEngine.Purchasing.Stores.asmdef)
Folder 'Packages/com.unity.purchasing/Runtime/Stores/' contains multiple assembly definition files (Packages/com.unity.purchasing/Runtime/Stores/Unity.Purchasing.Stores.asmdef)
Folder 'Packages/com.unity.purchasing/Runtime/SecurityCore/' contains multiple assembly definition files (Packages/com.unity.purchasing/Runtime/SecurityCore/Unity.Purchasing.SecurityCore.asmdef)
Folder 'Packages/com.unity.purchasing/Runtime/SecurityCore/' contains multiple assembly definition files (Packages/com.unity.purchasing/Runtime/SecurityCore/UnityEngine.Purchasing.SecurityCore.asmdef)
Folder 'Packages/com.unity.purchasing/Runtime/Purchasing/' contains multiple assembly definition files (Packages/com.unity.purchasing/Runtime/Purchasing/UnityEngine.Purchasing.asmdef)
Folder 'Packages/com.unity.purchasing/Runtime/Purchasing/' contains multiple assembly definition files (Packages/com.unity.purchasing/Runtime/Purchasing/Unity.Purchasing.asmdef)
Folder 'Packages/com.unity.purchasing/Runtime/AppleMacosStub/' contains multiple assembly definition files (Packages/com.unity.purchasing/Runtime/AppleMacosStub/UnityEngine.Purchasing.AppleMacosStub.asmdef)
Folder 'Packages/com.unity.purchasing/Runtime/AppleMacosStub/' contains multiple assembly definition files (Packages/com.unity.purchasing/Runtime/AppleMacosStub/Unity.Purchasing.AppleMacosStub.asmdef)
Folder 'Packages/com.unity.purchasing/Runtime/AppleStub/' contains multiple assembly definition files (Packages/com.unity.purchasing/Runtime/AppleStub/Unity.Purchasing.AppleStub.asmdef)
Folder 'Packages/com.unity.purchasing/Runtime/AppleStub/' contains multiple assembly definition files (Packages/com.unity.purchasing/Runtime/AppleStub/UnityEngine.Purchasing.AppleStub.asmdef)
Folder 'Packages/com.unity.purchasing/Runtime/AppleMacos/' contains multiple assembly definition files (Packages/com.unity.purchasing/Runtime/AppleMacos/UnityEngine.Purchasing.AppleMacos.asmdef)
Folder 'Packages/com.unity.purchasing/Runtime/AppleMacos/' contains multiple assembly definition files (Packages/com.unity.purchasing/Runtime/AppleMacos/Unity.Purchasing.AppleMacos.asmdef)
Folder 'Packages/com.unity.purchasing/Runtime/Codeless/' contains multiple assembly definition files (Packages/com.unity.purchasing/Runtime/Codeless/Unity.Purchasing.Codeless.asmdef)
Folder 'Packages/com.unity.purchasing/Runtime/Codeless/' contains multiple assembly definition files (Packages/com.unity.purchasing/Runtime/Codeless/UnityEngine.Purchasing.Codeless.asmdef)
ArgumentException: An item with the same key has already been added. Key: 400f2260dd8d285419d1db99999109aa
  at System.Collections.Generic.Dictionary`2[TKey,TValue].TryInsert (TKey key, TValue value, System.Collections.Generic.InsertionBehavior behavior) [0x0015a] in <c5eeda5e65d44b388e164c6c5cfe0702>:0 
  at System.Collections.Generic.Dictionary`2[TKey,TValue].Add (TKey key, TValue value) [0x00000] in <c5eeda5e65d44b388e164c6c5cfe0702>:0 
  at System.Linq.Enumerable.ToDictionary[TSource,TKey,TElement] (TSource[] source, System.Func`2[T,TResult] keySelector, System.Func`2[T,TResult] elementSelector, System.Collections.Generic.IEqualityComparer`1[T] comparer) [0x00029] in <8203c5af529241e2a5cc4b3c5a3dc69a>:0 
  at System.Linq.Enumerable.ToDictionary[TSource,TKey,TElement] (System.Collections.Generic.IEnumerable`1[T] source, System.Func`2[T,TResult] keySelector, System.Func`2[T,TResult] elementSelector, System.Collections.Generic.IEqualityComparer`1[T] comparer) [0x00051] in <8203c5af529241e2a5cc4b3c5a3dc69a>:0 
  at System.Linq.Enumerable.ToDictionary[TSource,TKey,TElement] (System.Collections.Generic.IEnumerable`1[T] source, System.Func`2[T,TResult] keySelector, System.Func`2[T,TResult] elementSelector) [0x00000] in <8203c5af529241e2a5cc4b3c5a3dc69a>:0 
  at UnityEditor.Scripting.ScriptCompilation.AssemblyGraphBuilder.Initialize (System.Collections.Generic.IReadOnlyCollection`1[T] assemblies, System.Collections.Generic.IReadOnlyCollection`1[T] customScriptAssemblyReferences) [0x00046] in /Users/bokken/build/output/unity/unity/Editor/Mono/Scripting/ScriptCompilation/AssemblyGraphBuilder.cs:85 
  at UnityEditor.Scripting.ScriptCompilation.AssemblyGraphBuilderFactory.GetOrCreate (System.String projectPath, System.Collections.Generic.IReadOnlyCollection`1[T] assemblies, System.Collections.Generic.IReadOnlyCollection`1[T] customScriptAssemblyReferences) [0x00038] in /Users/bokken/build/output/unity/unity/Editor/Mono/Scripting/ScriptCompilation/AssemblyGraphBuilderFactory.cs:54 
  at UnityEditor.Scripting.ScriptCompilation.EditorCompilation.GetAssemblyGraphBuilder () [0x00001] in /Users/bokken/build/output/unity/unity/Editor/Mono/Scripting/ScriptCompilation/EditorCompilation.cs:170 
  at UnityEditor.Scripting.ScriptCompilation.EditorCompilation.SetAllScripts (System.String[] allScripts) [0x0000d] in /Users/bokken/build/output/unity/unity/Editor/Mono/Scripting/ScriptCompilation/EditorCompilation.cs:178 
  at UnityEditor.Scripting.ScriptCompilation.EditorCompilationInterface.SetAllScripts (System.String[] allScripts) [0x00001] in /Users/bokken/build/output/unity/unity/Editor/Mono/Scripting/ScriptCompilation/EditorCompilationInterface.cs:79 

(Filename: /Users/bokken/build/output/unity/unity/Editor/Mono/Scripting/ScriptCompilation/AssemblyGraphBuilder.cs Line: 85)

Refreshing native plugins compatible for Editor in 2.69 ms, found 1 plugins.
[Package Manager] Failed to launch server process. Reason: Unity was launched with the -noUpm command-line argument
[Package Manager] Unable to send message (not connected to server process).
[Package Manager] Cannot connect to Unity Package Manager local server
ScheduleIndexationOnStartup MainProcess:False IndexOnStartup:True
Mono: successfully reloaded assembly
- Finished resetting the current domain, in  0.958 seconds
Domain Reload Profiling: 1481ms
	BeginReloadAssembly (120ms)
		ExecutionOrderSort (0ms)
		DisableScriptedObjects (3ms)
		BackupInstance (0ms)
		ReleaseScriptingObjects (0ms)
		CreateAndSetChildDomain (41ms)
	RebuildCommonClasses (28ms)
	RebuildNativeTypeToScriptingClass (11ms)
	initialDomainReloadingComplete (16ms)
	LoadAllAssembliesAndSetupDomain (348ms)
		LoadAssemblies (244ms)
		RebuildTransferFunctionScriptingTraits (0ms)
		AnalyzeDomain (137ms)
			TypeCache.Refresh (11ms)
				TypeCache.ScanAssembly (1ms)
			BuildScriptInfoCaches (119ms)
			ResolveRequiredComponents (4ms)
	FinalizeReload (959ms)
		ReleaseScriptCaches (0ms)
		RebuildScriptCaches (0ms)
		SetupLoadedEditorAssemblies (856ms)
			LogAssemblyErrors (0ms)
			InitializePlatformSupportModulesInManaged (22ms)
			SetLoadedEditorAssemblies (4ms)
			BeforeProcessingInitializeOnLoad (111ms)
			ProcessInitializeOnLoadAttributes (665ms)
			ProcessInitializeOnLoadMethodAttributes (53ms)
			AfterProcessingInitializeOnLoad (1ms)
			EditorAssembliesLoaded (0ms)
		ExecutionOrderSort2 (0ms)
		AwakeInstancesAfterBackupRestoration (3ms)
Refreshing native plugins compatible for Editor in 2.67 ms, found 1 plugins.
Preloading 0 native plugins for Editor in 0.00 ms.
Unloading 29 Unused Serialized files (Serialized files now loaded: 0)
Unloading 6234 unused Assets / (4.4 MB). Loaded Objects now: 6995.
Memory consumption went from 142.5 MB to 138.1 MB.
Total: 19.973292 ms (FindLiveObjects: 0.293125 ms CreateObjectMapping: 0.160792 ms MarkObjects: 18.258334 ms  DeleteObjects: 1.260792 ms)

Prepare: number of updated asset objects reloaded= 0
========================================================================
Received Prepare
[Licensing::Client] Successfully resolved entitlement details
Folder 'Packages/com.unity.purchasing/Runtime/Apple/' contains multiple assembly definition files (Packages/com.unity.purchasing/Runtime/Apple/UnityEngine.Purchasing.Apple.asmdef)
Folder 'Packages/com.unity.purchasing/Runtime/Apple/' contains multiple assembly definition files (Packages/com.unity.purchasing/Runtime/Apple/Unity.Purchasing.Apple.asmdef)
Folder 'Packages/com.unity.purchasing/Runtime/SecurityStub/' contains multiple assembly definition files (Packages/com.unity.purchasing/Runtime/SecurityStub/UnityEngine.Purchasing.SecurityStub.asmdef)
Folder 'Packages/com.unity.purchasing/Runtime/SecurityStub/' contains multiple assembly definition files (Packages/com.unity.purchasing/Runtime/SecurityStub/Unity.Purchasing.SecurityStub.asmdef)
Folder 'Packages/com.unity.purchasing/Runtime/Security/' contains multiple assembly definition files (Packages/com.unity.purchasing/Runtime/Security/Unity.Purchasing.Security.asmdef)
Folder 'Packages/com.unity.purchasing/Runtime/Security/' contains multiple assembly definition files (Packages/com.unity.purchasing/Runtime/Security/UnityEngine.Purchasing.Security.asmdef)
Folder 'Packages/com.unity.purchasing/Runtime/Stores/' contains multiple assembly definition files (Packages/com.unity.purchasing/Runtime/Stores/UnityEngine.Purchasing.Stores.asmdef)
Folder 'Packages/com.unity.purchasing/Runtime/Stores/' contains multiple assembly definition files (Packages/com.unity.purchasing/Runtime/Stores/Unity.Purchasing.Stores.asmdef)
Folder 'Packages/com.unity.purchasing/Runtime/SecurityCore/' contains multiple assembly definition files (Packages/com.unity.purchasing/Runtime/SecurityCore/Unity.Purchasing.SecurityCore.asmdef)
Folder 'Packages/com.unity.purchasing/Runtime/SecurityCore/' contains multiple assembly definition files (Packages/com.unity.purchasing/Runtime/SecurityCore/UnityEngine.Purchasing.SecurityCore.asmdef)
Folder 'Packages/com.unity.purchasing/Runtime/Purchasing/' contains multiple assembly definition files (Packages/com.unity.purchasing/Runtime/Purchasing/UnityEngine.Purchasing.asmdef)
Folder 'Packages/com.unity.purchasing/Runtime/Purchasing/' contains multiple assembly definition files (Packages/com.unity.purchasing/Runtime/Purchasing/Unity.Purchasing.asmdef)
Folder 'Packages/com.unity.purchasing/Runtime/AppleMacosStub/' contains multiple assembly definition files (Packages/com.unity.purchasing/Runtime/AppleMacosStub/UnityEngine.Purchasing.AppleMacosStub.asmdef)
Folder 'Packages/com.unity.purchasing/Runtime/AppleMacosStub/' contains multiple assembly definition files (Packages/com.unity.purchasing/Runtime/AppleMacosStub/Unity.Purchasing.AppleMacosStub.asmdef)
Folder 'Packages/com.unity.purchasing/Runtime/AppleStub/' contains multiple assembly definition files (Packages/com.unity.purchasing/Runtime/AppleStub/Unity.Purchasing.AppleStub.asmdef)
Folder 'Packages/com.unity.purchasing/Runtime/AppleStub/' contains multiple assembly definition files (Packages/com.unity.purchasing/Runtime/AppleStub/UnityEngine.Purchasing.AppleStub.asmdef)
Folder 'Packages/com.unity.purchasing/Runtime/AppleMacos/' contains multiple assembly definition files (Packages/com.unity.purchasing/Runtime/AppleMacos/UnityEngine.Purchasing.AppleMacos.asmdef)
Folder 'Packages/com.unity.purchasing/Runtime/AppleMacos/' contains multiple assembly definition files (Packages/com.unity.purchasing/Runtime/AppleMacos/Unity.Purchasing.AppleMacos.asmdef)
Folder 'Packages/com.unity.purchasing/Runtime/Codeless/' contains multiple assembly definition files (Packages/com.unity.purchasing/Runtime/Codeless/Unity.Purchasing.Codeless.asmdef)
Folder 'Packages/com.unity.purchasing/Runtime/Codeless/' contains multiple assembly definition files (Packages/com.unity.purchasing/Runtime/Codeless/UnityEngine.Purchasing.Codeless.asmdef)
ArgumentException: An item with the same key has already been added. Key: 400f2260dd8d285419d1db99999109aa
  at System.Collections.Generic.Dictionary`2[TKey,TValue].TryInsert (TKey key, TValue value, System.Collections.Generic.InsertionBehavior behavior) [0x0015a] in <c5eeda5e65d44b388e164c6c5cfe0702>:0 
  at System.Collections.Generic.Dictionary`2[TKey,TValue].Add (TKey key, TValue value) [0x00000] in <c5eeda5e65d44b388e164c6c5cfe0702>:0 
  at System.Linq.Enumerable.ToDictionary[TSource,TKey,TElement] (TSource[] source, System.Func`2[T,TResult] keySelector, System.Func`2[T,TResult] elementSelector, System.Collections.Generic.IEqualityComparer`1[T] comparer) [0x00029] in <8203c5af529241e2a5cc4b3c5a3dc69a>:0 
  at System.Linq.Enumerable.ToDictionary[TSource,TKey,TElement] (System.Collections.Generic.IEnumerable`1[T] source, System.Func`2[T,TResult] keySelector, System.Func`2[T,TResult] elementSelector, System.Collections.Generic.IEqualityComparer`1[T] comparer) [0x00051] in <8203c5af529241e2a5cc4b3c5a3dc69a>:0 
  at System.Linq.Enumerable.ToDictionary[TSource,TKey,TElement] (System.Collections.Generic.IEnumerable`1[T] source, System.Func`2[T,TResult] keySelector, System.Func`2[T,TResult] elementSelector) [0x00000] in <8203c5af529241e2a5cc4b3c5a3dc69a>:0 
  at UnityEditor.Scripting.ScriptCompilation.AssemblyGraphBuilder.Initialize (System.Collections.Generic.IReadOnlyCollection`1[T] assemblies, System.Collections.Generic.IReadOnlyCollection`1[T] customScriptAssemblyReferences) [0x00046] in /Users/bokken/build/output/unity/unity/Editor/Mono/Scripting/ScriptCompilation/AssemblyGraphBuilder.cs:85 
  at UnityEditor.Scripting.ScriptCompilation.AssemblyGraphBuilderFactory.GetOrCreate (System.String projectPath, System.Collections.Generic.IReadOnlyCollection`1[T] assemblies, System.Collections.Generic.IReadOnlyCollection`1[T] customScriptAssemblyReferences) [0x00038] in /Users/bokken/build/output/unity/unity/Editor/Mono/Scripting/ScriptCompilation/AssemblyGraphBuilderFactory.cs:54 
  at UnityEditor.Scripting.ScriptCompilation.EditorCompilation.GetAssemblyGraphBuilder () [0x00001] in /Users/bokken/build/output/unity/unity/Editor/Mono/Scripting/ScriptCompilation/EditorCompilation.cs:170 
  at UnityEditor.Scripting.ScriptCompilation.EditorCompilation.SetAllScripts (System.String[] allScripts) [0x0000d] in /Users/bokken/build/output/unity/unity/Editor/Mono/Scripting/ScriptCompilation/EditorCompilation.cs:178 
  at UnityEditor.Scripting.ScriptCompilation.EditorCompilationInterface.SetAllScripts (System.String[] allScripts) [0x00001] in /Users/bokken/build/output/unity/unity/Editor/Mono/Scripting/ScriptCompilation/EditorCompilationInterface.cs:79 

(Filename: /Users/bokken/build/output/unity/unity/Editor/Mono/Scripting/ScriptCompilation/AssemblyGraphBuilder.cs Line: 85)

Folder 'Packages/com.unity.purchasing/Runtime/Apple/' contains multiple assembly definition files (Packages/com.unity.purchasing/Runtime/Apple/UnityEngine.Purchasing.Apple.asmdef)
Folder 'Packages/com.unity.purchasing/Runtime/Apple/' contains multiple assembly definition files (Packages/com.unity.purchasing/Runtime/Apple/Unity.Purchasing.Apple.asmdef)
Folder 'Packages/com.unity.purchasing/Runtime/SecurityStub/' contains multiple assembly definition files (Packages/com.unity.purchasing/Runtime/SecurityStub/UnityEngine.Purchasing.SecurityStub.asmdef)
Folder 'Packages/com.unity.purchasing/Runtime/SecurityStub/' contains multiple assembly definition files (Packages/com.unity.purchasing/Runtime/SecurityStub/Unity.Purchasing.SecurityStub.asmdef)
Folder 'Packages/com.unity.purchasing/Runtime/Security/' contains multiple assembly definition files (Packages/com.unity.purchasing/Runtime/Security/Unity.Purchasing.Security.asmdef)
Folder 'Packages/com.unity.purchasing/Runtime/Security/' contains multiple assembly definition files (Packages/com.unity.purchasing/Runtime/Security/UnityEngine.Purchasing.Security.asmdef)
Folder 'Packages/com.unity.purchasing/Runtime/Stores/' contains multiple assembly definition files (Packages/com.unity.purchasing/Runtime/Stores/UnityEngine.Purchasing.Stores.asmdef)
Folder 'Packages/com.unity.purchasing/Runtime/Stores/' contains multiple assembly definition files (Packages/com.unity.purchasing/Runtime/Stores/Unity.Purchasing.Stores.asmdef)
Folder 'Packages/com.unity.purchasing/Runtime/SecurityCore/' contains multiple assembly definition files (Packages/com.unity.purchasing/Runtime/SecurityCore/Unity.Purchasing.SecurityCore.asmdef)
Folder 'Packages/com.unity.purchasing/Runtime/SecurityCore/' contains multiple assembly definition files (Packages/com.unity.purchasing/Runtime/SecurityCore/UnityEngine.Purchasing.SecurityCore.asmdef)
Folder 'Packages/com.unity.purchasing/Runtime/Purchasing/' contains multiple assembly definition files (Packages/com.unity.purchasing/Runtime/Purchasing/UnityEngine.Purchasing.asmdef)
Folder 'Packages/com.unity.purchasing/Runtime/Purchasing/' contains multiple assembly definition files (Packages/com.unity.purchasing/Runtime/Purchasing/Unity.Purchasing.asmdef)
Folder 'Packages/com.unity.purchasing/Runtime/AppleMacosStub/' contains multiple assembly definition files (Packages/com.unity.purchasing/Runtime/AppleMacosStub/UnityEngine.Purchasing.AppleMacosStub.asmdef)
Folder 'Packages/com.unity.purchasing/Runtime/AppleMacosStub/' contains multiple assembly definition files (Packages/com.unity.purchasing/Runtime/AppleMacosStub/Unity.Purchasing.AppleMacosStub.asmdef)
Folder 'Packages/com.unity.purchasing/Runtime/AppleStub/' contains multiple assembly definition files (Packages/com.unity.purchasing/Runtime/AppleStub/Unity.Purchasing.AppleStub.asmdef)
Folder 'Packages/com.unity.purchasing/Runtime/AppleStub/' contains multiple assembly definition files (Packages/com.unity.purchasing/Runtime/AppleStub/UnityEngine.Purchasing.AppleStub.asmdef)
Folder 'Packages/com.unity.purchasing/Runtime/AppleMacos/' contains multiple assembly definition files (Packages/com.unity.purchasing/Runtime/AppleMacos/UnityEngine.Purchasing.AppleMacos.asmdef)
Folder 'Packages/com.unity.purchasing/Runtime/AppleMacos/' contains multiple assembly definition files (Packages/com.unity.purchasing/Runtime/AppleMacos/Unity.Purchasing.AppleMacos.asmdef)
Folder 'Packages/com.unity.purchasing/Runtime/Codeless/' contains multiple assembly definition files (Packages/com.unity.purchasing/Runtime/Codeless/Unity.Purchasing.Codeless.asmdef)
Folder 'Packages/com.unity.purchasing/Runtime/Codeless/' contains multiple assembly definition files (Packages/com.unity.purchasing/Runtime/Codeless/UnityEngine.Purchasing.Codeless.asmdef)
ArgumentException: An item with the same key has already been added. Key: 400f2260dd8d285419d1db99999109aa
  at System.Collections.Generic.Dictionary`2[TKey,TValue].TryInsert (TKey key, TValue value, System.Collections.Generic.InsertionBehavior behavior) [0x0015a] in <c5eeda5e65d44b388e164c6c5cfe0702>:0 
  at System.Collections.Generic.Dictionary`2[TKey,TValue].Add (TKey key, TValue value) [0x00000] in <c5eeda5e65d44b388e164c6c5cfe0702>:0 
  at System.Linq.Enumerable.ToDictionary[TSource,TKey,TElement] (TSource[] source, System.Func`2[T,TResult] keySelector, System.Func`2[T,TResult] elementSelector, System.Collections.Generic.IEqualityComparer`1[T] comparer) [0x00029] in <8203c5af529241e2a5cc4b3c5a3dc69a>:0 
  at System.Linq.Enumerable.ToDictionary[TSource,TKey,TElement] (System.Collections.Generic.IEnumerable`1[T] source, System.Func`2[T,TResult] keySelector, System.Func`2[T,TResult] elementSelector, System.Collections.Generic.IEqualityComparer`1[T] comparer) [0x00051] in <8203c5af529241e2a5cc4b3c5a3dc69a>:0 
  at System.Linq.Enumerable.ToDictionary[TSource,TKey,TElement] (System.Collections.Generic.IEnumerable`1[T] source, System.Func`2[T,TResult] keySelector, System.Func`2[T,TResult] elementSelector) [0x00000] in <8203c5af529241e2a5cc4b3c5a3dc69a>:0 
  at UnityEditor.Scripting.ScriptCompilation.AssemblyGraphBuilder.Initialize (System.Collections.Generic.IReadOnlyCollection`1[T] assemblies, System.Collections.Generic.IReadOnlyCollection`1[T] customScriptAssemblyReferences) [0x00046] in /Users/bokken/build/output/unity/unity/Editor/Mono/Scripting/ScriptCompilation/AssemblyGraphBuilder.cs:85 
  at UnityEditor.Scripting.ScriptCompilation.AssemblyGraphBuilderFactory.GetOrCreate (System.String projectPath, System.Collections.Generic.IReadOnlyCollection`1[T] assemblies, System.Collections.Generic.IReadOnlyCollection`1[T] customScriptAssemblyReferences) [0x00038] in /Users/bokken/build/output/unity/unity/Editor/Mono/Scripting/ScriptCompilation/AssemblyGraphBuilderFactory.cs:54 
  at UnityEditor.Scripting.ScriptCompilation.EditorCompilation.GetAssemblyGraphBuilder () [0x00001] in /Users/bokken/build/output/unity/unity/Editor/Mono/Scripting/ScriptCompilation/EditorCompilation.cs:170 
  at UnityEditor.Scripting.ScriptCompilation.EditorCompilation.SetAllScripts (System.String[] allScripts) [0x0000d] in /Users/bokken/build/output/unity/unity/Editor/Mono/Scripting/ScriptCompilation/EditorCompilation.cs:178 
  at UnityEditor.Scripting.ScriptCompilation.EditorCompilationInterface.SetAllScripts (System.String[] allScripts) [0x00001] in /Users/bokken/build/output/unity/unity/Editor/Mono/Scripting/ScriptCompilation/EditorCompilationInterface.cs:79 

(Filename: /Users/bokken/build/output/unity/unity/Editor/Mono/Scripting/ScriptCompilation/AssemblyGraphBuilder.cs Line: 85)

Begin MonoManager ReloadAssembly
[Licensing::Client] Successfully resolved entitlement details
Thread 0x16b97b000 may have been prematurely finalized
Symbol file LoadedFromMemory is not a mono symbol file
- Loaded All Assemblies, in  0.493 seconds
Folder 'Packages/com.unity.purchasing/Runtime/Apple/' contains multiple assembly definition files (Packages/com.unity.purchasing/Runtime/Apple/UnityEngine.Purchasing.Apple.asmdef)
Folder 'Packages/com.unity.purchasing/Runtime/Apple/' contains multiple assembly definition files (Packages/com.unity.purchasing/Runtime/Apple/Unity.Purchasing.Apple.asmdef)
Folder 'Packages/com.unity.purchasing/Runtime/SecurityStub/' contains multiple assembly definition files (Packages/com.unity.purchasing/Runtime/SecurityStub/UnityEngine.Purchasing.SecurityStub.asmdef)
Folder 'Packages/com.unity.purchasing/Runtime/SecurityStub/' contains multiple assembly definition files (Packages/com.unity.purchasing/Runtime/SecurityStub/Unity.Purchasing.SecurityStub.asmdef)
Folder 'Packages/com.unity.purchasing/Runtime/Security/' contains multiple assembly definition files (Packages/com.unity.purchasing/Runtime/Security/Unity.Purchasing.Security.asmdef)
Folder 'Packages/com.unity.purchasing/Runtime/Security/' contains multiple assembly definition files (Packages/com.unity.purchasing/Runtime/Security/UnityEngine.Purchasing.Security.asmdef)
Folder 'Packages/com.unity.purchasing/Runtime/Stores/' contains multiple assembly definition files (Packages/com.unity.purchasing/Runtime/Stores/UnityEngine.Purchasing.Stores.asmdef)
Folder 'Packages/com.unity.purchasing/Runtime/Stores/' contains multiple assembly definition files (Packages/com.unity.purchasing/Runtime/Stores/Unity.Purchasing.Stores.asmdef)
Folder 'Packages/com.unity.purchasing/Runtime/SecurityCore/' contains multiple assembly definition files (Packages/com.unity.purchasing/Runtime/SecurityCore/Unity.Purchasing.SecurityCore.asmdef)
Folder 'Packages/com.unity.purchasing/Runtime/SecurityCore/' contains multiple assembly definition files (Packages/com.unity.purchasing/Runtime/SecurityCore/UnityEngine.Purchasing.SecurityCore.asmdef)
Folder 'Packages/com.unity.purchasing/Runtime/Purchasing/' contains multiple assembly definition files (Packages/com.unity.purchasing/Runtime/Purchasing/UnityEngine.Purchasing.asmdef)
Folder 'Packages/com.unity.purchasing/Runtime/Purchasing/' contains multiple assembly definition files (Packages/com.unity.purchasing/Runtime/Purchasing/Unity.Purchasing.asmdef)
Folder 'Packages/com.unity.purchasing/Runtime/AppleMacosStub/' contains multiple assembly definition files (Packages/com.unity.purchasing/Runtime/AppleMacosStub/UnityEngine.Purchasing.AppleMacosStub.asmdef)
Folder 'Packages/com.unity.purchasing/Runtime/AppleMacosStub/' contains multiple assembly definition files (Packages/com.unity.purchasing/Runtime/AppleMacosStub/Unity.Purchasing.AppleMacosStub.asmdef)
Folder 'Packages/com.unity.purchasing/Runtime/AppleStub/' contains multiple assembly definition files (Packages/com.unity.purchasing/Runtime/AppleStub/Unity.Purchasing.AppleStub.asmdef)
Folder 'Packages/com.unity.purchasing/Runtime/AppleStub/' contains multiple assembly definition files (Packages/com.unity.purchasing/Runtime/AppleStub/UnityEngine.Purchasing.AppleStub.asmdef)
Folder 'Packages/com.unity.purchasing/Runtime/AppleMacos/' contains multiple assembly definition files (Packages/com.unity.purchasing/Runtime/AppleMacos/UnityEngine.Purchasing.AppleMacos.asmdef)
Folder 'Packages/com.unity.purchasing/Runtime/AppleMacos/' contains multiple assembly definition files (Packages/com.unity.purchasing/Runtime/AppleMacos/Unity.Purchasing.AppleMacos.asmdef)
Folder 'Packages/com.unity.purchasing/Runtime/Codeless/' contains multiple assembly definition files (Packages/com.unity.purchasing/Runtime/Codeless/Unity.Purchasing.Codeless.asmdef)
Folder 'Packages/com.unity.purchasing/Runtime/Codeless/' contains multiple assembly definition files (Packages/com.unity.purchasing/Runtime/Codeless/UnityEngine.Purchasing.Codeless.asmdef)
ArgumentException: An item with the same key has already been added. Key: 400f2260dd8d285419d1db99999109aa
  at System.Collections.Generic.Dictionary`2[TKey,TValue].TryInsert (TKey key, TValue value, System.Collections.Generic.InsertionBehavior behavior) [0x0015a] in <c5eeda5e65d44b388e164c6c5cfe0702>:0 
  at System.Collections.Generic.Dictionary`2[TKey,TValue].Add (TKey key, TValue value) [0x00000] in <c5eeda5e65d44b388e164c6c5cfe0702>:0 
  at System.Linq.Enumerable.ToDictionary[TSource,TKey,TElement] (TSource[] source, System.Func`2[T,TResult] keySelector, System.Func`2[T,TResult] elementSelector, System.Collections.Generic.IEqualityComparer`1[T] comparer) [0x00029] in <8203c5af529241e2a5cc4b3c5a3dc69a>:0 
  at System.Linq.Enumerable.ToDictionary[TSource,TKey,TElement] (System.Collections.Generic.IEnumerable`1[T] source, System.Func`2[T,TResult] keySelector, System.Func`2[T,TResult] elementSelector, System.Collections.Generic.IEqualityComparer`1[T] comparer) [0x00051] in <8203c5af529241e2a5cc4b3c5a3dc69a>:0 
  at System.Linq.Enumerable.ToDictionary[TSource,TKey,TElement] (System.Collections.Generic.IEnumerable`1[T] source, System.Func`2[T,TResult] keySelector, System.Func`2[T,TResult] elementSelector) [0x00000] in <8203c5af529241e2a5cc4b3c5a3dc69a>:0 
  at UnityEditor.Scripting.ScriptCompilation.AssemblyGraphBuilder.Initialize (System.Collections.Generic.IReadOnlyCollection`1[T] assemblies, System.Collections.Generic.IReadOnlyCollection`1[T] customScriptAssemblyReferences) [0x00046] in /Users/bokken/build/output/unity/unity/Editor/Mono/Scripting/ScriptCompilation/AssemblyGraphBuilder.cs:85 
  at UnityEditor.Scripting.ScriptCompilation.AssemblyGraphBuilderFactory.GetOrCreate (System.String projectPath, System.Collections.Generic.IReadOnlyCollection`1[T] assemblies, System.Collections.Generic.IReadOnlyCollection`1[T] customScriptAssemblyReferences) [0x00038] in /Users/bokken/build/output/unity/unity/Editor/Mono/Scripting/ScriptCompilation/AssemblyGraphBuilderFactory.cs:54 
  at UnityEditor.Scripting.ScriptCompilation.EditorCompilation.GetAssemblyGraphBuilder () [0x00001] in /Users/bokken/build/output/unity/unity/Editor/Mono/Scripting/ScriptCompilation/EditorCompilation.cs:170 
  at UnityEditor.Scripting.ScriptCompilation.EditorCompilation.SetAllScripts (System.String[] allScripts) [0x0000d] in /Users/bokken/build/output/unity/unity/Editor/Mono/Scripting/ScriptCompilation/EditorCompilation.cs:178 
  at UnityEditor.Scripting.ScriptCompilation.EditorCompilationInterface.SetAllScripts (System.String[] allScripts) [0x00001] in /Users/bokken/build/output/unity/unity/Editor/Mono/Scripting/ScriptCompilation/EditorCompilationInterface.cs:79 

(Filename: /Users/bokken/build/output/unity/unity/Editor/Mono/Scripting/ScriptCompilation/AssemblyGraphBuilder.cs Line: 85)

Refreshing native plugins compatible for Editor in 3.76 ms, found 1 plugins.
Native extension for iOS target not found
Native extension for Android target not found
Native extension for OSXStandalone target not found
Native extension for WebGL target not found
Folder 'Packages/com.unity.purchasing/Runtime/Apple/' contains multiple assembly definition files (Packages/com.unity.purchasing/Runtime/Apple/UnityEngine.Purchasing.Apple.asmdef)
Folder 'Packages/com.unity.purchasing/Runtime/Apple/' contains multiple assembly definition files (Packages/com.unity.purchasing/Runtime/Apple/Unity.Purchasing.Apple.asmdef)
Folder 'Packages/com.unity.purchasing/Runtime/SecurityStub/' contains multiple assembly definition files (Packages/com.unity.purchasing/Runtime/SecurityStub/UnityEngine.Purchasing.SecurityStub.asmdef)
Folder 'Packages/com.unity.purchasing/Runtime/SecurityStub/' contains multiple assembly definition files (Packages/com.unity.purchasing/Runtime/SecurityStub/Unity.Purchasing.SecurityStub.asmdef)
Folder 'Packages/com.unity.purchasing/Runtime/Security/' contains multiple assembly definition files (Packages/com.unity.purchasing/Runtime/Security/Unity.Purchasing.Security.asmdef)
Folder 'Packages/com.unity.purchasing/Runtime/Security/' contains multiple assembly definition files (Packages/com.unity.purchasing/Runtime/Security/UnityEngine.Purchasing.Security.asmdef)
Folder 'Packages/com.unity.purchasing/Runtime/Stores/' contains multiple assembly definition files (Packages/com.unity.purchasing/Runtime/Stores/UnityEngine.Purchasing.Stores.asmdef)
Folder 'Packages/com.unity.purchasing/Runtime/Stores/' contains multiple assembly definition files (Packages/com.unity.purchasing/Runtime/Stores/Unity.Purchasing.Stores.asmdef)
Folder 'Packages/com.unity.purchasing/Runtime/SecurityCore/' contains multiple assembly definition files (Packages/com.unity.purchasing/Runtime/SecurityCore/Unity.Purchasing.SecurityCore.asmdef)
Folder 'Packages/com.unity.purchasing/Runtime/SecurityCore/' contains multiple assembly definition files (Packages/com.unity.purchasing/Runtime/SecurityCore/UnityEngine.Purchasing.SecurityCore.asmdef)
Folder 'Packages/com.unity.purchasing/Runtime/Purchasing/' contains multiple assembly definition files (Packages/com.unity.purchasing/Runtime/Purchasing/UnityEngine.Purchasing.asmdef)
Folder 'Packages/com.unity.purchasing/Runtime/Purchasing/' contains multiple assembly definition files (Packages/com.unity.purchasing/Runtime/Purchasing/Unity.Purchasing.asmdef)
Folder 'Packages/com.unity.purchasing/Runtime/AppleMacosStub/' contains multiple assembly definition files (Packages/com.unity.purchasing/Runtime/AppleMacosStub/UnityEngine.Purchasing.AppleMacosStub.asmdef)
Folder 'Packages/com.unity.purchasing/Runtime/AppleMacosStub/' contains multiple assembly definition files (Packages/com.unity.purchasing/Runtime/AppleMacosStub/Unity.Purchasing.AppleMacosStub.asmdef)
Folder 'Packages/com.unity.purchasing/Runtime/AppleStub/' contains multiple assembly definition files (Packages/com.unity.purchasing/Runtime/AppleStub/Unity.Purchasing.AppleStub.asmdef)
Folder 'Packages/com.unity.purchasing/Runtime/AppleStub/' contains multiple assembly definition files (Packages/com.unity.purchasing/Runtime/AppleStub/UnityEngine.Purchasing.AppleStub.asmdef)
Folder 'Packages/com.unity.purchasing/Runtime/AppleMacos/' contains multiple assembly definition files (Packages/com.unity.purchasing/Runtime/AppleMacos/UnityEngine.Purchasing.AppleMacos.asmdef)
Folder 'Packages/com.unity.purchasing/Runtime/AppleMacos/' contains multiple assembly definition files (Packages/com.unity.purchasing/Runtime/AppleMacos/Unity.Purchasing.AppleMacos.asmdef)
Folder 'Packages/com.unity.purchasing/Runtime/Codeless/' contains multiple assembly definition files (Packages/com.unity.purchasing/Runtime/Codeless/Unity.Purchasing.Codeless.asmdef)
Folder 'Packages/com.unity.purchasing/Runtime/Codeless/' contains multiple assembly definition files (Packages/com.unity.purchasing/Runtime/Codeless/UnityEngine.Purchasing.Codeless.asmdef)
ArgumentException: An item with the same key has already been added. Key: 400f2260dd8d285419d1db99999109aa
  at System.Collections.Generic.Dictionary`2[TKey,TValue].TryInsert (TKey key, TValue value, System.Collections.Generic.InsertionBehavior behavior) [0x0015a] in <c5eeda5e65d44b388e164c6c5cfe0702>:0 
  at System.Collections.Generic.Dictionary`2[TKey,TValue].Add (TKey key, TValue value) [0x00000] in <c5eeda5e65d44b388e164c6c5cfe0702>:0 
  at System.Linq.Enumerable.ToDictionary[TSource,TKey,TElement] (TSource[] source, System.Func`2[T,TResult] keySelector, System.Func`2[T,TResult] elementSelector, System.Collections.Generic.IEqualityComparer`1[T] comparer) [0x00029] in <8203c5af529241e2a5cc4b3c5a3dc69a>:0 
  at System.Linq.Enumerable.ToDictionary[TSource,TKey,TElement] (System.Collections.Generic.IEnumerable`1[T] source, System.Func`2[T,TResult] keySelector, System.Func`2[T,TResult] elementSelector, System.Collections.Generic.IEqualityComparer`1[T] comparer) [0x00051] in <8203c5af529241e2a5cc4b3c5a3dc69a>:0 
  at System.Linq.Enumerable.ToDictionary[TSource,TKey,TElement] (System.Collections.Generic.IEnumerable`1[T] source, System.Func`2[T,TResult] keySelector, System.Func`2[T,TResult] elementSelector) [0x00000] in <8203c5af529241e2a5cc4b3c5a3dc69a>:0 
  at UnityEditor.Scripting.ScriptCompilation.AssemblyGraphBuilder.Initialize (System.Collections.Generic.IReadOnlyCollection`1[T] assemblies, System.Collections.Generic.IReadOnlyCollection`1[T] customScriptAssemblyReferences) [0x00046] in /Users/bokken/build/output/unity/unity/Editor/Mono/Scripting/ScriptCompilation/AssemblyGraphBuilder.cs:85 
  at UnityEditor.Scripting.ScriptCompilation.AssemblyGraphBuilderFactory.GetOrCreate (System.String projectPath, System.Collections.Generic.IReadOnlyCollection`1[T] assemblies, System.Collections.Generic.IReadOnlyCollection`1[T] customScriptAssemblyReferences) [0x00038] in /Users/bokken/build/output/unity/unity/Editor/Mono/Scripting/ScriptCompilation/AssemblyGraphBuilderFactory.cs:54 
  at UnityEditor.Scripting.ScriptCompilation.EditorCompilation.GetAssemblyGraphBuilder () [0x00001] in /Users/bokken/build/output/unity/unity/Editor/Mono/Scripting/ScriptCompilation/EditorCompilation.cs:170 
  at UnityEditor.Scripting.ScriptCompilation.EditorCompilation.SetAllScripts (System.String[] allScripts) [0x0000d] in /Users/bokken/build/output/unity/unity/Editor/Mono/Scripting/ScriptCompilation/EditorCompilation.cs:178 
  at UnityEditor.Scripting.ScriptCompilation.EditorCompilationInterface.SetAllScripts (System.String[] allScripts) [0x00001] in /Users/bokken/build/output/unity/unity/Editor/Mono/Scripting/ScriptCompilation/EditorCompilationInterface.cs:79 

(Filename: /Users/bokken/build/output/unity/unity/Editor/Mono/Scripting/ScriptCompilation/AssemblyGraphBuilder.cs Line: 85)

Refreshing native plugins compatible for Editor in 3.11 ms, found 1 plugins.
[Package Manager] Failed to launch server process. Reason: Unity was launched with the -noUpm command-line argument
[Package Manager] Unable to send message (not connected to server process).
[Package Manager] Cannot connect to Unity Package Manager local server
ScheduleIndexationOnStartup MainProcess:False IndexOnStartup:True
Mono: successfully reloaded assembly
- Finished resetting the current domain, in  0.969 seconds
Domain Reload Profiling: 1465ms
	BeginReloadAssembly (109ms)
		ExecutionOrderSort (0ms)
		DisableScriptedObjects (3ms)
		BackupInstance (0ms)
		ReleaseScriptingObjects (0ms)
		CreateAndSetChildDomain (36ms)
	RebuildCommonClasses (27ms)
	RebuildNativeTypeToScriptingClass (11ms)
	initialDomainReloadingComplete (16ms)
	LoadAllAssembliesAndSetupDomain (333ms)
		LoadAssemblies (231ms)
		RebuildTransferFunctionScriptingTraits (0ms)
		AnalyzeDomain (132ms)
			TypeCache.Refresh (8ms)
				TypeCache.ScanAssembly (0ms)
			BuildScriptInfoCaches (116ms)
			ResolveRequiredComponents (3ms)
	FinalizeReload (969ms)
		ReleaseScriptCaches (0ms)
		RebuildScriptCaches (0ms)
		SetupLoadedEditorAssemblies (868ms)
			LogAssemblyErrors (0ms)
			InitializePlatformSupportModulesInManaged (13ms)
			SetLoadedEditorAssemblies (4ms)
			BeforeProcessingInitializeOnLoad (101ms)
			ProcessInitializeOnLoadAttributes (695ms)
			ProcessInitializeOnLoadMethodAttributes (54ms)
			AfterProcessingInitializeOnLoad (1ms)
			EditorAssembliesLoaded (0ms)
		ExecutionOrderSort2 (0ms)
		AwakeInstancesAfterBackupRestoration (3ms)
Refreshing native plugins compatible for Editor in 2.78 ms, found 1 plugins.
Preloading 0 native plugins for Editor in 0.00 ms.
Unloading 29 Unused Serialized files (Serialized files now loaded: 0)
Unloading 6234 unused Assets / (4.4 MB). Loaded Objects now: 7001.
Memory consumption went from 142.5 MB to 138.1 MB.
Total: 20.216208 ms (FindLiveObjects: 0.302333 ms CreateObjectMapping: 0.170334 ms MarkObjects: 18.377666 ms  DeleteObjects: 1.365291 ms)

Prepare: number of updated asset objects reloaded= 0
========================================================================
Received Prepare
Refreshing native plugins compatible for Editor in 2.72 ms, found 1 plugins.
Preloading 0 native plugins for Editor in 0.00 ms.
Unloading 29 Unused Serialized files (Serialized files now loaded: 0)
Unloading 6162 unused Assets / (4.2 MB). Loaded Objects now: 7001.
Memory consumption went from 125.2 MB to 121.0 MB.
Total: 20.208667 ms (FindLiveObjects: 0.289958 ms CreateObjectMapping: 0.160708 ms MarkObjects: 18.447208 ms  DeleteObjects: 1.310459 ms)

Prepare: number of updated asset objects reloaded= 0
========================================================================
Received Prepare
[Licensing::Client] Successfully resolved entitlement details
Folder 'Packages/com.unity.purchasing/Runtime/Apple/' contains multiple assembly definition files (Packages/com.unity.purchasing/Runtime/Apple/UnityEngine.Purchasing.Apple.asmdef)
Folder 'Packages/com.unity.purchasing/Runtime/Apple/' contains multiple assembly definition files (Packages/com.unity.purchasing/Runtime/Apple/Unity.Purchasing.Apple.asmdef)
Folder 'Packages/com.unity.purchasing/Runtime/SecurityStub/' contains multiple assembly definition files (Packages/com.unity.purchasing/Runtime/SecurityStub/UnityEngine.Purchasing.SecurityStub.asmdef)
Folder 'Packages/com.unity.purchasing/Runtime/SecurityStub/' contains multiple assembly definition files (Packages/com.unity.purchasing/Runtime/SecurityStub/Unity.Purchasing.SecurityStub.asmdef)
Folder 'Packages/com.unity.purchasing/Runtime/Security/' contains multiple assembly definition files (Packages/com.unity.purchasing/Runtime/Security/Unity.Purchasing.Security.asmdef)
Folder 'Packages/com.unity.purchasing/Runtime/Security/' contains multiple assembly definition files (Packages/com.unity.purchasing/Runtime/Security/UnityEngine.Purchasing.Security.asmdef)
Folder 'Packages/com.unity.purchasing/Runtime/Stores/' contains multiple assembly definition files (Packages/com.unity.purchasing/Runtime/Stores/UnityEngine.Purchasing.Stores.asmdef)
Folder 'Packages/com.unity.purchasing/Runtime/Stores/' contains multiple assembly definition files (Packages/com.unity.purchasing/Runtime/Stores/Unity.Purchasing.Stores.asmdef)
Folder 'Packages/com.unity.purchasing/Runtime/SecurityCore/' contains multiple assembly definition files (Packages/com.unity.purchasing/Runtime/SecurityCore/Unity.Purchasing.SecurityCore.asmdef)
Folder 'Packages/com.unity.purchasing/Runtime/SecurityCore/' contains multiple assembly definition files (Packages/com.unity.purchasing/Runtime/SecurityCore/UnityEngine.Purchasing.SecurityCore.asmdef)
Folder 'Packages/com.unity.purchasing/Runtime/Purchasing/' contains multiple assembly definition files (Packages/com.unity.purchasing/Runtime/Purchasing/UnityEngine.Purchasing.asmdef)
Folder 'Packages/com.unity.purchasing/Runtime/Purchasing/' contains multiple assembly definition files (Packages/com.unity.purchasing/Runtime/Purchasing/Unity.Purchasing.asmdef)
Folder 'Packages/com.unity.purchasing/Runtime/AppleMacosStub/' contains multiple assembly definition files (Packages/com.unity.purchasing/Runtime/AppleMacosStub/UnityEngine.Purchasing.AppleMacosStub.asmdef)
Folder 'Packages/com.unity.purchasing/Runtime/AppleMacosStub/' contains multiple assembly definition files (Packages/com.unity.purchasing/Runtime/AppleMacosStub/Unity.Purchasing.AppleMacosStub.asmdef)
Folder 'Packages/com.unity.purchasing/Runtime/AppleStub/' contains multiple assembly definition files (Packages/com.unity.purchasing/Runtime/AppleStub/Unity.Purchasing.AppleStub.asmdef)
Folder 'Packages/com.unity.purchasing/Runtime/AppleStub/' contains multiple assembly definition files (Packages/com.unity.purchasing/Runtime/AppleStub/UnityEngine.Purchasing.AppleStub.asmdef)
Folder 'Packages/com.unity.purchasing/Runtime/AppleMacos/' contains multiple assembly definition files (Packages/com.unity.purchasing/Runtime/AppleMacos/UnityEngine.Purchasing.AppleMacos.asmdef)
Folder 'Packages/com.unity.purchasing/Runtime/AppleMacos/' contains multiple assembly definition files (Packages/com.unity.purchasing/Runtime/AppleMacos/Unity.Purchasing.AppleMacos.asmdef)
Folder 'Packages/com.unity.purchasing/Runtime/Codeless/' contains multiple assembly definition files (Packages/com.unity.purchasing/Runtime/Codeless/Unity.Purchasing.Codeless.asmdef)
Folder 'Packages/com.unity.purchasing/Runtime/Codeless/' contains multiple assembly definition files (Packages/com.unity.purchasing/Runtime/Codeless/UnityEngine.Purchasing.Codeless.asmdef)
ArgumentException: An item with the same key has already been added. Key: 400f2260dd8d285419d1db99999109aa
  at System.Collections.Generic.Dictionary`2[TKey,TValue].TryInsert (TKey key, TValue value, System.Collections.Generic.InsertionBehavior behavior) [0x0015a] in <c5eeda5e65d44b388e164c6c5cfe0702>:0 
  at System.Collections.Generic.Dictionary`2[TKey,TValue].Add (TKey key, TValue value) [0x00000] in <c5eeda5e65d44b388e164c6c5cfe0702>:0 
  at System.Linq.Enumerable.ToDictionary[TSource,TKey,TElement] (TSource[] source, System.Func`2[T,TResult] keySelector, System.Func`2[T,TResult] elementSelector, System.Collections.Generic.IEqualityComparer`1[T] comparer) [0x00029] in <8203c5af529241e2a5cc4b3c5a3dc69a>:0 
  at System.Linq.Enumerable.ToDictionary[TSource,TKey,TElement] (System.Collections.Generic.IEnumerable`1[T] source, System.Func`2[T,TResult] keySelector, System.Func`2[T,TResult] elementSelector, System.Collections.Generic.IEqualityComparer`1[T] comparer) [0x00051] in <8203c5af529241e2a5cc4b3c5a3dc69a>:0 
  at System.Linq.Enumerable.ToDictionary[TSource,TKey,TElement] (System.Collections.Generic.IEnumerable`1[T] source, System.Func`2[T,TResult] keySelector, System.Func`2[T,TResult] elementSelector) [0x00000] in <8203c5af529241e2a5cc4b3c5a3dc69a>:0 
  at UnityEditor.Scripting.ScriptCompilation.AssemblyGraphBuilder.Initialize (System.Collections.Generic.IReadOnlyCollection`1[T] assemblies, System.Collections.Generic.IReadOnlyCollection`1[T] customScriptAssemblyReferences) [0x00046] in /Users/bokken/build/output/unity/unity/Editor/Mono/Scripting/ScriptCompilation/AssemblyGraphBuilder.cs:85 
  at UnityEditor.Scripting.ScriptCompilation.AssemblyGraphBuilderFactory.GetOrCreate (System.String projectPath, System.Collections.Generic.IReadOnlyCollection`1[T] assemblies, System.Collections.Generic.IReadOnlyCollection`1[T] customScriptAssemblyReferences) [0x00038] in /Users/bokken/build/output/unity/unity/Editor/Mono/Scripting/ScriptCompilation/AssemblyGraphBuilderFactory.cs:54 
  at UnityEditor.Scripting.ScriptCompilation.EditorCompilation.GetAssemblyGraphBuilder () [0x00001] in /Users/bokken/build/output/unity/unity/Editor/Mono/Scripting/ScriptCompilation/EditorCompilation.cs:170 
  at UnityEditor.Scripting.ScriptCompilation.EditorCompilation.SetAllScripts (System.String[] allScripts) [0x0000d] in /Users/bokken/build/output/unity/unity/Editor/Mono/Scripting/ScriptCompilation/EditorCompilation.cs:178 
  at UnityEditor.Scripting.ScriptCompilation.EditorCompilationInterface.SetAllScripts (System.String[] allScripts) [0x00001] in /Users/bokken/build/output/unity/unity/Editor/Mono/Scripting/ScriptCompilation/EditorCompilationInterface.cs:79 

(Filename: /Users/bokken/build/output/unity/unity/Editor/Mono/Scripting/ScriptCompilation/AssemblyGraphBuilder.cs Line: 85)

Folder 'Packages/com.unity.purchasing/Runtime/Apple/' contains multiple assembly definition files (Packages/com.unity.purchasing/Runtime/Apple/UnityEngine.Purchasing.Apple.asmdef)
Folder 'Packages/com.unity.purchasing/Runtime/Apple/' contains multiple assembly definition files (Packages/com.unity.purchasing/Runtime/Apple/Unity.Purchasing.Apple.asmdef)
Folder 'Packages/com.unity.purchasing/Runtime/SecurityStub/' contains multiple assembly definition files (Packages/com.unity.purchasing/Runtime/SecurityStub/UnityEngine.Purchasing.SecurityStub.asmdef)
Folder 'Packages/com.unity.purchasing/Runtime/SecurityStub/' contains multiple assembly definition files (Packages/com.unity.purchasing/Runtime/SecurityStub/Unity.Purchasing.SecurityStub.asmdef)
Folder 'Packages/com.unity.purchasing/Runtime/Security/' contains multiple assembly definition files (Packages/com.unity.purchasing/Runtime/Security/Unity.Purchasing.Security.asmdef)
Folder 'Packages/com.unity.purchasing/Runtime/Security/' contains multiple assembly definition files (Packages/com.unity.purchasing/Runtime/Security/UnityEngine.Purchasing.Security.asmdef)
Folder 'Packages/com.unity.purchasing/Runtime/Stores/' contains multiple assembly definition files (Packages/com.unity.purchasing/Runtime/Stores/UnityEngine.Purchasing.Stores.asmdef)
Folder 'Packages/com.unity.purchasing/Runtime/Stores/' contains multiple assembly definition files (Packages/com.unity.purchasing/Runtime/Stores/Unity.Purchasing.Stores.asmdef)
Folder 'Packages/com.unity.purchasing/Runtime/SecurityCore/' contains multiple assembly definition files (Packages/com.unity.purchasing/Runtime/SecurityCore/Unity.Purchasing.SecurityCore.asmdef)
Folder 'Packages/com.unity.purchasing/Runtime/SecurityCore/' contains multiple assembly definition files (Packages/com.unity.purchasing/Runtime/SecurityCore/UnityEngine.Purchasing.SecurityCore.asmdef)
Folder 'Packages/com.unity.purchasing/Runtime/Purchasing/' contains multiple assembly definition files (Packages/com.unity.purchasing/Runtime/Purchasing/UnityEngine.Purchasing.asmdef)
Folder 'Packages/com.unity.purchasing/Runtime/Purchasing/' contains multiple assembly definition files (Packages/com.unity.purchasing/Runtime/Purchasing/Unity.Purchasing.asmdef)
Folder 'Packages/com.unity.purchasing/Runtime/AppleMacosStub/' contains multiple assembly definition files (Packages/com.unity.purchasing/Runtime/AppleMacosStub/UnityEngine.Purchasing.AppleMacosStub.asmdef)
Folder 'Packages/com.unity.purchasing/Runtime/AppleMacosStub/' contains multiple assembly definition files (Packages/com.unity.purchasing/Runtime/AppleMacosStub/Unity.Purchasing.AppleMacosStub.asmdef)
Folder 'Packages/com.unity.purchasing/Runtime/AppleStub/' contains multiple assembly definition files (Packages/com.unity.purchasing/Runtime/AppleStub/Unity.Purchasing.AppleStub.asmdef)
Folder 'Packages/com.unity.purchasing/Runtime/AppleStub/' contains multiple assembly definition files (Packages/com.unity.purchasing/Runtime/AppleStub/UnityEngine.Purchasing.AppleStub.asmdef)
Folder 'Packages/com.unity.purchasing/Runtime/AppleMacos/' contains multiple assembly definition files (Packages/com.unity.purchasing/Runtime/AppleMacos/UnityEngine.Purchasing.AppleMacos.asmdef)
Folder 'Packages/com.unity.purchasing/Runtime/AppleMacos/' contains multiple assembly definition files (Packages/com.unity.purchasing/Runtime/AppleMacos/Unity.Purchasing.AppleMacos.asmdef)
Folder 'Packages/com.unity.purchasing/Runtime/Codeless/' contains multiple assembly definition files (Packages/com.unity.purchasing/Runtime/Codeless/Unity.Purchasing.Codeless.asmdef)
Folder 'Packages/com.unity.purchasing/Runtime/Codeless/' contains multiple assembly definition files (Packages/com.unity.purchasing/Runtime/Codeless/UnityEngine.Purchasing.Codeless.asmdef)
ArgumentException: An item with the same key has already been added. Key: 400f2260dd8d285419d1db99999109aa
  at System.Collections.Generic.Dictionary`2[TKey,TValue].TryInsert (TKey key, TValue value, System.Collections.Generic.InsertionBehavior behavior) [0x0015a] in <c5eeda5e65d44b388e164c6c5cfe0702>:0 
  at System.Collections.Generic.Dictionary`2[TKey,TValue].Add (TKey key, TValue value) [0x00000] in <c5eeda5e65d44b388e164c6c5cfe0702>:0 
  at System.Linq.Enumerable.ToDictionary[TSource,TKey,TElement] (TSource[] source, System.Func`2[T,TResult] keySelector, System.Func`2[T,TResult] elementSelector, System.Collections.Generic.IEqualityComparer`1[T] comparer) [0x00029] in <8203c5af529241e2a5cc4b3c5a3dc69a>:0 
  at System.Linq.Enumerable.ToDictionary[TSource,TKey,TElement] (System.Collections.Generic.IEnumerable`1[T] source, System.Func`2[T,TResult] keySelector, System.Func`2[T,TResult] elementSelector, System.Collections.Generic.IEqualityComparer`1[T] comparer) [0x00051] in <8203c5af529241e2a5cc4b3c5a3dc69a>:0 
  at System.Linq.Enumerable.ToDictionary[TSource,TKey,TElement] (System.Collections.Generic.IEnumerable`1[T] source, System.Func`2[T,TResult] keySelector, System.Func`2[T,TResult] elementSelector) [0x00000] in <8203c5af529241e2a5cc4b3c5a3dc69a>:0 
  at UnityEditor.Scripting.ScriptCompilation.AssemblyGraphBuilder.Initialize (System.Collections.Generic.IReadOnlyCollection`1[T] assemblies, System.Collections.Generic.IReadOnlyCollection`1[T] customScriptAssemblyReferences) [0x00046] in /Users/bokken/build/output/unity/unity/Editor/Mono/Scripting/ScriptCompilation/AssemblyGraphBuilder.cs:85 
  at UnityEditor.Scripting.ScriptCompilation.AssemblyGraphBuilderFactory.GetOrCreate (System.String projectPath, System.Collections.Generic.IReadOnlyCollection`1[T] assemblies, System.Collections.Generic.IReadOnlyCollection`1[T] customScriptAssemblyReferences) [0x00038] in /Users/bokken/build/output/unity/unity/Editor/Mono/Scripting/ScriptCompilation/AssemblyGraphBuilderFactory.cs:54 
  at UnityEditor.Scripting.ScriptCompilation.EditorCompilation.GetAssemblyGraphBuilder () [0x00001] in /Users/bokken/build/output/unity/unity/Editor/Mono/Scripting/ScriptCompilation/EditorCompilation.cs:170 
  at UnityEditor.Scripting.ScriptCompilation.EditorCompilation.SetAllScripts (System.String[] allScripts) [0x0000d] in /Users/bokken/build/output/unity/unity/Editor/Mono/Scripting/ScriptCompilation/EditorCompilation.cs:178 
  at UnityEditor.Scripting.ScriptCompilation.EditorCompilationInterface.SetAllScripts (System.String[] allScripts) [0x00001] in /Users/bokken/build/output/unity/unity/Editor/Mono/Scripting/ScriptCompilation/EditorCompilationInterface.cs:79 

(Filename: /Users/bokken/build/output/unity/unity/Editor/Mono/Scripting/ScriptCompilation/AssemblyGraphBuilder.cs Line: 85)

Begin MonoManager ReloadAssembly
[Licensing::Client] Successfully resolved entitlement details
Thread 0x16b97b000 may have been prematurely finalized
Symbol file LoadedFromMemory is not a mono symbol file
- Loaded All Assemblies, in  0.494 seconds
Folder 'Packages/com.unity.purchasing/Runtime/Apple/' contains multiple assembly definition files (Packages/com.unity.purchasing/Runtime/Apple/UnityEngine.Purchasing.Apple.asmdef)
Folder 'Packages/com.unity.purchasing/Runtime/Apple/' contains multiple assembly definition files (Packages/com.unity.purchasing/Runtime/Apple/Unity.Purchasing.Apple.asmdef)
Folder 'Packages/com.unity.purchasing/Runtime/SecurityStub/' contains multiple assembly definition files (Packages/com.unity.purchasing/Runtime/SecurityStub/UnityEngine.Purchasing.SecurityStub.asmdef)
Folder 'Packages/com.unity.purchasing/Runtime/SecurityStub/' contains multiple assembly definition files (Packages/com.unity.purchasing/Runtime/SecurityStub/Unity.Purchasing.SecurityStub.asmdef)
Folder 'Packages/com.unity.purchasing/Runtime/Security/' contains multiple assembly definition files (Packages/com.unity.purchasing/Runtime/Security/Unity.Purchasing.Security.asmdef)
Folder 'Packages/com.unity.purchasing/Runtime/Security/' contains multiple assembly definition files (Packages/com.unity.purchasing/Runtime/Security/UnityEngine.Purchasing.Security.asmdef)
Folder 'Packages/com.unity.purchasing/Runtime/Stores/' contains multiple assembly definition files (Packages/com.unity.purchasing/Runtime/Stores/UnityEngine.Purchasing.Stores.asmdef)
Folder 'Packages/com.unity.purchasing/Runtime/Stores/' contains multiple assembly definition files (Packages/com.unity.purchasing/Runtime/Stores/Unity.Purchasing.Stores.asmdef)
Folder 'Packages/com.unity.purchasing/Runtime/SecurityCore/' contains multiple assembly definition files (Packages/com.unity.purchasing/Runtime/SecurityCore/Unity.Purchasing.SecurityCore.asmdef)
Folder 'Packages/com.unity.purchasing/Runtime/SecurityCore/' contains multiple assembly definition files (Packages/com.unity.purchasing/Runtime/SecurityCore/UnityEngine.Purchasing.SecurityCore.asmdef)
Folder 'Packages/com.unity.purchasing/Runtime/Purchasing/' contains multiple assembly definition files (Packages/com.unity.purchasing/Runtime/Purchasing/UnityEngine.Purchasing.asmdef)
Folder 'Packages/com.unity.purchasing/Runtime/Purchasing/' contains multiple assembly definition files (Packages/com.unity.purchasing/Runtime/Purchasing/Unity.Purchasing.asmdef)
Folder 'Packages/com.unity.purchasing/Runtime/AppleMacosStub/' contains multiple assembly definition files (Packages/com.unity.purchasing/Runtime/AppleMacosStub/UnityEngine.Purchasing.AppleMacosStub.asmdef)
Folder 'Packages/com.unity.purchasing/Runtime/AppleMacosStub/' contains multiple assembly definition files (Packages/com.unity.purchasing/Runtime/AppleMacosStub/Unity.Purchasing.AppleMacosStub.asmdef)
Folder 'Packages/com.unity.purchasing/Runtime/AppleStub/' contains multiple assembly definition files (Packages/com.unity.purchasing/Runtime/AppleStub/Unity.Purchasing.AppleStub.asmdef)
Folder 'Packages/com.unity.purchasing/Runtime/AppleStub/' contains multiple assembly definition files (Packages/com.unity.purchasing/Runtime/AppleStub/UnityEngine.Purchasing.AppleStub.asmdef)
Folder 'Packages/com.unity.purchasing/Runtime/AppleMacos/' contains multiple assembly definition files (Packages/com.unity.purchasing/Runtime/AppleMacos/UnityEngine.Purchasing.AppleMacos.asmdef)
Folder 'Packages/com.unity.purchasing/Runtime/AppleMacos/' contains multiple assembly definition files (Packages/com.unity.purchasing/Runtime/AppleMacos/Unity.Purchasing.AppleMacos.asmdef)
Folder 'Packages/com.unity.purchasing/Runtime/Codeless/' contains multiple assembly definition files (Packages/com.unity.purchasing/Runtime/Codeless/Unity.Purchasing.Codeless.asmdef)
Folder 'Packages/com.unity.purchasing/Runtime/Codeless/' contains multiple assembly definition files (Packages/com.unity.purchasing/Runtime/Codeless/UnityEngine.Purchasing.Codeless.asmdef)
ArgumentException: An item with the same key has already been added. Key: 400f2260dd8d285419d1db99999109aa
  at System.Collections.Generic.Dictionary`2[TKey,TValue].TryInsert (TKey key, TValue value, System.Collections.Generic.InsertionBehavior behavior) [0x0015a] in <c5eeda5e65d44b388e164c6c5cfe0702>:0 
  at System.Collections.Generic.Dictionary`2[TKey,TValue].Add (TKey key, TValue value) [0x00000] in <c5eeda5e65d44b388e164c6c5cfe0702>:0 
  at System.Linq.Enumerable.ToDictionary[TSource,TKey,TElement] (TSource[] source, System.Func`2[T,TResult] keySelector, System.Func`2[T,TResult] elementSelector, System.Collections.Generic.IEqualityComparer`1[T] comparer) [0x00029] in <8203c5af529241e2a5cc4b3c5a3dc69a>:0 
  at System.Linq.Enumerable.ToDictionary[TSource,TKey,TElement] (System.Collections.Generic.IEnumerable`1[T] source, System.Func`2[T,TResult] keySelector, System.Func`2[T,TResult] elementSelector, System.Collections.Generic.IEqualityComparer`1[T] comparer) [0x00051] in <8203c5af529241e2a5cc4b3c5a3dc69a>:0 
  at System.Linq.Enumerable.ToDictionary[TSource,TKey,TElement] (System.Collections.Generic.IEnumerable`1[T] source, System.Func`2[T,TResult] keySelector, System.Func`2[T,TResult] elementSelector) [0x00000] in <8203c5af529241e2a5cc4b3c5a3dc69a>:0 
  at UnityEditor.Scripting.ScriptCompilation.AssemblyGraphBuilder.Initialize (System.Collections.Generic.IReadOnlyCollection`1[T] assemblies, System.Collections.Generic.IReadOnlyCollection`1[T] customScriptAssemblyReferences) [0x00046] in /Users/bokken/build/output/unity/unity/Editor/Mono/Scripting/ScriptCompilation/AssemblyGraphBuilder.cs:85 
  at UnityEditor.Scripting.ScriptCompilation.AssemblyGraphBuilderFactory.GetOrCreate (System.String projectPath, System.Collections.Generic.IReadOnlyCollection`1[T] assemblies, System.Collections.Generic.IReadOnlyCollection`1[T] customScriptAssemblyReferences) [0x00038] in /Users/bokken/build/output/unity/unity/Editor/Mono/Scripting/ScriptCompilation/AssemblyGraphBuilderFactory.cs:54 
  at UnityEditor.Scripting.ScriptCompilation.EditorCompilation.GetAssemblyGraphBuilder () [0x00001] in /Users/bokken/build/output/unity/unity/Editor/Mono/Scripting/ScriptCompilation/EditorCompilation.cs:170 
  at UnityEditor.Scripting.ScriptCompilation.EditorCompilation.SetAllScripts (System.String[] allScripts) [0x0000d] in /Users/bokken/build/output/unity/unity/Editor/Mono/Scripting/ScriptCompilation/EditorCompilation.cs:178 
  at UnityEditor.Scripting.ScriptCompilation.EditorCompilationInterface.SetAllScripts (System.String[] allScripts) [0x00001] in /Users/bokken/build/output/unity/unity/Editor/Mono/Scripting/ScriptCompilation/EditorCompilationInterface.cs:79 

(Filename: /Users/bokken/build/output/unity/unity/Editor/Mono/Scripting/ScriptCompilation/AssemblyGraphBuilder.cs Line: 85)

Refreshing native plugins compatible for Editor in 2.95 ms, found 1 plugins.
Native extension for iOS target not found
Native extension for Android target not found
Native extension for OSXStandalone target not found
Native extension for WebGL target not found
Folder 'Packages/com.unity.purchasing/Runtime/Apple/' contains multiple assembly definition files (Packages/com.unity.purchasing/Runtime/Apple/UnityEngine.Purchasing.Apple.asmdef)
Folder 'Packages/com.unity.purchasing/Runtime/Apple/' contains multiple assembly definition files (Packages/com.unity.purchasing/Runtime/Apple/Unity.Purchasing.Apple.asmdef)
Folder 'Packages/com.unity.purchasing/Runtime/SecurityStub/' contains multiple assembly definition files (Packages/com.unity.purchasing/Runtime/SecurityStub/UnityEngine.Purchasing.SecurityStub.asmdef)
Folder 'Packages/com.unity.purchasing/Runtime/SecurityStub/' contains multiple assembly definition files (Packages/com.unity.purchasing/Runtime/SecurityStub/Unity.Purchasing.SecurityStub.asmdef)
Folder 'Packages/com.unity.purchasing/Runtime/Security/' contains multiple assembly definition files (Packages/com.unity.purchasing/Runtime/Security/Unity.Purchasing.Security.asmdef)
Folder 'Packages/com.unity.purchasing/Runtime/Security/' contains multiple assembly definition files (Packages/com.unity.purchasing/Runtime/Security/UnityEngine.Purchasing.Security.asmdef)
Folder 'Packages/com.unity.purchasing/Runtime/Stores/' contains multiple assembly definition files (Packages/com.unity.purchasing/Runtime/Stores/UnityEngine.Purchasing.Stores.asmdef)
Folder 'Packages/com.unity.purchasing/Runtime/Stores/' contains multiple assembly definition files (Packages/com.unity.purchasing/Runtime/Stores/Unity.Purchasing.Stores.asmdef)
Folder 'Packages/com.unity.purchasing/Runtime/SecurityCore/' contains multiple assembly definition files (Packages/com.unity.purchasing/Runtime/SecurityCore/Unity.Purchasing.SecurityCore.asmdef)
Folder 'Packages/com.unity.purchasing/Runtime/SecurityCore/' contains multiple assembly definition files (Packages/com.unity.purchasing/Runtime/SecurityCore/UnityEngine.Purchasing.SecurityCore.asmdef)
Folder 'Packages/com.unity.purchasing/Runtime/Purchasing/' contains multiple assembly definition files (Packages/com.unity.purchasing/Runtime/Purchasing/UnityEngine.Purchasing.asmdef)
Folder 'Packages/com.unity.purchasing/Runtime/Purchasing/' contains multiple assembly definition files (Packages/com.unity.purchasing/Runtime/Purchasing/Unity.Purchasing.asmdef)
Folder 'Packages/com.unity.purchasing/Runtime/AppleMacosStub/' contains multiple assembly definition files (Packages/com.unity.purchasing/Runtime/AppleMacosStub/UnityEngine.Purchasing.AppleMacosStub.asmdef)
Folder 'Packages/com.unity.purchasing/Runtime/AppleMacosStub/' contains multiple assembly definition files (Packages/com.unity.purchasing/Runtime/AppleMacosStub/Unity.Purchasing.AppleMacosStub.asmdef)
Folder 'Packages/com.unity.purchasing/Runtime/AppleStub/' contains multiple assembly definition files (Packages/com.unity.purchasing/Runtime/AppleStub/Unity.Purchasing.AppleStub.asmdef)
Folder 'Packages/com.unity.purchasing/Runtime/AppleStub/' contains multiple assembly definition files (Packages/com.unity.purchasing/Runtime/AppleStub/UnityEngine.Purchasing.AppleStub.asmdef)
Folder 'Packages/com.unity.purchasing/Runtime/AppleMacos/' contains multiple assembly definition files (Packages/com.unity.purchasing/Runtime/AppleMacos/UnityEngine.Purchasing.AppleMacos.asmdef)
Folder 'Packages/com.unity.purchasing/Runtime/AppleMacos/' contains multiple assembly definition files (Packages/com.unity.purchasing/Runtime/AppleMacos/Unity.Purchasing.AppleMacos.asmdef)
Folder 'Packages/com.unity.purchasing/Runtime/Codeless/' contains multiple assembly definition files (Packages/com.unity.purchasing/Runtime/Codeless/Unity.Purchasing.Codeless.asmdef)
Folder 'Packages/com.unity.purchasing/Runtime/Codeless/' contains multiple assembly definition files (Packages/com.unity.purchasing/Runtime/Codeless/UnityEngine.Purchasing.Codeless.asmdef)
ArgumentException: An item with the same key has already been added. Key: 400f2260dd8d285419d1db99999109aa
  at System.Collections.Generic.Dictionary`2[TKey,TValue].TryInsert (TKey key, TValue value, System.Collections.Generic.InsertionBehavior behavior) [0x0015a] in <c5eeda5e65d44b388e164c6c5cfe0702>:0 
  at System.Collections.Generic.Dictionary`2[TKey,TValue].Add (TKey key, TValue value) [0x00000] in <c5eeda5e65d44b388e164c6c5cfe0702>:0 
  at System.Linq.Enumerable.ToDictionary[TSource,TKey,TElement] (TSource[] source, System.Func`2[T,TResult] keySelector, System.Func`2[T,TResult] elementSelector, System.Collections.Generic.IEqualityComparer`1[T] comparer) [0x00029] in <8203c5af529241e2a5cc4b3c5a3dc69a>:0 
  at System.Linq.Enumerable.ToDictionary[TSource,TKey,TElement] (System.Collections.Generic.IEnumerable`1[T] source, System.Func`2[T,TResult] keySelector, System.Func`2[T,TResult] elementSelector, System.Collections.Generic.IEqualityComparer`1[T] comparer) [0x00051] in <8203c5af529241e2a5cc4b3c5a3dc69a>:0 
  at System.Linq.Enumerable.ToDictionary[TSource,TKey,TElement] (System.Collections.Generic.IEnumerable`1[T] source, System.Func`2[T,TResult] keySelector, System.Func`2[T,TResult] elementSelector) [0x00000] in <8203c5af529241e2a5cc4b3c5a3dc69a>:0 
  at UnityEditor.Scripting.ScriptCompilation.AssemblyGraphBuilder.Initialize (System.Collections.Generic.IReadOnlyCollection`1[T] assemblies, System.Collections.Generic.IReadOnlyCollection`1[T] customScriptAssemblyReferences) [0x00046] in /Users/bokken/build/output/unity/unity/Editor/Mono/Scripting/ScriptCompilation/AssemblyGraphBuilder.cs:85 
  at UnityEditor.Scripting.ScriptCompilation.AssemblyGraphBuilderFactory.GetOrCreate (System.String projectPath, System.Collections.Generic.IReadOnlyCollection`1[T] assemblies, System.Collections.Generic.IReadOnlyCollection`1[T] customScriptAssemblyReferences) [0x00038] in /Users/bokken/build/output/unity/unity/Editor/Mono/Scripting/ScriptCompilation/AssemblyGraphBuilderFactory.cs:54 
  at UnityEditor.Scripting.ScriptCompilation.EditorCompilation.GetAssemblyGraphBuilder () [0x00001] in /Users/bokken/build/output/unity/unity/Editor/Mono/Scripting/ScriptCompilation/EditorCompilation.cs:170 
  at UnityEditor.Scripting.ScriptCompilation.EditorCompilation.SetAllScripts (System.String[] allScripts) [0x0000d] in /Users/bokken/build/output/unity/unity/Editor/Mono/Scripting/ScriptCompilation/EditorCompilation.cs:178 
  at UnityEditor.Scripting.ScriptCompilation.EditorCompilationInterface.SetAllScripts (System.String[] allScripts) [0x00001] in /Users/bokken/build/output/unity/unity/Editor/Mono/Scripting/ScriptCompilation/EditorCompilationInterface.cs:79 

(Filename: /Users/bokken/build/output/unity/unity/Editor/Mono/Scripting/ScriptCompilation/AssemblyGraphBuilder.cs Line: 85)

Refreshing native plugins compatible for Editor in 2.93 ms, found 1 plugins.
[Package Manager] Failed to launch server process. Reason: Unity was launched with the -noUpm command-line argument
[Package Manager] Unable to send message (not connected to server process).
[Package Manager] Cannot connect to Unity Package Manager local server
ScheduleIndexationOnStartup MainProcess:False IndexOnStartup:True
Mono: successfully reloaded assembly
- Finished resetting the current domain, in  0.924 seconds
Domain Reload Profiling: 1421ms
	BeginReloadAssembly (118ms)
		ExecutionOrderSort (0ms)
		DisableScriptedObjects (4ms)
		BackupInstance (0ms)
		ReleaseScriptingObjects (0ms)
		CreateAndSetChildDomain (38ms)
	RebuildCommonClasses (26ms)
	RebuildNativeTypeToScriptingClass (11ms)
	initialDomainReloadingComplete (16ms)
	LoadAllAssembliesAndSetupDomain (326ms)
		LoadAssemblies (235ms)
		RebuildTransferFunctionScriptingTraits (0ms)
		AnalyzeDomain (127ms)
			TypeCache.Refresh (13ms)
				TypeCache.ScanAssembly (1ms)
			BuildScriptInfoCaches (109ms)
			ResolveRequiredComponents (3ms)
	FinalizeReload (924ms)
		ReleaseScriptCaches (0ms)
		RebuildScriptCaches (0ms)
		SetupLoadedEditorAssemblies (822ms)
			LogAssemblyErrors (0ms)
			InitializePlatformSupportModulesInManaged (13ms)
			SetLoadedEditorAssemblies (4ms)
			BeforeProcessingInitializeOnLoad (101ms)
			ProcessInitializeOnLoadAttributes (650ms)
			ProcessInitializeOnLoadMethodAttributes (53ms)
			AfterProcessingInitializeOnLoad (1ms)
			EditorAssembliesLoaded (0ms)
		ExecutionOrderSort2 (0ms)
		AwakeInstancesAfterBackupRestoration (3ms)
Refreshing native plugins compatible for Editor in 3.29 ms, found 1 plugins.
Preloading 0 native plugins for Editor in 0.00 ms.
Unloading 29 Unused Serialized files (Serialized files now loaded: 0)
Unloading 6234 unused Assets / (4.5 MB). Loaded Objects now: 7007.
Memory consumption went from 142.6 MB to 138.1 MB.
Total: 19.856625 ms (FindLiveObjects: 0.294000 ms CreateObjectMapping: 0.169708 ms MarkObjects: 18.144584 ms  DeleteObjects: 1.247708 ms)

Prepare: number of updated asset objects reloaded= 0
========================================================================
Received Prepare
Folder 'Packages/com.unity.purchasing/Runtime/Apple/' contains multiple assembly definition files (Packages/com.unity.purchasing/Runtime/Apple/UnityEngine.Purchasing.Apple.asmdef)
Folder 'Packages/com.unity.purchasing/Runtime/Apple/' contains multiple assembly definition files (Packages/com.unity.purchasing/Runtime/Apple/Unity.Purchasing.Apple.asmdef)
Folder 'Packages/com.unity.purchasing/Runtime/SecurityStub/' contains multiple assembly definition files (Packages/com.unity.purchasing/Runtime/SecurityStub/UnityEngine.Purchasing.SecurityStub.asmdef)
Folder 'Packages/com.unity.purchasing/Runtime/SecurityStub/' contains multiple assembly definition files (Packages/com.unity.purchasing/Runtime/SecurityStub/Unity.Purchasing.SecurityStub.asmdef)
Folder 'Packages/com.unity.purchasing/Runtime/Security/' contains multiple assembly definition files (Packages/com.unity.purchasing/Runtime/Security/Unity.Purchasing.Security.asmdef)
Folder 'Packages/com.unity.purchasing/Runtime/Security/' contains multiple assembly definition files (Packages/com.unity.purchasing/Runtime/Security/UnityEngine.Purchasing.Security.asmdef)
Folder 'Packages/com.unity.purchasing/Runtime/Stores/' contains multiple assembly definition files (Packages/com.unity.purchasing/Runtime/Stores/UnityEngine.Purchasing.Stores.asmdef)
Folder 'Packages/com.unity.purchasing/Runtime/Stores/' contains multiple assembly definition files (Packages/com.unity.purchasing/Runtime/Stores/Unity.Purchasing.Stores.asmdef)
Folder 'Packages/com.unity.purchasing/Runtime/SecurityCore/' contains multiple assembly definition files (Packages/com.unity.purchasing/Runtime/SecurityCore/Unity.Purchasing.SecurityCore.asmdef)
Folder 'Packages/com.unity.purchasing/Runtime/SecurityCore/' contains multiple assembly definition files (Packages/com.unity.purchasing/Runtime/SecurityCore/UnityEngine.Purchasing.SecurityCore.asmdef)
Folder 'Packages/com.unity.purchasing/Runtime/Purchasing/' contains multiple assembly definition files (Packages/com.unity.purchasing/Runtime/Purchasing/UnityEngine.Purchasing.asmdef)
Folder 'Packages/com.unity.purchasing/Runtime/Purchasing/' contains multiple assembly definition files (Packages/com.unity.purchasing/Runtime/Purchasing/Unity.Purchasing.asmdef)
Folder 'Packages/com.unity.purchasing/Runtime/AppleMacosStub/' contains multiple assembly definition files (Packages/com.unity.purchasing/Runtime/AppleMacosStub/UnityEngine.Purchasing.AppleMacosStub.asmdef)
Folder 'Packages/com.unity.purchasing/Runtime/AppleMacosStub/' contains multiple assembly definition files (Packages/com.unity.purchasing/Runtime/AppleMacosStub/Unity.Purchasing.AppleMacosStub.asmdef)
Folder 'Packages/com.unity.purchasing/Runtime/AppleStub/' contains multiple assembly definition files (Packages/com.unity.purchasing/Runtime/AppleStub/Unity.Purchasing.AppleStub.asmdef)
Folder 'Packages/com.unity.purchasing/Runtime/AppleStub/' contains multiple assembly definition files (Packages/com.unity.purchasing/Runtime/AppleStub/UnityEngine.Purchasing.AppleStub.asmdef)
Folder 'Packages/com.unity.purchasing/Runtime/AppleMacos/' contains multiple assembly definition files (Packages/com.unity.purchasing/Runtime/AppleMacos/UnityEngine.Purchasing.AppleMacos.asmdef)
Folder 'Packages/com.unity.purchasing/Runtime/AppleMacos/' contains multiple assembly definition files (Packages/com.unity.purchasing/Runtime/AppleMacos/Unity.Purchasing.AppleMacos.asmdef)
Folder 'Packages/com.unity.purchasing/Runtime/Codeless/' contains multiple assembly definition files (Packages/com.unity.purchasing/Runtime/Codeless/Unity.Purchasing.Codeless.asmdef)
Folder 'Packages/com.unity.purchasing/Runtime/Codeless/' contains multiple assembly definition files (Packages/com.unity.purchasing/Runtime/Codeless/UnityEngine.Purchasing.Codeless.asmdef)
ArgumentException: An item with the same key has already been added. Key: 400f2260dd8d285419d1db99999109aa
  at System.Collections.Generic.Dictionary`2[TKey,TValue].TryInsert (TKey key, TValue value, System.Collections.Generic.InsertionBehavior behavior) [0x0015a] in <c5eeda5e65d44b388e164c6c5cfe0702>:0 
  at System.Collections.Generic.Dictionary`2[TKey,TValue].Add (TKey key, TValue value) [0x00000] in <c5eeda5e65d44b388e164c6c5cfe0702>:0 
  at System.Linq.Enumerable.ToDictionary[TSource,TKey,TElement] (TSource[] source, System.Func`2[T,TResult] keySelector, System.Func`2[T,TResult] elementSelector, System.Collections.Generic.IEqualityComparer`1[T] comparer) [0x00029] in <8203c5af529241e2a5cc4b3c5a3dc69a>:0 
  at System.Linq.Enumerable.ToDictionary[TSource,TKey,TElement] (System.Collections.Generic.IEnumerable`1[T] source, System.Func`2[T,TResult] keySelector, System.Func`2[T,TResult] elementSelector, System.Collections.Generic.IEqualityComparer`1[T] comparer) [0x00051] in <8203c5af529241e2a5cc4b3c5a3dc69a>:0 
  at System.Linq.Enumerable.ToDictionary[TSource,TKey,TElement] (System.Collections.Generic.IEnumerable`1[T] source, System.Func`2[T,TResult] keySelector, System.Func`2[T,TResult] elementSelector) [0x00000] in <8203c5af529241e2a5cc4b3c5a3dc69a>:0 
  at UnityEditor.Scripting.ScriptCompilation.AssemblyGraphBuilder.Initialize (System.Collections.Generic.IReadOnlyCollection`1[T] assemblies, System.Collections.Generic.IReadOnlyCollection`1[T] customScriptAssemblyReferences) [0x00046] in /Users/bokken/build/output/unity/unity/Editor/Mono/Scripting/ScriptCompilation/AssemblyGraphBuilder.cs:85 
  at UnityEditor.Scripting.ScriptCompilation.AssemblyGraphBuilderFactory.GetOrCreate (System.String projectPath, System.Collections.Generic.IReadOnlyCollection`1[T] assemblies, System.Collections.Generic.IReadOnlyCollection`1[T] customScriptAssemblyReferences) [0x00038] in /Users/bokken/build/output/unity/unity/Editor/Mono/Scripting/ScriptCompilation/AssemblyGraphBuilderFactory.cs:54 
  at UnityEditor.Scripting.ScriptCompilation.EditorCompilation.GetAssemblyGraphBuilder () [0x00001] in /Users/bokken/build/output/unity/unity/Editor/Mono/Scripting/ScriptCompilation/EditorCompilation.cs:170 
  at UnityEditor.Scripting.ScriptCompilation.EditorCompilation.SetAllScripts (System.String[] allScripts) [0x0000d] in /Users/bokken/build/output/unity/unity/Editor/Mono/Scripting/ScriptCompilation/EditorCompilation.cs:178 
  at UnityEditor.Scripting.ScriptCompilation.EditorCompilationInterface.SetAllScripts (System.String[] allScripts) [0x00001] in /Users/bokken/build/output/unity/unity/Editor/Mono/Scripting/ScriptCompilation/EditorCompilationInterface.cs:79 

(Filename: /Users/bokken/build/output/unity/unity/Editor/Mono/Scripting/ScriptCompilation/AssemblyGraphBuilder.cs Line: 85)

Folder 'Packages/com.unity.purchasing/Runtime/Apple/' contains multiple assembly definition files (Packages/com.unity.purchasing/Runtime/Apple/UnityEngine.Purchasing.Apple.asmdef)
Folder 'Packages/com.unity.purchasing/Runtime/Apple/' contains multiple assembly definition files (Packages/com.unity.purchasing/Runtime/Apple/Unity.Purchasing.Apple.asmdef)
Folder 'Packages/com.unity.purchasing/Runtime/SecurityStub/' contains multiple assembly definition files (Packages/com.unity.purchasing/Runtime/SecurityStub/UnityEngine.Purchasing.SecurityStub.asmdef)
Folder 'Packages/com.unity.purchasing/Runtime/SecurityStub/' contains multiple assembly definition files (Packages/com.unity.purchasing/Runtime/SecurityStub/Unity.Purchasing.SecurityStub.asmdef)
Folder 'Packages/com.unity.purchasing/Runtime/Security/' contains multiple assembly definition files (Packages/com.unity.purchasing/Runtime/Security/Unity.Purchasing.Security.asmdef)
Folder 'Packages/com.unity.purchasing/Runtime/Security/' contains multiple assembly definition files (Packages/com.unity.purchasing/Runtime/Security/UnityEngine.Purchasing.Security.asmdef)
Folder 'Packages/com.unity.purchasing/Runtime/Stores/' contains multiple assembly definition files (Packages/com.unity.purchasing/Runtime/Stores/UnityEngine.Purchasing.Stores.asmdef)
Folder 'Packages/com.unity.purchasing/Runtime/Stores/' contains multiple assembly definition files (Packages/com.unity.purchasing/Runtime/Stores/Unity.Purchasing.Stores.asmdef)
Folder 'Packages/com.unity.purchasing/Runtime/SecurityCore/' contains multiple assembly definition files (Packages/com.unity.purchasing/Runtime/SecurityCore/Unity.Purchasing.SecurityCore.asmdef)
Folder 'Packages/com.unity.purchasing/Runtime/SecurityCore/' contains multiple assembly definition files (Packages/com.unity.purchasing/Runtime/SecurityCore/UnityEngine.Purchasing.SecurityCore.asmdef)
Folder 'Packages/com.unity.purchasing/Runtime/Purchasing/' contains multiple assembly definition files (Packages/com.unity.purchasing/Runtime/Purchasing/UnityEngine.Purchasing.asmdef)
Folder 'Packages/com.unity.purchasing/Runtime/Purchasing/' contains multiple assembly definition files (Packages/com.unity.purchasing/Runtime/Purchasing/Unity.Purchasing.asmdef)
Folder 'Packages/com.unity.purchasing/Runtime/AppleMacosStub/' contains multiple assembly definition files (Packages/com.unity.purchasing/Runtime/AppleMacosStub/UnityEngine.Purchasing.AppleMacosStub.asmdef)
Folder 'Packages/com.unity.purchasing/Runtime/AppleMacosStub/' contains multiple assembly definition files (Packages/com.unity.purchasing/Runtime/AppleMacosStub/Unity.Purchasing.AppleMacosStub.asmdef)
Folder 'Packages/com.unity.purchasing/Runtime/AppleStub/' contains multiple assembly definition files (Packages/com.unity.purchasing/Runtime/AppleStub/Unity.Purchasing.AppleStub.asmdef)
Folder 'Packages/com.unity.purchasing/Runtime/AppleStub/' contains multiple assembly definition files (Packages/com.unity.purchasing/Runtime/AppleStub/UnityEngine.Purchasing.AppleStub.asmdef)
Folder 'Packages/com.unity.purchasing/Runtime/AppleMacos/' contains multiple assembly definition files (Packages/com.unity.purchasing/Runtime/AppleMacos/UnityEngine.Purchasing.AppleMacos.asmdef)
Folder 'Packages/com.unity.purchasing/Runtime/AppleMacos/' contains multiple assembly definition files (Packages/com.unity.purchasing/Runtime/AppleMacos/Unity.Purchasing.AppleMacos.asmdef)
Folder 'Packages/com.unity.purchasing/Runtime/Codeless/' contains multiple assembly definition files (Packages/com.unity.purchasing/Runtime/Codeless/Unity.Purchasing.Codeless.asmdef)
Folder 'Packages/com.unity.purchasing/Runtime/Codeless/' contains multiple assembly definition files (Packages/com.unity.purchasing/Runtime/Codeless/UnityEngine.Purchasing.Codeless.asmdef)
ArgumentException: An item with the same key has already been added. Key: 400f2260dd8d285419d1db99999109aa
  at System.Collections.Generic.Dictionary`2[TKey,TValue].TryInsert (TKey key, TValue value, System.Collections.Generic.InsertionBehavior behavior) [0x0015a] in <c5eeda5e65d44b388e164c6c5cfe0702>:0 
  at System.Collections.Generic.Dictionary`2[TKey,TValue].Add (TKey key, TValue value) [0x00000] in <c5eeda5e65d44b388e164c6c5cfe0702>:0 
  at System.Linq.Enumerable.ToDictionary[TSource,TKey,TElement] (TSource[] source, System.Func`2[T,TResult] keySelector, System.Func`2[T,TResult] elementSelector, System.Collections.Generic.IEqualityComparer`1[T] comparer) [0x00029] in <8203c5af529241e2a5cc4b3c5a3dc69a>:0 
  at System.Linq.Enumerable.ToDictionary[TSource,TKey,TElement] (System.Collections.Generic.IEnumerable`1[T] source, System.Func`2[T,TResult] keySelector, System.Func`2[T,TResult] elementSelector, System.Collections.Generic.IEqualityComparer`1[T] comparer) [0x00051] in <8203c5af529241e2a5cc4b3c5a3dc69a>:0 
  at System.Linq.Enumerable.ToDictionary[TSource,TKey,TElement] (System.Collections.Generic.IEnumerable`1[T] source, System.Func`2[T,TResult] keySelector, System.Func`2[T,TResult] elementSelector) [0x00000] in <8203c5af529241e2a5cc4b3c5a3dc69a>:0 
  at UnityEditor.Scripting.ScriptCompilation.AssemblyGraphBuilder.Initialize (System.Collections.Generic.IReadOnlyCollection`1[T] assemblies, System.Collections.Generic.IReadOnlyCollection`1[T] customScriptAssemblyReferences) [0x00046] in /Users/bokken/build/output/unity/unity/Editor/Mono/Scripting/ScriptCompilation/AssemblyGraphBuilder.cs:85 
  at UnityEditor.Scripting.ScriptCompilation.AssemblyGraphBuilderFactory.GetOrCreate (System.String projectPath, System.Collections.Generic.IReadOnlyCollection`1[T] assemblies, System.Collections.Generic.IReadOnlyCollection`1[T] customScriptAssemblyReferences) [0x00038] in /Users/bokken/build/output/unity/unity/Editor/Mono/Scripting/ScriptCompilation/AssemblyGraphBuilderFactory.cs:54 
  at UnityEditor.Scripting.ScriptCompilation.EditorCompilation.GetAssemblyGraphBuilder () [0x00001] in /Users/bokken/build/output/unity/unity/Editor/Mono/Scripting/ScriptCompilation/EditorCompilation.cs:170 
  at UnityEditor.Scripting.ScriptCompilation.EditorCompilation.SetAllScripts (System.String[] allScripts) [0x0000d] in /Users/bokken/build/output/unity/unity/Editor/Mono/Scripting/ScriptCompilation/EditorCompilation.cs:178 
  at UnityEditor.Scripting.ScriptCompilation.EditorCompilationInterface.SetAllScripts (System.String[] allScripts) [0x00001] in /Users/bokken/build/output/unity/unity/Editor/Mono/Scripting/ScriptCompilation/EditorCompilationInterface.cs:79 

(Filename: /Users/bokken/build/output/unity/unity/Editor/Mono/Scripting/ScriptCompilation/AssemblyGraphBuilder.cs Line: 85)

Begin MonoManager ReloadAssembly
Thread 0x16b97b000 may have been prematurely finalized
Symbol file LoadedFromMemory is not a mono symbol file
- Loaded All Assemblies, in  0.463 seconds
Folder 'Packages/com.unity.purchasing/Runtime/Apple/' contains multiple assembly definition files (Packages/com.unity.purchasing/Runtime/Apple/UnityEngine.Purchasing.Apple.asmdef)
Folder 'Packages/com.unity.purchasing/Runtime/Apple/' contains multiple assembly definition files (Packages/com.unity.purchasing/Runtime/Apple/Unity.Purchasing.Apple.asmdef)
Folder 'Packages/com.unity.purchasing/Runtime/SecurityStub/' contains multiple assembly definition files (Packages/com.unity.purchasing/Runtime/SecurityStub/UnityEngine.Purchasing.SecurityStub.asmdef)
Folder 'Packages/com.unity.purchasing/Runtime/SecurityStub/' contains multiple assembly definition files (Packages/com.unity.purchasing/Runtime/SecurityStub/Unity.Purchasing.SecurityStub.asmdef)
Folder 'Packages/com.unity.purchasing/Runtime/Security/' contains multiple assembly definition files (Packages/com.unity.purchasing/Runtime/Security/Unity.Purchasing.Security.asmdef)
Folder 'Packages/com.unity.purchasing/Runtime/Security/' contains multiple assembly definition files (Packages/com.unity.purchasing/Runtime/Security/UnityEngine.Purchasing.Security.asmdef)
Folder 'Packages/com.unity.purchasing/Runtime/Stores/' contains multiple assembly definition files (Packages/com.unity.purchasing/Runtime/Stores/UnityEngine.Purchasing.Stores.asmdef)
Folder 'Packages/com.unity.purchasing/Runtime/Stores/' contains multiple assembly definition files (Packages/com.unity.purchasing/Runtime/Stores/Unity.Purchasing.Stores.asmdef)
Folder 'Packages/com.unity.purchasing/Runtime/SecurityCore/' contains multiple assembly definition files (Packages/com.unity.purchasing/Runtime/SecurityCore/Unity.Purchasing.SecurityCore.asmdef)
Folder 'Packages/com.unity.purchasing/Runtime/SecurityCore/' contains multiple assembly definition files (Packages/com.unity.purchasing/Runtime/SecurityCore/UnityEngine.Purchasing.SecurityCore.asmdef)
Folder 'Packages/com.unity.purchasing/Runtime/Purchasing/' contains multiple assembly definition files (Packages/com.unity.purchasing/Runtime/Purchasing/UnityEngine.Purchasing.asmdef)
Folder 'Packages/com.unity.purchasing/Runtime/Purchasing/' contains multiple assembly definition files (Packages/com.unity.purchasing/Runtime/Purchasing/Unity.Purchasing.asmdef)
Folder 'Packages/com.unity.purchasing/Runtime/AppleMacosStub/' contains multiple assembly definition files (Packages/com.unity.purchasing/Runtime/AppleMacosStub/UnityEngine.Purchasing.AppleMacosStub.asmdef)
Folder 'Packages/com.unity.purchasing/Runtime/AppleMacosStub/' contains multiple assembly definition files (Packages/com.unity.purchasing/Runtime/AppleMacosStub/Unity.Purchasing.AppleMacosStub.asmdef)
Folder 'Packages/com.unity.purchasing/Runtime/AppleStub/' contains multiple assembly definition files (Packages/com.unity.purchasing/Runtime/AppleStub/Unity.Purchasing.AppleStub.asmdef)
Folder 'Packages/com.unity.purchasing/Runtime/AppleStub/' contains multiple assembly definition files (Packages/com.unity.purchasing/Runtime/AppleStub/UnityEngine.Purchasing.AppleStub.asmdef)
Folder 'Packages/com.unity.purchasing/Runtime/AppleMacos/' contains multiple assembly definition files (Packages/com.unity.purchasing/Runtime/AppleMacos/UnityEngine.Purchasing.AppleMacos.asmdef)
Folder 'Packages/com.unity.purchasing/Runtime/AppleMacos/' contains multiple assembly definition files (Packages/com.unity.purchasing/Runtime/AppleMacos/Unity.Purchasing.AppleMacos.asmdef)
Folder 'Packages/com.unity.purchasing/Runtime/Codeless/' contains multiple assembly definition files (Packages/com.unity.purchasing/Runtime/Codeless/Unity.Purchasing.Codeless.asmdef)
Folder 'Packages/com.unity.purchasing/Runtime/Codeless/' contains multiple assembly definition files (Packages/com.unity.purchasing/Runtime/Codeless/UnityEngine.Purchasing.Codeless.asmdef)
ArgumentException: An item with the same key has already been added. Key: 400f2260dd8d285419d1db99999109aa
  at System.Collections.Generic.Dictionary`2[TKey,TValue].TryInsert (TKey key, TValue value, System.Collections.Generic.InsertionBehavior behavior) [0x0015a] in <c5eeda5e65d44b388e164c6c5cfe0702>:0 
  at System.Collections.Generic.Dictionary`2[TKey,TValue].Add (TKey key, TValue value) [0x00000] in <c5eeda5e65d44b388e164c6c5cfe0702>:0 
  at System.Linq.Enumerable.ToDictionary[TSource,TKey,TElement] (TSource[] source, System.Func`2[T,TResult] keySelector, System.Func`2[T,TResult] elementSelector, System.Collections.Generic.IEqualityComparer`1[T] comparer) [0x00029] in <8203c5af529241e2a5cc4b3c5a3dc69a>:0 
  at System.Linq.Enumerable.ToDictionary[TSource,TKey,TElement] (System.Collections.Generic.IEnumerable`1[T] source, System.Func`2[T,TResult] keySelector, System.Func`2[T,TResult] elementSelector, System.Collections.Generic.IEqualityComparer`1[T] comparer) [0x00051] in <8203c5af529241e2a5cc4b3c5a3dc69a>:0 
  at System.Linq.Enumerable.ToDictionary[TSource,TKey,TElement] (System.Collections.Generic.IEnumerable`1[T] source, System.Func`2[T,TResult] keySelector, System.Func`2[T,TResult] elementSelector) [0x00000] in <8203c5af529241e2a5cc4b3c5a3dc69a>:0 
  at UnityEditor.Scripting.ScriptCompilation.AssemblyGraphBuilder.Initialize (System.Collections.Generic.IReadOnlyCollection`1[T] assemblies, System.Collections.Generic.IReadOnlyCollection`1[T] customScriptAssemblyReferences) [0x00046] in /Users/bokken/build/output/unity/unity/Editor/Mono/Scripting/ScriptCompilation/AssemblyGraphBuilder.cs:85 
  at UnityEditor.Scripting.ScriptCompilation.AssemblyGraphBuilderFactory.GetOrCreate (System.String projectPath, System.Collections.Generic.IReadOnlyCollection`1[T] assemblies, System.Collections.Generic.IReadOnlyCollection`1[T] customScriptAssemblyReferences) [0x00038] in /Users/bokken/build/output/unity/unity/Editor/Mono/Scripting/ScriptCompilation/AssemblyGraphBuilderFactory.cs:54 
  at UnityEditor.Scripting.ScriptCompilation.EditorCompilation.GetAssemblyGraphBuilder () [0x00001] in /Users/bokken/build/output/unity/unity/Editor/Mono/Scripting/ScriptCompilation/EditorCompilation.cs:170 
  at UnityEditor.Scripting.ScriptCompilation.EditorCompilation.SetAllScripts (System.String[] allScripts) [0x0000d] in /Users/bokken/build/output/unity/unity/Editor/Mono/Scripting/ScriptCompilation/EditorCompilation.cs:178 
  at UnityEditor.Scripting.ScriptCompilation.EditorCompilationInterface.SetAllScripts (System.String[] allScripts) [0x00001] in /Users/bokken/build/output/unity/unity/Editor/Mono/Scripting/ScriptCompilation/EditorCompilationInterface.cs:79 

(Filename: /Users/bokken/build/output/unity/unity/Editor/Mono/Scripting/ScriptCompilation/AssemblyGraphBuilder.cs Line: 85)

Refreshing native plugins compatible for Editor in 2.72 ms, found 1 plugins.
Native extension for iOS target not found
Native extension for Android target not found
Native extension for OSXStandalone target not found
Native extension for WebGL target not found
Folder 'Packages/com.unity.purchasing/Runtime/Apple/' contains multiple assembly definition files (Packages/com.unity.purchasing/Runtime/Apple/UnityEngine.Purchasing.Apple.asmdef)
Folder 'Packages/com.unity.purchasing/Runtime/Apple/' contains multiple assembly definition files (Packages/com.unity.purchasing/Runtime/Apple/Unity.Purchasing.Apple.asmdef)
Folder 'Packages/com.unity.purchasing/Runtime/SecurityStub/' contains multiple assembly definition files (Packages/com.unity.purchasing/Runtime/SecurityStub/UnityEngine.Purchasing.SecurityStub.asmdef)
Folder 'Packages/com.unity.purchasing/Runtime/SecurityStub/' contains multiple assembly definition files (Packages/com.unity.purchasing/Runtime/SecurityStub/Unity.Purchasing.SecurityStub.asmdef)
Folder 'Packages/com.unity.purchasing/Runtime/Security/' contains multiple assembly definition files (Packages/com.unity.purchasing/Runtime/Security/Unity.Purchasing.Security.asmdef)
Folder 'Packages/com.unity.purchasing/Runtime/Security/' contains multiple assembly definition files (Packages/com.unity.purchasing/Runtime/Security/UnityEngine.Purchasing.Security.asmdef)
Folder 'Packages/com.unity.purchasing/Runtime/Stores/' contains multiple assembly definition files (Packages/com.unity.purchasing/Runtime/Stores/UnityEngine.Purchasing.Stores.asmdef)
Folder 'Packages/com.unity.purchasing/Runtime/Stores/' contains multiple assembly definition files (Packages/com.unity.purchasing/Runtime/Stores/Unity.Purchasing.Stores.asmdef)
Folder 'Packages/com.unity.purchasing/Runtime/SecurityCore/' contains multiple assembly definition files (Packages/com.unity.purchasing/Runtime/SecurityCore/Unity.Purchasing.SecurityCore.asmdef)
Folder 'Packages/com.unity.purchasing/Runtime/SecurityCore/' contains multiple assembly definition files (Packages/com.unity.purchasing/Runtime/SecurityCore/UnityEngine.Purchasing.SecurityCore.asmdef)
Folder 'Packages/com.unity.purchasing/Runtime/Purchasing/' contains multiple assembly definition files (Packages/com.unity.purchasing/Runtime/Purchasing/UnityEngine.Purchasing.asmdef)
Folder 'Packages/com.unity.purchasing/Runtime/Purchasing/' contains multiple assembly definition files (Packages/com.unity.purchasing/Runtime/Purchasing/Unity.Purchasing.asmdef)
Folder 'Packages/com.unity.purchasing/Runtime/AppleMacosStub/' contains multiple assembly definition files (Packages/com.unity.purchasing/Runtime/AppleMacosStub/UnityEngine.Purchasing.AppleMacosStub.asmdef)
Folder 'Packages/com.unity.purchasing/Runtime/AppleMacosStub/' contains multiple assembly definition files (Packages/com.unity.purchasing/Runtime/AppleMacosStub/Unity.Purchasing.AppleMacosStub.asmdef)
Folder 'Packages/com.unity.purchasing/Runtime/AppleStub/' contains multiple assembly definition files (Packages/com.unity.purchasing/Runtime/AppleStub/Unity.Purchasing.AppleStub.asmdef)
Folder 'Packages/com.unity.purchasing/Runtime/AppleStub/' contains multiple assembly definition files (Packages/com.unity.purchasing/Runtime/AppleStub/UnityEngine.Purchasing.AppleStub.asmdef)
Folder 'Packages/com.unity.purchasing/Runtime/AppleMacos/' contains multiple assembly definition files (Packages/com.unity.purchasing/Runtime/AppleMacos/UnityEngine.Purchasing.AppleMacos.asmdef)
Folder 'Packages/com.unity.purchasing/Runtime/AppleMacos/' contains multiple assembly definition files (Packages/com.unity.purchasing/Runtime/AppleMacos/Unity.Purchasing.AppleMacos.asmdef)
Folder 'Packages/com.unity.purchasing/Runtime/Codeless/' contains multiple assembly definition files (Packages/com.unity.purchasing/Runtime/Codeless/Unity.Purchasing.Codeless.asmdef)
Folder 'Packages/com.unity.purchasing/Runtime/Codeless/' contains multiple assembly definition files (Packages/com.unity.purchasing/Runtime/Codeless/UnityEngine.Purchasing.Codeless.asmdef)
ArgumentException: An item with the same key has already been added. Key: 400f2260dd8d285419d1db99999109aa
  at System.Collections.Generic.Dictionary`2[TKey,TValue].TryInsert (TKey key, TValue value, System.Collections.Generic.InsertionBehavior behavior) [0x0015a] in <c5eeda5e65d44b388e164c6c5cfe0702>:0 
  at System.Collections.Generic.Dictionary`2[TKey,TValue].Add (TKey key, TValue value) [0x00000] in <c5eeda5e65d44b388e164c6c5cfe0702>:0 
  at System.Linq.Enumerable.ToDictionary[TSource,TKey,TElement] (TSource[] source, System.Func`2[T,TResult] keySelector, System.Func`2[T,TResult] elementSelector, System.Collections.Generic.IEqualityComparer`1[T] comparer) [0x00029] in <8203c5af529241e2a5cc4b3c5a3dc69a>:0 
  at System.Linq.Enumerable.ToDictionary[TSource,TKey,TElement] (System.Collections.Generic.IEnumerable`1[T] source, System.Func`2[T,TResult] keySelector, System.Func`2[T,TResult] elementSelector, System.Collections.Generic.IEqualityComparer`1[T] comparer) [0x00051] in <8203c5af529241e2a5cc4b3c5a3dc69a>:0 
  at System.Linq.Enumerable.ToDictionary[TSource,TKey,TElement] (System.Collections.Generic.IEnumerable`1[T] source, System.Func`2[T,TResult] keySelector, System.Func`2[T,TResult] elementSelector) [0x00000] in <8203c5af529241e2a5cc4b3c5a3dc69a>:0 
  at UnityEditor.Scripting.ScriptCompilation.AssemblyGraphBuilder.Initialize (System.Collections.Generic.IReadOnlyCollection`1[T] assemblies, System.Collections.Generic.IReadOnlyCollection`1[T] customScriptAssemblyReferences) [0x00046] in /Users/bokken/build/output/unity/unity/Editor/Mono/Scripting/ScriptCompilation/AssemblyGraphBuilder.cs:85 
  at UnityEditor.Scripting.ScriptCompilation.AssemblyGraphBuilderFactory.GetOrCreate (System.String projectPath, System.Collections.Generic.IReadOnlyCollection`1[T] assemblies, System.Collections.Generic.IReadOnlyCollection`1[T] customScriptAssemblyReferences) [0x00038] in /Users/bokken/build/output/unity/unity/Editor/Mono/Scripting/ScriptCompilation/AssemblyGraphBuilderFactory.cs:54 
  at UnityEditor.Scripting.ScriptCompilation.EditorCompilation.GetAssemblyGraphBuilder () [0x00001] in /Users/bokken/build/output/unity/unity/Editor/Mono/Scripting/ScriptCompilation/EditorCompilation.cs:170 
  at UnityEditor.Scripting.ScriptCompilation.EditorCompilation.SetAllScripts (System.String[] allScripts) [0x0000d] in /Users/bokken/build/output/unity/unity/Editor/Mono/Scripting/ScriptCompilation/EditorCompilation.cs:178 
  at UnityEditor.Scripting.ScriptCompilation.EditorCompilationInterface.SetAllScripts (System.String[] allScripts) [0x00001] in /Users/bokken/build/output/unity/unity/Editor/Mono/Scripting/ScriptCompilation/EditorCompilationInterface.cs:79 

(Filename: /Users/bokken/build/output/unity/unity/Editor/Mono/Scripting/ScriptCompilation/AssemblyGraphBuilder.cs Line: 85)

Refreshing native plugins compatible for Editor in 3.59 ms, found 1 plugins.
[Package Manager] Failed to launch server process. Reason: Unity was launched with the -noUpm command-line argument
[Package Manager] Unable to send message (not connected to server process).
[Package Manager] Cannot connect to Unity Package Manager local server
ScheduleIndexationOnStartup MainProcess:False IndexOnStartup:True
Mono: successfully reloaded assembly
- Finished resetting the current domain, in  0.968 seconds
Domain Reload Profiling: 1435ms
	BeginReloadAssembly (107ms)
		ExecutionOrderSort (0ms)
		DisableScriptedObjects (4ms)
		BackupInstance (0ms)
		ReleaseScriptingObjects (0ms)
		CreateAndSetChildDomain (36ms)
	RebuildCommonClasses (25ms)
	RebuildNativeTypeToScriptingClass (10ms)
	initialDomainReloadingComplete (15ms)
	LoadAllAssembliesAndSetupDomain (310ms)
		LoadAssemblies (214ms)
		RebuildTransferFunctionScriptingTraits (0ms)
		AnalyzeDomain (123ms)
			TypeCache.Refresh (7ms)
				TypeCache.ScanAssembly (0ms)
			BuildScriptInfoCaches (109ms)
			ResolveRequiredComponents (3ms)
	FinalizeReload (969ms)
		ReleaseScriptCaches (0ms)
		RebuildScriptCaches (0ms)
		SetupLoadedEditorAssemblies (871ms)
			LogAssemblyErrors (0ms)
			InitializePlatformSupportModulesInManaged (13ms)
			SetLoadedEditorAssemblies (3ms)
			BeforeProcessingInitializeOnLoad (102ms)
			ProcessInitializeOnLoadAttributes (684ms)
			ProcessInitializeOnLoadMethodAttributes (68ms)
			AfterProcessingInitializeOnLoad (1ms)
			EditorAssembliesLoaded (0ms)
		ExecutionOrderSort2 (0ms)
		AwakeInstancesAfterBackupRestoration (4ms)
Refreshing native plugins compatible for Editor in 3.25 ms, found 1 plugins.
Preloading 0 native plugins for Editor in 0.00 ms.
Unloading 29 Unused Serialized files (Serialized files now loaded: 0)
Unloading 6234 unused Assets / (4.4 MB). Loaded Objects now: 7013.
Memory consumption went from 142.6 MB to 138.2 MB.
Total: 21.755375 ms (FindLiveObjects: 0.316750 ms CreateObjectMapping: 0.178750 ms MarkObjects: 19.710500 ms  DeleteObjects: 1.548708 ms)

Prepare: number of updated asset objects reloaded= 0
========================================================================
Received Prepare
Refreshing native plugins compatible for Editor in 2.77 ms, found 1 plugins.
Preloading 0 native plugins for Editor in 0.00 ms.
Unloading 29 Unused Serialized files (Serialized files now loaded: 0)
Unloading 6162 unused Assets / (4.4 MB). Loaded Objects now: 7013.
Memory consumption went from 125.2 MB to 120.8 MB.
Total: 20.418875 ms (FindLiveObjects: 0.311875 ms CreateObjectMapping: 0.163334 ms MarkObjects: 18.547583 ms  DeleteObjects: 1.395666 ms)

Prepare: number of updated asset objects reloaded= 0
========================================================================
Received Prepare
Folder 'Packages/com.unity.purchasing/Runtime/Apple/' contains multiple assembly definition files (Packages/com.unity.purchasing/Runtime/Apple/UnityEngine.Purchasing.Apple.asmdef)
Folder 'Packages/com.unity.purchasing/Runtime/Apple/' contains multiple assembly definition files (Packages/com.unity.purchasing/Runtime/Apple/Unity.Purchasing.Apple.asmdef)
Folder 'Packages/com.unity.purchasing/Runtime/SecurityStub/' contains multiple assembly definition files (Packages/com.unity.purchasing/Runtime/SecurityStub/UnityEngine.Purchasing.SecurityStub.asmdef)
Folder 'Packages/com.unity.purchasing/Runtime/SecurityStub/' contains multiple assembly definition files (Packages/com.unity.purchasing/Runtime/SecurityStub/Unity.Purchasing.SecurityStub.asmdef)
Folder 'Packages/com.unity.purchasing/Runtime/Security/' contains multiple assembly definition files (Packages/com.unity.purchasing/Runtime/Security/Unity.Purchasing.Security.asmdef)
Folder 'Packages/com.unity.purchasing/Runtime/Security/' contains multiple assembly definition files (Packages/com.unity.purchasing/Runtime/Security/UnityEngine.Purchasing.Security.asmdef)
Folder 'Packages/com.unity.purchasing/Runtime/Stores/' contains multiple assembly definition files (Packages/com.unity.purchasing/Runtime/Stores/UnityEngine.Purchasing.Stores.asmdef)
Folder 'Packages/com.unity.purchasing/Runtime/Stores/' contains multiple assembly definition files (Packages/com.unity.purchasing/Runtime/Stores/Unity.Purchasing.Stores.asmdef)
Folder 'Packages/com.unity.purchasing/Runtime/SecurityCore/' contains multiple assembly definition files (Packages/com.unity.purchasing/Runtime/SecurityCore/Unity.Purchasing.SecurityCore.asmdef)
Folder 'Packages/com.unity.purchasing/Runtime/SecurityCore/' contains multiple assembly definition files (Packages/com.unity.purchasing/Runtime/SecurityCore/UnityEngine.Purchasing.SecurityCore.asmdef)
Folder 'Packages/com.unity.purchasing/Runtime/Purchasing/' contains multiple assembly definition files (Packages/com.unity.purchasing/Runtime/Purchasing/UnityEngine.Purchasing.asmdef)
Folder 'Packages/com.unity.purchasing/Runtime/Purchasing/' contains multiple assembly definition files (Packages/com.unity.purchasing/Runtime/Purchasing/Unity.Purchasing.asmdef)
Folder 'Packages/com.unity.purchasing/Runtime/AppleMacosStub/' contains multiple assembly definition files (Packages/com.unity.purchasing/Runtime/AppleMacosStub/UnityEngine.Purchasing.AppleMacosStub.asmdef)
Folder 'Packages/com.unity.purchasing/Runtime/AppleMacosStub/' contains multiple assembly definition files (Packages/com.unity.purchasing/Runtime/AppleMacosStub/Unity.Purchasing.AppleMacosStub.asmdef)
Folder 'Packages/com.unity.purchasing/Runtime/AppleStub/' contains multiple assembly definition files (Packages/com.unity.purchasing/Runtime/AppleStub/Unity.Purchasing.AppleStub.asmdef)
Folder 'Packages/com.unity.purchasing/Runtime/AppleStub/' contains multiple assembly definition files (Packages/com.unity.purchasing/Runtime/AppleStub/UnityEngine.Purchasing.AppleStub.asmdef)
Folder 'Packages/com.unity.purchasing/Runtime/AppleMacos/' contains multiple assembly definition files (Packages/com.unity.purchasing/Runtime/AppleMacos/UnityEngine.Purchasing.AppleMacos.asmdef)
Folder 'Packages/com.unity.purchasing/Runtime/AppleMacos/' contains multiple assembly definition files (Packages/com.unity.purchasing/Runtime/AppleMacos/Unity.Purchasing.AppleMacos.asmdef)
Folder 'Packages/com.unity.purchasing/Runtime/Codeless/' contains multiple assembly definition files (Packages/com.unity.purchasing/Runtime/Codeless/Unity.Purchasing.Codeless.asmdef)
Folder 'Packages/com.unity.purchasing/Runtime/Codeless/' contains multiple assembly definition files (Packages/com.unity.purchasing/Runtime/Codeless/UnityEngine.Purchasing.Codeless.asmdef)
ArgumentException: An item with the same key has already been added. Key: 400f2260dd8d285419d1db99999109aa
  at System.Collections.Generic.Dictionary`2[TKey,TValue].TryInsert (TKey key, TValue value, System.Collections.Generic.InsertionBehavior behavior) [0x0015a] in <c5eeda5e65d44b388e164c6c5cfe0702>:0 
  at System.Collections.Generic.Dictionary`2[TKey,TValue].Add (TKey key, TValue value) [0x00000] in <c5eeda5e65d44b388e164c6c5cfe0702>:0 
  at System.Linq.Enumerable.ToDictionary[TSource,TKey,TElement] (TSource[] source, System.Func`2[T,TResult] keySelector, System.Func`2[T,TResult] elementSelector, System.Collections.Generic.IEqualityComparer`1[T] comparer) [0x00029] in <8203c5af529241e2a5cc4b3c5a3dc69a>:0 
  at System.Linq.Enumerable.ToDictionary[TSource,TKey,TElement] (System.Collections.Generic.IEnumerable`1[T] source, System.Func`2[T,TResult] keySelector, System.Func`2[T,TResult] elementSelector, System.Collections.Generic.IEqualityComparer`1[T] comparer) [0x00051] in <8203c5af529241e2a5cc4b3c5a3dc69a>:0 
  at System.Linq.Enumerable.ToDictionary[TSource,TKey,TElement] (System.Collections.Generic.IEnumerable`1[T] source, System.Func`2[T,TResult] keySelector, System.Func`2[T,TResult] elementSelector) [0x00000] in <8203c5af529241e2a5cc4b3c5a3dc69a>:0 
  at UnityEditor.Scripting.ScriptCompilation.AssemblyGraphBuilder.Initialize (System.Collections.Generic.IReadOnlyCollection`1[T] assemblies, System.Collections.Generic.IReadOnlyCollection`1[T] customScriptAssemblyReferences) [0x00046] in /Users/bokken/build/output/unity/unity/Editor/Mono/Scripting/ScriptCompilation/AssemblyGraphBuilder.cs:85 
  at UnityEditor.Scripting.ScriptCompilation.AssemblyGraphBuilderFactory.GetOrCreate (System.String projectPath, System.Collections.Generic.IReadOnlyCollection`1[T] assemblies, System.Collections.Generic.IReadOnlyCollection`1[T] customScriptAssemblyReferences) [0x00038] in /Users/bokken/build/output/unity/unity/Editor/Mono/Scripting/ScriptCompilation/AssemblyGraphBuilderFactory.cs:54 
  at UnityEditor.Scripting.ScriptCompilation.EditorCompilation.GetAssemblyGraphBuilder () [0x00001] in /Users/bokken/build/output/unity/unity/Editor/Mono/Scripting/ScriptCompilation/EditorCompilation.cs:170 
  at UnityEditor.Scripting.ScriptCompilation.EditorCompilation.SetAllScripts (System.String[] allScripts) [0x0000d] in /Users/bokken/build/output/unity/unity/Editor/Mono/Scripting/ScriptCompilation/EditorCompilation.cs:178 
  at UnityEditor.Scripting.ScriptCompilation.EditorCompilationInterface.SetAllScripts (System.String[] allScripts) [0x00001] in /Users/bokken/build/output/unity/unity/Editor/Mono/Scripting/ScriptCompilation/EditorCompilationInterface.cs:79 

(Filename: /Users/bokken/build/output/unity/unity/Editor/Mono/Scripting/ScriptCompilation/AssemblyGraphBuilder.cs Line: 85)

Folder 'Packages/com.unity.purchasing/Runtime/Apple/' contains multiple assembly definition files (Packages/com.unity.purchasing/Runtime/Apple/UnityEngine.Purchasing.Apple.asmdef)
Folder 'Packages/com.unity.purchasing/Runtime/Apple/' contains multiple assembly definition files (Packages/com.unity.purchasing/Runtime/Apple/Unity.Purchasing.Apple.asmdef)
Folder 'Packages/com.unity.purchasing/Runtime/SecurityStub/' contains multiple assembly definition files (Packages/com.unity.purchasing/Runtime/SecurityStub/UnityEngine.Purchasing.SecurityStub.asmdef)
Folder 'Packages/com.unity.purchasing/Runtime/SecurityStub/' contains multiple assembly definition files (Packages/com.unity.purchasing/Runtime/SecurityStub/Unity.Purchasing.SecurityStub.asmdef)
Folder 'Packages/com.unity.purchasing/Runtime/Security/' contains multiple assembly definition files (Packages/com.unity.purchasing/Runtime/Security/Unity.Purchasing.Security.asmdef)
Folder 'Packages/com.unity.purchasing/Runtime/Security/' contains multiple assembly definition files (Packages/com.unity.purchasing/Runtime/Security/UnityEngine.Purchasing.Security.asmdef)
Folder 'Packages/com.unity.purchasing/Runtime/Stores/' contains multiple assembly definition files (Packages/com.unity.purchasing/Runtime/Stores/UnityEngine.Purchasing.Stores.asmdef)
Folder 'Packages/com.unity.purchasing/Runtime/Stores/' contains multiple assembly definition files (Packages/com.unity.purchasing/Runtime/Stores/Unity.Purchasing.Stores.asmdef)
Folder 'Packages/com.unity.purchasing/Runtime/SecurityCore/' contains multiple assembly definition files (Packages/com.unity.purchasing/Runtime/SecurityCore/Unity.Purchasing.SecurityCore.asmdef)
Folder 'Packages/com.unity.purchasing/Runtime/SecurityCore/' contains multiple assembly definition files (Packages/com.unity.purchasing/Runtime/SecurityCore/UnityEngine.Purchasing.SecurityCore.asmdef)
Folder 'Packages/com.unity.purchasing/Runtime/Purchasing/' contains multiple assembly definition files (Packages/com.unity.purchasing/Runtime/Purchasing/UnityEngine.Purchasing.asmdef)
Folder 'Packages/com.unity.purchasing/Runtime/Purchasing/' contains multiple assembly definition files (Packages/com.unity.purchasing/Runtime/Purchasing/Unity.Purchasing.asmdef)
Folder 'Packages/com.unity.purchasing/Runtime/AppleMacosStub/' contains multiple assembly definition files (Packages/com.unity.purchasing/Runtime/AppleMacosStub/UnityEngine.Purchasing.AppleMacosStub.asmdef)
Folder 'Packages/com.unity.purchasing/Runtime/AppleMacosStub/' contains multiple assembly definition files (Packages/com.unity.purchasing/Runtime/AppleMacosStub/Unity.Purchasing.AppleMacosStub.asmdef)
Folder 'Packages/com.unity.purchasing/Runtime/AppleStub/' contains multiple assembly definition files (Packages/com.unity.purchasing/Runtime/AppleStub/Unity.Purchasing.AppleStub.asmdef)
Folder 'Packages/com.unity.purchasing/Runtime/AppleStub/' contains multiple assembly definition files (Packages/com.unity.purchasing/Runtime/AppleStub/UnityEngine.Purchasing.AppleStub.asmdef)
Folder 'Packages/com.unity.purchasing/Runtime/AppleMacos/' contains multiple assembly definition files (Packages/com.unity.purchasing/Runtime/AppleMacos/UnityEngine.Purchasing.AppleMacos.asmdef)
Folder 'Packages/com.unity.purchasing/Runtime/AppleMacos/' contains multiple assembly definition files (Packages/com.unity.purchasing/Runtime/AppleMacos/Unity.Purchasing.AppleMacos.asmdef)
Folder 'Packages/com.unity.purchasing/Runtime/Codeless/' contains multiple assembly definition files (Packages/com.unity.purchasing/Runtime/Codeless/Unity.Purchasing.Codeless.asmdef)
Folder 'Packages/com.unity.purchasing/Runtime/Codeless/' contains multiple assembly definition files (Packages/com.unity.purchasing/Runtime/Codeless/UnityEngine.Purchasing.Codeless.asmdef)
ArgumentException: An item with the same key has already been added. Key: 400f2260dd8d285419d1db99999109aa
  at System.Collections.Generic.Dictionary`2[TKey,TValue].TryInsert (TKey key, TValue value, System.Collections.Generic.InsertionBehavior behavior) [0x0015a] in <c5eeda5e65d44b388e164c6c5cfe0702>:0 
  at System.Collections.Generic.Dictionary`2[TKey,TValue].Add (TKey key, TValue value) [0x00000] in <c5eeda5e65d44b388e164c6c5cfe0702>:0 
  at System.Linq.Enumerable.ToDictionary[TSource,TKey,TElement] (TSource[] source, System.Func`2[T,TResult] keySelector, System.Func`2[T,TResult] elementSelector, System.Collections.Generic.IEqualityComparer`1[T] comparer) [0x00029] in <8203c5af529241e2a5cc4b3c5a3dc69a>:0 
  at System.Linq.Enumerable.ToDictionary[TSource,TKey,TElement] (System.Collections.Generic.IEnumerable`1[T] source, System.Func`2[T,TResult] keySelector, System.Func`2[T,TResult] elementSelector, System.Collections.Generic.IEqualityComparer`1[T] comparer) [0x00051] in <8203c5af529241e2a5cc4b3c5a3dc69a>:0 
  at System.Linq.Enumerable.ToDictionary[TSource,TKey,TElement] (System.Collections.Generic.IEnumerable`1[T] source, System.Func`2[T,TResult] keySelector, System.Func`2[T,TResult] elementSelector) [0x00000] in <8203c5af529241e2a5cc4b3c5a3dc69a>:0 
  at UnityEditor.Scripting.ScriptCompilation.AssemblyGraphBuilder.Initialize (System.Collections.Generic.IReadOnlyCollection`1[T] assemblies, System.Collections.Generic.IReadOnlyCollection`1[T] customScriptAssemblyReferences) [0x00046] in /Users/bokken/build/output/unity/unity/Editor/Mono/Scripting/ScriptCompilation/AssemblyGraphBuilder.cs:85 
  at UnityEditor.Scripting.ScriptCompilation.AssemblyGraphBuilderFactory.GetOrCreate (System.String projectPath, System.Collections.Generic.IReadOnlyCollection`1[T] assemblies, System.Collections.Generic.IReadOnlyCollection`1[T] customScriptAssemblyReferences) [0x00038] in /Users/bokken/build/output/unity/unity/Editor/Mono/Scripting/ScriptCompilation/AssemblyGraphBuilderFactory.cs:54 
  at UnityEditor.Scripting.ScriptCompilation.EditorCompilation.GetAssemblyGraphBuilder () [0x00001] in /Users/bokken/build/output/unity/unity/Editor/Mono/Scripting/ScriptCompilation/EditorCompilation.cs:170 
  at UnityEditor.Scripting.ScriptCompilation.EditorCompilation.SetAllScripts (System.String[] allScripts) [0x0000d] in /Users/bokken/build/output/unity/unity/Editor/Mono/Scripting/ScriptCompilation/EditorCompilation.cs:178 
  at UnityEditor.Scripting.ScriptCompilation.EditorCompilationInterface.SetAllScripts (System.String[] allScripts) [0x00001] in /Users/bokken/build/output/unity/unity/Editor/Mono/Scripting/ScriptCompilation/EditorCompilationInterface.cs:79 

(Filename: /Users/bokken/build/output/unity/unity/Editor/Mono/Scripting/ScriptCompilation/AssemblyGraphBuilder.cs Line: 85)

Begin MonoManager ReloadAssembly
Thread 0x16b97b000 may have been prematurely finalized
Symbol file LoadedFromMemory is not a mono symbol file
- Loaded All Assemblies, in  0.486 seconds
Folder 'Packages/com.unity.purchasing/Runtime/Apple/' contains multiple assembly definition files (Packages/com.unity.purchasing/Runtime/Apple/UnityEngine.Purchasing.Apple.asmdef)
Folder 'Packages/com.unity.purchasing/Runtime/Apple/' contains multiple assembly definition files (Packages/com.unity.purchasing/Runtime/Apple/Unity.Purchasing.Apple.asmdef)
Folder 'Packages/com.unity.purchasing/Runtime/SecurityStub/' contains multiple assembly definition files (Packages/com.unity.purchasing/Runtime/SecurityStub/UnityEngine.Purchasing.SecurityStub.asmdef)
Folder 'Packages/com.unity.purchasing/Runtime/SecurityStub/' contains multiple assembly definition files (Packages/com.unity.purchasing/Runtime/SecurityStub/Unity.Purchasing.SecurityStub.asmdef)
Folder 'Packages/com.unity.purchasing/Runtime/Security/' contains multiple assembly definition files (Packages/com.unity.purchasing/Runtime/Security/Unity.Purchasing.Security.asmdef)
Folder 'Packages/com.unity.purchasing/Runtime/Security/' contains multiple assembly definition files (Packages/com.unity.purchasing/Runtime/Security/UnityEngine.Purchasing.Security.asmdef)
Folder 'Packages/com.unity.purchasing/Runtime/Stores/' contains multiple assembly definition files (Packages/com.unity.purchasing/Runtime/Stores/UnityEngine.Purchasing.Stores.asmdef)
Folder 'Packages/com.unity.purchasing/Runtime/Stores/' contains multiple assembly definition files (Packages/com.unity.purchasing/Runtime/Stores/Unity.Purchasing.Stores.asmdef)
Folder 'Packages/com.unity.purchasing/Runtime/SecurityCore/' contains multiple assembly definition files (Packages/com.unity.purchasing/Runtime/SecurityCore/Unity.Purchasing.SecurityCore.asmdef)
Folder 'Packages/com.unity.purchasing/Runtime/SecurityCore/' contains multiple assembly definition files (Packages/com.unity.purchasing/Runtime/SecurityCore/UnityEngine.Purchasing.SecurityCore.asmdef)
Folder 'Packages/com.unity.purchasing/Runtime/Purchasing/' contains multiple assembly definition files (Packages/com.unity.purchasing/Runtime/Purchasing/UnityEngine.Purchasing.asmdef)
Folder 'Packages/com.unity.purchasing/Runtime/Purchasing/' contains multiple assembly definition files (Packages/com.unity.purchasing/Runtime/Purchasing/Unity.Purchasing.asmdef)
Folder 'Packages/com.unity.purchasing/Runtime/AppleMacosStub/' contains multiple assembly definition files (Packages/com.unity.purchasing/Runtime/AppleMacosStub/UnityEngine.Purchasing.AppleMacosStub.asmdef)
Folder 'Packages/com.unity.purchasing/Runtime/AppleMacosStub/' contains multiple assembly definition files (Packages/com.unity.purchasing/Runtime/AppleMacosStub/Unity.Purchasing.AppleMacosStub.asmdef)
Folder 'Packages/com.unity.purchasing/Runtime/AppleStub/' contains multiple assembly definition files (Packages/com.unity.purchasing/Runtime/AppleStub/Unity.Purchasing.AppleStub.asmdef)
Folder 'Packages/com.unity.purchasing/Runtime/AppleStub/' contains multiple assembly definition files (Packages/com.unity.purchasing/Runtime/AppleStub/UnityEngine.Purchasing.AppleStub.asmdef)
Folder 'Packages/com.unity.purchasing/Runtime/AppleMacos/' contains multiple assembly definition files (Packages/com.unity.purchasing/Runtime/AppleMacos/UnityEngine.Purchasing.AppleMacos.asmdef)
Folder 'Packages/com.unity.purchasing/Runtime/AppleMacos/' contains multiple assembly definition files (Packages/com.unity.purchasing/Runtime/AppleMacos/Unity.Purchasing.AppleMacos.asmdef)
Folder 'Packages/com.unity.purchasing/Runtime/Codeless/' contains multiple assembly definition files (Packages/com.unity.purchasing/Runtime/Codeless/Unity.Purchasing.Codeless.asmdef)
Folder 'Packages/com.unity.purchasing/Runtime/Codeless/' contains multiple assembly definition files (Packages/com.unity.purchasing/Runtime/Codeless/UnityEngine.Purchasing.Codeless.asmdef)
ArgumentException: An item with the same key has already been added. Key: 400f2260dd8d285419d1db99999109aa
  at System.Collections.Generic.Dictionary`2[TKey,TValue].TryInsert (TKey key, TValue value, System.Collections.Generic.InsertionBehavior behavior) [0x0015a] in <c5eeda5e65d44b388e164c6c5cfe0702>:0 
  at System.Collections.Generic.Dictionary`2[TKey,TValue].Add (TKey key, TValue value) [0x00000] in <c5eeda5e65d44b388e164c6c5cfe0702>:0 
  at System.Linq.Enumerable.ToDictionary[TSource,TKey,TElement] (TSource[] source, System.Func`2[T,TResult] keySelector, System.Func`2[T,TResult] elementSelector, System.Collections.Generic.IEqualityComparer`1[T] comparer) [0x00029] in <8203c5af529241e2a5cc4b3c5a3dc69a>:0 
  at System.Linq.Enumerable.ToDictionary[TSource,TKey,TElement] (System.Collections.Generic.IEnumerable`1[T] source, System.Func`2[T,TResult] keySelector, System.Func`2[T,TResult] elementSelector, System.Collections.Generic.IEqualityComparer`1[T] comparer) [0x00051] in <8203c5af529241e2a5cc4b3c5a3dc69a>:0 
  at System.Linq.Enumerable.ToDictionary[TSource,TKey,TElement] (System.Collections.Generic.IEnumerable`1[T] source, System.Func`2[T,TResult] keySelector, System.Func`2[T,TResult] elementSelector) [0x00000] in <8203c5af529241e2a5cc4b3c5a3dc69a>:0 
  at UnityEditor.Scripting.ScriptCompilation.AssemblyGraphBuilder.Initialize (System.Collections.Generic.IReadOnlyCollection`1[T] assemblies, System.Collections.Generic.IReadOnlyCollection`1[T] customScriptAssemblyReferences) [0x00046] in /Users/bokken/build/output/unity/unity/Editor/Mono/Scripting/ScriptCompilation/AssemblyGraphBuilder.cs:85 
  at UnityEditor.Scripting.ScriptCompilation.AssemblyGraphBuilderFactory.GetOrCreate (System.String projectPath, System.Collections.Generic.IReadOnlyCollection`1[T] assemblies, System.Collections.Generic.IReadOnlyCollection`1[T] customScriptAssemblyReferences) [0x00038] in /Users/bokken/build/output/unity/unity/Editor/Mono/Scripting/ScriptCompilation/AssemblyGraphBuilderFactory.cs:54 
  at UnityEditor.Scripting.ScriptCompilation.EditorCompilation.GetAssemblyGraphBuilder () [0x00001] in /Users/bokken/build/output/unity/unity/Editor/Mono/Scripting/ScriptCompilation/EditorCompilation.cs:170 
  at UnityEditor.Scripting.ScriptCompilation.EditorCompilation.SetAllScripts (System.String[] allScripts) [0x0000d] in /Users/bokken/build/output/unity/unity/Editor/Mono/Scripting/ScriptCompilation/EditorCompilation.cs:178 
  at UnityEditor.Scripting.ScriptCompilation.EditorCompilationInterface.SetAllScripts (System.String[] allScripts) [0x00001] in /Users/bokken/build/output/unity/unity/Editor/Mono/Scripting/ScriptCompilation/EditorCompilationInterface.cs:79 

(Filename: /Users/bokken/build/output/unity/unity/Editor/Mono/Scripting/ScriptCompilation/AssemblyGraphBuilder.cs Line: 85)

Refreshing native plugins compatible for Editor in 2.92 ms, found 1 plugins.
Native extension for iOS target not found
Native extension for Android target not found
Native extension for OSXStandalone target not found
Native extension for WebGL target not found
Folder 'Packages/com.unity.purchasing/Runtime/Apple/' contains multiple assembly definition files (Packages/com.unity.purchasing/Runtime/Apple/UnityEngine.Purchasing.Apple.asmdef)
Folder 'Packages/com.unity.purchasing/Runtime/Apple/' contains multiple assembly definition files (Packages/com.unity.purchasing/Runtime/Apple/Unity.Purchasing.Apple.asmdef)
Folder 'Packages/com.unity.purchasing/Runtime/SecurityStub/' contains multiple assembly definition files (Packages/com.unity.purchasing/Runtime/SecurityStub/UnityEngine.Purchasing.SecurityStub.asmdef)
Folder 'Packages/com.unity.purchasing/Runtime/SecurityStub/' contains multiple assembly definition files (Packages/com.unity.purchasing/Runtime/SecurityStub/Unity.Purchasing.SecurityStub.asmdef)
Folder 'Packages/com.unity.purchasing/Runtime/Security/' contains multiple assembly definition files (Packages/com.unity.purchasing/Runtime/Security/Unity.Purchasing.Security.asmdef)
Folder 'Packages/com.unity.purchasing/Runtime/Security/' contains multiple assembly definition files (Packages/com.unity.purchasing/Runtime/Security/UnityEngine.Purchasing.Security.asmdef)
Folder 'Packages/com.unity.purchasing/Runtime/Stores/' contains multiple assembly definition files (Packages/com.unity.purchasing/Runtime/Stores/UnityEngine.Purchasing.Stores.asmdef)
Folder 'Packages/com.unity.purchasing/Runtime/Stores/' contains multiple assembly definition files (Packages/com.unity.purchasing/Runtime/Stores/Unity.Purchasing.Stores.asmdef)
Folder 'Packages/com.unity.purchasing/Runtime/SecurityCore/' contains multiple assembly definition files (Packages/com.unity.purchasing/Runtime/SecurityCore/Unity.Purchasing.SecurityCore.asmdef)
Folder 'Packages/com.unity.purchasing/Runtime/SecurityCore/' contains multiple assembly definition files (Packages/com.unity.purchasing/Runtime/SecurityCore/UnityEngine.Purchasing.SecurityCore.asmdef)
Folder 'Packages/com.unity.purchasing/Runtime/Purchasing/' contains multiple assembly definition files (Packages/com.unity.purchasing/Runtime/Purchasing/UnityEngine.Purchasing.asmdef)
Folder 'Packages/com.unity.purchasing/Runtime/Purchasing/' contains multiple assembly definition files (Packages/com.unity.purchasing/Runtime/Purchasing/Unity.Purchasing.asmdef)
Folder 'Packages/com.unity.purchasing/Runtime/AppleMacosStub/' contains multiple assembly definition files (Packages/com.unity.purchasing/Runtime/AppleMacosStub/UnityEngine.Purchasing.AppleMacosStub.asmdef)
Folder 'Packages/com.unity.purchasing/Runtime/AppleMacosStub/' contains multiple assembly definition files (Packages/com.unity.purchasing/Runtime/AppleMacosStub/Unity.Purchasing.AppleMacosStub.asmdef)
Folder 'Packages/com.unity.purchasing/Runtime/AppleStub/' contains multiple assembly definition files (Packages/com.unity.purchasing/Runtime/AppleStub/Unity.Purchasing.AppleStub.asmdef)
Folder 'Packages/com.unity.purchasing/Runtime/AppleStub/' contains multiple assembly definition files (Packages/com.unity.purchasing/Runtime/AppleStub/UnityEngine.Purchasing.AppleStub.asmdef)
Folder 'Packages/com.unity.purchasing/Runtime/AppleMacos/' contains multiple assembly definition files (Packages/com.unity.purchasing/Runtime/AppleMacos/UnityEngine.Purchasing.AppleMacos.asmdef)
Folder 'Packages/com.unity.purchasing/Runtime/AppleMacos/' contains multiple assembly definition files (Packages/com.unity.purchasing/Runtime/AppleMacos/Unity.Purchasing.AppleMacos.asmdef)
Folder 'Packages/com.unity.purchasing/Runtime/Codeless/' contains multiple assembly definition files (Packages/com.unity.purchasing/Runtime/Codeless/Unity.Purchasing.Codeless.asmdef)
Folder 'Packages/com.unity.purchasing/Runtime/Codeless/' contains multiple assembly definition files (Packages/com.unity.purchasing/Runtime/Codeless/UnityEngine.Purchasing.Codeless.asmdef)
ArgumentException: An item with the same key has already been added. Key: 400f2260dd8d285419d1db99999109aa
  at System.Collections.Generic.Dictionary`2[TKey,TValue].TryInsert (TKey key, TValue value, System.Collections.Generic.InsertionBehavior behavior) [0x0015a] in <c5eeda5e65d44b388e164c6c5cfe0702>:0 
  at System.Collections.Generic.Dictionary`2[TKey,TValue].Add (TKey key, TValue value) [0x00000] in <c5eeda5e65d44b388e164c6c5cfe0702>:0 
  at System.Linq.Enumerable.ToDictionary[TSource,TKey,TElement] (TSource[] source, System.Func`2[T,TResult] keySelector, System.Func`2[T,TResult] elementSelector, System.Collections.Generic.IEqualityComparer`1[T] comparer) [0x00029] in <8203c5af529241e2a5cc4b3c5a3dc69a>:0 
  at System.Linq.Enumerable.ToDictionary[TSource,TKey,TElement] (System.Collections.Generic.IEnumerable`1[T] source, System.Func`2[T,TResult] keySelector, System.Func`2[T,TResult] elementSelector, System.Collections.Generic.IEqualityComparer`1[T] comparer) [0x00051] in <8203c5af529241e2a5cc4b3c5a3dc69a>:0 
  at System.Linq.Enumerable.ToDictionary[TSource,TKey,TElement] (System.Collections.Generic.IEnumerable`1[T] source, System.Func`2[T,TResult] keySelector, System.Func`2[T,TResult] elementSelector) [0x00000] in <8203c5af529241e2a5cc4b3c5a3dc69a>:0 
  at UnityEditor.Scripting.ScriptCompilation.AssemblyGraphBuilder.Initialize (System.Collections.Generic.IReadOnlyCollection`1[T] assemblies, System.Collections.Generic.IReadOnlyCollection`1[T] customScriptAssemblyReferences) [0x00046] in /Users/bokken/build/output/unity/unity/Editor/Mono/Scripting/ScriptCompilation/AssemblyGraphBuilder.cs:85 
  at UnityEditor.Scripting.ScriptCompilation.AssemblyGraphBuilderFactory.GetOrCreate (System.String projectPath, System.Collections.Generic.IReadOnlyCollection`1[T] assemblies, System.Collections.Generic.IReadOnlyCollection`1[T] customScriptAssemblyReferences) [0x00038] in /Users/bokken/build/output/unity/unity/Editor/Mono/Scripting/ScriptCompilation/AssemblyGraphBuilderFactory.cs:54 
  at UnityEditor.Scripting.ScriptCompilation.EditorCompilation.GetAssemblyGraphBuilder () [0x00001] in /Users/bokken/build/output/unity/unity/Editor/Mono/Scripting/ScriptCompilation/EditorCompilation.cs:170 
  at UnityEditor.Scripting.ScriptCompilation.EditorCompilation.SetAllScripts (System.String[] allScripts) [0x0000d] in /Users/bokken/build/output/unity/unity/Editor/Mono/Scripting/ScriptCompilation/EditorCompilation.cs:178 
  at UnityEditor.Scripting.ScriptCompilation.EditorCompilationInterface.SetAllScripts (System.String[] allScripts) [0x00001] in /Users/bokken/build/output/unity/unity/Editor/Mono/Scripting/ScriptCompilation/EditorCompilationInterface.cs:79 

(Filename: /Users/bokken/build/output/unity/unity/Editor/Mono/Scripting/ScriptCompilation/AssemblyGraphBuilder.cs Line: 85)

Refreshing native plugins compatible for Editor in 2.98 ms, found 1 plugins.
[Package Manager] Failed to launch server process. Reason: Unity was launched with the -noUpm command-line argument
[Package Manager] Unable to send message (not connected to server process).
[Package Manager] Cannot connect to Unity Package Manager local server
ScheduleIndexationOnStartup MainProcess:False IndexOnStartup:True
Mono: successfully reloaded assembly
- Finished resetting the current domain, in  0.913 seconds
Domain Reload Profiling: 1401ms
	BeginReloadAssembly (116ms)
		ExecutionOrderSort (0ms)
		DisableScriptedObjects (4ms)
		BackupInstance (0ms)
		ReleaseScriptingObjects (0ms)
		CreateAndSetChildDomain (39ms)
	RebuildCommonClasses (25ms)
	RebuildNativeTypeToScriptingClass (10ms)
	initialDomainReloadingComplete (15ms)
	LoadAllAssembliesAndSetupDomain (322ms)
		LoadAssemblies (228ms)
		RebuildTransferFunctionScriptingTraits (0ms)
		AnalyzeDomain (127ms)
			TypeCache.Refresh (11ms)
				TypeCache.ScanAssembly (1ms)
			BuildScriptInfoCaches (111ms)
			ResolveRequiredComponents (3ms)
	FinalizeReload (913ms)
		ReleaseScriptCaches (0ms)
		RebuildScriptCaches (0ms)
		SetupLoadedEditorAssemblies (817ms)
			LogAssemblyErrors (0ms)
			InitializePlatformSupportModulesInManaged (15ms)
			SetLoadedEditorAssemblies (4ms)
			BeforeProcessingInitializeOnLoad (102ms)
			ProcessInitializeOnLoadAttributes (642ms)
			ProcessInitializeOnLoadMethodAttributes (54ms)
			AfterProcessingInitializeOnLoad (1ms)
			EditorAssembliesLoaded (0ms)
		ExecutionOrderSort2 (0ms)
		AwakeInstancesAfterBackupRestoration (3ms)
Refreshing native plugins compatible for Editor in 3.35 ms, found 1 plugins.
Preloading 0 native plugins for Editor in 0.00 ms.
Unloading 29 Unused Serialized files (Serialized files now loaded: 0)
Unloading 6234 unused Assets / (4.5 MB). Loaded Objects now: 7019.
Memory consumption went from 142.6 MB to 138.2 MB.
Total: 19.794583 ms (FindLiveObjects: 0.325292 ms CreateObjectMapping: 0.160084 ms MarkObjects: 18.086458 ms  DeleteObjects: 1.222333 ms)

Prepare: number of updated asset objects reloaded= 0
========================================================================
Received Prepare
Folder 'Packages/com.unity.purchasing/Runtime/Apple/' contains multiple assembly definition files (Packages/com.unity.purchasing/Runtime/Apple/UnityEngine.Purchasing.Apple.asmdef)
Folder 'Packages/com.unity.purchasing/Runtime/Apple/' contains multiple assembly definition files (Packages/com.unity.purchasing/Runtime/Apple/Unity.Purchasing.Apple.asmdef)
Folder 'Packages/com.unity.purchasing/Runtime/SecurityStub/' contains multiple assembly definition files (Packages/com.unity.purchasing/Runtime/SecurityStub/UnityEngine.Purchasing.SecurityStub.asmdef)
Folder 'Packages/com.unity.purchasing/Runtime/SecurityStub/' contains multiple assembly definition files (Packages/com.unity.purchasing/Runtime/SecurityStub/Unity.Purchasing.SecurityStub.asmdef)
Folder 'Packages/com.unity.purchasing/Runtime/Security/' contains multiple assembly definition files (Packages/com.unity.purchasing/Runtime/Security/Unity.Purchasing.Security.asmdef)
Folder 'Packages/com.unity.purchasing/Runtime/Security/' contains multiple assembly definition files (Packages/com.unity.purchasing/Runtime/Security/UnityEngine.Purchasing.Security.asmdef)
Folder 'Packages/com.unity.purchasing/Runtime/Stores/' contains multiple assembly definition files (Packages/com.unity.purchasing/Runtime/Stores/UnityEngine.Purchasing.Stores.asmdef)
Folder 'Packages/com.unity.purchasing/Runtime/Stores/' contains multiple assembly definition files (Packages/com.unity.purchasing/Runtime/Stores/Unity.Purchasing.Stores.asmdef)
Folder 'Packages/com.unity.purchasing/Runtime/SecurityCore/' contains multiple assembly definition files (Packages/com.unity.purchasing/Runtime/SecurityCore/Unity.Purchasing.SecurityCore.asmdef)
Folder 'Packages/com.unity.purchasing/Runtime/SecurityCore/' contains multiple assembly definition files (Packages/com.unity.purchasing/Runtime/SecurityCore/UnityEngine.Purchasing.SecurityCore.asmdef)
Folder 'Packages/com.unity.purchasing/Runtime/Purchasing/' contains multiple assembly definition files (Packages/com.unity.purchasing/Runtime/Purchasing/UnityEngine.Purchasing.asmdef)
Folder 'Packages/com.unity.purchasing/Runtime/Purchasing/' contains multiple assembly definition files (Packages/com.unity.purchasing/Runtime/Purchasing/Unity.Purchasing.asmdef)
Folder 'Packages/com.unity.purchasing/Runtime/AppleMacosStub/' contains multiple assembly definition files (Packages/com.unity.purchasing/Runtime/AppleMacosStub/UnityEngine.Purchasing.AppleMacosStub.asmdef)
Folder 'Packages/com.unity.purchasing/Runtime/AppleMacosStub/' contains multiple assembly definition files (Packages/com.unity.purchasing/Runtime/AppleMacosStub/Unity.Purchasing.AppleMacosStub.asmdef)
Folder 'Packages/com.unity.purchasing/Runtime/AppleStub/' contains multiple assembly definition files (Packages/com.unity.purchasing/Runtime/AppleStub/Unity.Purchasing.AppleStub.asmdef)
Folder 'Packages/com.unity.purchasing/Runtime/AppleStub/' contains multiple assembly definition files (Packages/com.unity.purchasing/Runtime/AppleStub/UnityEngine.Purchasing.AppleStub.asmdef)
Folder 'Packages/com.unity.purchasing/Runtime/AppleMacos/' contains multiple assembly definition files (Packages/com.unity.purchasing/Runtime/AppleMacos/UnityEngine.Purchasing.AppleMacos.asmdef)
Folder 'Packages/com.unity.purchasing/Runtime/AppleMacos/' contains multiple assembly definition files (Packages/com.unity.purchasing/Runtime/AppleMacos/Unity.Purchasing.AppleMacos.asmdef)
Folder 'Packages/com.unity.purchasing/Runtime/Codeless/' contains multiple assembly definition files (Packages/com.unity.purchasing/Runtime/Codeless/Unity.Purchasing.Codeless.asmdef)
Folder 'Packages/com.unity.purchasing/Runtime/Codeless/' contains multiple assembly definition files (Packages/com.unity.purchasing/Runtime/Codeless/UnityEngine.Purchasing.Codeless.asmdef)
ArgumentException: An item with the same key has already been added. Key: 400f2260dd8d285419d1db99999109aa
  at System.Collections.Generic.Dictionary`2[TKey,TValue].TryInsert (TKey key, TValue value, System.Collections.Generic.InsertionBehavior behavior) [0x0015a] in <c5eeda5e65d44b388e164c6c5cfe0702>:0 
  at System.Collections.Generic.Dictionary`2[TKey,TValue].Add (TKey key, TValue value) [0x00000] in <c5eeda5e65d44b388e164c6c5cfe0702>:0 
  at System.Linq.Enumerable.ToDictionary[TSource,TKey,TElement] (TSource[] source, System.Func`2[T,TResult] keySelector, System.Func`2[T,TResult] elementSelector, System.Collections.Generic.IEqualityComparer`1[T] comparer) [0x00029] in <8203c5af529241e2a5cc4b3c5a3dc69a>:0 
  at System.Linq.Enumerable.ToDictionary[TSource,TKey,TElement] (System.Collections.Generic.IEnumerable`1[T] source, System.Func`2[T,TResult] keySelector, System.Func`2[T,TResult] elementSelector, System.Collections.Generic.IEqualityComparer`1[T] comparer) [0x00051] in <8203c5af529241e2a5cc4b3c5a3dc69a>:0 
  at System.Linq.Enumerable.ToDictionary[TSource,TKey,TElement] (System.Collections.Generic.IEnumerable`1[T] source, System.Func`2[T,TResult] keySelector, System.Func`2[T,TResult] elementSelector) [0x00000] in <8203c5af529241e2a5cc4b3c5a3dc69a>:0 
  at UnityEditor.Scripting.ScriptCompilation.AssemblyGraphBuilder.Initialize (System.Collections.Generic.IReadOnlyCollection`1[T] assemblies, System.Collections.Generic.IReadOnlyCollection`1[T] customScriptAssemblyReferences) [0x00046] in /Users/bokken/build/output/unity/unity/Editor/Mono/Scripting/ScriptCompilation/AssemblyGraphBuilder.cs:85 
  at UnityEditor.Scripting.ScriptCompilation.AssemblyGraphBuilderFactory.GetOrCreate (System.String projectPath, System.Collections.Generic.IReadOnlyCollection`1[T] assemblies, System.Collections.Generic.IReadOnlyCollection`1[T] customScriptAssemblyReferences) [0x00038] in /Users/bokken/build/output/unity/unity/Editor/Mono/Scripting/ScriptCompilation/AssemblyGraphBuilderFactory.cs:54 
  at UnityEditor.Scripting.ScriptCompilation.EditorCompilation.GetAssemblyGraphBuilder () [0x00001] in /Users/bokken/build/output/unity/unity/Editor/Mono/Scripting/ScriptCompilation/EditorCompilation.cs:170 
  at UnityEditor.Scripting.ScriptCompilation.EditorCompilation.SetAllScripts (System.String[] allScripts) [0x0000d] in /Users/bokken/build/output/unity/unity/Editor/Mono/Scripting/ScriptCompilation/EditorCompilation.cs:178 
  at UnityEditor.Scripting.ScriptCompilation.EditorCompilationInterface.SetAllScripts (System.String[] allScripts) [0x00001] in /Users/bokken/build/output/unity/unity/Editor/Mono/Scripting/ScriptCompilation/EditorCompilationInterface.cs:79 

(Filename: /Users/bokken/build/output/unity/unity/Editor/Mono/Scripting/ScriptCompilation/AssemblyGraphBuilder.cs Line: 85)

Folder 'Packages/com.unity.purchasing/Runtime/Apple/' contains multiple assembly definition files (Packages/com.unity.purchasing/Runtime/Apple/UnityEngine.Purchasing.Apple.asmdef)
Folder 'Packages/com.unity.purchasing/Runtime/Apple/' contains multiple assembly definition files (Packages/com.unity.purchasing/Runtime/Apple/Unity.Purchasing.Apple.asmdef)
Folder 'Packages/com.unity.purchasing/Runtime/SecurityStub/' contains multiple assembly definition files (Packages/com.unity.purchasing/Runtime/SecurityStub/UnityEngine.Purchasing.SecurityStub.asmdef)
Folder 'Packages/com.unity.purchasing/Runtime/SecurityStub/' contains multiple assembly definition files (Packages/com.unity.purchasing/Runtime/SecurityStub/Unity.Purchasing.SecurityStub.asmdef)
Folder 'Packages/com.unity.purchasing/Runtime/Security/' contains multiple assembly definition files (Packages/com.unity.purchasing/Runtime/Security/Unity.Purchasing.Security.asmdef)
Folder 'Packages/com.unity.purchasing/Runtime/Security/' contains multiple assembly definition files (Packages/com.unity.purchasing/Runtime/Security/UnityEngine.Purchasing.Security.asmdef)
Folder 'Packages/com.unity.purchasing/Runtime/Stores/' contains multiple assembly definition files (Packages/com.unity.purchasing/Runtime/Stores/UnityEngine.Purchasing.Stores.asmdef)
Folder 'Packages/com.unity.purchasing/Runtime/Stores/' contains multiple assembly definition files (Packages/com.unity.purchasing/Runtime/Stores/Unity.Purchasing.Stores.asmdef)
Folder 'Packages/com.unity.purchasing/Runtime/SecurityCore/' contains multiple assembly definition files (Packages/com.unity.purchasing/Runtime/SecurityCore/Unity.Purchasing.SecurityCore.asmdef)
Folder 'Packages/com.unity.purchasing/Runtime/SecurityCore/' contains multiple assembly definition files (Packages/com.unity.purchasing/Runtime/SecurityCore/UnityEngine.Purchasing.SecurityCore.asmdef)
Folder 'Packages/com.unity.purchasing/Runtime/Purchasing/' contains multiple assembly definition files (Packages/com.unity.purchasing/Runtime/Purchasing/UnityEngine.Purchasing.asmdef)
Folder 'Packages/com.unity.purchasing/Runtime/Purchasing/' contains multiple assembly definition files (Packages/com.unity.purchasing/Runtime/Purchasing/Unity.Purchasing.asmdef)
Folder 'Packages/com.unity.purchasing/Runtime/AppleMacosStub/' contains multiple assembly definition files (Packages/com.unity.purchasing/Runtime/AppleMacosStub/UnityEngine.Purchasing.AppleMacosStub.asmdef)
Folder 'Packages/com.unity.purchasing/Runtime/AppleMacosStub/' contains multiple assembly definition files (Packages/com.unity.purchasing/Runtime/AppleMacosStub/Unity.Purchasing.AppleMacosStub.asmdef)
Folder 'Packages/com.unity.purchasing/Runtime/AppleStub/' contains multiple assembly definition files (Packages/com.unity.purchasing/Runtime/AppleStub/Unity.Purchasing.AppleStub.asmdef)
Folder 'Packages/com.unity.purchasing/Runtime/AppleStub/' contains multiple assembly definition files (Packages/com.unity.purchasing/Runtime/AppleStub/UnityEngine.Purchasing.AppleStub.asmdef)
Folder 'Packages/com.unity.purchasing/Runtime/AppleMacos/' contains multiple assembly definition files (Packages/com.unity.purchasing/Runtime/AppleMacos/UnityEngine.Purchasing.AppleMacos.asmdef)
Folder 'Packages/com.unity.purchasing/Runtime/AppleMacos/' contains multiple assembly definition files (Packages/com.unity.purchasing/Runtime/AppleMacos/Unity.Purchasing.AppleMacos.asmdef)
Folder 'Packages/com.unity.purchasing/Runtime/Codeless/' contains multiple assembly definition files (Packages/com.unity.purchasing/Runtime/Codeless/Unity.Purchasing.Codeless.asmdef)
Folder 'Packages/com.unity.purchasing/Runtime/Codeless/' contains multiple assembly definition files (Packages/com.unity.purchasing/Runtime/Codeless/UnityEngine.Purchasing.Codeless.asmdef)
ArgumentException: An item with the same key has already been added. Key: 400f2260dd8d285419d1db99999109aa
  at System.Collections.Generic.Dictionary`2[TKey,TValue].TryInsert (TKey key, TValue value, System.Collections.Generic.InsertionBehavior behavior) [0x0015a] in <c5eeda5e65d44b388e164c6c5cfe0702>:0 
  at System.Collections.Generic.Dictionary`2[TKey,TValue].Add (TKey key, TValue value) [0x00000] in <c5eeda5e65d44b388e164c6c5cfe0702>:0 
  at System.Linq.Enumerable.ToDictionary[TSource,TKey,TElement] (TSource[] source, System.Func`2[T,TResult] keySelector, System.Func`2[T,TResult] elementSelector, System.Collections.Generic.IEqualityComparer`1[T] comparer) [0x00029] in <8203c5af529241e2a5cc4b3c5a3dc69a>:0 
  at System.Linq.Enumerable.ToDictionary[TSource,TKey,TElement] (System.Collections.Generic.IEnumerable`1[T] source, System.Func`2[T,TResult] keySelector, System.Func`2[T,TResult] elementSelector, System.Collections.Generic.IEqualityComparer`1[T] comparer) [0x00051] in <8203c5af529241e2a5cc4b3c5a3dc69a>:0 
  at System.Linq.Enumerable.ToDictionary[TSource,TKey,TElement] (System.Collections.Generic.IEnumerable`1[T] source, System.Func`2[T,TResult] keySelector, System.Func`2[T,TResult] elementSelector) [0x00000] in <8203c5af529241e2a5cc4b3c5a3dc69a>:0 
  at UnityEditor.Scripting.ScriptCompilation.AssemblyGraphBuilder.Initialize (System.Collections.Generic.IReadOnlyCollection`1[T] assemblies, System.Collections.Generic.IReadOnlyCollection`1[T] customScriptAssemblyReferences) [0x00046] in /Users/bokken/build/output/unity/unity/Editor/Mono/Scripting/ScriptCompilation/AssemblyGraphBuilder.cs:85 
  at UnityEditor.Scripting.ScriptCompilation.AssemblyGraphBuilderFactory.GetOrCreate (System.String projectPath, System.Collections.Generic.IReadOnlyCollection`1[T] assemblies, System.Collections.Generic.IReadOnlyCollection`1[T] customScriptAssemblyReferences) [0x00038] in /Users/bokken/build/output/unity/unity/Editor/Mono/Scripting/ScriptCompilation/AssemblyGraphBuilderFactory.cs:54 
  at UnityEditor.Scripting.ScriptCompilation.EditorCompilation.GetAssemblyGraphBuilder () [0x00001] in /Users/bokken/build/output/unity/unity/Editor/Mono/Scripting/ScriptCompilation/EditorCompilation.cs:170 
  at UnityEditor.Scripting.ScriptCompilation.EditorCompilation.SetAllScripts (System.String[] allScripts) [0x0000d] in /Users/bokken/build/output/unity/unity/Editor/Mono/Scripting/ScriptCompilation/EditorCompilation.cs:178 
  at UnityEditor.Scripting.ScriptCompilation.EditorCompilationInterface.SetAllScripts (System.String[] allScripts) [0x00001] in /Users/bokken/build/output/unity/unity/Editor/Mono/Scripting/ScriptCompilation/EditorCompilationInterface.cs:79 

(Filename: /Users/bokken/build/output/unity/unity/Editor/Mono/Scripting/ScriptCompilation/AssemblyGraphBuilder.cs Line: 85)

Begin MonoManager ReloadAssembly
Thread 0x16b97b000 may have been prematurely finalized
Symbol file LoadedFromMemory is not a mono symbol file
- Loaded All Assemblies, in  0.490 seconds
[Licensing::Client] Successfully resolved entitlement details
Folder 'Packages/com.unity.purchasing/Runtime/Apple/' contains multiple assembly definition files (Packages/com.unity.purchasing/Runtime/Apple/UnityEngine.Purchasing.Apple.asmdef)
Folder 'Packages/com.unity.purchasing/Runtime/Apple/' contains multiple assembly definition files (Packages/com.unity.purchasing/Runtime/Apple/Unity.Purchasing.Apple.asmdef)
Folder 'Packages/com.unity.purchasing/Runtime/SecurityStub/' contains multiple assembly definition files (Packages/com.unity.purchasing/Runtime/SecurityStub/UnityEngine.Purchasing.SecurityStub.asmdef)
Folder 'Packages/com.unity.purchasing/Runtime/SecurityStub/' contains multiple assembly definition files (Packages/com.unity.purchasing/Runtime/SecurityStub/Unity.Purchasing.SecurityStub.asmdef)
Folder 'Packages/com.unity.purchasing/Runtime/Security/' contains multiple assembly definition files (Packages/com.unity.purchasing/Runtime/Security/Unity.Purchasing.Security.asmdef)
Folder 'Packages/com.unity.purchasing/Runtime/Security/' contains multiple assembly definition files (Packages/com.unity.purchasing/Runtime/Security/UnityEngine.Purchasing.Security.asmdef)
Folder 'Packages/com.unity.purchasing/Runtime/Stores/' contains multiple assembly definition files (Packages/com.unity.purchasing/Runtime/Stores/UnityEngine.Purchasing.Stores.asmdef)
Folder 'Packages/com.unity.purchasing/Runtime/Stores/' contains multiple assembly definition files (Packages/com.unity.purchasing/Runtime/Stores/Unity.Purchasing.Stores.asmdef)
Folder 'Packages/com.unity.purchasing/Runtime/SecurityCore/' contains multiple assembly definition files (Packages/com.unity.purchasing/Runtime/SecurityCore/Unity.Purchasing.SecurityCore.asmdef)
Folder 'Packages/com.unity.purchasing/Runtime/SecurityCore/' contains multiple assembly definition files (Packages/com.unity.purchasing/Runtime/SecurityCore/UnityEngine.Purchasing.SecurityCore.asmdef)
Folder 'Packages/com.unity.purchasing/Runtime/Purchasing/' contains multiple assembly definition files (Packages/com.unity.purchasing/Runtime/Purchasing/UnityEngine.Purchasing.asmdef)
Folder 'Packages/com.unity.purchasing/Runtime/Purchasing/' contains multiple assembly definition files (Packages/com.unity.purchasing/Runtime/Purchasing/Unity.Purchasing.asmdef)
Folder 'Packages/com.unity.purchasing/Runtime/AppleMacosStub/' contains multiple assembly definition files (Packages/com.unity.purchasing/Runtime/AppleMacosStub/UnityEngine.Purchasing.AppleMacosStub.asmdef)
Folder 'Packages/com.unity.purchasing/Runtime/AppleMacosStub/' contains multiple assembly definition files (Packages/com.unity.purchasing/Runtime/AppleMacosStub/Unity.Purchasing.AppleMacosStub.asmdef)
Folder 'Packages/com.unity.purchasing/Runtime/AppleStub/' contains multiple assembly definition files (Packages/com.unity.purchasing/Runtime/AppleStub/Unity.Purchasing.AppleStub.asmdef)
Folder 'Packages/com.unity.purchasing/Runtime/AppleStub/' contains multiple assembly definition files (Packages/com.unity.purchasing/Runtime/AppleStub/UnityEngine.Purchasing.AppleStub.asmdef)
Folder 'Packages/com.unity.purchasing/Runtime/AppleMacos/' contains multiple assembly definition files (Packages/com.unity.purchasing/Runtime/AppleMacos/UnityEngine.Purchasing.AppleMacos.asmdef)
Folder 'Packages/com.unity.purchasing/Runtime/AppleMacos/' contains multiple assembly definition files (Packages/com.unity.purchasing/Runtime/AppleMacos/Unity.Purchasing.AppleMacos.asmdef)
Folder 'Packages/com.unity.purchasing/Runtime/Codeless/' contains multiple assembly definition files (Packages/com.unity.purchasing/Runtime/Codeless/Unity.Purchasing.Codeless.asmdef)
Folder 'Packages/com.unity.purchasing/Runtime/Codeless/' contains multiple assembly definition files (Packages/com.unity.purchasing/Runtime/Codeless/UnityEngine.Purchasing.Codeless.asmdef)
ArgumentException: An item with the same key has already been added. Key: 400f2260dd8d285419d1db99999109aa
  at System.Collections.Generic.Dictionary`2[TKey,TValue].TryInsert (TKey key, TValue value, System.Collections.Generic.InsertionBehavior behavior) [0x0015a] in <c5eeda5e65d44b388e164c6c5cfe0702>:0 
  at System.Collections.Generic.Dictionary`2[TKey,TValue].Add (TKey key, TValue value) [0x00000] in <c5eeda5e65d44b388e164c6c5cfe0702>:0 
  at System.Linq.Enumerable.ToDictionary[TSource,TKey,TElement] (TSource[] source, System.Func`2[T,TResult] keySelector, System.Func`2[T,TResult] elementSelector, System.Collections.Generic.IEqualityComparer`1[T] comparer) [0x00029] in <8203c5af529241e2a5cc4b3c5a3dc69a>:0 
  at System.Linq.Enumerable.ToDictionary[TSource,TKey,TElement] (System.Collections.Generic.IEnumerable`1[T] source, System.Func`2[T,TResult] keySelector, System.Func`2[T,TResult] elementSelector, System.Collections.Generic.IEqualityComparer`1[T] comparer) [0x00051] in <8203c5af529241e2a5cc4b3c5a3dc69a>:0 
  at System.Linq.Enumerable.ToDictionary[TSource,TKey,TElement] (System.Collections.Generic.IEnumerable`1[T] source, System.Func`2[T,TResult] keySelector, System.Func`2[T,TResult] elementSelector) [0x00000] in <8203c5af529241e2a5cc4b3c5a3dc69a>:0 
  at UnityEditor.Scripting.ScriptCompilation.AssemblyGraphBuilder.Initialize (System.Collections.Generic.IReadOnlyCollection`1[T] assemblies, System.Collections.Generic.IReadOnlyCollection`1[T] customScriptAssemblyReferences) [0x00046] in /Users/bokken/build/output/unity/unity/Editor/Mono/Scripting/ScriptCompilation/AssemblyGraphBuilder.cs:85 
  at UnityEditor.Scripting.ScriptCompilation.AssemblyGraphBuilderFactory.GetOrCreate (System.String projectPath, System.Collections.Generic.IReadOnlyCollection`1[T] assemblies, System.Collections.Generic.IReadOnlyCollection`1[T] customScriptAssemblyReferences) [0x00038] in /Users/bokken/build/output/unity/unity/Editor/Mono/Scripting/ScriptCompilation/AssemblyGraphBuilderFactory.cs:54 
  at UnityEditor.Scripting.ScriptCompilation.EditorCompilation.GetAssemblyGraphBuilder () [0x00001] in /Users/bokken/build/output/unity/unity/Editor/Mono/Scripting/ScriptCompilation/EditorCompilation.cs:170 
  at UnityEditor.Scripting.ScriptCompilation.EditorCompilation.SetAllScripts (System.String[] allScripts) [0x0000d] in /Users/bokken/build/output/unity/unity/Editor/Mono/Scripting/ScriptCompilation/EditorCompilation.cs:178 
  at UnityEditor.Scripting.ScriptCompilation.EditorCompilationInterface.SetAllScripts (System.String[] allScripts) [0x00001] in /Users/bokken/build/output/unity/unity/Editor/Mono/Scripting/ScriptCompilation/EditorCompilationInterface.cs:79 

(Filename: /Users/bokken/build/output/unity/unity/Editor/Mono/Scripting/ScriptCompilation/AssemblyGraphBuilder.cs Line: 85)

Refreshing native plugins compatible for Editor in 2.68 ms, found 1 plugins.
Native extension for iOS target not found
Native extension for Android target not found
Native extension for OSXStandalone target not found
Native extension for WebGL target not found
Folder 'Packages/com.unity.purchasing/Runtime/Apple/' contains multiple assembly definition files (Packages/com.unity.purchasing/Runtime/Apple/UnityEngine.Purchasing.Apple.asmdef)
Folder 'Packages/com.unity.purchasing/Runtime/Apple/' contains multiple assembly definition files (Packages/com.unity.purchasing/Runtime/Apple/Unity.Purchasing.Apple.asmdef)
Folder 'Packages/com.unity.purchasing/Runtime/SecurityStub/' contains multiple assembly definition files (Packages/com.unity.purchasing/Runtime/SecurityStub/UnityEngine.Purchasing.SecurityStub.asmdef)
Folder 'Packages/com.unity.purchasing/Runtime/SecurityStub/' contains multiple assembly definition files (Packages/com.unity.purchasing/Runtime/SecurityStub/Unity.Purchasing.SecurityStub.asmdef)
Folder 'Packages/com.unity.purchasing/Runtime/Security/' contains multiple assembly definition files (Packages/com.unity.purchasing/Runtime/Security/Unity.Purchasing.Security.asmdef)
Folder 'Packages/com.unity.purchasing/Runtime/Security/' contains multiple assembly definition files (Packages/com.unity.purchasing/Runtime/Security/UnityEngine.Purchasing.Security.asmdef)
Folder 'Packages/com.unity.purchasing/Runtime/Stores/' contains multiple assembly definition files (Packages/com.unity.purchasing/Runtime/Stores/UnityEngine.Purchasing.Stores.asmdef)
Folder 'Packages/com.unity.purchasing/Runtime/Stores/' contains multiple assembly definition files (Packages/com.unity.purchasing/Runtime/Stores/Unity.Purchasing.Stores.asmdef)
Folder 'Packages/com.unity.purchasing/Runtime/SecurityCore/' contains multiple assembly definition files (Packages/com.unity.purchasing/Runtime/SecurityCore/Unity.Purchasing.SecurityCore.asmdef)
Folder 'Packages/com.unity.purchasing/Runtime/SecurityCore/' contains multiple assembly definition files (Packages/com.unity.purchasing/Runtime/SecurityCore/UnityEngine.Purchasing.SecurityCore.asmdef)
Folder 'Packages/com.unity.purchasing/Runtime/Purchasing/' contains multiple assembly definition files (Packages/com.unity.purchasing/Runtime/Purchasing/UnityEngine.Purchasing.asmdef)
Folder 'Packages/com.unity.purchasing/Runtime/Purchasing/' contains multiple assembly definition files (Packages/com.unity.purchasing/Runtime/Purchasing/Unity.Purchasing.asmdef)
Folder 'Packages/com.unity.purchasing/Runtime/AppleMacosStub/' contains multiple assembly definition files (Packages/com.unity.purchasing/Runtime/AppleMacosStub/UnityEngine.Purchasing.AppleMacosStub.asmdef)
Folder 'Packages/com.unity.purchasing/Runtime/AppleMacosStub/' contains multiple assembly definition files (Packages/com.unity.purchasing/Runtime/AppleMacosStub/Unity.Purchasing.AppleMacosStub.asmdef)
Folder 'Packages/com.unity.purchasing/Runtime/AppleStub/' contains multiple assembly definition files (Packages/com.unity.purchasing/Runtime/AppleStub/Unity.Purchasing.AppleStub.asmdef)
Folder 'Packages/com.unity.purchasing/Runtime/AppleStub/' contains multiple assembly definition files (Packages/com.unity.purchasing/Runtime/AppleStub/UnityEngine.Purchasing.AppleStub.asmdef)
Folder 'Packages/com.unity.purchasing/Runtime/AppleMacos/' contains multiple assembly definition files (Packages/com.unity.purchasing/Runtime/AppleMacos/UnityEngine.Purchasing.AppleMacos.asmdef)
Folder 'Packages/com.unity.purchasing/Runtime/AppleMacos/' contains multiple assembly definition files (Packages/com.unity.purchasing/Runtime/AppleMacos/Unity.Purchasing.AppleMacos.asmdef)
Folder 'Packages/com.unity.purchasing/Runtime/Codeless/' contains multiple assembly definition files (Packages/com.unity.purchasing/Runtime/Codeless/Unity.Purchasing.Codeless.asmdef)
Folder 'Packages/com.unity.purchasing/Runtime/Codeless/' contains multiple assembly definition files (Packages/com.unity.purchasing/Runtime/Codeless/UnityEngine.Purchasing.Codeless.asmdef)
ArgumentException: An item with the same key has already been added. Key: 400f2260dd8d285419d1db99999109aa
  at System.Collections.Generic.Dictionary`2[TKey,TValue].TryInsert (TKey key, TValue value, System.Collections.Generic.InsertionBehavior behavior) [0x0015a] in <c5eeda5e65d44b388e164c6c5cfe0702>:0 
  at System.Collections.Generic.Dictionary`2[TKey,TValue].Add (TKey key, TValue value) [0x00000] in <c5eeda5e65d44b388e164c6c5cfe0702>:0 
  at System.Linq.Enumerable.ToDictionary[TSource,TKey,TElement] (TSource[] source, System.Func`2[T,TResult] keySelector, System.Func`2[T,TResult] elementSelector, System.Collections.Generic.IEqualityComparer`1[T] comparer) [0x00029] in <8203c5af529241e2a5cc4b3c5a3dc69a>:0 
  at System.Linq.Enumerable.ToDictionary[TSource,TKey,TElement] (System.Collections.Generic.IEnumerable`1[T] source, System.Func`2[T,TResult] keySelector, System.Func`2[T,TResult] elementSelector, System.Collections.Generic.IEqualityComparer`1[T] comparer) [0x00051] in <8203c5af529241e2a5cc4b3c5a3dc69a>:0 
  at System.Linq.Enumerable.ToDictionary[TSource,TKey,TElement] (System.Collections.Generic.IEnumerable`1[T] source, System.Func`2[T,TResult] keySelector, System.Func`2[T,TResult] elementSelector) [0x00000] in <8203c5af529241e2a5cc4b3c5a3dc69a>:0 
  at UnityEditor.Scripting.ScriptCompilation.AssemblyGraphBuilder.Initialize (System.Collections.Generic.IReadOnlyCollection`1[T] assemblies, System.Collections.Generic.IReadOnlyCollection`1[T] customScriptAssemblyReferences) [0x00046] in /Users/bokken/build/output/unity/unity/Editor/Mono/Scripting/ScriptCompilation/AssemblyGraphBuilder.cs:85 
  at UnityEditor.Scripting.ScriptCompilation.AssemblyGraphBuilderFactory.GetOrCreate (System.String projectPath, System.Collections.Generic.IReadOnlyCollection`1[T] assemblies, System.Collections.Generic.IReadOnlyCollection`1[T] customScriptAssemblyReferences) [0x00038] in /Users/bokken/build/output/unity/unity/Editor/Mono/Scripting/ScriptCompilation/AssemblyGraphBuilderFactory.cs:54 
  at UnityEditor.Scripting.ScriptCompilation.EditorCompilation.GetAssemblyGraphBuilder () [0x00001] in /Users/bokken/build/output/unity/unity/Editor/Mono/Scripting/ScriptCompilation/EditorCompilation.cs:170 
  at UnityEditor.Scripting.ScriptCompilation.EditorCompilation.SetAllScripts (System.String[] allScripts) [0x0000d] in /Users/bokken/build/output/unity/unity/Editor/Mono/Scripting/ScriptCompilation/EditorCompilation.cs:178 
  at UnityEditor.Scripting.ScriptCompilation.EditorCompilationInterface.SetAllScripts (System.String[] allScripts) [0x00001] in /Users/bokken/build/output/unity/unity/Editor/Mono/Scripting/ScriptCompilation/EditorCompilationInterface.cs:79 

(Filename: /Users/bokken/build/output/unity/unity/Editor/Mono/Scripting/ScriptCompilation/AssemblyGraphBuilder.cs Line: 85)

Refreshing native plugins compatible for Editor in 3.14 ms, found 1 plugins.
[Package Manager] Failed to launch server process. Reason: Unity was launched with the -noUpm command-line argument
[Package Manager] Unable to send message (not connected to server process).
[Package Manager] Cannot connect to Unity Package Manager local server
ScheduleIndexationOnStartup MainProcess:False IndexOnStartup:True
Mono: successfully reloaded assembly
- Finished resetting the current domain, in  0.972 seconds
Domain Reload Profiling: 1464ms
	BeginReloadAssembly (115ms)
		ExecutionOrderSort (0ms)
		DisableScriptedObjects (4ms)
		BackupInstance (0ms)
		ReleaseScriptingObjects (0ms)
		CreateAndSetChildDomain (36ms)
	RebuildCommonClasses (26ms)
	RebuildNativeTypeToScriptingClass (11ms)
	initialDomainReloadingComplete (16ms)
	LoadAllAssembliesAndSetupDomain (325ms)
		LoadAssemblies (232ms)
		RebuildTransferFunctionScriptingTraits (0ms)
		AnalyzeDomain (129ms)
			TypeCache.Refresh (8ms)
				TypeCache.ScanAssembly (0ms)
			BuildScriptInfoCaches (115ms)
			ResolveRequiredComponents (3ms)
	FinalizeReload (972ms)
		ReleaseScriptCaches (0ms)
		RebuildScriptCaches (0ms)
		SetupLoadedEditorAssemblies (872ms)
			LogAssemblyErrors (0ms)
			InitializePlatformSupportModulesInManaged (13ms)
			SetLoadedEditorAssemblies (4ms)
			BeforeProcessingInitializeOnLoad (102ms)
			ProcessInitializeOnLoadAttributes (695ms)
			ProcessInitializeOnLoadMethodAttributes (58ms)
			AfterProcessingInitializeOnLoad (1ms)
			EditorAssembliesLoaded (1ms)
		ExecutionOrderSort2 (0ms)
		AwakeInstancesAfterBackupRestoration (3ms)
Refreshing native plugins compatible for Editor in 3.40 ms, found 1 plugins.
Preloading 0 native plugins for Editor in 0.00 ms.
Unloading 29 Unused Serialized files (Serialized files now loaded: 0)
Unloading 6234 unused Assets / (4.5 MB). Loaded Objects now: 7025.
Memory consumption went from 142.6 MB to 138.1 MB.
Total: 20.966750 ms (FindLiveObjects: 0.350708 ms CreateObjectMapping: 0.195417 ms MarkObjects: 19.025792 ms  DeleteObjects: 1.393916 ms)

Prepare: number of updated asset objects reloaded= 0
========================================================================
Received Prepare
Refreshing native plugins compatible for Editor in 2.83 ms, found 1 plugins.
Preloading 0 native plugins for Editor in 0.00 ms.
Unloading 29 Unused Serialized files (Serialized files now loaded: 0)
Unloading 6162 unused Assets / (4.6 MB). Loaded Objects now: 7025.
Memory consumption went from 125.2 MB to 120.6 MB.
Total: 20.387167 ms (FindLiveObjects: 0.324291 ms CreateObjectMapping: 0.156709 ms MarkObjects: 18.462542 ms  DeleteObjects: 1.443333 ms)

Prepare: number of updated asset objects reloaded= 0
========================================================================
Received Prepare
Folder 'Packages/com.unity.purchasing/Runtime/Apple/' contains multiple assembly definition files (Packages/com.unity.purchasing/Runtime/Apple/UnityEngine.Purchasing.Apple.asmdef)
Folder 'Packages/com.unity.purchasing/Runtime/Apple/' contains multiple assembly definition files (Packages/com.unity.purchasing/Runtime/Apple/Unity.Purchasing.Apple.asmdef)
Folder 'Packages/com.unity.purchasing/Runtime/SecurityStub/' contains multiple assembly definition files (Packages/com.unity.purchasing/Runtime/SecurityStub/UnityEngine.Purchasing.SecurityStub.asmdef)
Folder 'Packages/com.unity.purchasing/Runtime/SecurityStub/' contains multiple assembly definition files (Packages/com.unity.purchasing/Runtime/SecurityStub/Unity.Purchasing.SecurityStub.asmdef)
Folder 'Packages/com.unity.purchasing/Runtime/Security/' contains multiple assembly definition files (Packages/com.unity.purchasing/Runtime/Security/Unity.Purchasing.Security.asmdef)
Folder 'Packages/com.unity.purchasing/Runtime/Security/' contains multiple assembly definition files (Packages/com.unity.purchasing/Runtime/Security/UnityEngine.Purchasing.Security.asmdef)
Folder 'Packages/com.unity.purchasing/Runtime/Stores/' contains multiple assembly definition files (Packages/com.unity.purchasing/Runtime/Stores/UnityEngine.Purchasing.Stores.asmdef)
Folder 'Packages/com.unity.purchasing/Runtime/Stores/' contains multiple assembly definition files (Packages/com.unity.purchasing/Runtime/Stores/Unity.Purchasing.Stores.asmdef)
Folder 'Packages/com.unity.purchasing/Runtime/SecurityCore/' contains multiple assembly definition files (Packages/com.unity.purchasing/Runtime/SecurityCore/Unity.Purchasing.SecurityCore.asmdef)
Folder 'Packages/com.unity.purchasing/Runtime/SecurityCore/' contains multiple assembly definition files (Packages/com.unity.purchasing/Runtime/SecurityCore/UnityEngine.Purchasing.SecurityCore.asmdef)
Folder 'Packages/com.unity.purchasing/Runtime/Purchasing/' contains multiple assembly definition files (Packages/com.unity.purchasing/Runtime/Purchasing/UnityEngine.Purchasing.asmdef)
Folder 'Packages/com.unity.purchasing/Runtime/Purchasing/' contains multiple assembly definition files (Packages/com.unity.purchasing/Runtime/Purchasing/Unity.Purchasing.asmdef)
Folder 'Packages/com.unity.purchasing/Runtime/AppleMacosStub/' contains multiple assembly definition files (Packages/com.unity.purchasing/Runtime/AppleMacosStub/UnityEngine.Purchasing.AppleMacosStub.asmdef)
Folder 'Packages/com.unity.purchasing/Runtime/AppleMacosStub/' contains multiple assembly definition files (Packages/com.unity.purchasing/Runtime/AppleMacosStub/Unity.Purchasing.AppleMacosStub.asmdef)
Folder 'Packages/com.unity.purchasing/Runtime/AppleStub/' contains multiple assembly definition files (Packages/com.unity.purchasing/Runtime/AppleStub/Unity.Purchasing.AppleStub.asmdef)
Folder 'Packages/com.unity.purchasing/Runtime/AppleStub/' contains multiple assembly definition files (Packages/com.unity.purchasing/Runtime/AppleStub/UnityEngine.Purchasing.AppleStub.asmdef)
Folder 'Packages/com.unity.purchasing/Runtime/AppleMacos/' contains multiple assembly definition files (Packages/com.unity.purchasing/Runtime/AppleMacos/UnityEngine.Purchasing.AppleMacos.asmdef)
Folder 'Packages/com.unity.purchasing/Runtime/AppleMacos/' contains multiple assembly definition files (Packages/com.unity.purchasing/Runtime/AppleMacos/Unity.Purchasing.AppleMacos.asmdef)
Folder 'Packages/com.unity.purchasing/Runtime/Codeless/' contains multiple assembly definition files (Packages/com.unity.purchasing/Runtime/Codeless/Unity.Purchasing.Codeless.asmdef)
Folder 'Packages/com.unity.purchasing/Runtime/Codeless/' contains multiple assembly definition files (Packages/com.unity.purchasing/Runtime/Codeless/UnityEngine.Purchasing.Codeless.asmdef)
ArgumentException: An item with the same key has already been added. Key: 400f2260dd8d285419d1db99999109aa
  at System.Collections.Generic.Dictionary`2[TKey,TValue].TryInsert (TKey key, TValue value, System.Collections.Generic.InsertionBehavior behavior) [0x0015a] in <c5eeda5e65d44b388e164c6c5cfe0702>:0 
  at System.Collections.Generic.Dictionary`2[TKey,TValue].Add (TKey key, TValue value) [0x00000] in <c5eeda5e65d44b388e164c6c5cfe0702>:0 
  at System.Linq.Enumerable.ToDictionary[TSource,TKey,TElement] (TSource[] source, System.Func`2[T,TResult] keySelector, System.Func`2[T,TResult] elementSelector, System.Collections.Generic.IEqualityComparer`1[T] comparer) [0x00029] in <8203c5af529241e2a5cc4b3c5a3dc69a>:0 
  at System.Linq.Enumerable.ToDictionary[TSource,TKey,TElement] (System.Collections.Generic.IEnumerable`1[T] source, System.Func`2[T,TResult] keySelector, System.Func`2[T,TResult] elementSelector, System.Collections.Generic.IEqualityComparer`1[T] comparer) [0x00051] in <8203c5af529241e2a5cc4b3c5a3dc69a>:0 
  at System.Linq.Enumerable.ToDictionary[TSource,TKey,TElement] (System.Collections.Generic.IEnumerable`1[T] source, System.Func`2[T,TResult] keySelector, System.Func`2[T,TResult] elementSelector) [0x00000] in <8203c5af529241e2a5cc4b3c5a3dc69a>:0 
  at UnityEditor.Scripting.ScriptCompilation.AssemblyGraphBuilder.Initialize (System.Collections.Generic.IReadOnlyCollection`1[T] assemblies, System.Collections.Generic.IReadOnlyCollection`1[T] customScriptAssemblyReferences) [0x00046] in /Users/bokken/build/output/unity/unity/Editor/Mono/Scripting/ScriptCompilation/AssemblyGraphBuilder.cs:85 
  at UnityEditor.Scripting.ScriptCompilation.AssemblyGraphBuilderFactory.GetOrCreate (System.String projectPath, System.Collections.Generic.IReadOnlyCollection`1[T] assemblies, System.Collections.Generic.IReadOnlyCollection`1[T] customScriptAssemblyReferences) [0x00038] in /Users/bokken/build/output/unity/unity/Editor/Mono/Scripting/ScriptCompilation/AssemblyGraphBuilderFactory.cs:54 
  at UnityEditor.Scripting.ScriptCompilation.EditorCompilation.GetAssemblyGraphBuilder () [0x00001] in /Users/bokken/build/output/unity/unity/Editor/Mono/Scripting/ScriptCompilation/EditorCompilation.cs:170 
  at UnityEditor.Scripting.ScriptCompilation.EditorCompilation.SetAllScripts (System.String[] allScripts) [0x0000d] in /Users/bokken/build/output/unity/unity/Editor/Mono/Scripting/ScriptCompilation/EditorCompilation.cs:178 
  at UnityEditor.Scripting.ScriptCompilation.EditorCompilationInterface.SetAllScripts (System.String[] allScripts) [0x00001] in /Users/bokken/build/output/unity/unity/Editor/Mono/Scripting/ScriptCompilation/EditorCompilationInterface.cs:79 

(Filename: /Users/bokken/build/output/unity/unity/Editor/Mono/Scripting/ScriptCompilation/AssemblyGraphBuilder.cs Line: 85)

Folder 'Packages/com.unity.purchasing/Runtime/Apple/' contains multiple assembly definition files (Packages/com.unity.purchasing/Runtime/Apple/UnityEngine.Purchasing.Apple.asmdef)
Folder 'Packages/com.unity.purchasing/Runtime/Apple/' contains multiple assembly definition files (Packages/com.unity.purchasing/Runtime/Apple/Unity.Purchasing.Apple.asmdef)
Folder 'Packages/com.unity.purchasing/Runtime/SecurityStub/' contains multiple assembly definition files (Packages/com.unity.purchasing/Runtime/SecurityStub/UnityEngine.Purchasing.SecurityStub.asmdef)
Folder 'Packages/com.unity.purchasing/Runtime/SecurityStub/' contains multiple assembly definition files (Packages/com.unity.purchasing/Runtime/SecurityStub/Unity.Purchasing.SecurityStub.asmdef)
Folder 'Packages/com.unity.purchasing/Runtime/Security/' contains multiple assembly definition files (Packages/com.unity.purchasing/Runtime/Security/Unity.Purchasing.Security.asmdef)
Folder 'Packages/com.unity.purchasing/Runtime/Security/' contains multiple assembly definition files (Packages/com.unity.purchasing/Runtime/Security/UnityEngine.Purchasing.Security.asmdef)
Folder 'Packages/com.unity.purchasing/Runtime/Stores/' contains multiple assembly definition files (Packages/com.unity.purchasing/Runtime/Stores/UnityEngine.Purchasing.Stores.asmdef)
Folder 'Packages/com.unity.purchasing/Runtime/Stores/' contains multiple assembly definition files (Packages/com.unity.purchasing/Runtime/Stores/Unity.Purchasing.Stores.asmdef)
Folder 'Packages/com.unity.purchasing/Runtime/SecurityCore/' contains multiple assembly definition files (Packages/com.unity.purchasing/Runtime/SecurityCore/Unity.Purchasing.SecurityCore.asmdef)
Folder 'Packages/com.unity.purchasing/Runtime/SecurityCore/' contains multiple assembly definition files (Packages/com.unity.purchasing/Runtime/SecurityCore/UnityEngine.Purchasing.SecurityCore.asmdef)
Folder 'Packages/com.unity.purchasing/Runtime/Purchasing/' contains multiple assembly definition files (Packages/com.unity.purchasing/Runtime/Purchasing/UnityEngine.Purchasing.asmdef)
Folder 'Packages/com.unity.purchasing/Runtime/Purchasing/' contains multiple assembly definition files (Packages/com.unity.purchasing/Runtime/Purchasing/Unity.Purchasing.asmdef)
Folder 'Packages/com.unity.purchasing/Runtime/AppleMacosStub/' contains multiple assembly definition files (Packages/com.unity.purchasing/Runtime/AppleMacosStub/UnityEngine.Purchasing.AppleMacosStub.asmdef)
Folder 'Packages/com.unity.purchasing/Runtime/AppleMacosStub/' contains multiple assembly definition files (Packages/com.unity.purchasing/Runtime/AppleMacosStub/Unity.Purchasing.AppleMacosStub.asmdef)
Folder 'Packages/com.unity.purchasing/Runtime/AppleStub/' contains multiple assembly definition files (Packages/com.unity.purchasing/Runtime/AppleStub/Unity.Purchasing.AppleStub.asmdef)
Folder 'Packages/com.unity.purchasing/Runtime/AppleStub/' contains multiple assembly definition files (Packages/com.unity.purchasing/Runtime/AppleStub/UnityEngine.Purchasing.AppleStub.asmdef)
Folder 'Packages/com.unity.purchasing/Runtime/AppleMacos/' contains multiple assembly definition files (Packages/com.unity.purchasing/Runtime/AppleMacos/UnityEngine.Purchasing.AppleMacos.asmdef)
Folder 'Packages/com.unity.purchasing/Runtime/AppleMacos/' contains multiple assembly definition files (Packages/com.unity.purchasing/Runtime/AppleMacos/Unity.Purchasing.AppleMacos.asmdef)
Folder 'Packages/com.unity.purchasing/Runtime/Codeless/' contains multiple assembly definition files (Packages/com.unity.purchasing/Runtime/Codeless/Unity.Purchasing.Codeless.asmdef)
Folder 'Packages/com.unity.purchasing/Runtime/Codeless/' contains multiple assembly definition files (Packages/com.unity.purchasing/Runtime/Codeless/UnityEngine.Purchasing.Codeless.asmdef)
ArgumentException: An item with the same key has already been added. Key: 400f2260dd8d285419d1db99999109aa
  at System.Collections.Generic.Dictionary`2[TKey,TValue].TryInsert (TKey key, TValue value, System.Collections.Generic.InsertionBehavior behavior) [0x0015a] in <c5eeda5e65d44b388e164c6c5cfe0702>:0 
  at System.Collections.Generic.Dictionary`2[TKey,TValue].Add (TKey key, TValue value) [0x00000] in <c5eeda5e65d44b388e164c6c5cfe0702>:0 
  at System.Linq.Enumerable.ToDictionary[TSource,TKey,TElement] (TSource[] source, System.Func`2[T,TResult] keySelector, System.Func`2[T,TResult] elementSelector, System.Collections.Generic.IEqualityComparer`1[T] comparer) [0x00029] in <8203c5af529241e2a5cc4b3c5a3dc69a>:0 
  at System.Linq.Enumerable.ToDictionary[TSource,TKey,TElement] (System.Collections.Generic.IEnumerable`1[T] source, System.Func`2[T,TResult] keySelector, System.Func`2[T,TResult] elementSelector, System.Collections.Generic.IEqualityComparer`1[T] comparer) [0x00051] in <8203c5af529241e2a5cc4b3c5a3dc69a>:0 
  at System.Linq.Enumerable.ToDictionary[TSource,TKey,TElement] (System.Collections.Generic.IEnumerable`1[T] source, System.Func`2[T,TResult] keySelector, System.Func`2[T,TResult] elementSelector) [0x00000] in <8203c5af529241e2a5cc4b3c5a3dc69a>:0 
  at UnityEditor.Scripting.ScriptCompilation.AssemblyGraphBuilder.Initialize (System.Collections.Generic.IReadOnlyCollection`1[T] assemblies, System.Collections.Generic.IReadOnlyCollection`1[T] customScriptAssemblyReferences) [0x00046] in /Users/bokken/build/output/unity/unity/Editor/Mono/Scripting/ScriptCompilation/AssemblyGraphBuilder.cs:85 
  at UnityEditor.Scripting.ScriptCompilation.AssemblyGraphBuilderFactory.GetOrCreate (System.String projectPath, System.Collections.Generic.IReadOnlyCollection`1[T] assemblies, System.Collections.Generic.IReadOnlyCollection`1[T] customScriptAssemblyReferences) [0x00038] in /Users/bokken/build/output/unity/unity/Editor/Mono/Scripting/ScriptCompilation/AssemblyGraphBuilderFactory.cs:54 
  at UnityEditor.Scripting.ScriptCompilation.EditorCompilation.GetAssemblyGraphBuilder () [0x00001] in /Users/bokken/build/output/unity/unity/Editor/Mono/Scripting/ScriptCompilation/EditorCompilation.cs:170 
  at UnityEditor.Scripting.ScriptCompilation.EditorCompilation.SetAllScripts (System.String[] allScripts) [0x0000d] in /Users/bokken/build/output/unity/unity/Editor/Mono/Scripting/ScriptCompilation/EditorCompilation.cs:178 
  at UnityEditor.Scripting.ScriptCompilation.EditorCompilationInterface.SetAllScripts (System.String[] allScripts) [0x00001] in /Users/bokken/build/output/unity/unity/Editor/Mono/Scripting/ScriptCompilation/EditorCompilationInterface.cs:79 

(Filename: /Users/bokken/build/output/unity/unity/Editor/Mono/Scripting/ScriptCompilation/AssemblyGraphBuilder.cs Line: 85)

Begin MonoManager ReloadAssembly
[Licensing::Client] Successfully resolved entitlement details
Thread 0x16b97b000 may have been prematurely finalized
Symbol file LoadedFromMemory is not a mono symbol file
- Loaded All Assemblies, in  0.481 seconds
Folder 'Packages/com.unity.purchasing/Runtime/Apple/' contains multiple assembly definition files (Packages/com.unity.purchasing/Runtime/Apple/UnityEngine.Purchasing.Apple.asmdef)
Folder 'Packages/com.unity.purchasing/Runtime/Apple/' contains multiple assembly definition files (Packages/com.unity.purchasing/Runtime/Apple/Unity.Purchasing.Apple.asmdef)
Folder 'Packages/com.unity.purchasing/Runtime/SecurityStub/' contains multiple assembly definition files (Packages/com.unity.purchasing/Runtime/SecurityStub/UnityEngine.Purchasing.SecurityStub.asmdef)
Folder 'Packages/com.unity.purchasing/Runtime/SecurityStub/' contains multiple assembly definition files (Packages/com.unity.purchasing/Runtime/SecurityStub/Unity.Purchasing.SecurityStub.asmdef)
Folder 'Packages/com.unity.purchasing/Runtime/Security/' contains multiple assembly definition files (Packages/com.unity.purchasing/Runtime/Security/Unity.Purchasing.Security.asmdef)
Folder 'Packages/com.unity.purchasing/Runtime/Security/' contains multiple assembly definition files (Packages/com.unity.purchasing/Runtime/Security/UnityEngine.Purchasing.Security.asmdef)
Folder 'Packages/com.unity.purchasing/Runtime/Stores/' contains multiple assembly definition files (Packages/com.unity.purchasing/Runtime/Stores/UnityEngine.Purchasing.Stores.asmdef)
Folder 'Packages/com.unity.purchasing/Runtime/Stores/' contains multiple assembly definition files (Packages/com.unity.purchasing/Runtime/Stores/Unity.Purchasing.Stores.asmdef)
Folder 'Packages/com.unity.purchasing/Runtime/SecurityCore/' contains multiple assembly definition files (Packages/com.unity.purchasing/Runtime/SecurityCore/Unity.Purchasing.SecurityCore.asmdef)
Folder 'Packages/com.unity.purchasing/Runtime/SecurityCore/' contains multiple assembly definition files (Packages/com.unity.purchasing/Runtime/SecurityCore/UnityEngine.Purchasing.SecurityCore.asmdef)
Folder 'Packages/com.unity.purchasing/Runtime/Purchasing/' contains multiple assembly definition files (Packages/com.unity.purchasing/Runtime/Purchasing/UnityEngine.Purchasing.asmdef)
Folder 'Packages/com.unity.purchasing/Runtime/Purchasing/' contains multiple assembly definition files (Packages/com.unity.purchasing/Runtime/Purchasing/Unity.Purchasing.asmdef)
Folder 'Packages/com.unity.purchasing/Runtime/AppleMacosStub/' contains multiple assembly definition files (Packages/com.unity.purchasing/Runtime/AppleMacosStub/UnityEngine.Purchasing.AppleMacosStub.asmdef)
Folder 'Packages/com.unity.purchasing/Runtime/AppleMacosStub/' contains multiple assembly definition files (Packages/com.unity.purchasing/Runtime/AppleMacosStub/Unity.Purchasing.AppleMacosStub.asmdef)
Folder 'Packages/com.unity.purchasing/Runtime/AppleStub/' contains multiple assembly definition files (Packages/com.unity.purchasing/Runtime/AppleStub/Unity.Purchasing.AppleStub.asmdef)
Folder 'Packages/com.unity.purchasing/Runtime/AppleStub/' contains multiple assembly definition files (Packages/com.unity.purchasing/Runtime/AppleStub/UnityEngine.Purchasing.AppleStub.asmdef)
Folder 'Packages/com.unity.purchasing/Runtime/AppleMacos/' contains multiple assembly definition files (Packages/com.unity.purchasing/Runtime/AppleMacos/UnityEngine.Purchasing.AppleMacos.asmdef)
Folder 'Packages/com.unity.purchasing/Runtime/AppleMacos/' contains multiple assembly definition files (Packages/com.unity.purchasing/Runtime/AppleMacos/Unity.Purchasing.AppleMacos.asmdef)
Folder 'Packages/com.unity.purchasing/Runtime/Codeless/' contains multiple assembly definition files (Packages/com.unity.purchasing/Runtime/Codeless/Unity.Purchasing.Codeless.asmdef)
Folder 'Packages/com.unity.purchasing/Runtime/Codeless/' contains multiple assembly definition files (Packages/com.unity.purchasing/Runtime/Codeless/UnityEngine.Purchasing.Codeless.asmdef)
ArgumentException: An item with the same key has already been added. Key: 400f2260dd8d285419d1db99999109aa
  at System.Collections.Generic.Dictionary`2[TKey,TValue].TryInsert (TKey key, TValue value, System.Collections.Generic.InsertionBehavior behavior) [0x0015a] in <c5eeda5e65d44b388e164c6c5cfe0702>:0 
  at System.Collections.Generic.Dictionary`2[TKey,TValue].Add (TKey key, TValue value) [0x00000] in <c5eeda5e65d44b388e164c6c5cfe0702>:0 
  at System.Linq.Enumerable.ToDictionary[TSource,TKey,TElement] (TSource[] source, System.Func`2[T,TResult] keySelector, System.Func`2[T,TResult] elementSelector, System.Collections.Generic.IEqualityComparer`1[T] comparer) [0x00029] in <8203c5af529241e2a5cc4b3c5a3dc69a>:0 
  at System.Linq.Enumerable.ToDictionary[TSource,TKey,TElement] (System.Collections.Generic.IEnumerable`1[T] source, System.Func`2[T,TResult] keySelector, System.Func`2[T,TResult] elementSelector, System.Collections.Generic.IEqualityComparer`1[T] comparer) [0x00051] in <8203c5af529241e2a5cc4b3c5a3dc69a>:0 
  at System.Linq.Enumerable.ToDictionary[TSource,TKey,TElement] (System.Collections.Generic.IEnumerable`1[T] source, System.Func`2[T,TResult] keySelector, System.Func`2[T,TResult] elementSelector) [0x00000] in <8203c5af529241e2a5cc4b3c5a3dc69a>:0 
  at UnityEditor.Scripting.ScriptCompilation.AssemblyGraphBuilder.Initialize (System.Collections.Generic.IReadOnlyCollection`1[T] assemblies, System.Collections.Generic.IReadOnlyCollection`1[T] customScriptAssemblyReferences) [0x00046] in /Users/bokken/build/output/unity/unity/Editor/Mono/Scripting/ScriptCompilation/AssemblyGraphBuilder.cs:85 
  at UnityEditor.Scripting.ScriptCompilation.AssemblyGraphBuilderFactory.GetOrCreate (System.String projectPath, System.Collections.Generic.IReadOnlyCollection`1[T] assemblies, System.Collections.Generic.IReadOnlyCollection`1[T] customScriptAssemblyReferences) [0x00038] in /Users/bokken/build/output/unity/unity/Editor/Mono/Scripting/ScriptCompilation/AssemblyGraphBuilderFactory.cs:54 
  at UnityEditor.Scripting.ScriptCompilation.EditorCompilation.GetAssemblyGraphBuilder () [0x00001] in /Users/bokken/build/output/unity/unity/Editor/Mono/Scripting/ScriptCompilation/EditorCompilation.cs:170 
  at UnityEditor.Scripting.ScriptCompilation.EditorCompilation.SetAllScripts (System.String[] allScripts) [0x0000d] in /Users/bokken/build/output/unity/unity/Editor/Mono/Scripting/ScriptCompilation/EditorCompilation.cs:178 
  at UnityEditor.Scripting.ScriptCompilation.EditorCompilationInterface.SetAllScripts (System.String[] allScripts) [0x00001] in /Users/bokken/build/output/unity/unity/Editor/Mono/Scripting/ScriptCompilation/EditorCompilationInterface.cs:79 

(Filename: /Users/bokken/build/output/unity/unity/Editor/Mono/Scripting/ScriptCompilation/AssemblyGraphBuilder.cs Line: 85)

Refreshing native plugins compatible for Editor in 3.17 ms, found 1 plugins.
Native extension for iOS target not found
Native extension for Android target not found
Native extension for OSXStandalone target not found
Native extension for WebGL target not found
[Licensing::Client] Successfully resolved entitlement details
Folder 'Packages/com.unity.purchasing/Runtime/Apple/' contains multiple assembly definition files (Packages/com.unity.purchasing/Runtime/Apple/UnityEngine.Purchasing.Apple.asmdef)
Folder 'Packages/com.unity.purchasing/Runtime/Apple/' contains multiple assembly definition files (Packages/com.unity.purchasing/Runtime/Apple/Unity.Purchasing.Apple.asmdef)
Folder 'Packages/com.unity.purchasing/Runtime/SecurityStub/' contains multiple assembly definition files (Packages/com.unity.purchasing/Runtime/SecurityStub/UnityEngine.Purchasing.SecurityStub.asmdef)
Folder 'Packages/com.unity.purchasing/Runtime/SecurityStub/' contains multiple assembly definition files (Packages/com.unity.purchasing/Runtime/SecurityStub/Unity.Purchasing.SecurityStub.asmdef)
Folder 'Packages/com.unity.purchasing/Runtime/Security/' contains multiple assembly definition files (Packages/com.unity.purchasing/Runtime/Security/Unity.Purchasing.Security.asmdef)
Folder 'Packages/com.unity.purchasing/Runtime/Security/' contains multiple assembly definition files (Packages/com.unity.purchasing/Runtime/Security/UnityEngine.Purchasing.Security.asmdef)
Folder 'Packages/com.unity.purchasing/Runtime/Stores/' contains multiple assembly definition files (Packages/com.unity.purchasing/Runtime/Stores/UnityEngine.Purchasing.Stores.asmdef)
Folder 'Packages/com.unity.purchasing/Runtime/Stores/' contains multiple assembly definition files (Packages/com.unity.purchasing/Runtime/Stores/Unity.Purchasing.Stores.asmdef)
Folder 'Packages/com.unity.purchasing/Runtime/SecurityCore/' contains multiple assembly definition files (Packages/com.unity.purchasing/Runtime/SecurityCore/Unity.Purchasing.SecurityCore.asmdef)
Folder 'Packages/com.unity.purchasing/Runtime/SecurityCore/' contains multiple assembly definition files (Packages/com.unity.purchasing/Runtime/SecurityCore/UnityEngine.Purchasing.SecurityCore.asmdef)
Folder 'Packages/com.unity.purchasing/Runtime/Purchasing/' contains multiple assembly definition files (Packages/com.unity.purchasing/Runtime/Purchasing/UnityEngine.Purchasing.asmdef)
Folder 'Packages/com.unity.purchasing/Runtime/Purchasing/' contains multiple assembly definition files (Packages/com.unity.purchasing/Runtime/Purchasing/Unity.Purchasing.asmdef)
Folder 'Packages/com.unity.purchasing/Runtime/AppleMacosStub/' contains multiple assembly definition files (Packages/com.unity.purchasing/Runtime/AppleMacosStub/UnityEngine.Purchasing.AppleMacosStub.asmdef)
Folder 'Packages/com.unity.purchasing/Runtime/AppleMacosStub/' contains multiple assembly definition files (Packages/com.unity.purchasing/Runtime/AppleMacosStub/Unity.Purchasing.AppleMacosStub.asmdef)
Folder 'Packages/com.unity.purchasing/Runtime/AppleStub/' contains multiple assembly definition files (Packages/com.unity.purchasing/Runtime/AppleStub/Unity.Purchasing.AppleStub.asmdef)
Folder 'Packages/com.unity.purchasing/Runtime/AppleStub/' contains multiple assembly definition files (Packages/com.unity.purchasing/Runtime/AppleStub/UnityEngine.Purchasing.AppleStub.asmdef)
Folder 'Packages/com.unity.purchasing/Runtime/AppleMacos/' contains multiple assembly definition files (Packages/com.unity.purchasing/Runtime/AppleMacos/UnityEngine.Purchasing.AppleMacos.asmdef)
Folder 'Packages/com.unity.purchasing/Runtime/AppleMacos/' contains multiple assembly definition files (Packages/com.unity.purchasing/Runtime/AppleMacos/Unity.Purchasing.AppleMacos.asmdef)
Folder 'Packages/com.unity.purchasing/Runtime/Codeless/' contains multiple assembly definition files (Packages/com.unity.purchasing/Runtime/Codeless/Unity.Purchasing.Codeless.asmdef)
Folder 'Packages/com.unity.purchasing/Runtime/Codeless/' contains multiple assembly definition files (Packages/com.unity.purchasing/Runtime/Codeless/UnityEngine.Purchasing.Codeless.asmdef)
ArgumentException: An item with the same key has already been added. Key: 400f2260dd8d285419d1db99999109aa
  at System.Collections.Generic.Dictionary`2[TKey,TValue].TryInsert (TKey key, TValue value, System.Collections.Generic.InsertionBehavior behavior) [0x0015a] in <c5eeda5e65d44b388e164c6c5cfe0702>:0 
  at System.Collections.Generic.Dictionary`2[TKey,TValue].Add (TKey key, TValue value) [0x00000] in <c5eeda5e65d44b388e164c6c5cfe0702>:0 
  at System.Linq.Enumerable.ToDictionary[TSource,TKey,TElement] (TSource[] source, System.Func`2[T,TResult] keySelector, System.Func`2[T,TResult] elementSelector, System.Collections.Generic.IEqualityComparer`1[T] comparer) [0x00029] in <8203c5af529241e2a5cc4b3c5a3dc69a>:0 
  at System.Linq.Enumerable.ToDictionary[TSource,TKey,TElement] (System.Collections.Generic.IEnumerable`1[T] source, System.Func`2[T,TResult] keySelector, System.Func`2[T,TResult] elementSelector, System.Collections.Generic.IEqualityComparer`1[T] comparer) [0x00051] in <8203c5af529241e2a5cc4b3c5a3dc69a>:0 
  at System.Linq.Enumerable.ToDictionary[TSource,TKey,TElement] (System.Collections.Generic.IEnumerable`1[T] source, System.Func`2[T,TResult] keySelector, System.Func`2[T,TResult] elementSelector) [0x00000] in <8203c5af529241e2a5cc4b3c5a3dc69a>:0 
  at UnityEditor.Scripting.ScriptCompilation.AssemblyGraphBuilder.Initialize (System.Collections.Generic.IReadOnlyCollection`1[T] assemblies, System.Collections.Generic.IReadOnlyCollection`1[T] customScriptAssemblyReferences) [0x00046] in /Users/bokken/build/output/unity/unity/Editor/Mono/Scripting/ScriptCompilation/AssemblyGraphBuilder.cs:85 
  at UnityEditor.Scripting.ScriptCompilation.AssemblyGraphBuilderFactory.GetOrCreate (System.String projectPath, System.Collections.Generic.IReadOnlyCollection`1[T] assemblies, System.Collections.Generic.IReadOnlyCollection`1[T] customScriptAssemblyReferences) [0x00038] in /Users/bokken/build/output/unity/unity/Editor/Mono/Scripting/ScriptCompilation/AssemblyGraphBuilderFactory.cs:54 
  at UnityEditor.Scripting.ScriptCompilation.EditorCompilation.GetAssemblyGraphBuilder () [0x00001] in /Users/bokken/build/output/unity/unity/Editor/Mono/Scripting/ScriptCompilation/EditorCompilation.cs:170 
  at UnityEditor.Scripting.ScriptCompilation.EditorCompilation.SetAllScripts (System.String[] allScripts) [0x0000d] in /Users/bokken/build/output/unity/unity/Editor/Mono/Scripting/ScriptCompilation/EditorCompilation.cs:178 
  at UnityEditor.Scripting.ScriptCompilation.EditorCompilationInterface.SetAllScripts (System.String[] allScripts) [0x00001] in /Users/bokken/build/output/unity/unity/Editor/Mono/Scripting/ScriptCompilation/EditorCompilationInterface.cs:79 

(Filename: /Users/bokken/build/output/unity/unity/Editor/Mono/Scripting/ScriptCompilation/AssemblyGraphBuilder.cs Line: 85)

Refreshing native plugins compatible for Editor in 3.20 ms, found 1 plugins.
[Package Manager] Failed to launch server process. Reason: Unity was launched with the -noUpm command-line argument
[Package Manager] Unable to send message (not connected to server process).
[Package Manager] Cannot connect to Unity Package Manager local server
ScheduleIndexationOnStartup MainProcess:False IndexOnStartup:True
Mono: successfully reloaded assembly
- Finished resetting the current domain, in  0.984 seconds
Domain Reload Profiling: 1467ms
	BeginReloadAssembly (112ms)
		ExecutionOrderSort (0ms)
		DisableScriptedObjects (4ms)
		BackupInstance (0ms)
		ReleaseScriptingObjects (0ms)
		CreateAndSetChildDomain (37ms)
	RebuildCommonClasses (25ms)
	RebuildNativeTypeToScriptingClass (10ms)
	initialDomainReloadingComplete (15ms)
	LoadAllAssembliesAndSetupDomain (321ms)
		LoadAssemblies (226ms)
		RebuildTransferFunctionScriptingTraits (0ms)
		AnalyzeDomain (127ms)
			TypeCache.Refresh (11ms)
				TypeCache.ScanAssembly (1ms)
			BuildScriptInfoCaches (109ms)
			ResolveRequiredComponents (3ms)
	FinalizeReload (984ms)
		ReleaseScriptCaches (0ms)
		RebuildScriptCaches (0ms)
		SetupLoadedEditorAssemblies (889ms)
			LogAssemblyErrors (0ms)
			InitializePlatformSupportModulesInManaged (13ms)
			SetLoadedEditorAssemblies (4ms)
			BeforeProcessingInitializeOnLoad (103ms)
			ProcessInitializeOnLoadAttributes (710ms)
			ProcessInitializeOnLoadMethodAttributes (59ms)
			AfterProcessingInitializeOnLoad (1ms)
			EditorAssembliesLoaded (0ms)
		ExecutionOrderSort2 (0ms)
		AwakeInstancesAfterBackupRestoration (3ms)
Refreshing native plugins compatible for Editor in 3.86 ms, found 1 plugins.
Preloading 0 native plugins for Editor in 0.00 ms.
Unloading 29 Unused Serialized files (Serialized files now loaded: 0)
Unloading 6234 unused Assets / (4.4 MB). Loaded Objects now: 7031.
Memory consumption went from 142.6 MB to 138.3 MB.
Total: 20.944500 ms (FindLiveObjects: 0.320625 ms CreateObjectMapping: 0.170500 ms MarkObjects: 19.094834 ms  DeleteObjects: 1.357875 ms)

Prepare: number of updated asset objects reloaded= 0
